tulo/meno,momenttitaso,momenttinumerot,linkki,1.momentti,2.momentti,3.momentti,nimi,poistettava momentti,numero,Lib budjetti,Leikattavaa momentista,Liikennevalo,Perustelu,suhdeluku leikkauksiin,Leikkausten kategorisointi
tulo,0,10.,,Tuloarvioiden kokonaismäärä,,,,,90 305 736 000,77 752 965 150,−12 552 770 850,Tärkeä / Tehokas,,"−13,90%",
tulo,1,11.,https://budjetti.vm.fi/indox/sisalto.jsp?year=2026&lang=fi&maindoc=/2026/tae/hallituksenEsitys/hallituksenEsitys.xml&id=/2026/tae/hallituksenEsitys/YksityiskohtaisetPerustelut/11/11.html,11. VEROT JA VERONLUONTEISET TULOT,,,11. VEROT JA VERONLUONTEISET TULOT,,68 249 709 000,65 727 008 750,−2 522 700 250,Tärkeä / Tehokas,,"−3,70%",
tulo,2,11.01.,https://budjetti.vm.fi/indox/sisalto.jsp?year=2026&lang=fi&maindoc=/2026/tae/hallituksenEsitys/hallituksenEsitys.xml&id=/2026/tae/hallituksenEsitys/YksityiskohtaisetPerustelut/11/01/01.html,11. VEROT JA VERONLUONTEISET TULOT,01. Tulon ja varallisuuden perusteella kannettavat verot,,01. Tulon ja varallisuuden perusteella kannettavat verot,,33 643 000 000,26 848 749 650,−6 794 250 350,Liikkumavaraa,,"−20,20%",
tulo,3,11.01.01.,https://budjetti.vm.fi/indox/sisalto.jsp?year=2026&lang=fi&maindoc=/2026/tae/hallituksenEsitys/hallituksenEsitys.xml&id=/2026/tae/hallituksenEsitys/YksityiskohtaisetPerustelut/11/01/01/01.html,11. VEROT JA VERONLUONTEISET TULOT,01. Tulon ja varallisuuden perusteella kannettavat verot,01. Ansio- ja pääomatuloverot,01. Ansio- ja pääomatuloverot,,26 480 000 000,20 535 749 650,−5 944 250 350,Leikataan / Tehoton,,"−22,45%",
tulo,4,11.01.01.01.,https://budjetti.vm.fi/indox/sisalto.jsp?year=2026&lang=fi&maindoc=/2026/tae/hallituksenEsitys/hallituksenEsitys.xml&id=/2026/tae/hallituksenEsitys/YksityiskohtaisetPerustelut/11/01/01/01.html,11. VEROT JA VERONLUONTEISET TULOT,01. Tulon ja varallisuuden perusteella kannettavat verot,01.01. Progressiivinen tulovero,01.01. Progressiivinen tulovero,,21 461 000 000,13 612 551 650,−7 848 448 350,Leikataan / Tehoton,"Liberaalipuolue ajaa verotuksen yksinkertaistamista ja työn verotuksen madaltamista. Valtion progressiivisen tuloveron keräämistä vähennetään yhteensä 7,848 miljardia, eli 36,5 %, ja se kohdennetaan työtulovähennykseen. Palkkatulojen ansiotuloveroja lasketaan 5,1 miljardilla ja poistamalla 2,7139 miljardia eli kymmenys hyvinvointialueiden kustannuksista. Hyvinvointialueille myönnetään vastaavasti verotusoikeus. Tämä kannustaa kustannusten hillitsemiseen ja asiakasmaksujen korottamiseen alueilla, mutta mikäli näin ei käy, niin progressiivinen tuloverotus ei kiristy hyvinvointialueiden epäonnistumisen vuoksi. Lisäksi verotuksen yksinkertaistamiseksi tehdään 4,7 miljardia poistoja erilaisiin tuloveron verovähennyksiin ja kohdistetaan ne pelkästään työtulovähennykseen. Tämä koskee seuraavia: Perutaan Eläketulon lisäveron lieventäminen 59000000 €. Poistetaan eläketulovähennys 2345000000 €. Poistetaan kotitalousvähennys 360000000 €, Poistetaan lapsilisien verovapaus 480000000 €. Poistetaan Yrittäjävähennys 135000000 €. Muut 348000000 €. Poistetaan ateriaedun osittainen verovapaus työntekijän verotuksessa 60000000 €. Poistetaan matkakulujen vähennys arviolta 1879240753*0,48 mediaani matkakulujen vähentäjän 48 % marginaaliveroasteella noin 902000000 €. Näistä kertyy yhteensä 4,689 mrd€ joka kohdennetaan työtulovähennykseen. Vuosien saatossa tehtyjä veropohjan reikiä tulee poistaa.","−36,57%",
tulo,4,11.01.01.02.,https://budjetti.vm.fi/indox/sisalto.jsp?year=2026&lang=fi&maindoc=/2026/tae/hallituksenEsitys/hallituksenEsitys.xml&id=/2026/tae/hallituksenEsitys/YksityiskohtaisetPerustelut/11/01/01/01.html,11. VEROT JA VERONLUONTEISET TULOT,01. Tulon ja varallisuuden perusteella kannettavat verot,01.02. Pääomatulovero,01.02. Pääomatulovero,,3 823 000 000,6 426 000 000,2 603 000 000,Tärkeä / Tehokas,"Poistetaan Oman asunnon myyntivoiton verovapaus tai myyntitappion verovähennyskelvottomuus jonka suuruusluokka-arvio on 2500000000 €. Perintöverosta luopumisen myötä luovutusvoittoveron kertymä kasvaa 90000000 € Nämä käytetään progressiivisen tuloveron laskemiseen. Lisäksi Listaamattomien yhtiöiden osinkojen markkinakorkoa suurempi tuottoprosentti 550000000 € ja alennetaan sillä yleistä pääomatuloverokantaa, mikä ei näy momentin kokonaiskertymässä.","68,09%",
tulo,4,11.01.01.03.,https://budjetti.vm.fi/indox/sisalto.jsp?year=2026&lang=fi&maindoc=/2026/tae/hallituksenEsitys/hallituksenEsitys.xml&id=/2026/tae/hallituksenEsitys/YksityiskohtaisetPerustelut/11/01/01/01.html,11. VEROT JA VERONLUONTEISET TULOT,01. Tulon ja varallisuuden perusteella kannettavat verot,01.03. Rajoitetusti verovelvollisten maksama lähdevero,01.03. Rajoitetusti verovelvollisten maksama lähdevero,,569 000 000,422 198 000,−146 802 000,Leikataan / Tehoton,Lasketaan ulkomailla asuvien Suomen verotuksessa maksettavia veroja samassa suhteessa kuin 11.01.01.01. momenttia.,"−25,80%",
tulo,4,11.01.01.04.,https://budjetti.vm.fi/indox/sisalto.jsp?year=2026&lang=fi&maindoc=/2026/tae/hallituksenEsitys/hallituksenEsitys.xml&id=/2026/tae/hallituksenEsitys/YksityiskohtaisetPerustelut/11/01/01/01.html,11. VEROT JA VERONLUONTEISET TULOT,01. Tulon ja varallisuuden perusteella kannettavat verot,01.04. Eri verovuosilta maksuunpantujen verojen tilitys,01.04. Eri verovuosilta maksuunpantujen verojen tilitys,,75 000 000,75 000 000,0,Tärkeä / Tehokas,"Aikaisempien vuosien mätkyt ja muut myöhässä maksetut verot, jotka tuloutuvat seuraavan vuoden aikana. Säilytetään ennallaan, koska Liberaalipuolueen veronalennukset vaikuttavat vain tulevaan verotukseen.","0,00%",
tulo,4,11.01.01.05.,https://budjetti.vm.fi/indox/sisalto.jsp?year=2026&lang=fi&maindoc=/2026/tae/hallituksenEsitys/hallituksenEsitys.xml&id=/2026/tae/hallituksenEsitys/YksityiskohtaisetPerustelut/11/01/01/01.html,11. VEROT JA VERONLUONTEISET TULOT,01. Tulon ja varallisuuden perusteella kannettavat verot,01.05. Yleisradiovero,01.05. Yleisradiovero,,552 000 000,0,−552 000 000,Leikataan / Tehoton,Yleisradioverosta tulee luopua. Yleisradion rahoituksen tulee perustua budjettiin ja sen määrää on tarkasteltava erittäin kriittisesti. Yleisradion on keskityttävä ydintehtäviinsä ja vetäydyttävä kilpailullisilta markkinoilta. Momentissa 31.20.60. esitetään leikkauksia Ylen budjettiin.,"−100,00%",
tulo,3,11.01.02.,https://budjetti.vm.fi/indox/sisalto.jsp?year=2026&lang=fi&maindoc=/2026/tae/hallituksenEsitys/hallituksenEsitys.xml&id=/2026/tae/hallituksenEsitys/YksityiskohtaisetPerustelut/11/01/02/02.html,11. VEROT JA VERONLUONTEISET TULOT,01. Tulon ja varallisuuden perusteella kannettavat verot,02. Yhteisövero,02. Yhteisövero,,5 783 000 000,5 967 000 000,184 000 000,Tärkeä / Tehokas,Yhteisöverotuksessa yrityksen tulosta ei tule verottaa ellei sitä nosteta yrityksestä pois. Arvioon perustuvasta yhteisöveron ennakkomaksusta tulee luopua ja osinkoverotuksen tulee olla yhteneväistä pörssiin listattujen ja listaamattomien yritysten kesken. Yhteisövero tulee pitää kansainvälisesti kilpailukykyisenä. Apteekit sisällytettäisiin yhteisöveron piiriin 219 M€. Yhteisöjen ja yritysten maksama Ylevero 35 M€ poistetaan. Lisäksi poistetaan Käyttöomaisuuteen kuuluvien osakkeiden luovutusvoiton verovapaus 134 M€ (henkilöverotuksessa vastaava on oman asunnon myyntivoiton verovapaus) verotasoa laskemalla.,"3,18%",
tulo,3,11.01.03.,https://budjetti.vm.fi/indox/sisalto.jsp?year=2026&lang=fi&maindoc=/2026/tae/hallituksenEsitys/hallituksenEsitys.xml&id=/2026/tae/hallituksenEsitys/YksityiskohtaisetPerustelut/11/01/03/03.html,11. VEROT JA VERONLUONTEISET TULOT,01. Tulon ja varallisuuden perusteella kannettavat verot,03. Korkotulojen lähdevero,03. Korkotulojen lähdevero,,336 000 000,336 000 000,0,Tärkeä / Tehokas,Pääomatyyppejä kohdellaan jatkossa myös tasapuolisesti,"0,00%",
tulo,3,11.01.04.,https://budjetti.vm.fi/indox/sisalto.jsp?year=2026&lang=fi&maindoc=/2026/tae/hallituksenEsitys/hallituksenEsitys.xml&id=/2026/tae/hallituksenEsitys/YksityiskohtaisetPerustelut/11/01/04/04.html,11. VEROT JA VERONLUONTEISET TULOT,01. Tulon ja varallisuuden perusteella kannettavat verot,04. Perintö- ja lahjavero,04. Perintö- ja lahjavero,,1 034 000 000,0,−1 034 000 000,Leikataan / Tehoton,"Nykyinen perintövero on poistettava. Perintövero vaikeuttaa sukupolvenvaihdoksia. Perintö voi olla jokin vaikeasti rahaksi muutettavassa muodossa, vaikka verot lankeavat maksettavaksi melkein heti. Perintöveron poiston myötä pääomatuloihin kuuluvan luovutusvoittoveron kertymä voisi varovaisesti arvioituna kasvaa perintöveron määrästä kymmenysosan eli noin 103 M€.","−100,00%",
tulo,3,11.01.06.,https://budjetti.vm.fi/indox/sisalto.jsp?year=2026&lang=fi&maindoc=/2026/tae/hallituksenEsitys/hallituksenEsitys.xml&id=/2026/tae/hallituksenEsitys/YksityiskohtaisetPerustelut/11/01/06/06.html,11. VEROT JA VERONLUONTEISET TULOT,01. Tulon ja varallisuuden perusteella kannettavat verot,06. Suurten konsernien täydennysvero,06. Suurten konsernien täydennysvero,lisäys hallituksen esityksessä,10 000 000,10 000 000,0,Tärkeä / Tehokas,Verotuksen tasapuolisuus kansainvälisesti pienille ja suurille yrityksille parantaa markkinoiden toimintaa ja vähentää suurten korporaatioiden valtaa.,"0,00%",
tulo,2,11.04.,https://budjetti.vm.fi/indox/sisalto.jsp?year=2026&lang=fi&maindoc=/2026/tae/hallituksenEsitys/hallituksenEsitys.xml&id=/2026/tae/hallituksenEsitys/YksityiskohtaisetPerustelut/11/04/04.html,11. VEROT JA VERONLUONTEISET TULOT,04. Liikevaihdon perusteella kannettavat verot ja maksut,,04. Liikevaihdon perusteella kannettavat verot ja maksut,,25 053 000 000,28 922 500 000,3 869 500 000,Tärkeä / Tehokas,,"15,45%",
tulo,3,11.04.01.,https://budjetti.vm.fi/indox/sisalto.jsp?year=2026&lang=fi&maindoc=/2026/tae/hallituksenEsitys/hallituksenEsitys.xml&id=/2026/tae/hallituksenEsitys/YksityiskohtaisetPerustelut/11/04/01/01.html,11. VEROT JA VERONLUONTEISET TULOT,04. Liikevaihdon perusteella kannettavat verot ja maksut,01. Arvonlisävero,01. Arvonlisävero,,23 736 000 000,27 821 500 000,4 085 500 000,Tärkeä / Tehokas,"Yhtenäistetään arvonlisäverokanta ja poistetaan sen kaikki alennetut kannat, ja tällä summalla alennetaan ansiotuloveroa.","17,21%",
tulo,3,11.04.02.,https://budjetti.vm.fi/indox/sisalto.jsp?year=2026&lang=fi&maindoc=/2026/tae/hallituksenEsitys/hallituksenEsitys.xml&id=/2026/tae/hallituksenEsitys/YksityiskohtaisetPerustelut/11/04/02/02.html,11. VEROT JA VERONLUONTEISET TULOT,04. Liikevaihdon perusteella kannettavat verot ja maksut,02. Eräistä vakuutusmaksuista suoritettava vero,02. Eräistä vakuutusmaksuista suoritettava vero,,1 098 000 000,1 101 000 000,3 000 000,Tärkeä / Tehokas,Poistetaan 3M€ satovahinko- kasvintuhooja- ja eläintautivakuutusten verovapaus.,"0,27%",
tulo,3,11.04.03.,https://budjetti.vm.fi/indox/sisalto.jsp?year=2026&lang=fi&maindoc=/2026/tae/hallituksenEsitys/hallituksenEsitys.xml&id=/2026/tae/hallituksenEsitys/YksityiskohtaisetPerustelut/11/04/03/03.html,11. VEROT JA VERONLUONTEISET TULOT,04. Liikevaihdon perusteella kannettavat verot ja maksut,03. Apteekkivero,03. Apteekkivero,,219 000 000,0,−219 000 000,Leikataan / Tehoton,Apteekkimonopoli murretaan ja apteekeista tulee normaalia liiketoimintaa. Tätä vastaava summa siirretään yhteisöverokertymään.,"−100,00%",
tulo,2,11.08.,https://budjetti.vm.fi/indox/sisalto.jsp?year=2026&lang=fi&maindoc=/2026/tae/hallituksenEsitys/hallituksenEsitys.xml&id=/2026/tae/hallituksenEsitys/YksityiskohtaisetPerustelut/11/08/08.html,11. VEROT JA VERONLUONTEISET TULOT,08. Haitta- ja valmisteverot,,08. Valmisteverot,,6 666 000 000,9 318 500 000,2 652 500 000,Tärkeä / Tehokas,"Verotuksen painopistettä tulee siirtää haittojen ja kulutuksen verotukseen Liberaalipuolueen mielestä. Valmisteverojen momentti nimetään uudestaan Haitta- ja valmisteveroiksi, jotta verotuksen tavoite tulee selkeämmin esiin.","39,79%",
tulo,3,11.08.01.,https://budjetti.vm.fi/indox/sisalto.jsp?year=2026&lang=fi&maindoc=/2026/tae/hallituksenEsitys/hallituksenEsitys.xml&id=/2026/tae/hallituksenEsitys/YksityiskohtaisetPerustelut/11/08/01/01.html,11. VEROT JA VERONLUONTEISET TULOT,08. Haitta- ja valmisteverot,01. Tupakkavero,01. Tupakkavero,,1 115 000 000,1 215 000 000,100 000 000,Tärkeä / Tehokas,"Nuuskan myynnin laillistaminen, jota Liberaalipuolue kannattaa, tuo lisäverotuloja tupakkaveroon valmisteveroyksikön arvion perusteella 100 M€. Tupakkaveroa korotetaan jo eduskunnan 2024 päätöksellä 2026 ja 2027.","8,97%",
tulo,3,11.08.04.,https://budjetti.vm.fi/indox/sisalto.jsp?year=2026&lang=fi&maindoc=/2026/tae/hallituksenEsitys/hallituksenEsitys.xml&id=/2026/tae/hallituksenEsitys/YksityiskohtaisetPerustelut/11/08/04/04.html,11. VEROT JA VERONLUONTEISET TULOT,08. Haitta- ja valmisteverot,04. Alkoholijuomavero,04. Alkoholijuomavero,,1 447 000 000,1 517 000 000,70 000 000,Tärkeä / Tehokas,"Verotuksen painotus siirretään haittaverotukseen. Väkevän alkoholin (>22 %) verotusta tulee nostaa hieman, eli kymmenyksellä noin 53 M€. Pienpanimoiden 17 M€ verohuojennus poistetaan.","4,84%",
tulo,3,11.08.05.,https://budjetti.vm.fi/indox/sisalto.jsp?year=2026&lang=fi&maindoc=/2026/tae/hallituksenEsitys/hallituksenEsitys.xml&id=/2026/tae/hallituksenEsitys/YksityiskohtaisetPerustelut/11/08/05/05.html,11. VEROT JA VERONLUONTEISET TULOT,08. Haitta- ja valmisteverot,05. Virvoitusjuomavero,05. Virvoitusjuomavero,,309 000 000,309 500 000,500 000,Tärkeä / Tehokas,"Virvoitusjuomaveron poikkeukset poistetaan ja näin yksinkertaistetaan verotusta. VM:n arvion mukaan näistä tulee noin 0,5 M€.","0,16%",
tulo,3,11.08.07.,https://budjetti.vm.fi/indox/sisalto.jsp?year=2026&lang=fi&maindoc=/2026/tae/hallituksenEsitys/hallituksenEsitys.xml&id=/2026/tae/hallituksenEsitys/YksityiskohtaisetPerustelut/11/08/07/07.html,11. VEROT JA VERONLUONTEISET TULOT,08. Haitta- ja valmisteverot,07. Energiaverot,07. Energiaverot,,3 780 000 000,5 639 000 000,1 859 000 000,Tärkeä / Tehokas,"Autoveron 270 M€ ja ajoneuvoveron 1016 M€ poisto kompensoidaan vastaavalla energiaverojen nostolla. Haittoja tulee jatkossa verottaa enemmän. Lisäksi energiaverosta poistetaan seuraavia päästöjä aiheuttavia verotukia: Turpeen alempi verokanta 32 M€, Turpeen verottoman käytön yläraja 46 M€, Puupohjaisten polttoaineiden verottomuus 440 M€, Jätteenpolton verottomuus 34 M€, CHP-laitosten verotuki 16 M€, Biokaasun verotuki lämmityskäytössä 5 M€, Kaivosten ja konesalien alennettu kanta poistuu jo hallituksen esityksessä.","49,18%",
tulo,3,11.08.08.,https://budjetti.vm.fi/indox/sisalto.jsp?year=2026&lang=fi&maindoc=/2026/tae/hallituksenEsitys/hallituksenEsitys.xml&id=/2026/tae/hallituksenEsitys/YksityiskohtaisetPerustelut/11/08/08/08.html,11. VEROT JA VERONLUONTEISET TULOT,08. Haitta- ja valmisteverot,08. Eräiden juomapakkausten valmistevero,08. Eräiden juomapakkausten valmistevero,,15 000 000,15 000 000,0,Tärkeä / Tehokas,Tämä haittavero jää ennalleen.,"0,00%",
tulo,3,11.08.lib.,,11. VEROT JA VERONLUONTEISET TULOT,08. Haitta- ja valmisteverot,lib. Kannabisvero,lib. Kannabisvero,lib,,120 000 000,120 000 000,Tärkeä / Tehokas,"Kannabis tulee laillistaa myös Suomessa. Kannabiksen laillistaminen ulkomailla on luonut alueille uusia verotuloja sekä edistänyt elinkeino- ja yksilönvapautta samalla kuitenkaan johtamatta niihin haittoihin, mitä laillistamisen on pelätty aiheuttavan. Arvio perustuu Saksan kannabisveron tuottoon.","0,00%",
tulo,3,11.08.lib.,,11. VEROT JA VERONLUONTEISET TULOT,08. Haitta- ja valmisteverot,lib. Päästökaupan tulot,lib. Päästökaupan tulot,lib,,503 000 000,503 000 000,Tärkeä / Tehokas,Momentti 12.32.21. sekalaisista tuloista TEM:n alta siirretään selkeästi haittaverojen alle.,"0,00%",
tulo,2,11.10.,https://budjetti.vm.fi/indox/sisalto.jsp?year=2026&lang=fi&maindoc=/2026/tae/hallituksenEsitys/hallituksenEsitys.xml&id=/2026/tae/hallituksenEsitys/YksityiskohtaisetPerustelut/11/10/10.html,11. VEROT JA VERONLUONTEISET TULOT,10. Muut verot,,10. Muut verot,,2 117 000 000,470 000 000,−1 647 000 000,Liikkumavaraa,,"−77,80%",
tulo,3,11.10.03.,https://budjetti.vm.fi/indox/sisalto.jsp?year=2026&lang=fi&maindoc=/2026/tae/hallituksenEsitys/hallituksenEsitys.xml&id=/2026/tae/hallituksenEsitys/YksityiskohtaisetPerustelut/11/10/03/03.html,11. VEROT JA VERONLUONTEISET TULOT,10. Muut verot,03. Autovero,03. Autovero,,270 000 000,0,−270 000 000,Leikataan / Tehoton,Ajoneuvon verotus Ajoneuvon omistamisesta ja hankkimisesta tulee siirtyä liikenteen aiheuttamien kustannusten verottamiseen. Omistamiseen kohdistuva ajoneuvovero sekä Suomeen tuotaviin ajoneuvoihin kohdistettu vero tulee poistaa. Ajoneuvojen verotuksen painopistettä tulee siirtää polttoaineiden verotukseen ja tienkäyttömaksuihin.,"−100,00%",
tulo,3,11.10.05.,https://budjetti.vm.fi/indox/sisalto.jsp?year=2026&lang=fi&maindoc=/2026/tae/hallituksenEsitys/hallituksenEsitys.xml&id=/2026/tae/hallituksenEsitys/YksityiskohtaisetPerustelut/11/10/05/05.html,11. VEROT JA VERONLUONTEISET TULOT,10. Muut verot,05. Varainsiirtovero,05. Varainsiirtovero,,671 000 000,0,−671 000 000,Leikataan / Tehoton,"Varainsiirtovero tulee poistaa. Vero hidastaa muuttoliikettä ja luo transaktioverona asuntomarkkinoille tehottomuutta. Vastaavasti asumisen verotukseen liittyen oman asunnon myyntivoiton verovapaudesta tulee luopua, mikä tuloutuu 11.01.01. momentissa. Samalla myyntitappiosta tulee verovähennyskelpoista.","−100,00%",
tulo,3,11.10.06.,https://budjetti.vm.fi/indox/sisalto.jsp?year=2026&lang=fi&maindoc=/2026/tae/hallituksenEsitys/hallituksenEsitys.xml&id=/2026/tae/hallituksenEsitys/YksityiskohtaisetPerustelut/11/10/06/06.html,11. VEROT JA VERONLUONTEISET TULOT,10. Muut verot,06. Arpajaisvero,06. Arpajaisvero,,144 000 000,454 000 000,310 000 000,Tärkeä / Tehokas,"Veikkaus yksityistetään ja siirrytään lisenssijärjestelmään, minkä johdosta arpajaisveron tuotto kasvaa. Summaan on sisällytetty myös pelien järjestäjiltä kerättävät lisenssimaksut arvioperusteisesti 310 M€.","215,28%",
tulo,3,11.10.07.,https://budjetti.vm.fi/indox/sisalto.jsp?year=2026&lang=fi&maindoc=/2026/tae/hallituksenEsitys/hallituksenEsitys.xml&id=/2026/tae/hallituksenEsitys/YksityiskohtaisetPerustelut/11/10/07/07.html,11. VEROT JA VERONLUONTEISET TULOT,10. Muut verot,07. Ajoneuvovero,07. Ajoneuvovero,,1 016 000 000,0,−1 016 000 000,Leikataan / Tehoton,"Ajoneuvon omistamisesta ja hankkimisesta tulee siirtyä liikenteen aiheuttamien kustannusten verottamiseen. Omistamiseen kohdistuva ajoneuvovero sekä Suomeen tuotaviin ajoneuvoihin kohdistettu vero tulee poistaa. Näillä veroilla on autokantaa vanhentava ja suomalaisten elintasoa laskeva vaikutus. Ajoneuvojen verotuksen painopistettä tulee siirtää polttoaineiden verotukseen ja tienkäyttömaksuihin, eli liikenteen haittojen hinnoitteluun.","−100,00%",
tulo,3,11.10.08.,https://budjetti.vm.fi/indox/sisalto.jsp?year=2026&lang=fi&maindoc=/2026/tae/hallituksenEsitys/hallituksenEsitys.xml&id=/2026/tae/hallituksenEsitys/YksityiskohtaisetPerustelut/11/10/08/08.html,11. VEROT JA VERONLUONTEISET TULOT,10. Muut verot,08. Jätevero,08. Jätevero,,3 000 000,3 000 000,0,Tärkeä / Tehokas,"Jätehuollosta kertyy kustannuksia, joiden kattamiseen hyvä kerätä veroa.","0,00%",
tulo,3,11.10.09.,https://budjetti.vm.fi/indox/sisalto.jsp?year=2026&lang=fi&maindoc=/2026/tae/hallituksenEsitys/hallituksenEsitys.xml&id=/2026/tae/hallituksenEsitys/YksityiskohtaisetPerustelut/11/10/09/09.html,11. VEROT JA VERONLUONTEISET TULOT,10. Muut verot,09. Kaivosmineraalivero,09. Kaivosmineraalivero,,13 000 000,13 000 000,0,Tärkeä / Tehokas,"Kaivoksia voi verottaa fiskaalisin perustein jonkin verran kireämmin kuin muuta yritystoimintaa, koska malmiesiintymää ei voi siirtää veroja pakoon ulkomaille.","0,00%",
tulo,2,11.19.,https://budjetti.vm.fi/indox/sisalto.jsp?year=2026&lang=fi&maindoc=/2026/tae/hallituksenEsitys/hallituksenEsitys.xml&id=/2026/tae/hallituksenEsitys/YksityiskohtaisetPerustelut/11/19/19.html,11. VEROT JA VERONLUONTEISET TULOT,19. Muut veronluonteiset tulot,,19. Muut veronluonteiset tulot,,770 709 000,167 259 100,−603 449 900,Liikkumavaraa,,"−78,30%",
tulo,3,11.19.01.,https://budjetti.vm.fi/indox/sisalto.jsp?year=2026&lang=fi&maindoc=/2026/tae/hallituksenEsitys/hallituksenEsitys.xml&id=/2026/tae/hallituksenEsitys/YksityiskohtaisetPerustelut/11/19/01/01.html,11. VEROT JA VERONLUONTEISET TULOT,19. Muut veronluonteiset tulot,01. Veikkaus Oy:n yksinoikeustoimiluvan korvaus,01. Veikkaus Oy:n yksinoikeustoimiluvan korvaus,lisäys hallituksen esityksessä,620 000 000,0,−620 000 000,Leikataan / Tehoton,Veikkaus yksityistetään ja monopoli puretaan. Kilpailullisen markkinan lisenssimaksut on sisällytetty arpajaisveroon momentille 11.10.06,"−100,00%",
tulo,3,11.19.04.,https://budjetti.vm.fi/indox/sisalto.jsp?year=2026&lang=fi&maindoc=/2026/tae/hallituksenEsitys/hallituksenEsitys.xml&id=/2026/tae/hallituksenEsitys/YksityiskohtaisetPerustelut/11/19/04/04.html,11. VEROT JA VERONLUONTEISET TULOT,19. Muut veronluonteiset tulot,04. Eräät viestinnän maksut,04. Eräät viestinnän maksut,,10 570 000,10 570 000,0,Tärkeä / Tehokas,"Radioasemien toimilupamaksut ja taajuushuutokaupan tuotot, teleoperaatteiden tietoyhteiskuntamaksut, postitoiminnan valvontamaksut.","0,00%",
tulo,3,11.19.05.,https://budjetti.vm.fi/indox/sisalto.jsp?year=2026&lang=fi&maindoc=/2026/tae/hallituksenEsitys/hallituksenEsitys.xml&id=/2026/tae/hallituksenEsitys/YksityiskohtaisetPerustelut/11/19/05/05.html,11. VEROT JA VERONLUONTEISET TULOT,19. Muut veronluonteiset tulot,05. Eräät liikenteen maksut,05. Eräät liikenteen maksut,,26 400 000,26 400 000,0,Tärkeä / Tehokas,"Viranomaistehtävien ja liikenneturvallisuustutkimuksen kustannusten kattamiseksi perittäviä maksuja, jotka säilytetään.","0,00%",
tulo,3,11.19.06.,https://budjetti.vm.fi/indox/sisalto.jsp?year=2026&lang=fi&maindoc=/2026/tae/hallituksenEsitys/hallituksenEsitys.xml&id=/2026/tae/hallituksenEsitys/YksityiskohtaisetPerustelut/11/19/06/06.html,11. VEROT JA VERONLUONTEISET TULOT,19. Muut veronluonteiset tulot,06. Väylämaksut,06. Väylämaksut,,87 600 000,105 000 000,17 400 000,Tärkeä / Tehokas,"Väylämaksuilla katetaan kauppamerenkulun valtiolle aiheuttamia kustannuksia. Hallituksen esityksen mukaiset maksut eivät ole kuitenkaan riittäviä kustannusvastaavuuden saavuttamiseksi. Valtiovarainministeriön mukaan väylänhoidon menot olivat vuosina 2018-2023 90-115 miljoonaa vuodesta riippuen, joten liberaalipuolue ehdottaa maksujen korottamista vastaamaan kustannusten keskimääräistä tasoa.","19,86%",
tulo,3,11.19.09.,https://budjetti.vm.fi/indox/sisalto.jsp?year=2026&lang=fi&maindoc=/2026/tae/hallituksenEsitys/hallituksenEsitys.xml&id=/2026/tae/hallituksenEsitys/YksityiskohtaisetPerustelut/11/19/09/09.html,11. VEROT JA VERONLUONTEISET TULOT,19. Muut veronluonteiset tulot,09. Muut verotulot,09. Muut verotulot,,5 410 000,5 410 000,0,Tärkeä / Tehokas,Momentti sisältää häntiä ennen vuotta 2014 voimassa olleista veroperusteista ja maksuista sekä jonkin verran kustannusperusteisia valvontamaksuja. Säilytetään sellaisenaan.,"0,00%",
tulo,3,11.19.10.,https://budjetti.vm.fi/indox/sisalto.jsp?year=2026&lang=fi&maindoc=/2026/tae/hallituksenEsitys/hallituksenEsitys.xml&id=/2026/tae/hallituksenEsitys/YksityiskohtaisetPerustelut/11/19/10/10.html,11. VEROT JA VERONLUONTEISET TULOT,19. Muut veronluonteiset tulot,10. Sähkö- ja maakaasuverkkomaksut ja Perämeren tuulivoima-alueella perittävä tuulivoimamaksu,10. Sähkö- ja maakaasuverkkomaksut ja Perämeren tuulivoima-alueella perittävä tuulivoimamaksu,,5 450 000,5 450 000,0,Tärkeä / Tehokas,Energiaverkon rakentaminen kuuluu hinnoitella voimalaitosprojekteihin.,"0,00%",
tulo,3,11.19.11.,https://budjetti.vm.fi/indox/sisalto.jsp?year=2026&lang=fi&maindoc=/2026/tae/hallituksenEsitys/hallituksenEsitys.xml&id=/2026/tae/hallituksenEsitys/YksityiskohtaisetPerustelut/11/19/11/11.html,11. VEROT JA VERONLUONTEISET TULOT,19. Muut veronluonteiset tulot,11. Rahoitusvakausviraston hallintomaksut,11. Rahoitusvakausviraston hallintomaksut,,8 656 000,8 656 000,0,Tärkeä / Tehokas,Pankkien konkurssien varalta oleva virasto. Suojelee kuluttajien ja kansalaisten turvaa. Tuloina luottolaitoksilta ja sijoituspalveluyrityksiltä perittävät hallintomaksut.,"0,00%",
tulo,3,11.19.12.,https://budjetti.vm.fi/indox/sisalto.jsp?year=2026&lang=fi&maindoc=/2026/tae/hallituksenEsitys/hallituksenEsitys.xml&id=/2026/tae/hallituksenEsitys/YksityiskohtaisetPerustelut/11/19/12/12.html,11. VEROT JA VERONLUONTEISET TULOT,19. Muut veronluonteiset tulot,12. Säteilytoimintavero,12. Säteilytoimintavero,,2 833 000,1 983 100,−849 900,Liikkumavaraa,"Säteilytoiminnan säätelyä kevennetään, jolloin valvontamaksutkin vähenevät.","−30,00%",
tulo,3,11.19.13.,https://budjetti.vm.fi/indox/sisalto.jsp?year=2026&lang=fi&maindoc=/2026/tae/hallituksenEsitys/hallituksenEsitys.xml&id=/2026/tae/hallituksenEsitys/YksityiskohtaisetPerustelut/11/19/13/13.html,11. VEROT JA VERONLUONTEISET TULOT,19. Muut veronluonteiset tulot,13. Lupa- ja valvontaviraston valvontamaksut,13. Lupa- ja valvontaviraston valvontamaksut,lisäys hallituksen esityksessä,3 790 000,3 790 000,0,Tärkeä / Tehokas,Lupa- ja valvontaviraston kustannusvastaavuus valvontatoiminnassa säilytetään.,"0,00%",
tulo,1,12.,https://budjetti.vm.fi/indox/sisalto.jsp?year=2026&lang=fi&maindoc=/2026/tae/hallituksenEsitys/hallituksenEsitys.xml&id=/2026/tae/hallituksenEsitys/YksityiskohtaisetPerustelut/12/12.html,12. SEKALAISET TULOT,,,12. SEKALAISET TULOT,,10 259 424 000,8 282 573 400,−1 976 850 600,Liikkumavaraa,,"−19,27%",
tulo,2,12.23.,https://budjetti.vm.fi/indox/sisalto.jsp?year=2026&lang=fi&maindoc=/2026/tae/hallituksenEsitys/hallituksenEsitys.xml&id=/2026/tae/hallituksenEsitys/YksityiskohtaisetPerustelut/12/23/23.html,12. SEKALAISET TULOT,23. Valtioneuvoston kanslia,,23. Valtioneuvoston kanslia,,50 000,50 000,0,Liikkumavaraa,,"0,00%",
tulo,3,12.23.99.,https://budjetti.vm.fi/indox/sisalto.jsp?year=2026&lang=fi&maindoc=/2026/tae/hallituksenEsitys/hallituksenEsitys.xml&id=/2026/tae/hallituksenEsitys/YksityiskohtaisetPerustelut/12/23/99/99.html,12. SEKALAISET TULOT,23. Valtioneuvoston kanslia,99. Valtioneuvoston kanslian muut tulot,99. Valtioneuvoston kanslian muut tulot,,50 000,50 000,0,Tärkeä / Tehokas,"Mikäli ihmiset haluavat maksaa vapaaehtoisesti lisää veroja, voidaan niille varattu tulopuolen momentti säästää.","0,00%",
tulo,2,12.24.,https://budjetti.vm.fi/indox/sisalto.jsp?year=2026&lang=fi&maindoc=/2026/tae/hallituksenEsitys/hallituksenEsitys.xml&id=/2026/tae/hallituksenEsitys/YksityiskohtaisetPerustelut/12/24/24.html,12. SEKALAISET TULOT,24. Ulkoministeriön hallinnonala,,24. Ulkoministeriön hallinnonala,,25 713 000,11 563 000,−14 150 000,Liikkumavaraa,,"−55,03%",
tulo,3,12.24.20.,https://budjetti.vm.fi/indox/sisalto.jsp?year=2026&lang=fi&maindoc=/2026/tae/hallituksenEsitys/hallituksenEsitys.xml&id=/2026/tae/hallituksenEsitys/YksityiskohtaisetPerustelut/12/24/20/20.html,12. SEKALAISET TULOT,24. Ulkoministeriön hallinnonala,20. Tiede- ja kulttuuri-instituuttikiinteistöjen vuokratulot,20. Tiede- ja kulttuuri-instituuttikiinteistöjen vuokratulot,,1 046 000,0,−1 046 000,Leikataan / Tehoton,"Ulkomailla sijaitsevista tiede- ja kulttuuri-instituuttikiinteistöistä luovutaan, joten myös vuokratulot poistuvat.","−100,00%",
tulo,3,12.24.99.,https://budjetti.vm.fi/indox/sisalto.jsp?year=2026&lang=fi&maindoc=/2026/tae/hallituksenEsitys/hallituksenEsitys.xml&id=/2026/tae/hallituksenEsitys/YksityiskohtaisetPerustelut/12/24/99/99.html,12. SEKALAISET TULOT,24. Ulkoministeriön hallinnonala,99. Ulkoministeriön hallinnonalan tulot,99. Ulkoministeriön hallinnonalan tulot,,24 667 000,11 563 000,−13 104 000,Liikkumavaraa,"Kun menopuolen vastaparina olevaa kehitysapua muutetaan lainapainotteiseksi poistuvat myös 13,104 M€ kehitysavun palautukset.","−53,12%",
tulo,2,12.25.,https://budjetti.vm.fi/indox/sisalto.jsp?year=2026&lang=fi&maindoc=/2026/tae/hallituksenEsitys/hallituksenEsitys.xml&id=/2026/tae/hallituksenEsitys/YksityiskohtaisetPerustelut/12/25/25.html,12. SEKALAISET TULOT,25. Oikeusministeriön hallinnonala,,25. Oikeusministeriön hallinnonala,,170 675 000,158 675 000,−12 000 000,Liikkumavaraa,,"−7,03%",
tulo,3,12.25.10.,https://budjetti.vm.fi/indox/sisalto.jsp?year=2026&lang=fi&maindoc=/2026/tae/hallituksenEsitys/hallituksenEsitys.xml&id=/2026/tae/hallituksenEsitys/YksityiskohtaisetPerustelut/12/25/10/10.html,12. SEKALAISET TULOT,25. Oikeusministeriön hallinnonala,10. Tuomioistuintulot,10. Tuomioistuintulot,,43 670 000,43 670 000,0,Liikkumavaraa,"Oikeudenkäyntimaksut vastaavat budjetoituna 39 % kustannuksista. Oikeuden hakemisen kynnystä ja kustannusta on pidettävä kohtuullisena. Aiempina vuosina Liberaalipuolue on ehdottanut 40 % tasoa kustannusvastaavuudessa, joten säilytetään momentti tällä kerralla sellaisenaan.","0,00%",
tulo,3,12.25.14.,https://budjetti.vm.fi/indox/sisalto.jsp?year=2026&lang=fi&maindoc=/2026/tae/hallituksenEsitys/hallituksenEsitys.xml&id=/2026/tae/hallituksenEsitys/YksityiskohtaisetPerustelut/12/25/14/14.html,12. SEKALAISET TULOT,25. Oikeusministeriön hallinnonala,14. Oikeusapumaksutulot,14. Oikeusapumaksutulot,,3 911 000,3 911 000,0,Tärkeä / Tehokas,Säilytetään sellaisenaan oikeusavun saajan hävinneen vastapuolen korvaukset oikeudenkäyntikuluista.,"0,00%",
tulo,3,12.25.15.,https://budjetti.vm.fi/indox/sisalto.jsp?year=2026&lang=fi&maindoc=/2026/tae/hallituksenEsitys/hallituksenEsitys.xml&id=/2026/tae/hallituksenEsitys/YksityiskohtaisetPerustelut/12/25/15/15.html,12. SEKALAISET TULOT,25. Oikeusministeriön hallinnonala,15. Yleisen edunvalvonnan tulot,15. Yleisen edunvalvonnan tulot,,33 344 000,33 344 000,0,Tärkeä / Tehokas,"Edunvalvonnan maksut säilyvät hallituksen ehdotuksen mukaisena, niin että kustannusvastaavuus on 86 %.","0,00%",
tulo,3,12.25.20.,https://budjetti.vm.fi/indox/sisalto.jsp?year=2026&lang=fi&maindoc=/2026/tae/hallituksenEsitys/hallituksenEsitys.xml&id=/2026/tae/hallituksenEsitys/YksityiskohtaisetPerustelut/12/25/20/20.html,12. SEKALAISET TULOT,25. Oikeusministeriön hallinnonala,20. Ulosottomaksut,20. Ulosottomaksut,,87 000 000,75 000 000,−12 000 000,Liikkumavaraa,Ulosotto on ylihinnoiteltu 16 % ja kustannusvastaavuus on budjetoitu 12 M€ yli. Tämä on heikoimmassa asemassa olevien kurittamista ja regressiivistä politiikkaa. Ulosottomaksuja tulee laskea kustannusvastaavuuteen.,"−13,79%",
tulo,3,12.25.99.,https://budjetti.vm.fi/indox/sisalto.jsp?year=2026&lang=fi&maindoc=/2026/tae/hallituksenEsitys/hallituksenEsitys.xml&id=/2026/tae/hallituksenEsitys/YksityiskohtaisetPerustelut/12/25/99/99.html,12. SEKALAISET TULOT,25. Oikeusministeriön hallinnonala,99. Oikeusministeriön hallinnonalan muut tulot,99. Oikeusministeriön hallinnonalan muut tulot,,2 750 000,2 750 000,0,Liikkumavaraa,Oikeusministeriön viranomaismaksuja ja ulosoton ja konkurssipesien menetettyjä jako-osia. Momentti säilytetään sellaisenaan.,"0,00%",
tulo,2,12.26.,https://budjetti.vm.fi/indox/sisalto.jsp?year=2026&lang=fi&maindoc=/2026/tae/hallituksenEsitys/hallituksenEsitys.xml&id=/2026/tae/hallituksenEsitys/YksityiskohtaisetPerustelut/12/26/26.html,12. SEKALAISET TULOT,26. Sisäministeriön hallinnonala,,26. Sisäministeriön hallinnonala,,103 907 000,103 907 000,0,Tärkeä / Tehokas,,"0,00%",
tulo,3,12.26.98.,https://budjetti.vm.fi/indox/sisalto.jsp?year=2026&lang=fi&maindoc=/2026/tae/hallituksenEsitys/hallituksenEsitys.xml&id=/2026/tae/hallituksenEsitys/YksityiskohtaisetPerustelut/12/26/98/98.html,12. SEKALAISET TULOT,26. Sisäministeriön hallinnonala,98. EU:lta saatavat tulot,98. EU:lta saatavat tulot,,100 407 000,100 407 000,0,Tärkeä / Tehokas,"EU:n yhteisellä turvapaikka-, maahanmuutto-, kotouttamis- ja sisäisen turvallisuuden sopimuksilla voidaan saadaan tehokkuus ja kustannushyötyjä. Tulot tulevat EU:n näihin tarkoituksiin perustetuista rahastoista.","0,00%",
tulo,3,12.26.99.,https://budjetti.vm.fi/indox/sisalto.jsp?year=2026&lang=fi&maindoc=/2026/tae/hallituksenEsitys/hallituksenEsitys.xml&id=/2026/tae/hallituksenEsitys/YksityiskohtaisetPerustelut/12/26/99/99.html,12. SEKALAISET TULOT,26. Sisäministeriön hallinnonala,99. Sisäministeriön hallinnonalan muut tulot,99. Sisäministeriön hallinnonalan muut tulot,,3 500 000,3 500 000,0,Tärkeä / Tehokas,Suomelle koituu EU:n rajavaltiona ylimääräisiä kustannuksia EU:n ulkorajojen ja EU:n vapaan liikkuvuuden valvonnasta ja turvaamisesta. On kohtuullista että Suomi saa tästä korvauksia ja tasausta EU tasolta.,"0,00%",
tulo,2,12.27.,https://budjetti.vm.fi/indox/sisalto.jsp?year=2026&lang=fi&maindoc=/2026/tae/hallituksenEsitys/hallituksenEsitys.xml&id=/2026/tae/hallituksenEsitys/YksityiskohtaisetPerustelut/12/27/27.html,12. SEKALAISET TULOT,27. Puolustusministeriön hallinnonala,,27. Puolustusministeriön hallinnonala,,290 965 000,290 965 000,0,Tärkeä / Tehokas,,"0,00%",
tulo,3,12.27.20.,https://budjetti.vm.fi/indox/sisalto.jsp?year=2026&lang=fi&maindoc=/2026/tae/hallituksenEsitys/hallituksenEsitys.xml&id=/2026/tae/hallituksenEsitys/YksityiskohtaisetPerustelut/12/27/20/20.html,12. SEKALAISET TULOT,27. Puolustusministeriön hallinnonala,20. Tulot irtaimen omaisuuden myynnistä ja rojaltimaksuista,20. Tulot irtaimen omaisuuden myynnistä ja rojaltimaksuista,,18 000,18 000,0,Tärkeä / Tehokas,"Puolustusvoimat myyvät vanhaa kalustoa ja ostavat uutta vastaavalla noin 4,5 M€ summalla. Tähän momenttiin jää erotus eli 18 000 €. Varusmiesten ""hävärit"" tuloutuvat tänne ja niillä ostetaan siten uusia korvaavia tuotteita.","0,00%",
tulo,3,12.27.99.,https://budjetti.vm.fi/indox/sisalto.jsp?year=2026&lang=fi&maindoc=/2026/tae/hallituksenEsitys/hallituksenEsitys.xml&id=/2026/tae/hallituksenEsitys/YksityiskohtaisetPerustelut/12/27/99/99.html,12. SEKALAISET TULOT,27. Puolustusministeriön hallinnonala,99. Puolustusministeriön hallinnonalan muut tulot,99. Puolustusministeriön hallinnonalan muut tulot,,290 947 000,290 947 000,0,Tärkeä / Tehokas,EU:n rauhanrahaston takaisinmaksuja Ukrainalle luovutetusta materiaalista sekä YK:n kriisinhallintaoperaatioiden korvaukset.,"0,00%",
tulo,2,12.28.,https://budjetti.vm.fi/indox/sisalto.jsp?year=2026&lang=fi&maindoc=/2026/tae/hallituksenEsitys/hallituksenEsitys.xml&id=/2026/tae/hallituksenEsitys/YksityiskohtaisetPerustelut/12/28/28.html,12. SEKALAISET TULOT,28. Valtiovarainministeriön hallinnonala,,28. Valtiovarainministeriön hallinnonala,,3 092 893 000,3 029 923 100,−62 969 900,Liikkumavaraa,,"−2,04%",
tulo,3,12.28.11.,https://budjetti.vm.fi/indox/sisalto.jsp?year=2026&lang=fi&maindoc=/2026/tae/hallituksenEsitys/hallituksenEsitys.xml&id=/2026/tae/hallituksenEsitys/YksityiskohtaisetPerustelut/12/28/11/11.html,12. SEKALAISET TULOT,28. Valtiovarainministeriön hallinnonala,11. Kuntien osuudet verotuskustannuksista,11. Kuntien osuudet verotuskustannuksista,,61 271 000,49 016 800,−12 254 200,Liikkumavaraa,"Suomen verojärjestelmää täytyy yksinkertaistaa. Kun tuloverotusta yksinkertaistetaan, niin myös verotuksen toteuttamisen kustannukset laskevat. Verotuksen kustannukset kunnille pienevät ja tämän momentin koko kutistuu.","−20,00%",
tulo,3,12.28.12.,https://budjetti.vm.fi/indox/sisalto.jsp?year=2026&lang=fi&maindoc=/2026/tae/hallituksenEsitys/hallituksenEsitys.xml&id=/2026/tae/hallituksenEsitys/YksityiskohtaisetPerustelut/12/28/12/12.html,12. SEKALAISET TULOT,28. Valtiovarainministeriön hallinnonala,12. Kansaneläkelaitoksen osuus verotuskustannuksista,12. Kansaneläkelaitoksen osuus verotuskustannuksista,,24 163 000,19 330 400,−4 832 600,Liikkumavaraa,"Suomen verojärjestelmää täytyy yksinkertaistaa. Kun tuloverotusta yksinkertaistetaan, niin myös verotuksen toteuttamisen kustannukset laskevat. Verotuksen kustannukset kunnille pienevät, ja tämän momentin koko kutistuu.","−20,00%",
tulo,3,12.28.13.,https://budjetti.vm.fi/indox/sisalto.jsp?year=2026&lang=fi&maindoc=/2026/tae/hallituksenEsitys/hallituksenEsitys.xml&id=/2026/tae/hallituksenEsitys/YksityiskohtaisetPerustelut/12/28/13/13.html,12. SEKALAISET TULOT,28. Valtiovarainministeriön hallinnonala,13. Evankelisluterilaisten seurakuntien osuudet verotuskustannuksista,13. Evankelisluterilaisten seurakuntien osuudet verotuskustannuksista,,13 807 000,0,−13 807 000,Leikataan / Tehoton,Uskontokuntien varainhankinta ja samalla sen kustannukset kuuluvat yhteisöille ja yhdistyksille itselleen.,"−100,00%",
tulo,3,12.28.14.,https://budjetti.vm.fi/indox/sisalto.jsp?year=2026&lang=fi&maindoc=/2026/tae/hallituksenEsitys/hallituksenEsitys.xml&id=/2026/tae/hallituksenEsitys/YksityiskohtaisetPerustelut/12/28/14/14.html,12. SEKALAISET TULOT,28. Valtiovarainministeriön hallinnonala,14. Tulot positiivisen luottotietorekisterin käyttömaksuista,14. Tulot positiivisen luottotietorekisterin käyttömaksuista,,8 900 000,8 900 000,0,Tärkeä / Tehokas,"Koostuu kyselyjä tekevien yrityksien maksuista, jolloin kustannusvastaavuus toteutuu, joten tämä tulo on olennaista pitää ettei muista veroista jouduta kattamaan tämän kuluja. Periaatteena on että palvelun ""käyttäjä maksaa"".","0,00%",
tulo,3,12.28.20.,https://budjetti.vm.fi/indox/sisalto.jsp?year=2026&lang=fi&maindoc=/2026/tae/hallituksenEsitys/hallituksenEsitys.xml&id=/2026/tae/hallituksenEsitys/YksityiskohtaisetPerustelut/12/28/20/20.html,12. SEKALAISET TULOT,28. Valtiovarainministeriön hallinnonala,20. Valtion tieto- ja viestintätekniikkakeskuksen eräät tulot,20. Valtion tieto- ja viestintätekniikkakeskuksen eräät tulot,,5 338 000,5 338 000,0,Tärkeä / Tehokas,Kustannusvastaavuuteen perustuva tulo laitteiden myynnistä momenttiin 28.20.10.,"0,00%",
tulo,3,12.28.50.,https://budjetti.vm.fi/indox/sisalto.jsp?year=2026&lang=fi&maindoc=/2026/tae/hallituksenEsitys/hallituksenEsitys.xml&id=/2026/tae/hallituksenEsitys/YksityiskohtaisetPerustelut/12/28/50/50.html,12. SEKALAISET TULOT,28. Valtiovarainministeriön hallinnonala,50. Siirto Valtion eläkerahastosta,50. Siirto Valtion eläkerahastosta,,2 493 749 000,2 493 749 000,0,Tärkeä / Tehokas,Perustulo tulee muuttamaan sosiaaliturvaa. Rahastot joko puretaan maksuosuuksina ja maksetaan tasaeläkettä tai rahastoja käytetään sosiaaliturvan maksatukseen osittain jatkossakin.,"0,00%",
tulo,3,12.28.51.,https://budjetti.vm.fi/indox/sisalto.jsp?year=2026&lang=fi&maindoc=/2026/tae/hallituksenEsitys/hallituksenEsitys.xml&id=/2026/tae/hallituksenEsitys/YksityiskohtaisetPerustelut/12/28/51/51.html,12. SEKALAISET TULOT,28. Valtiovarainministeriön hallinnonala,51. Muiden eläkelaitosten puolesta maksettujen eläkemenojen hyvitykset,51. Muiden eläkelaitosten puolesta maksettujen eläkemenojen hyvitykset,,395 505 000,395 505 000,0,Tärkeä / Tehokas,Perustuu maksuihin,"0,00%",
tulo,3,12.28.52.,https://budjetti.vm.fi/indox/sisalto.jsp?year=2026&lang=fi&maindoc=/2026/tae/hallituksenEsitys/hallituksenEsitys.xml&id=/2026/tae/hallituksenEsitys/YksityiskohtaisetPerustelut/12/28/52/52.html,12. SEKALAISET TULOT,28. Valtiovarainministeriön hallinnonala,52. Vakuutusmaksuja vastaavat maksut,52. Vakuutusmaksuja vastaavat maksut,,18 570 000,41 160 000,22 590 000,Tärkeä / Tehokas,"Valtion ei tarvitse ostaa vakuutuksia vakuutysyhtiöiltä, vaan valtio voi kantaa vastuun itse verovaroista. Tällä momentilla on tuloja siitä, kun valtio perii maksuja itselleen myöntämiltään ""vakuutuksilta"". Täysi kustannusvastaavuus saadaan korottamalla maksut momentin 28.50.50 kustannusten tasoon. ","121,65%",
tulo,3,12.28.60.,https://budjetti.vm.fi/indox/sisalto.jsp?year=2026&lang=fi&maindoc=/2026/tae/hallituksenEsitys/hallituksenEsitys.xml&id=/2026/tae/hallituksenEsitys/YksityiskohtaisetPerustelut/12/28/60/60.html,12. SEKALAISET TULOT,28. Valtiovarainministeriön hallinnonala,60. Työturvallisuusmaksu,60. Työturvallisuusmaksu,,1 120 000,973 900,−146 100,Liikkumavaraa,"Lasketaan nykyisestä 0,23 promillesta 0,20 promilleen valtion palveluksessa olevan henkilöstön yhteenlasketuista palkoista.","−13,04%",
tulo,3,12.28.92.,https://budjetti.vm.fi/indox/sisalto.jsp?year=2026&lang=fi&maindoc=/2026/tae/hallituksenEsitys/hallituksenEsitys.xml&id=/2026/tae/hallituksenEsitys/YksityiskohtaisetPerustelut/12/28/92/92.html,12. SEKALAISET TULOT,28. Valtiovarainministeriön hallinnonala,92. Euroopan unionin perinteisten omien varojen kantopalkkiot,92. Euroopan unionin perinteisten omien varojen kantopalkkiot,,52 000 000,0,−52 000 000,Leikataan / Tehoton,"Tulot muodostuvat siitä, että EU:n jäsenvaltiot saavat pitää neljäsosan EU:n puolesta perimistään tullituloista, maatalousmaksuista ja sokerikustannuksista. Poistaisimme kaupankäyntiä rajoittavia tulli- ja yrittämisen maksuja.","−100,00%",
tulo,3,12.28.93.,https://budjetti.vm.fi/indox/sisalto.jsp?year=2026&lang=fi&maindoc=/2026/tae/hallituksenEsitys/hallituksenEsitys.xml&id=/2026/tae/hallituksenEsitys/YksityiskohtaisetPerustelut/12/28/93/93.html,12. SEKALAISET TULOT,28. Valtiovarainministeriön hallinnonala,93. Euroopan unionilta saatavat tulot matkamenojen korvaamiseen,93. Euroopan unionilta saatavat tulot matkamenojen korvaamiseen,,2 200 000,1 980 000,−220 000,Liikkumavaraa,"Momenttiin esitetään 10 % leikkausta, sillä Suomen tulisi edistää etäpalaverikulttuuria myös EU-tasolla tarpeettoman matkustelun vähentämiseksi.","−10,00%",
tulo,3,12.28.99.,https://budjetti.vm.fi/indox/sisalto.jsp?year=2026&lang=fi&maindoc=/2026/tae/hallituksenEsitys/hallituksenEsitys.xml&id=/2026/tae/hallituksenEsitys/YksityiskohtaisetPerustelut/12/28/99/99.html,12. SEKALAISET TULOT,28. Valtiovarainministeriön hallinnonala,99. Valtiovarainministeriön hallinnonalan muut tulot,99. Valtiovarainministeriön hallinnonalan muut tulot,,16 270 000,13 970 000,−2 300 000,Liikkumavaraa,"Valtiovarainministeriön muita tuloja. Momentti säilyy muutoin ennallaan, mutta korvaus eräistä karttuneista eläkeosista poistuu kokonaan, sillä vastaava kotihoidon tuki poistuu perustulomallissa.","−14,14%",
tulo,2,12.29.,https://budjetti.vm.fi/indox/sisalto.jsp?year=2026&lang=fi&maindoc=/2026/tae/hallituksenEsitys/hallituksenEsitys.xml&id=/2026/tae/hallituksenEsitys/YksityiskohtaisetPerustelut/12/29/29.html,12. SEKALAISET TULOT,29. Opetus- ja kulttuuriministeriön hallinnonala,,29. Opetus- ja kulttuuriministeriön hallinnonala,,103 800 000,100 445 000,−3 355 000,Liikkumavaraa,,"−3,23%",
tulo,3,12.29.50.,https://budjetti.vm.fi/indox/sisalto.jsp?year=2026&lang=fi&maindoc=/2026/tae/hallituksenEsitys/hallituksenEsitys.xml&id=/2026/tae/hallituksenEsitys/YksityiskohtaisetPerustelut/12/29/50/50.html,12. SEKALAISET TULOT,29. Opetus- ja kulttuuriministeriön hallinnonala,50. Rahoitusosuudet Opetushallituksen toimeenpanemiin ohjelmiin,50. Rahoitusosuudet Opetushallituksen toimeenpanemiin ohjelmiin,lisäys hallituksen esityksessä,87 100 000,82 745 000,−4 355 000,Liikkumavaraa,Tästä tarkemmin erittelemättömästä momentista vähennetään 5 % arviona Euroopan solidaarisuusjoukot -ohjelman kuluina. Ohjelma tarjoaa vapaaehtoistyöntekijöille matkakuluja ja ylläpitoa EU-maissa eikä se ole välttämätön valtion tai unionin tehtävä. Erasmus+ ja Nordplus opiskelijavaihto-ohjelmien rahoitus säilytetään momentilla 29.01.32.,"−5,00%",
tulo,3,12.29.70.,https://budjetti.vm.fi/indox/sisalto.jsp?year=2026&lang=fi&maindoc=/2026/tae/hallituksenEsitys/hallituksenEsitys.xml&id=/2026/tae/hallituksenEsitys/YksityiskohtaisetPerustelut/12/29/70/70.html,12. SEKALAISET TULOT,29. Opetus- ja kulttuuriministeriön hallinnonala,70. Opintotukitoiminnan tulot,70. Opintotukitoiminnan tulot,,12 700 000,12 700 000,0,Tärkeä / Tehokas,"Opintolainojen valtiontakaukset säilyvät. Näistä tulee joitain tuloja, mutta Opintolainojen valtiontakaus -kustannukset momentissa 29.70.52. ovat silti suuremmat 250,3 M€.","0,00%",
tulo,3,12.29.99.,https://budjetti.vm.fi/indox/sisalto.jsp?year=2026&lang=fi&maindoc=/2026/tae/hallituksenEsitys/hallituksenEsitys.xml&id=/2026/tae/hallituksenEsitys/YksityiskohtaisetPerustelut/12/29/99/99.html,12. SEKALAISET TULOT,29. Opetus- ja kulttuuriministeriön hallinnonala,99. Opetus- ja kulttuuriministeriön hallinnonalan muut tulot,99. Opetus- ja kulttuuriministeriön hallinnonalan muut tulot,,4 000 000,4 000 000,0,Liikkumavaraa,"OKM:n hallinnonalan muita tuloja, momentti säilytetään ennallaan.","0,00%",
tulo,3,12.29.lib.,,12. SEKALAISET TULOT,29. Opetus- ja kulttuuriministeriön hallinnonala,lib. Vapautetaan taide - taidevarastojen kiertonopeuden kasvattaminen,lib. Vapautetaan taide - taidevarastojen kiertonopeuden kasvattaminen,lib,,1 000 000,1 000 000,Liikkumavaraa,"Vapautetaan taide. Taide pois kellareista ihmisten nautittavaksi. Gallerian pitäisi olla galleria, ei museo. Taidegallerian pitää tuottaa tuloja eikä menoja. Valtion taidetta voidaan vuokrata tai myydä käyttöön tietyillä ehdoilla, velvollisuuksilla, luovutusvelvollisuus näyttelyihin. Tällä rahoitetaan uuden taiteen hankintaa valtiolle momentti 29.80.72.,  joka kykenee hyvin pitkällä aikajänteellä sitoutumaan Suomessa tehtävän kulttuurin museointiin. Samalla kun muutamat taiteilijat nousevat kuuluisiksi, voidaan osaa tuotannosta myydä tai vuokrata ulkopuolelle.","0,00%",
tulo,2,12.30.,https://budjetti.vm.fi/indox/sisalto.jsp?year=2026&lang=fi&maindoc=/2026/tae/hallituksenEsitys/hallituksenEsitys.xml&id=/2026/tae/hallituksenEsitys/YksityiskohtaisetPerustelut/12/30/30.html,12. SEKALAISET TULOT,30. Maa- ja metsätalousministeriön hallinnonala,,30. Maa- ja metsätalousministeriön hallinnonala,,1 041 200 000,564 256 300,−476 943 700,Liikkumavaraa,,"−45,81%",
tulo,3,12.30.01.,https://budjetti.vm.fi/indox/sisalto.jsp?year=2026&lang=fi&maindoc=/2026/tae/hallituksenEsitys/hallituksenEsitys.xml&id=/2026/tae/hallituksenEsitys/YksityiskohtaisetPerustelut/12/30/01/01.html,12. SEKALAISET TULOT,30. Maa- ja metsätalousministeriön hallinnonala,01. EU:n maataloustukirahastosta saatavat tulot,01. EU:n maataloustukirahastosta saatavat tulot,,537 005 000,537 005 000,0,Liikkumavaraa,Suomen osuus EU:n maataloustukirahastosta. Rahastosta saatava tulo säilytetään ennallaan ja se ohjataan menopuolen momentin 30.lib.lib. Huoltovarmuuden tuotantofutuurimalli rahoittamiseen. Tämä vaatii EU-tasolla uutta lainsäädäntöä.,"0,00%",
tulo,3,12.30.02.,https://budjetti.vm.fi/indox/sisalto.jsp?year=2026&lang=fi&maindoc=/2026/tae/hallituksenEsitys/hallituksenEsitys.xml&id=/2026/tae/hallituksenEsitys/YksityiskohtaisetPerustelut/12/30/02/02.html,12. SEKALAISET TULOT,30. Maa- ja metsätalousministeriön hallinnonala,02. Maaseudun kehittämiseen saatavat tulot EU:lta,02. Maaseudun kehittämiseen saatavat tulot EU:lta,,460 000 000,0,−460 000 000,Leikataan / Tehoton,Maatalouden pitää olla markkinaehtoista ja julkiset tuet maanviljelylle on järjestettävä uudelleen vain huoltovarmuus huomioiden. Tämä useille menomomenteille kohdentuva EU-tuki poistuu.,"−100,00%",
tulo,3,12.30.03.,https://budjetti.vm.fi/indox/sisalto.jsp?year=2026&lang=fi&maindoc=/2026/tae/hallituksenEsitys/hallituksenEsitys.xml&id=/2026/tae/hallituksenEsitys/YksityiskohtaisetPerustelut/12/30/03/03.html,12. SEKALAISET TULOT,30. Maa- ja metsätalousministeriön hallinnonala,03. Elinkeinokalatalouden kehittämiseen saatavat tulot EU:lta,03. Elinkeinokalatalouden kehittämiseen saatavat tulot EU:lta,,10 000 000,0,−10 000 000,Leikataan / Tehoton,"Euroopan meri- ja kalatalousrahastosta tulevia rahoja, joita vastaavat menomomentit poistetaan. Leikataan kokonaisuudessaan, sillä maantalousalan rinnalle ei haluta muodostaa toista tukiriippuvaista toimialaa.","−100,00%",
tulo,3,12.30.04.,https://budjetti.vm.fi/indox/sisalto.jsp?year=2026&lang=fi&maindoc=/2026/tae/hallituksenEsitys/hallituksenEsitys.xml&id=/2026/tae/hallituksenEsitys/YksityiskohtaisetPerustelut/12/30/04/04.html,12. SEKALAISET TULOT,30. Maa- ja metsätalousministeriön hallinnonala,04. EU:lta saatavat muut tulot,04. EU:lta saatavat muut tulot,,116 000,116 000,0,Tärkeä / Tehokas,EU-tason tautienseuranta- ja torjuntaohjelmat pysyvät.,"0,00%",
tulo,3,12.30.40.,https://budjetti.vm.fi/indox/sisalto.jsp?year=2026&lang=fi&maindoc=/2026/tae/hallituksenEsitys/hallituksenEsitys.xml&id=/2026/tae/hallituksenEsitys/YksityiskohtaisetPerustelut/12/30/40/40.html,12. SEKALAISET TULOT,30. Maa- ja metsätalousministeriön hallinnonala,40. Vesioikeudelliset kalatalousmaksut,40. Vesioikeudelliset kalatalousmaksut,,3 512 000,4 214 400,702 400,Tärkeä / Tehokas,"Vesitaloushankkeiden kalakannoille koituvien haittojen korvaamista vastinparinaan tulot momentista 12.30.40. mm. patojen rakentamisesta. Kalatalousmaksut tulee olla sen verran isot että ne kannustavat toimijoita tekemään vaelluskalojen kulku-, elin- ja lisääntymisalueille luonnonmukaiset ohitusuomat.","20,00%",
tulo,3,12.30.41.,https://budjetti.vm.fi/indox/sisalto.jsp?year=2026&lang=fi&maindoc=/2026/tae/hallituksenEsitys/hallituksenEsitys.xml&id=/2026/tae/hallituksenEsitys/YksityiskohtaisetPerustelut/12/30/41/41.html,12. SEKALAISET TULOT,30. Maa- ja metsätalousministeriön hallinnonala,41. Tenojoen kalastuslupamaksut,41. Tenojoen kalastuslupamaksut,,45 000,45 000,0,Tärkeä / Tehokas,Tenojoen lohen pyynti on tällä hetkellä kielletty kalakannan huonon tilanteen vuoksi. Aikaisempien vuosien kalastuslupamaksut eivät ole hillinneet ylikalastusta. Lohikannan tervehtyessä niitä on syytä korottaa.,"0,00%",
tulo,3,12.30.42.,https://budjetti.vm.fi/indox/sisalto.jsp?year=2026&lang=fi&maindoc=/2026/tae/hallituksenEsitys/hallituksenEsitys.xml&id=/2026/tae/hallituksenEsitys/YksityiskohtaisetPerustelut/12/30/42/42.html,12. SEKALAISET TULOT,30. Maa- ja metsätalousministeriön hallinnonala,42. Hirvieläinten metsästysmaksut,42. Hirvieläinten metsästysmaksut,,3 800 000,2 100 000,−1 700 000,Liikkumavaraa,"Hirvieläinten metsätyslupamaksuista kertyvien tulojen määräksi esitetään 2,1 M€. Lupamaksuista kertyvät tulot osoitetaan momentille 30.40.41, jolta leikataan vastaavasti pois hirvieläinten aiheuttamien vahinkojen korvaaminen 1,7 M€. Lupatuloilla rahoitetaan ainoastaan hirvieläinkantojen hoitamisesta aiheutuvat menot.","−44,74%",
tulo,3,12.30.44.,https://budjetti.vm.fi/indox/sisalto.jsp?year=2026&lang=fi&maindoc=/2026/tae/hallituksenEsitys/hallituksenEsitys.xml&id=/2026/tae/hallituksenEsitys/YksityiskohtaisetPerustelut/12/30/44/44.html,12. SEKALAISET TULOT,30. Maa- ja metsätalousministeriön hallinnonala,44. Kalastonhoitomaksut,44. Kalastonhoitomaksut,,9 625 000,9 625 000,0,Liikkumavaraa,"Korvaukset vesialueiden omistajille säilyy täysmääräisenä. Kalastajaliitoille hankerahoitus leikataan, kalastusmatkailua ei valtion tarvitse edistää lainkaan. Kalatalousalueen toimia ei tule karsia, sillä valvonta ja alueiden parannukset tapahtuu juurikin siellä. Kalatalousalueen valvonnalla varmistetaan kalastusta koskevien säännösten, määräysten ja lupien noudattaminen, mikä tukee kalakantojen hoitoa ja kestävää kalastusta. Valvontaa suorittavat kalatalousalueiden valtuuttamat kalastuksenvalvojat sekä poliisi, tulli, rajavartiolaitos ja ELY-keskusten erävalvojat. Kalastuksenhoitomaksu on alimitoitettu nykyisellään tehtäviin nähden.","0,00%",
tulo,3,12.30.45.,https://budjetti.vm.fi/indox/sisalto.jsp?year=2026&lang=fi&maindoc=/2026/tae/hallituksenEsitys/hallituksenEsitys.xml&id=/2026/tae/hallituksenEsitys/YksityiskohtaisetPerustelut/12/30/45/45.html,12. SEKALAISET TULOT,30. Maa- ja metsätalousministeriön hallinnonala,45. Riistanhoitomaksut,45. Riistanhoitomaksut,,12 697 000,6 750 900,−5 946 100,Liikkumavaraa,Menopuolen leikkauksia vastaavasti riistanhoitomaksu lasketaan 21 euroon/vuosi (nyt 43 €/v).,"−46,83%",
tulo,3,12.30.99.,https://budjetti.vm.fi/indox/sisalto.jsp?year=2026&lang=fi&maindoc=/2026/tae/hallituksenEsitys/hallituksenEsitys.xml&id=/2026/tae/hallituksenEsitys/YksityiskohtaisetPerustelut/12/30/99/99.html,12. SEKALAISET TULOT,30. Maa- ja metsätalousministeriön hallinnonala,99. Maa- ja metsätalousministeriön hallinnonalan muut tulot,99. Maa- ja metsätalousministeriön hallinnonalan muut tulot,,4 400 000,4 400 000,0,Tärkeä / Tehokas,"MMM:n hallinnonalan muita tuloja, momentti säilytetään ennallaan.","0,00%",
tulo,2,12.31.,https://budjetti.vm.fi/indox/sisalto.jsp?year=2026&lang=fi&maindoc=/2026/tae/hallituksenEsitys/hallituksenEsitys.xml&id=/2026/tae/hallituksenEsitys/YksityiskohtaisetPerustelut/12/31/31.html,12. SEKALAISET TULOT,31. Liikenne- ja viestintäministeriön hallinnonala,,31. Liikenne- ja viestintäministeriön hallinnonala,,67 650 000,60 050 000,−7 600 000,Liikkumavaraa,,"−11,23%",
tulo,3,12.31.10.,https://budjetti.vm.fi/indox/sisalto.jsp?year=2026&lang=fi&maindoc=/2026/tae/hallituksenEsitys/hallituksenEsitys.xml&id=/2026/tae/hallituksenEsitys/YksityiskohtaisetPerustelut/12/31/10/10.html,12. SEKALAISET TULOT,31. Liikenne- ja viestintäministeriön hallinnonala,10. Hallinnonalan virastojen tulot,10. Hallinnonalan virastojen tulot,,7 600 000,0,−7 600 000,Leikataan / Tehoton,"Elinvoimakeskusten aluetuet poistetaan, joten tämäkin tulo poistuu","−100,00%",
tulo,3,12.31.99.,https://budjetti.vm.fi/indox/sisalto.jsp?year=2026&lang=fi&maindoc=/2026/tae/hallituksenEsitys/hallituksenEsitys.xml&id=/2026/tae/hallituksenEsitys/YksityiskohtaisetPerustelut/12/31/99/99.html,12. SEKALAISET TULOT,31. Liikenne- ja viestintäministeriön hallinnonala,99. Liikenne- ja viestintäministeriön hallinnonalan muut tulot,99. Liikenne- ja viestintäministeriön hallinnonalan muut tulot,,60 050 000,60 050 000,0,Tärkeä / Tehokas,Sisältää takaisinperittäviä valtionavustuksia meriliikenteen kuljetuksista,"0,00%",
tulo,2,12.32.,https://budjetti.vm.fi/indox/sisalto.jsp?year=2026&lang=fi&maindoc=/2026/tae/hallituksenEsitys/hallituksenEsitys.xml&id=/2026/tae/hallituksenEsitys/YksityiskohtaisetPerustelut/12/32/32.html,12. SEKALAISET TULOT,32. Työ- ja elinkeinoministeriön hallinnonala,,32. Työ- ja elinkeinoministeriön hallinnonala,,913 662 000,126 370 000,−787 292 000,Liikkumavaraa,,"−86,17%",
tulo,3,12.32.20.,https://budjetti.vm.fi/indox/sisalto.jsp?year=2026&lang=fi&maindoc=/2026/tae/hallituksenEsitys/hallituksenEsitys.xml&id=/2026/tae/hallituksenEsitys/YksityiskohtaisetPerustelut/12/32/20/20.html,12. SEKALAISET TULOT,32. Työ- ja elinkeinoministeriön hallinnonala,20. Turvallisuus- ja kemikaaliviraston tulot,20. Turvallisuus- ja kemikaaliviraston tulot,,4 292 000,12 000 000,7 708 000,Tärkeä / Tehokas,Viraston tulee toimia kustannusvastaavasti eli myös tuloja nostettava 12 miljoonan €.,"179,59%",
tulo,3,12.32.21.,https://budjetti.vm.fi/indox/sisalto.jsp?year=2026&lang=fi&maindoc=/2026/tae/hallituksenEsitys/hallituksenEsitys.xml&id=/2026/tae/hallituksenEsitys/YksityiskohtaisetPerustelut/12/32/21/21.html,12. SEKALAISET TULOT,32. Työ- ja elinkeinoministeriön hallinnonala,21. Päästöoikeuksien huutokauppatulot,21. Päästöoikeuksien huutokauppatulot,,503 000 000,0,−503 000 000,Siirto,Momentti 12.32.21. sekalaisista tuloista TEM:n alta siirretään selkeästi haittaverojen alle momenttiin 11.08.lib.,"−100,00%",
tulo,3,12.32.31.,https://budjetti.vm.fi/indox/sisalto.jsp?year=2026&lang=fi&maindoc=/2026/tae/hallituksenEsitys/hallituksenEsitys.xml&id=/2026/tae/hallituksenEsitys/YksityiskohtaisetPerustelut/12/32/31/31.html,12. SEKALAISET TULOT,32. Työ- ja elinkeinoministeriön hallinnonala,31. Palkkaturvamaksujen palautukset,31. Palkkaturvamaksujen palautukset,,33 270 000,33 270 000,0,Tärkeä / Tehokas,"Säilytetään budjetissa täysmääräisenä. Yrittäjäriskin kantaminen ei kuulu työntekijälle, joten on perusteltua, että valtio kompensoi työntekijän saamatta jääneet palkkatulot yrityksen joutuessa maksukyvyttömäksi. Vastaa menopuolen 32.30.52. momenttia.","0,00%",
tulo,3,12.32.50.,https://budjetti.vm.fi/indox/sisalto.jsp?year=2026&lang=fi&maindoc=/2026/tae/hallituksenEsitys/hallituksenEsitys.xml&id=/2026/tae/hallituksenEsitys/YksityiskohtaisetPerustelut/12/32/50/50.html,12. SEKALAISET TULOT,32. Työ- ja elinkeinoministeriön hallinnonala,50. EU:n alue- ja rakennepolitiikan ja muista koheesiopolitiikan rahastoista saatavat tulot,50. EU:n alue- ja rakennepolitiikan ja muista koheesiopolitiikan rahastoista saatavat tulot,,290 000 000,0,−290 000 000,Leikataan / Tehoton,Leikataan poistettavia aluetukia vastaavat menot.,"−100,00%",
tulo,3,12.32.99.,https://budjetti.vm.fi/indox/sisalto.jsp?year=2026&lang=fi&maindoc=/2026/tae/hallituksenEsitys/hallituksenEsitys.xml&id=/2026/tae/hallituksenEsitys/YksityiskohtaisetPerustelut/12/32/99/99.html,12. SEKALAISET TULOT,32. Työ- ja elinkeinoministeriön hallinnonala,99. Työ- ja elinkeinoministeriön hallinnonalan muut tulot,99. Työ- ja elinkeinoministeriön hallinnonalan muut tulot,,83 100 000,81 100 000,−2 000 000,Liikkumavaraa,"Business Finland -viraston tulot 2 M€ poistuvat. Työllisyysrahaston ja TE-uudistuksen, sekä muiden tulojen osuudet vähenevät tulevina vuosina.","−2,41%",
tulo,2,12.33.,https://budjetti.vm.fi/indox/sisalto.jsp?year=2026&lang=fi&maindoc=/2026/tae/hallituksenEsitys/hallituksenEsitys.xml&id=/2026/tae/hallituksenEsitys/YksityiskohtaisetPerustelut/12/33/33.html,12. SEKALAISET TULOT,33. Sosiaali- ja terveysministeriön hallinnonala,,33. Sosiaali- ja terveysministeriön hallinnonala,,197 938 000,197 938 000,0,Tärkeä / Tehokas,,"0,00%",
tulo,3,12.33.02.,https://budjetti.vm.fi/indox/sisalto.jsp?year=2026&lang=fi&maindoc=/2026/tae/hallituksenEsitys/hallituksenEsitys.xml&id=/2026/tae/hallituksenEsitys/YksityiskohtaisetPerustelut/12/33/02poistettava/02poistettava.html,12. SEKALAISET TULOT,33. Sosiaali- ja terveysministeriön hallinnonala,02. Sosiaali- ja terveysalan lupa- ja valvontaviraston tulot,02. Sosiaali- ja terveysalan lupa- ja valvontaviraston tulot,poistettava momentti hallituksen esityksessä,0,0,0,Leikataan / Tehoton,Momentti poistuu hallituksen esityksessä.,"0,00%",
tulo,3,12.33.03.,https://budjetti.vm.fi/indox/sisalto.jsp?year=2026&lang=fi&maindoc=/2026/tae/hallituksenEsitys/hallituksenEsitys.xml&id=/2026/tae/hallituksenEsitys/YksityiskohtaisetPerustelut/12/33/03poistettava/03poistettava.html,12. SEKALAISET TULOT,33. Sosiaali- ja terveysministeriön hallinnonala,03. Terveyden ja hyvinvoinnin laitoksen tulot,03. Terveyden ja hyvinvoinnin laitoksen tulot,poistettava momentti hallituksen esityksessä,0,0,0,Leikataan / Tehoton,Momentti poistuu hallituksen esityksessä.,"0,00%",
tulo,3,12.33.98.,https://budjetti.vm.fi/indox/sisalto.jsp?year=2026&lang=fi&maindoc=/2026/tae/hallituksenEsitys/hallituksenEsitys.xml&id=/2026/tae/hallituksenEsitys/YksityiskohtaisetPerustelut/12/33/98/98.html,12. SEKALAISET TULOT,33. Sosiaali- ja terveysministeriön hallinnonala,98. Valtionapujen palautukset,98. Valtionapujen palautukset,,150 000 000,150 000 000,0,Tärkeä / Tehokas,Tämän palautuksen verran hyvinvointialueille maksetaan liikaa vuosittain.,"0,00%",
tulo,3,12.33.99.,https://budjetti.vm.fi/indox/sisalto.jsp?year=2026&lang=fi&maindoc=/2026/tae/hallituksenEsitys/hallituksenEsitys.xml&id=/2026/tae/hallituksenEsitys/YksityiskohtaisetPerustelut/12/33/99/99.html,12. SEKALAISET TULOT,33. Sosiaali- ja terveysministeriön hallinnonala,99. Sosiaali- ja terveysministeriön hallinnonalan muut tulot,99. Sosiaali- ja terveysministeriön hallinnonalan muut tulot,,47 938 000,47 938 000,0,Tärkeä / Tehokas,Sotilasvammalain mukaisten avopalveluennakoiden palautukset pysynevät hallituksen esityksen mukaisena veteraanien määrän vähetessä.,"0,00%",
tulo,2,12.35.,https://budjetti.vm.fi/indox/sisalto.jsp?year=2026&lang=fi&maindoc=/2026/tae/hallituksenEsitys/hallituksenEsitys.xml&id=/2026/tae/hallituksenEsitys/YksityiskohtaisetPerustelut/12/35/35.html,12. SEKALAISET TULOT,35. Ympäristöministeriön hallinnonala,,35. Ympäristöministeriön hallinnonala,,2 698 271 000,2 698 271 000,0,Tärkeä / Tehokas,,"0,00%",
tulo,3,12.35.10.,https://budjetti.vm.fi/indox/sisalto.jsp?year=2026&lang=fi&maindoc=/2026/tae/hallituksenEsitys/hallituksenEsitys.xml&id=/2026/tae/hallituksenEsitys/YksityiskohtaisetPerustelut/12/35/10/10.html,12. SEKALAISET TULOT,35. Ympäristöministeriön hallinnonala,10. Korvaukset ympäristövahinkojen torjuntatoimista,10. Korvaukset ympäristövahinkojen torjuntatoimista,,150 000,150 000,0,Tärkeä / Tehokas,Alukset ovat vahingonkorvausvelvollisia öljyvahinkojen suhteen ja hyvä näin. Summa on vaikea arvioda ennakkoon. Viimeksi korvauksia saatiin vuonna 2021 ja silloin 233 580 €.,"0,00%",
tulo,3,12.35.20.,https://budjetti.vm.fi/indox/sisalto.jsp?year=2026&lang=fi&maindoc=/2026/tae/hallituksenEsitys/hallituksenEsitys.xml&id=/2026/tae/hallituksenEsitys/YksityiskohtaisetPerustelut/12/35/20poistettava/20poistettava.html,12. SEKALAISET TULOT,35. Ympäristöministeriön hallinnonala,20. Siirto Valtion asuntorahastosta,20. Siirto Valtion asuntorahastosta,poistettava momentti hallituksen esityksessä,0,0,0,Leikataan / Tehoton,Momentti poistuu hallituksen esityksessä.,"0,00%",
tulo,3,12.35.21.,https://budjetti.vm.fi/indox/sisalto.jsp?year=2026&lang=fi&maindoc=/2026/tae/hallituksenEsitys/hallituksenEsitys.xml&id=/2026/tae/hallituksenEsitys/YksityiskohtaisetPerustelut/12/35/21/21.html,12. SEKALAISET TULOT,35. Ympäristöministeriön hallinnonala,21. Valtion asuntorahoituksen tulot,21. Valtion asuntorahoituksen tulot,lisäys hallituksen esityksessä,2 697 315 000,2 697 315 000,0,Tärkeä / Tehokas,Valtion asuntorahasto eli VARKE eli edellinen ARA lakkautetaan. Sen pääoma poistetaan valtion taseesta ja hallitus tulouttaa sen 2026 vuoden budjettiin. Valtion tuetun asuntotuotannon poistaminen on Liberaalipuolueen ohjelman mukainen päätös.,"0,00%",
tulo,3,12.35.99.,https://budjetti.vm.fi/indox/sisalto.jsp?year=2026&lang=fi&maindoc=/2026/tae/hallituksenEsitys/hallituksenEsitys.xml&id=/2026/tae/hallituksenEsitys/YksityiskohtaisetPerustelut/12/35/99/99.html,12. SEKALAISET TULOT,35. Ympäristöministeriön hallinnonala,99. Ympäristöministeriön hallinnonalan muut tulot,99. Ympäristöministeriön hallinnonalan muut tulot,,806 000,806 000,0,Tärkeä / Tehokas,ARA on jo lakkautettu eikä tämä momentti sisällä enää sen tuloja.,"0,00%",
tulo,2,12.39.,https://budjetti.vm.fi/indox/sisalto.jsp?year=2026&lang=fi&maindoc=/2026/tae/hallituksenEsitys/hallituksenEsitys.xml&id=/2026/tae/hallituksenEsitys/YksityiskohtaisetPerustelut/12/39/39.html,12. SEKALAISET TULOT,39. Muut sekalaiset tulot,,39. Muut sekalaiset tulot,,1 552 700 000,940 160 000,−612 540 000,Liikkumavaraa,,"−39,45%",
tulo,3,12.39.01.,https://budjetti.vm.fi/indox/sisalto.jsp?year=2026&lang=fi&maindoc=/2026/tae/hallituksenEsitys/hallituksenEsitys.xml&id=/2026/tae/hallituksenEsitys/YksityiskohtaisetPerustelut/12/39/01/01.html,12. SEKALAISET TULOT,39. Muut sekalaiset tulot,01. Sakkotulot ja tulot hallinnollisista maksuseuraamuksista,01. Sakkotulot ja tulot hallinnollisista maksuseuraamuksista,,136 700 000,136 700 000,0,Tärkeä / Tehokas,"Perustuslaissa määritellään, että sakkoja ei saa kerätä fiskaalisin perustein.","0,00%",
tulo,3,12.39.02.,https://budjetti.vm.fi/indox/sisalto.jsp?year=2026&lang=fi&maindoc=/2026/tae/hallituksenEsitys/hallituksenEsitys.xml&id=/2026/tae/hallituksenEsitys/YksityiskohtaisetPerustelut/12/39/02/02.html,12. SEKALAISET TULOT,39. Muut sekalaiset tulot,02. Verotukseen liittyvät korkotulot,02. Verotukseen liittyvät korkotulot,,79 000 000,79 000 000,0,Tärkeä / Tehokas,Verotuspäätöksistä valtiolle maksettavia viivästyskorkoja. Arvioidaan pysyvän samana.,"0,00%",
tulo,3,12.39.04.,https://budjetti.vm.fi/indox/sisalto.jsp?year=2026&lang=fi&maindoc=/2026/tae/hallituksenEsitys/hallituksenEsitys.xml&id=/2026/tae/hallituksenEsitys/YksityiskohtaisetPerustelut/12/39/04/04.html,12. SEKALAISET TULOT,39. Muut sekalaiset tulot,04. Siirrettyjen määrärahojen peruutukset,04. Siirrettyjen määrärahojen peruutukset,,500 000 000,500 000 000,0,Tärkeä / Tehokas,Käyttämättä jääneitä määrärahoja palautetaan.,"0,00%",
tulo,3,12.39.10.,https://budjetti.vm.fi/indox/sisalto.jsp?year=2026&lang=fi&maindoc=/2026/tae/hallituksenEsitys/hallituksenEsitys.xml&id=/2026/tae/hallituksenEsitys/YksityiskohtaisetPerustelut/12/39/10/10.html,12. SEKALAISET TULOT,39. Muut sekalaiset tulot,10. Muut sekalaiset tulot,10. Muut sekalaiset tulot,,7 000 000,7 000 000,0,Tärkeä / Tehokas,"Ehdotamme selkeyden vuoksi momentin uudeksi nimeksi ""Arvonlisäveropalautus valtion toimista""","0,00%",
tulo,3,12.39.20.,https://budjetti.vm.fi/indox/sisalto.jsp?year=2026&lang=fi&maindoc=/2026/tae/hallituksenEsitys/hallituksenEsitys.xml&id=/2026/tae/hallituksenEsitys/YksityiskohtaisetPerustelut/12/39/20/20.html,12. SEKALAISET TULOT,39. Muut sekalaiset tulot,20. Elpymis- ja palautumistukivälineen tulot,20. Elpymis- ja palautumistukivälineen tulot,,830 000 000,217 460 000,−612 540 000,Leikataan / Tehoton,"EU:n Elpymis- ja palautumissuunnitelman mukaisiin, eri momenteissa oleviin hankkeisiin, ehdotamme karsittaviksi yritystukina ja markkinoille haitallisina hankkeina. Koska menoja karsittaisiin, myös EU:n elpymisvälineen tuloja on realistista laskea vaihtoehtobudjetissa. Yritystukien osuus poistetaan ja tutkimukseen budjetoitu osuus säilytetään.","−73,80%",
tulo,1,13.,https://budjetti.vm.fi/indox/sisalto.jsp?year=2026&lang=fi&maindoc=/2026/tae/hallituksenEsitys/hallituksenEsitys.xml&id=/2026/tae/hallituksenEsitys/YksityiskohtaisetPerustelut/13/13.html,"13. KORKOTULOT, OSAKKEIDEN MYYNTITULOT JA VOITON TULOUTUKSET",,,"13. KORKOTULOT, OSAKKEIDEN MYYNTITULOT JA VOITON TULOUTUKSET",,3 066 502 000,3 672 502 000,606 000 000,Leikataan / Tehoton,,"19,76%",
tulo,2,13.01.,https://budjetti.vm.fi/indox/sisalto.jsp?year=2026&lang=fi&maindoc=/2026/tae/hallituksenEsitys/hallituksenEsitys.xml&id=/2026/tae/hallituksenEsitys/YksityiskohtaisetPerustelut/13/01/01.html,"13. KORKOTULOT, OSAKKEIDEN MYYNTITULOT JA VOITON TULOUTUKSET",01. Korkotulot,,01. Korkotulot,,177 102 000,177 102 000,0,Tärkeä / Tehokas,,"0,00%",
tulo,3,13.01.05.,https://budjetti.vm.fi/indox/sisalto.jsp?year=2026&lang=fi&maindoc=/2026/tae/hallituksenEsitys/hallituksenEsitys.xml&id=/2026/tae/hallituksenEsitys/YksityiskohtaisetPerustelut/13/01/05/05.html,"13. KORKOTULOT, OSAKKEIDEN MYYNTITULOT JA VOITON TULOUTUKSET",01. Korkotulot,05. Korot muista lainoista,05. Korot muista lainoista,,27 580 000,27 580 000,0,Liikkumavaraa,"Myös lainamuotoisia yritystukia ja maataloustukia tulee leikata merkittävissä määrin ja tämän seurauksena myös valtion pienet tulovirrat joidenkin näiden lainojen takaisinmaksuista pienenevät. Momentissa on esimerkiksi takaisinmaksuja ojankaivamiseen myönnettävistä lainoista. Näiden peruskuivatuslainojen myöntäminen markkinaehtoiselle maanviljelylle tarpeettomina yritystukina lopetetaan, joten korkotulot niistä tippuvat jatkossa. Samoin muiden yritystukien.","0,00%",
tulo,3,13.01.07.,https://budjetti.vm.fi/indox/sisalto.jsp?year=2026&lang=fi&maindoc=/2026/tae/hallituksenEsitys/hallituksenEsitys.xml&id=/2026/tae/hallituksenEsitys/YksityiskohtaisetPerustelut/13/01/07/07.html,"13. KORKOTULOT, OSAKKEIDEN MYYNTITULOT JA VOITON TULOUTUKSET",01. Korkotulot,07. Korot talletuksista,07. Korot talletuksista,,127 000 000,127 000 000,0,Tärkeä / Tehokas,Yli päivittäisen tarpeen olevien valtion kassareservien sijoitustoiminnasta kertyvät korkotulot. Korkojen noustessa tämä momentti kasvaa.,"0,00%",
tulo,3,13.01.09.,https://budjetti.vm.fi/indox/sisalto.jsp?year=2026&lang=fi&maindoc=/2026/tae/hallituksenEsitys/hallituksenEsitys.xml&id=/2026/tae/hallituksenEsitys/YksityiskohtaisetPerustelut/13/01/09/09.html,"13. KORKOTULOT, OSAKKEIDEN MYYNTITULOT JA VOITON TULOUTUKSET",01. Korkotulot,09. Muiden eläkelaitosten puolesta maksettujen eläkemenojen ja valtion muille eläkelaitoksille maksamien ennakoiden korkotulot,09. Muiden eläkelaitosten puolesta maksettujen eläkemenojen ja valtion muille eläkelaitoksille maksamien ennakoiden korkotulot,,22 522 000,22 522 000,0,Tärkeä / Tehokas,Säilytetään sellaisenaan.,"0,00%",
tulo,2,13.03.,https://budjetti.vm.fi/indox/sisalto.jsp?year=2026&lang=fi&maindoc=/2026/tae/hallituksenEsitys/hallituksenEsitys.xml&id=/2026/tae/hallituksenEsitys/YksityiskohtaisetPerustelut/13/03/03.html,"13. KORKOTULOT, OSAKKEIDEN MYYNTITULOT JA VOITON TULOUTUKSET",03. Osinkotulot ja osakkeiden myyntitulot,,03. Osinkotulot ja osakkeiden myyntitulot,,2 710 000 000,3 324 000 000,614 000 000,Leikataan / Tehoton,,"22,66%",
tulo,3,13.03.01.,https://budjetti.vm.fi/indox/sisalto.jsp?year=2026&lang=fi&maindoc=/2026/tae/hallituksenEsitys/hallituksenEsitys.xml&id=/2026/tae/hallituksenEsitys/YksityiskohtaisetPerustelut/13/03/01/01.html,"13. KORKOTULOT, OSAKKEIDEN MYYNTITULOT JA VOITON TULOUTUKSET",03. Osinkotulot ja osakkeiden myyntitulot,"01. Osinkotulot, pääomanpalautukset ja osakkeiden myyntitulot","01. Osinkotulot, pääomanpalautukset ja osakkeiden myyntitulot",,2 260 000 000,2 874 000 000,614 000 000,Liikkumavaraa,"Hallituksen ehdotusten lisäksi myös Alko yksityistetään  ja myydään. Liberaalipuolueen puolueohjelman mukaisesti ja myyntitulot tuloutetaan tälle momentille. Alkon konsernin arvon voi arvioida 2024 liikevaihdosta EV/sales 0,6 kertoimella olevan noin 600 M€. Veikkaus Oy myynti 4-10 mrd € on myös mahdollinen tuloutettava tulevina vuosina kun Veikkauksen monopolista luovutaan.","27,17%",
tulo,3,13.03.02.,https://budjetti.vm.fi/indox/sisalto.jsp?year=2026&lang=fi&maindoc=/2026/tae/hallituksenEsitys/hallituksenEsitys.xml&id=/2026/tae/hallituksenEsitys/YksityiskohtaisetPerustelut/13/03/02/02.html,"13. KORKOTULOT, OSAKKEIDEN MYYNTITULOT JA VOITON TULOUTUKSET",03. Osinkotulot ja osakkeiden myyntitulot,02. Rahapelitoiminnan tuotto,02. Rahapelitoiminnan tuotto,,450 000 000,450 000 000,0,Leikataan / Tehoton,Veikkaus ei kuulu valtion omistukseen ja valtio kerää sen myynnin jälkeen jatkossa ainoastaan arpajaisveroa. Veikkauksen myyntiä ehdotetaan tässä Liberaalipuolueen vaihtoehtobudjetissa vasta 2027.,"0,00%",
tulo,2,13.04.,https://budjetti.vm.fi/indox/sisalto.jsp?year=2026&lang=fi&maindoc=/2026/tae/hallituksenEsitys/hallituksenEsitys.xml&id=/2026/tae/hallituksenEsitys/YksityiskohtaisetPerustelut/13/04/04.html,"13. KORKOTULOT, OSAKKEIDEN MYYNTITULOT JA VOITON TULOUTUKSET",04. Osuus valtion rahalaitosten voitosta,,04. Osuus valtion rahalaitosten voitosta,,15 000 000,15 000 000,0,Tärkeä / Tehokas,,"0,00%",
tulo,3,13.04.01.,https://budjetti.vm.fi/indox/sisalto.jsp?year=2026&lang=fi&maindoc=/2026/tae/hallituksenEsitys/hallituksenEsitys.xml&id=/2026/tae/hallituksenEsitys/YksityiskohtaisetPerustelut/13/04/01/01.html,"13. KORKOTULOT, OSAKKEIDEN MYYNTITULOT JA VOITON TULOUTUKSET",04. Osuus valtion rahalaitosten voitosta,01. Osuus Suomen Pankin voitosta,01. Osuus Suomen Pankin voitosta,,15 000 000,15 000 000,0,Tärkeä / Tehokas,"Keskuspankin voittoja tulee verottaa. EKP ja keskuspankit olivat tappiollisia korkojen noustessa, mutta nyt palaavat ilmeisesti kannattaviksi kun hallituksen budjetissa momentti palaa positiiviseksi.","0,00%",
tulo,2,13.05.,https://budjetti.vm.fi/indox/sisalto.jsp?year=2026&lang=fi&maindoc=/2026/tae/hallituksenEsitys/hallituksenEsitys.xml&id=/2026/tae/hallituksenEsitys/YksityiskohtaisetPerustelut/13/05/05.html,"13. KORKOTULOT, OSAKKEIDEN MYYNTITULOT JA VOITON TULOUTUKSET",05. Valtion liikelaitosten voiton tuloutukset,,05. Valtion liikelaitosten voiton tuloutukset,,164 400 000,156 400 000,−8 000 000,Leikataan / Tehoton,,"−4,87%",
tulo,3,13.05.01.,https://budjetti.vm.fi/indox/sisalto.jsp?year=2026&lang=fi&maindoc=/2026/tae/hallituksenEsitys/hallituksenEsitys.xml&id=/2026/tae/hallituksenEsitys/YksityiskohtaisetPerustelut/13/05/01/01.html,"13. KORKOTULOT, OSAKKEIDEN MYYNTITULOT JA VOITON TULOUTUKSET",05. Valtion liikelaitosten voiton tuloutukset,01. Valtion liikelaitosten voiton tuloutukset,01. Valtion liikelaitosten voiton tuloutukset,,164 400 000,156 400 000,−8 000 000,Leikataan / Tehoton,"Liberaalipuolue peruisi hallituksen esittämät valtion metsien lisähakkuut 8 M€, joita hallitus esittää 2026 vuodelle. Vähentämällä Metsähallituksen tuloutustavoitetta säästetään Suomessa metsien hiilinieluja valtion kustannuksella, jotta päästöjen vähentämistä ei tarvitse hakea yksityisistä metsistä siinä määrin. Täten esitetään momentin liikelaitoksien tuloiksi Metsähallitus 130 M€ ja Senaatti-kiinteistöt 26,4 M€. Valtion tehtäviin ei kuulu tavallisten yritysten rahoittaminen, omistaminen tai niihin sijoittaminen. Senaatti-kiinteistöjen tulot voivat vähetä valtion irtaantuessa myös kiinteistöjen omistamisesta.","−4,87%",
tulo,1,15.,https://budjetti.vm.fi/indox/sisalto.jsp?year=2026&lang=fi&maindoc=/2026/tae/hallituksenEsitys/hallituksenEsitys.xml&id=/2026/tae/hallituksenEsitys/YksityiskohtaisetPerustelut/15/15.html,15. LAINAT,,,15. LAINAT,,8 730 101 000,70 881 000,−8 659 220 000,Leikataan / Tehoton,,"−99,19%",
tulo,2,15.01.,https://budjetti.vm.fi/indox/sisalto.jsp?year=2026&lang=fi&maindoc=/2026/tae/hallituksenEsitys/hallituksenEsitys.xml&id=/2026/tae/hallituksenEsitys/YksityiskohtaisetPerustelut/15/01/01.html,15. LAINAT,01. Valtiolle takaisin maksettavat lainat,,01. Valtiolle takaisin maksettavat lainat,,70 881 000,70 881 000,0,Leikataan / Tehoton,,"0,00%",
tulo,3,15.01.04.,https://budjetti.vm.fi/indox/sisalto.jsp?year=2026&lang=fi&maindoc=/2026/tae/hallituksenEsitys/hallituksenEsitys.xml&id=/2026/tae/hallituksenEsitys/YksityiskohtaisetPerustelut/15/01/04/04.html,15. LAINAT,01. Valtiolle takaisin maksettavat lainat,04. Muiden lainojen lyhennykset,04. Muiden lainojen lyhennykset,,70 881 000,70 881 000,0,Leikataan / Tehoton,Valtion tehtäviin ei kuulu tavallisten yritysten rahoittaminen. Jatkossa lyhennykset vähenevät. Tässä vaihtoehtobudjetissa ei mitätöidä otettuja lainoja.,"0,00%",
tulo,2,15.03.,https://budjetti.vm.fi/indox/sisalto.jsp?year=2026&lang=fi&maindoc=/2026/tae/hallituksenEsitys/hallituksenEsitys.xml&id=/2026/tae/hallituksenEsitys/YksityiskohtaisetPerustelut/15/03/03.html,15. LAINAT,03. Valtion nettolainanotto ja velanhallinta,,03. Valtion nettolainanotto ja velanhallinta,,8 659 220 000,0,−8 659 220 000,Leikataan / Tehoton,,"−100,00%",
tulo,3,15.03.01.,https://budjetti.vm.fi/indox/sisalto.jsp?year=2026&lang=fi&maindoc=/2026/tae/hallituksenEsitys/hallituksenEsitys.xml&id=/2026/tae/hallituksenEsitys/YksityiskohtaisetPerustelut/15/03/01/01.html,15. LAINAT,03. Valtion nettolainanotto ja velanhallinta,01. Nettolainanotto ja velanhallinta,01. Nettolainanotto ja velanhallinta,,8 659 220 000,0,−8 659 220 000,Leikataan / Tehoton,,"−100,00%",
meno,0,20.,,Määrärahojen kokonaismäärä,,,Määrärahojen kokonaismäärä,,90 305 736 000,77 752 965 150,−12 552 770 850,Leikataan / Tehoton,,"−13,90%",
meno,1,21.,https://budjetti.vm.fi/indox/sisalto.jsp?year=2026&lang=fi&maindoc=/2026/tae/hallituksenEsitys/hallituksenEsitys.xml&id=/2026/tae/hallituksenEsitys/YksityiskohtaisetPerustelut/21/21.html,21. EDUSKUNTA,,,21. EDUSKUNTA,,148 171 000,147 184 600,−986 400,Liikkumavaraa,,"−0,67%",
meno,2,21.01.,https://budjetti.vm.fi/indox/sisalto.jsp?year=2026&lang=fi&maindoc=/2026/tae/hallituksenEsitys/hallituksenEsitys.xml&id=/2026/tae/hallituksenEsitys/YksityiskohtaisetPerustelut/21/01/01.html,21. EDUSKUNTA,01. Kansanedustajat,,01. Kansanedustajat,,23 865 000,22 068 000,−1 797 000,Leikataan / Tehoton,,"−7,53%",Puoluetuet
meno,3,21.01.01.,https://budjetti.vm.fi/indox/sisalto.jsp?year=2026&lang=fi&maindoc=/2026/tae/hallituksenEsitys/hallituksenEsitys.xml&id=/2026/tae/hallituksenEsitys/YksityiskohtaisetPerustelut/21/01/01/01.html,21. EDUSKUNTA,01. Kansanedustajat,01. Kansanedustajien toimintamenot (arviomääräraha),01. Kansanedustajien toimintamenot (arviomääräraha),,23 865 000,22 068 000,−1 797 000,Liikkumavaraa,"Kulukorvaukset maksetaan nykyisin verottomana palkanlisänä ilman kulukuitteja. Jatkossa edustajan työhön liittyvistä kuluista on esitettävä kuitit. Kuittivaatimuksen seurauksena arvioidaan kulukorvausten puoliintuvan nykyisestä 3 594 000 eurosta. Kansanedustajien matkakuluihin ei tule muutoksia, ne tarkastetaan nykyisin. ","−7,53%",
meno,2,21.10.,https://budjetti.vm.fi/indox/sisalto.jsp?year=2026&lang=fi&maindoc=/2026/tae/hallituksenEsitys/hallituksenEsitys.xml&id=/2026/tae/hallituksenEsitys/YksityiskohtaisetPerustelut/21/10/10.html,21. EDUSKUNTA,10. Eduskunnan kanslia,,10. Eduskunnan kanslia,,85 439 000,91 584 600,6 145 600,Tärkeä / Tehokas,,"7,19%",Puoluetuet
meno,3,21.10.01.,https://budjetti.vm.fi/indox/sisalto.jsp?year=2026&lang=fi&maindoc=/2026/tae/hallituksenEsitys/hallituksenEsitys.xml&id=/2026/tae/hallituksenEsitys/YksityiskohtaisetPerustelut/21/10/01/01.html,21. EDUSKUNTA,10. Eduskunnan kanslia,01. Eduskunnan kanslian toimintamenot (arviomääräraha),01. Eduskunnan kanslian toimintamenot (arviomääräraha),,66 117 000,57 008 700,−9 108 300,Liikkumavaraa,"Puoluetukea muutetaan läpinäkyvämmäksi. Poistamme ""kansanedustajien avustajien palkka- ja henkilöstömenoja sekä matkakustannuksia"" 2 774 000 € tästä momentista ja siirrämme sen yleiseen, selkeämmin määräytyvään puoluetuen momenttiin, ks. 21.10.lib Läpinäkyvä ja yksinkertainen puoluerahoitus. Lisäksi panemme eduskunnan kanslian noin -10% kulukuurille.","−13,78%",
meno,3,21.10.29.,https://budjetti.vm.fi/indox/sisalto.jsp?year=2026&lang=fi&maindoc=/2026/tae/hallituksenEsitys/hallituksenEsitys.xml&id=/2026/tae/hallituksenEsitys/YksityiskohtaisetPerustelut/21/10/29/29.html,21. EDUSKUNTA,10. Eduskunnan kanslia,29. Arvonlisäveromenot (arviomääräraha),29. Arvonlisäveromenot (arviomääräraha),,7 100 000,6 764 400,−335 600,Liikkumavaraa,"Laskettu muiden hallinnonalalle kuuluvien, tähän vaikuttavien momenttien suhteen.","−4,73%",
meno,3,21.10.51.,https://budjetti.vm.fi/indox/sisalto.jsp?year=2026&lang=fi&maindoc=/2026/tae/hallituksenEsitys/hallituksenEsitys.xml&id=/2026/tae/hallituksenEsitys/YksityiskohtaisetPerustelut/21/10/51/51.html,21. EDUSKUNTA,10. Eduskunnan kanslia,51. Avustajatuki eduskuntaryhmille (arviomääräraha),51. Avustajatuki eduskuntaryhmille (arviomääräraha),,7 722 000,0,−7 722 000,Siirto,"Puoluetuki muutetaan läpinäkyvämmäksi. Poistamme tämän momentin ja puolitamme määrärahat, ks. 21.10.lib. Läpinäkyvä ja yksinkertainen puoluerahoitus.","−100,00%",
meno,3,21.10.70.,https://budjetti.vm.fi/indox/sisalto.jsp?year=2026&lang=fi&maindoc=/2026/tae/hallituksenEsitys/hallituksenEsitys.xml&id=/2026/tae/hallituksenEsitys/YksityiskohtaisetPerustelut/21/10/70/70.html,21. EDUSKUNTA,10. Eduskunnan kanslia,70. Tietohallinnon laitehankinnat ja kehittämishankkeet (siirtomääräraha 3 v),70. Tietohallinnon laitehankinnat ja kehittämishankkeet (siirtomääräraha 3&nbsp;v),,4 500 000,4 000 000,−500 000,Liikkumavaraa,"Palautetaan määrärahat vuoden 2021 tasolle. Eduskunnan kanslian määrärahaan sisältyvät jo sen oman tietohallintotoimiston menot, joista näitä kuluja pitää kattaa.","−11,11%",
meno,3,21.10.lib.,,,,lib. Läpinäkyvä ja yksinkertainen puoluerahoitus,lib. Läpinäkyvä ja yksinkertainen puoluerahoitus,lib,,23 811 500,23 811 500,Liikkumavaraa,"Puoluetukiin käytettävää summaa pienennetään. Puoluetukijärjestelmää muutetaan oikeudenmukaisemmaksi niin, että puoluetuen määrä määräytyy saatujen äänien perusteella. Momentille on yhdistetty ryhmäkansliat, avustajatuki ja puoluetuki. Niiden suuruus on puolitettu. Avustajien kuluja varten ei anneta korvamerkittyjä määrärahoja, vaan ne kuuluvat puolueiden rahoitettaviksi oman harkinnan mukaan.","0,00%",
meno,2,21.20.,https://budjetti.vm.fi/indox/sisalto.jsp?year=2026&lang=fi&maindoc=/2026/tae/hallituksenEsitys/hallituksenEsitys.xml&id=/2026/tae/hallituksenEsitys/YksityiskohtaisetPerustelut/21/20/20.html,21. EDUSKUNTA,20. Eduskunnan oikeusasiamies,,20. Eduskunnan oikeusasiamies,,9 638 000,9 638 000,0,Tärkeä / Tehokas,,"0,00%",Tärkeät
meno,3,21.20.01.,https://budjetti.vm.fi/indox/sisalto.jsp?year=2026&lang=fi&maindoc=/2026/tae/hallituksenEsitys/hallituksenEsitys.xml&id=/2026/tae/hallituksenEsitys/YksityiskohtaisetPerustelut/21/20/01/01.html,21. EDUSKUNTA,20. Eduskunnan oikeusasiamies,01. Eduskunnan oikeusasiamiehen kanslian toimintamenot (arviomääräraha),01. Eduskunnan oikeusasiamiehen kanslian toimintamenot (arviomääräraha),,9 638 000,9 638 000,0,Liikkumavaraa,Oikeusasiamies on oleellinen tehtävä. Kuitenkin kanteluiden nyt pitenevää läpimenoaikaa pitäisi kohdennetusti lyhentää kehityshankkeella ja samalla työntuottavuus paranee. Kanslian työntuottavuuden kasvulla pystytään pitäytymään vuoden 2021 kuluissa.,"0,00%",
meno,2,21.30.,https://budjetti.vm.fi/indox/sisalto.jsp?year=2026&lang=fi&maindoc=/2026/tae/hallituksenEsitys/hallituksenEsitys.xml&id=/2026/tae/hallituksenEsitys/YksityiskohtaisetPerustelut/21/30/30.html,21. EDUSKUNTA,30. Ulkopoliittinen instituutti,,30. Ulkopoliittinen instituutti,,5 201 000,5 201 000,0,Tärkeä / Tehokas,,"0,00%",Tärkeät
meno,3,21.30.01.,https://budjetti.vm.fi/indox/sisalto.jsp?year=2026&lang=fi&maindoc=/2026/tae/hallituksenEsitys/hallituksenEsitys.xml&id=/2026/tae/hallituksenEsitys/YksityiskohtaisetPerustelut/21/30/01/01.html,21. EDUSKUNTA,30. Ulkopoliittinen instituutti,01. Ulkopoliittisen instituutin toimintamenot (siirtomääräraha 2 v),01. Ulkopoliittisen instituutin toimintamenot (siirtomääräraha 2&nbsp;v),,4 921 000,4 921 000,0,Tärkeä / Tehokas,Ulkopoliittinen instituutti tarjoaa valtion johdolle tarpeellista ymmärrystä ulkomaiden politiikasta ja toiminnasta.,"0,00%",
meno,3,21.30.29.,https://budjetti.vm.fi/indox/sisalto.jsp?year=2026&lang=fi&maindoc=/2026/tae/hallituksenEsitys/hallituksenEsitys.xml&id=/2026/tae/hallituksenEsitys/YksityiskohtaisetPerustelut/21/30/29/29.html,21. EDUSKUNTA,30. Ulkopoliittinen instituutti,29. Arvonlisäveromenot (arviomääräraha),29. Arvonlisäveromenot (arviomääräraha),,280 000,280 000,0,Tärkeä / Tehokas,Ulkopoliittinen instituutti tarjoaa valtion johdolle tarpeellista ymmärrystä ulkomaiden politiikasta ja toiminnasta.,"0,00%",
meno,2,21.40.,https://budjetti.vm.fi/indox/sisalto.jsp?year=2026&lang=fi&maindoc=/2026/tae/hallituksenEsitys/hallituksenEsitys.xml&id=/2026/tae/hallituksenEsitys/YksityiskohtaisetPerustelut/21/40/40.html,21. EDUSKUNTA,40. Valtiontalouden tarkastusvirasto,,40. Valtiontalouden tarkastusvirasto,,18 693 000,18 693 000,0,Tärkeä / Tehokas,,"0,00%",Tärkeät
meno,3,21.40.01.,https://budjetti.vm.fi/indox/sisalto.jsp?year=2026&lang=fi&maindoc=/2026/tae/hallituksenEsitys/hallituksenEsitys.xml&id=/2026/tae/hallituksenEsitys/YksityiskohtaisetPerustelut/21/40/01/01.html,21. EDUSKUNTA,40. Valtiontalouden tarkastusvirasto,01. Valtiontalouden tarkastusviraston toimintamenot (siirtomääräraha 2 v),01. Valtiontalouden tarkastusviraston toimintamenot (siirtomääräraha 2&nbsp;v),,17 993 000,17 993 000,0,Tärkeä / Tehokas,"Tärkeä instituutio, jotta valtion rahankäyttöä voidaan järkeistää ja sen tehokkuutta seurata. Matkustamista ulkomailla voi vähentää ja keskittyä ydintehtävään. Perutaan hallituksen tekemä 55 000 euron leikkaus määrärahoihin.","0,00%",
meno,3,21.40.29.,https://budjetti.vm.fi/indox/sisalto.jsp?year=2026&lang=fi&maindoc=/2026/tae/hallituksenEsitys/hallituksenEsitys.xml&id=/2026/tae/hallituksenEsitys/YksityiskohtaisetPerustelut/21/40/29/29.html,21. EDUSKUNTA,40. Valtiontalouden tarkastusvirasto,29. Arvonlisäveromenot (arviomääräraha),29. Arvonlisäveromenot (arviomääräraha),,700 000,700 000,0,Tärkeä / Tehokas,"Tärkeä instituutio, jotta valtion rahankäyttöä voidaan järkeistää ja sen tehokkuutta seurata. Matkustamista ulkomailla voi vähentää ja keskittyä ydintehtävään. Perutaan hallituksen tekemä 55 000 euron leikkaus määrärahoihin.","0,00%",
meno,2,21.90.,https://budjetti.vm.fi/indox/sisalto.jsp?year=2026&lang=fi&maindoc=/2026/tae/hallituksenEsitys/hallituksenEsitys.xml&id=/2026/tae/hallituksenEsitys/YksityiskohtaisetPerustelut/21/90/90.html,21. EDUSKUNTA,90. Eduskunnan muut menot,,90. Eduskunnan muut menot,,5 335 000,0,−5 335 000,Leikataan / Tehoton,,"−100,00%",Puoluetuet
meno,3,21.90.50.,https://budjetti.vm.fi/indox/sisalto.jsp?year=2026&lang=fi&maindoc=/2026/tae/hallituksenEsitys/hallituksenEsitys.xml&id=/2026/tae/hallituksenEsitys/YksityiskohtaisetPerustelut/21/90/50/50.html,21. EDUSKUNTA,90. Eduskunnan muut menot,50. Eduskuntaryhmien ryhmäkanslioiden tukeminen (kiinteä määräraha),50. Eduskuntaryhmien ryhmäkanslioiden tukeminen (kiinteä määräraha),,5 335 000,0,−5 335 000,Liikkumavaraa,,"−100,00%",
meno,1,22.,https://budjetti.vm.fi/indox/sisalto.jsp?year=2026&lang=fi&maindoc=/2026/tae/hallituksenEsitys/hallituksenEsitys.xml&id=/2026/tae/hallituksenEsitys/YksityiskohtaisetPerustelut/22/22.html,22. TASAVALLAN PRESIDENTTI,,,22. TASAVALLAN PRESIDENTTI,,28 935 000,23 937 400,−4 997 600,Liikkumavaraa,Tasavallan presidentin edustustilojen kanssa täytyy noudattaa tiukempaa budjettikuria.,"−17,27%",
meno,2,22.01.,https://budjetti.vm.fi/indox/sisalto.jsp?year=2026&lang=fi&maindoc=/2026/tae/hallituksenEsitys/hallituksenEsitys.xml&id=/2026/tae/hallituksenEsitys/YksityiskohtaisetPerustelut/22/01/01.html,22. TASAVALLAN PRESIDENTTI,01. Tasavallan presidentti,,01. Tasavallan presidentti,,160 000,160 000,0,Liikkumavaraa,,"0,00%",Puoluetuet
meno,3,22.01.01.,https://budjetti.vm.fi/indox/sisalto.jsp?year=2026&lang=fi&maindoc=/2026/tae/hallituksenEsitys/hallituksenEsitys.xml&id=/2026/tae/hallituksenEsitys/YksityiskohtaisetPerustelut/22/01/01/01.html,22. TASAVALLAN PRESIDENTTI,01. Tasavallan presidentti,01. Tasavallan presidentin palkkio (kiinteä määräraha),01. Tasavallan presidentin palkkio (kiinteä määräraha),,160 000,160 000,0,Liikkumavaraa,Pidetään palkkio ennallaan.,"0,00%",
meno,2,22.02.,https://budjetti.vm.fi/indox/sisalto.jsp?year=2026&lang=fi&maindoc=/2026/tae/hallituksenEsitys/hallituksenEsitys.xml&id=/2026/tae/hallituksenEsitys/YksityiskohtaisetPerustelut/22/02/02.html,22. TASAVALLAN PRESIDENTTI,02. Tasavallan presidentin kanslia,,02. Tasavallan presidentin kanslia,,28 775 000,23 777 400,−4 997 600,Liikkumavaraa,,"−17,37%",Hallinto
meno,3,22.02.01.,https://budjetti.vm.fi/indox/sisalto.jsp?year=2026&lang=fi&maindoc=/2026/tae/hallituksenEsitys/hallituksenEsitys.xml&id=/2026/tae/hallituksenEsitys/YksityiskohtaisetPerustelut/22/02/01/01.html,22. TASAVALLAN PRESIDENTTI,02. Tasavallan presidentin kanslia,01. Tasavallan presidentin kanslian toimintamenot (siirtomääräraha 2 v),01. Tasavallan presidentin kanslian toimintamenot (siirtomääräraha 2&nbsp;v),,9 775 000,9 275 000,−500 000,Liikkumavaraa,,"−5,12%",
meno,3,22.02.02.,https://budjetti.vm.fi/indox/sisalto.jsp?year=2026&lang=fi&maindoc=/2026/tae/hallituksenEsitys/hallituksenEsitys.xml&id=/2026/tae/hallituksenEsitys/YksityiskohtaisetPerustelut/22/02/02/02.html,22. TASAVALLAN PRESIDENTTI,02. Tasavallan presidentin kanslia,02. Entisten tasavallan presidenttien menot (siirtomääräraha 2 v),02. Entisten tasavallan presidenttien menot (siirtomääräraha 2&nbsp;v),,550 000,55 000,−495 000,Liikkumavaraa,Tasavallassa entiset presidentit ovat samalla viivalla kansalaisten kanssa. Korkeintaan turvallisuuspalveluita ja hengensuojeluun liittyviä kuluja voidaan maksaa. Ne muodostavat vain osan näistä kaikista kuluista.,"−90,00%",
meno,3,22.02.20.,https://budjetti.vm.fi/indox/sisalto.jsp?year=2026&lang=fi&maindoc=/2026/tae/hallituksenEsitys/hallituksenEsitys.xml&id=/2026/tae/hallituksenEsitys/YksityiskohtaisetPerustelut/22/02/20/20.html,22. TASAVALLAN PRESIDENTTI,02. Tasavallan presidentin kanslia,20. Vierailuista ja kokousmatkoista aiheutuvat menot (siirtomääräraha 2 v),20. Vierailuista ja kokousmatkoista aiheutuvat menot (siirtomääräraha 2&nbsp;v),,1 950 000,1 950 000,0,Tärkeä / Tehokas,Tasavallan presidentti johtaa Suomen ulkopolitiikkaa ja matkustaminen kuuluu tehtävään.,"0,00%",
meno,3,22.02.29.,https://budjetti.vm.fi/indox/sisalto.jsp?year=2026&lang=fi&maindoc=/2026/tae/hallituksenEsitys/hallituksenEsitys.xml&id=/2026/tae/hallituksenEsitys/YksityiskohtaisetPerustelut/22/02/29/29.html,22. TASAVALLAN PRESIDENTTI,02. Tasavallan presidentin kanslia,29. Arvonlisäveromenot (arviomääräraha),29. Arvonlisäveromenot (arviomääräraha),,7 500 000,6 197 400,−1 302 600,Liikkumavaraa,,"−17,37%",
meno,3,22.02.75.,https://budjetti.vm.fi/indox/sisalto.jsp?year=2026&lang=fi&maindoc=/2026/tae/hallituksenEsitys/hallituksenEsitys.xml&id=/2026/tae/hallituksenEsitys/YksityiskohtaisetPerustelut/22/02/75/75.html,22. TASAVALLAN PRESIDENTTI,02. Tasavallan presidentin kanslia,75. Perusparannukset (siirtomääräraha 5 v),75. Perusparannukset (siirtomääräraha 5&nbsp;v),,9 000 000,6 300 000,−2 700 000,Liikkumavaraa,"Suomen tasavallan presidentti ei tarvitse useita edustustiloja, vaan esimerkiksi Kultaranta voidaan myydä.","−30,00%",
meno,1,23.,https://budjetti.vm.fi/indox/sisalto.jsp?year=2026&lang=fi&maindoc=/2026/tae/hallituksenEsitys/hallituksenEsitys.xml&id=/2026/tae/hallituksenEsitys/YksityiskohtaisetPerustelut/23/23.html,23. VALTIONEUVOSTON KANSLIA,,,23. VALTIONEUVOSTON KANSLIA,,238 842 000,161 451 700,−77 390 300,Liikkumavaraa,,"−32,40%",
meno,2,23.01.,https://budjetti.vm.fi/indox/sisalto.jsp?year=2026&lang=fi&maindoc=/2026/tae/hallituksenEsitys/hallituksenEsitys.xml&id=/2026/tae/hallituksenEsitys/YksityiskohtaisetPerustelut/23/01/01.html,23. VALTIONEUVOSTON KANSLIA,01. Hallinto,,01. Hallinto,,196 100 000,154 375 700,−41 724 300,Leikataan / Tehoton,,"−21,28%",Hallinto
meno,3,23.01.01.,https://budjetti.vm.fi/indox/sisalto.jsp?year=2026&lang=fi&maindoc=/2026/tae/hallituksenEsitys/hallituksenEsitys.xml&id=/2026/tae/hallituksenEsitys/YksityiskohtaisetPerustelut/23/01/01/01.html,23. VALTIONEUVOSTON KANSLIA,01. Hallinto,01. Valtioneuvoston kanslian toimintamenot (siirtomääräraha 3 v),01. Valtioneuvoston kanslian toimintamenot (siirtomääräraha 3&nbsp;v),,151 818 000,121 454 400,−30 363 600,Liikkumavaraa,Valtiontalouden ollessa tiukilla valtioneuvoston ja hallituksen on näytettävä esimerkkiä karsimalla toissijaisia hankkeitaan.,"−20,00%",
meno,3,23.01.02.,https://budjetti.vm.fi/indox/sisalto.jsp?year=2026&lang=fi&maindoc=/2026/tae/hallituksenEsitys/hallituksenEsitys.xml&id=/2026/tae/hallituksenEsitys/YksityiskohtaisetPerustelut/23/01/02/02.html,23. VALTIONEUVOSTON KANSLIA,01. Hallinto,"02. Ministereiden, heidän valtiosihteeriensä ja erityisavustajiensa palkkaukset (arviomääräraha)","02. Ministereiden, heidän valtiosihteeriensä ja erityisavustajiensa palkkaukset (arviomääräraha)",,15 743 000,12 594 400,−3 148 600,Liikkumavaraa,Kustannukset ovat nousseet nopeasti. Palauttamalla erityisavustajien määrä edellisen hallituksen tasolle saadaan kustannussäästöjä.,"−20,00%",
meno,3,23.01.03.,https://budjetti.vm.fi/indox/sisalto.jsp?year=2026&lang=fi&maindoc=/2026/tae/hallituksenEsitys/hallituksenEsitys.xml&id=/2026/tae/hallituksenEsitys/YksityiskohtaisetPerustelut/23/01/03/03.html,23. VALTIONEUVOSTON KANSLIA,01. Hallinto,03. Euroopan unionin kansallisten asiantuntijoiden palkkamenot (siirtomääräraha 2 v),03. Euroopan unionin kansallisten asiantuntijoiden palkkamenot (siirtomääräraha 2&nbsp;v),,2 039 000,2 039 000,0,Tärkeä / Tehokas,"Suomen on syytä asettaa omia asiantuntijoitaan EU:n toimielimiin parantamaan Suomen vaikutusmahdollisuuksia EU:ssa, jossa käytetään merkittävää demokraattista valtaa.","0,00%",
meno,3,23.01.21.,https://budjetti.vm.fi/indox/sisalto.jsp?year=2026&lang=fi&maindoc=/2026/tae/hallituksenEsitys/hallituksenEsitys.xml&id=/2026/tae/hallituksenEsitys/YksityiskohtaisetPerustelut/23/01/21/21.html,23. VALTIONEUVOSTON KANSLIA,01. Hallinto,"21. Yhdenvertaisuutta, tasa-arvoa ja syrjimättömyyttä koskevan tiedonannon toimeenpano (siirtomääräraha 3 v)","21. Yhdenvertaisuutta, tasa-arvoa ja syrjimättömyyttä koskevan tiedonannon toimeenpano (siirtomääräraha 3&nbsp;v)",,1 500 000,0,−1 500 000,Leikataan / Tehoton,Hallituksen PR-kampanjaan uppoava kustannus. Todellinen syrjimättömyyden vastainen työ tehdään jossain ihan muualla kuin tiedonannolla eduskunnalle.,"−100,00%",
meno,3,23.01.23.,https://budjetti.vm.fi/indox/sisalto.jsp?year=2026&lang=fi&maindoc=/2026/tae/hallituksenEsitys/hallituksenEsitys.xml&id=/2026/tae/hallituksenEsitys/YksityiskohtaisetPerustelut/23/01/23/23.html,23. VALTIONEUVOSTON KANSLIA,01. Hallinto,23. Valtioneuvoston päätöksentekoa tukeva tutkimustoiminta (siirtomääräraha 3 v),23. Valtioneuvoston päätöksentekoa tukeva tutkimustoiminta (siirtomääräraha 3&nbsp;v),,6 000 000,5 500 000,−500 000,Liikkumavaraa,Valtioneuvostolla ja sitä kautta eduskunnalla pitää olla tietoon ja tutkimukseen perustuvaa faktaa käytössään päätösten tueksi. Osa hankkeista kuitenkin varmasti hoituisi valiokuntakuulemisilla.,"−8,33%",
meno,3,23.01.26.,https://budjetti.vm.fi/indox/sisalto.jsp?year=2026&lang=fi&maindoc=/2026/tae/hallituksenEsitys/hallituksenEsitys.xml&id=/2026/tae/hallituksenEsitys/YksityiskohtaisetPerustelut/23/01/26poistettava/26poistettava.html,23. VALTIONEUVOSTON KANSLIA,01. Hallinto,26. Saamelaisten totuus- ja sovintoprosessin edistäminen (siirtomääräraha 3 v),26. Saamelaisten totuus- ja sovintoprosessin edistäminen (siirtomääräraha 3&nbsp;v),poistettava momentti hallituksen esityksessä,0,0,0,Tärkeä / Tehokas,,"0,00%",
meno,3,23.01.29.,https://budjetti.vm.fi/indox/sisalto.jsp?year=2026&lang=fi&maindoc=/2026/tae/hallituksenEsitys/hallituksenEsitys.xml&id=/2026/tae/hallituksenEsitys/YksityiskohtaisetPerustelut/23/01/29/29.html,23. VALTIONEUVOSTON KANSLIA,01. Hallinto,29. Arvonlisäveromenot (arviomääräraha),29. Arvonlisäveromenot (arviomääräraha),,19 000 000,12 787 900,−6 212 100,Liikkumavaraa,,"−32,70%",
meno,2,23.10.,https://budjetti.vm.fi/indox/sisalto.jsp?year=2026&lang=fi&maindoc=/2026/tae/hallituksenEsitys/hallituksenEsitys.xml&id=/2026/tae/hallituksenEsitys/YksityiskohtaisetPerustelut/23/10/10.html,23. VALTIONEUVOSTON KANSLIA,10. Omistajaohjaus,,10. Omistajaohjaus,,700 000,0,−700 000,Leikataan / Tehoton,,"−100,00%",Markkinahäiriköinti
meno,3,23.10.88.,https://budjetti.vm.fi/indox/sisalto.jsp?year=2026&lang=fi&maindoc=/2026/tae/hallituksenEsitys/hallituksenEsitys.xml&id=/2026/tae/hallituksenEsitys/YksityiskohtaisetPerustelut/23/10/88/88.html,23. VALTIONEUVOSTON KANSLIA,10. Omistajaohjaus,88. Osakehankinnat (siirtomääräraha 3 v),88. Osakehankinnat (siirtomääräraha 3&nbsp;v),,700 000,0,−700 000,Leikataan / Tehoton,"Valtion tehtäviin ei kuulu tavallisten yritysten rahoittaminen, omistaminen tai niihin sijoittaminen. Liberaalipuolue vähentäisi valtion taseesta yrityksiä. Valtioneuvoston kanslia arvioi omistusten arvon olevan noin 30 mrd €.","−100,00%",
meno,2,23.20.,https://budjetti.vm.fi/indox/sisalto.jsp?year=2026&lang=fi&maindoc=/2026/tae/hallituksenEsitys/hallituksenEsitys.xml&id=/2026/tae/hallituksenEsitys/YksityiskohtaisetPerustelut/23/20/20.html,23. VALTIONEUVOSTON KANSLIA,20. Poliittisen toiminnan avustaminen,,20. Poliittisen toiminnan avustaminen,,34 566 000,0,−34 566 000,Siirto,,"−100,00%",Puoluetuet
meno,3,23.20.50.,https://budjetti.vm.fi/indox/sisalto.jsp?year=2026&lang=fi&maindoc=/2026/tae/hallituksenEsitys/hallituksenEsitys.xml&id=/2026/tae/hallituksenEsitys/YksityiskohtaisetPerustelut/23/20/50/50.html,23. VALTIONEUVOSTON KANSLIA,20. Poliittisen toiminnan avustaminen,50. Puoluetoiminnan tukeminen (kiinteä määräraha),50. Puoluetoiminnan tukeminen (kiinteä määräraha),,34 566 000,0,−34 566 000,Siirto,"Puoluetukea on tarpeen muuttaa läpinäkyvämmäksi. Poistamme tämän momentin valtioneuvoston kanslian alaisuudesta ja siirrämme sen eduskunnan alle. Määrärahat myös puolitetaan, kun ne siirretään momenttiin 20.10.lib. Läpinäkyvä ja yksinkertainen puoluerahoitus.","−100,00%",
meno,2,23.30.,https://budjetti.vm.fi/indox/sisalto.jsp?year=2026&lang=fi&maindoc=/2026/tae/hallituksenEsitys/hallituksenEsitys.xml&id=/2026/tae/hallituksenEsitys/YksityiskohtaisetPerustelut/23/30/30.html,23. VALTIONEUVOSTON KANSLIA,30. Oikeuskanslerinvirasto,,30. Oikeuskanslerinvirasto,,4 336 000,4 336 000,0,Tärkeä / Tehokas,,"0,00%",Tärkeät
meno,3,23.30.01.,https://budjetti.vm.fi/indox/sisalto.jsp?year=2026&lang=fi&maindoc=/2026/tae/hallituksenEsitys/hallituksenEsitys.xml&id=/2026/tae/hallituksenEsitys/YksityiskohtaisetPerustelut/23/30/01/01.html,23. VALTIONEUVOSTON KANSLIA,30. Oikeuskanslerinvirasto,01. Oikeuskanslerinviraston toimintamenot (siirtomääräraha 2 v),01. Oikeuskanslerinviraston toimintamenot (siirtomääräraha 2&nbsp;v),,4 336 000,4 336 000,0,Tärkeä / Tehokas,Oleellinen toimija oikeusvaltioperiaatteen toteutumisen kannalta.,"0,00%",
meno,2,23.90.,https://budjetti.vm.fi/indox/sisalto.jsp?year=2026&lang=fi&maindoc=/2026/tae/hallituksenEsitys/hallituksenEsitys.xml&id=/2026/tae/hallituksenEsitys/YksityiskohtaisetPerustelut/23/90/90.html,23. VALTIONEUVOSTON KANSLIA,90. Muut menot,,90. Muut menot,,3 140 000,2 040 000,−1 100 000,Liikkumavaraa,,"−35,03%",Järjestörälssi
meno,3,23.90.21.,https://budjetti.vm.fi/indox/sisalto.jsp?year=2026&lang=fi&maindoc=/2026/tae/hallituksenEsitys/hallituksenEsitys.xml&id=/2026/tae/hallituksenEsitys/YksityiskohtaisetPerustelut/23/90/21/21.html,23. VALTIONEUVOSTON KANSLIA,90. Muut menot,21. Kunniamerkit (arviomääräraha),21. Kunniamerkit (arviomääräraha),,700 000,0,−700 000,Leikataan / Tehoton,Tasavallan verovaroja ei kuulu käyttää monarkististen ritarikuntien ylläpitoon. Kunniamerkkien tuottaminen voidaan hoitaa ilman valtiolta veroista tulevia varoja.,"−100,00%",
meno,3,23.90.50.,https://budjetti.vm.fi/indox/sisalto.jsp?year=2026&lang=fi&maindoc=/2026/tae/hallituksenEsitys/hallituksenEsitys.xml&id=/2026/tae/hallituksenEsitys/YksityiskohtaisetPerustelut/23/90/50/50.html,23. VALTIONEUVOSTON KANSLIA,90. Muut menot,50. Avustukset järjestöille (kiinteä määräraha),50. Avustukset järjestöille (kiinteä määräraha),lisätty tai siirretty momentilta 23.01.50. hallituksen esityksessä,400 000,0,−400 000,Leikataan / Tehoton,"Eurooppalainen Suomi ry:tä ja Suomen Atlantti-seura ry:tä varten perustettu momentti, joka lakkautetaan. Järjestöjen rahoittaminen ei kuulu valtion ydintehtäviin.","−100,00%",
meno,3,23.90.66.,https://budjetti.vm.fi/indox/sisalto.jsp?year=2026&lang=fi&maindoc=/2026/tae/hallituksenEsitys/hallituksenEsitys.xml&id=/2026/tae/hallituksenEsitys/YksityiskohtaisetPerustelut/23/90/66/66.html,23. VALTIONEUVOSTON KANSLIA,90. Muut menot,66. Osallistumismaksut ja maksuosuudet Euroopan hybridiuhkien torjunnan osaamiskeskukselle (siirtomääräraha 2 v),66. Osallistumismaksut ja maksuosuudet Euroopan hybridiuhkien torjunnan osaamiskeskukselle (siirtomääräraha 2&nbsp;v),,2 040 000,2 040 000,0,Tärkeä / Tehokas,"Hybridikeskuksen rahoituksen kasvattaminen voi olla perusteltua, koska varautuminen Venäjän vihamielisyyteen on ollut riittämätöntä. Viime vuosien kokemustenkin perusteella Venäjän vaikuttamisyrityksiin tulee varautua.","0,00%",
meno,1,24.,https://budjetti.vm.fi/indox/sisalto.jsp?year=2026&lang=fi&maindoc=/2026/tae/hallituksenEsitys/hallituksenEsitys.xml&id=/2026/tae/hallituksenEsitys/YksityiskohtaisetPerustelut/24/24.html,24. ULKOMINISTERIÖN HALLINNONALA,,,24. ULKOMINISTERIÖN HALLINNONALA,,1 155 292 000,665 154 100,−490 137 900,Leikataan / Tehoton,,"−42,43%",
meno,2,24.01.,https://budjetti.vm.fi/indox/sisalto.jsp?year=2026&lang=fi&maindoc=/2026/tae/hallituksenEsitys/hallituksenEsitys.xml&id=/2026/tae/hallituksenEsitys/YksityiskohtaisetPerustelut/24/01/01.html,24. ULKOMINISTERIÖN HALLINNONALA,01. Ulkoasiainhallinto,,01. Ulkoasiainhallinto,,293 065 000,221 486 100,−71 578 900,Liikkumavaraa,,"−24,42%",Hallinto
meno,3,24.01.01.,https://budjetti.vm.fi/indox/sisalto.jsp?year=2026&lang=fi&maindoc=/2026/tae/hallituksenEsitys/hallituksenEsitys.xml&id=/2026/tae/hallituksenEsitys/YksityiskohtaisetPerustelut/24/01/01/01.html,24. ULKOMINISTERIÖN HALLINNONALA,01. Ulkoasiainhallinto,01. Ulkoasiainhallinnon toimintamenot (siirtomääräraha 2 v),01. Ulkoasiainhallinnon toimintamenot (siirtomääräraha 2&nbsp;v),,245 316 000,207 702 300,−37 613 700,Liikkumavaraa,Suomen ei tarvitse vaikuttaa niin vahvasti muiden maiden asioihin. Nykyistä 90 edustuston verkostoa karsitaan 25% yhdistelemällä toimintoja muiden Pohjoismaiden kanssa.,"−15,33%",
meno,3,24.01.02.,https://budjetti.vm.fi/indox/sisalto.jsp?year=2026&lang=fi&maindoc=/2026/tae/hallituksenEsitys/hallituksenEsitys.xml&id=/2026/tae/hallituksenEsitys/YksityiskohtaisetPerustelut/24/01/02/02.html,24. ULKOMINISTERIÖN HALLINNONALA,01. Ulkoasiainhallinto,02. Team Finland -uudistuksen vienninedistämisen palvelut (siirtomääräraha 2 v),02. Team Finland -uudistuksen vienninedistämisen palvelut (siirtomääräraha 2&nbsp;v),,24 860 000,0,−24 860 000,Leikataan / Tehoton,,"−100,00%",
meno,3,24.01.20.,https://budjetti.vm.fi/indox/sisalto.jsp?year=2026&lang=fi&maindoc=/2026/tae/hallituksenEsitys/hallituksenEsitys.xml&id=/2026/tae/hallituksenEsitys/YksityiskohtaisetPerustelut/24/01/20/20.html,24. ULKOMINISTERIÖN HALLINNONALA,01. Ulkoasiainhallinto,20. Tiede- ja kulttuuri-instituuttikiinteistöjen menot (siirtomääräraha 3 v),20. Tiede- ja kulttuuri-instituuttikiinteistöjen menot (siirtomääräraha 3&nbsp;v),,1 046 000,0,−1 046 000,Leikataan / Tehoton,"Ulkomailla sijaitsevia kiinteistöjä, joista valtion tulee luopua. Kiinteistöt voidaan myydä tai luovuttaa niissä sijaitsevien säätiöiden omistukseen.","−100,00%",
meno,3,24.01.29.,https://budjetti.vm.fi/indox/sisalto.jsp?year=2026&lang=fi&maindoc=/2026/tae/hallituksenEsitys/hallituksenEsitys.xml&id=/2026/tae/hallituksenEsitys/YksityiskohtaisetPerustelut/24/01/29/29.html,24. ULKOMINISTERIÖN HALLINNONALA,01. Ulkoasiainhallinto,29. Ulkoministeriön hallinnonalan arvonlisäveromenot (arviomääräraha),29. Ulkoministeriön hallinnonalan arvonlisäveromenot (arviomääräraha),,15 843 000,8 783 800,−7 059 200,Liikkumavaraa,Leikattu kulujen suhteessa,"−44,56%",
meno,3,24.01.74.,https://budjetti.vm.fi/indox/sisalto.jsp?year=2026&lang=fi&maindoc=/2026/tae/hallituksenEsitys/hallituksenEsitys.xml&id=/2026/tae/hallituksenEsitys/YksityiskohtaisetPerustelut/24/01/74/74.html,24. ULKOMINISTERIÖN HALLINNONALA,01. Ulkoasiainhallinto,74. Talonrakennukset (siirtomääräraha 3 v),74. Talonrakennukset (siirtomääräraha 3&nbsp;v),,6 000 000,5 000 000,−1 000 000,Liikkumavaraa,"Pidämme menoerää kohtuullisena suhteessa edustustojen muihin kuluihin nähden, mutta mahdollisuuksien mukaan tulisi myös kiinteistökuluista pyrkiä löytämään leikkauskohteita.","−16,67%",
meno,2,24.10.,https://budjetti.vm.fi/indox/sisalto.jsp?year=2026&lang=fi&maindoc=/2026/tae/hallituksenEsitys/hallituksenEsitys.xml&id=/2026/tae/hallituksenEsitys/YksityiskohtaisetPerustelut/24/10/10.html,24. ULKOMINISTERIÖN HALLINNONALA,10. Kriisinhallinta,,10. Kriisinhallinta,,74 465 000,74 465 000,0,Tärkeä / Tehokas,,"0,00%",Tärkeät
meno,3,24.10.20.,https://budjetti.vm.fi/indox/sisalto.jsp?year=2026&lang=fi&maindoc=/2026/tae/hallituksenEsitys/hallituksenEsitys.xml&id=/2026/tae/hallituksenEsitys/YksityiskohtaisetPerustelut/24/10/20/20.html,24. ULKOMINISTERIÖN HALLINNONALA,10. Kriisinhallinta,20. Suomalaisten kriisinhallintajoukkojen ylläpitomenot (arviomääräraha),20. Suomalaisten kriisinhallintajoukkojen ylläpitomenot (arviomääräraha),,53 080 000,53 080 000,0,Tärkeä / Tehokas,,"0,00%",
meno,3,24.10.21.,https://budjetti.vm.fi/indox/sisalto.jsp?year=2026&lang=fi&maindoc=/2026/tae/hallituksenEsitys/hallituksenEsitys.xml&id=/2026/tae/hallituksenEsitys/YksityiskohtaisetPerustelut/24/10/21/21.html,24. ULKOMINISTERIÖN HALLINNONALA,10. Kriisinhallinta,21. Siviilihenkilöstön osallistuminen kriisinhallintaan (siirtomääräraha 2 v),21. Siviilihenkilöstön osallistuminen kriisinhallintaan (siirtomääräraha 2&nbsp;v),,17 485 000,17 485 000,0,Tärkeä / Tehokas,,"0,00%",
meno,3,24.10.66.,https://budjetti.vm.fi/indox/sisalto.jsp?year=2026&lang=fi&maindoc=/2026/tae/hallituksenEsitys/hallituksenEsitys.xml&id=/2026/tae/hallituksenEsitys/YksityiskohtaisetPerustelut/24/10/66/66.html,24. ULKOMINISTERIÖN HALLINNONALA,10. Kriisinhallinta,66. Rauhanvälitys (siirtomääräraha 2 v),66. Rauhanvälitys (siirtomääräraha 2&nbsp;v),,3 900 000,3 900 000,0,Tärkeä / Tehokas,,"0,00%",
meno,3,24.10.87.,https://budjetti.vm.fi/indox/sisalto.jsp?year=2026&lang=fi&maindoc=/2026/tae/hallituksenEsitys/hallituksenEsitys.xml&id=/2026/tae/hallituksenEsitys/YksityiskohtaisetPerustelut/24/10/87poistettava/87poistettava.html,24. ULKOMINISTERIÖN HALLINNONALA,10. Kriisinhallinta,87. CMI:n Rauhanrahaston pääoman korottaminen (siirtomääräraha 3 v),87. CMI:n Rauhanrahaston pääoman korottaminen (siirtomääräraha 3&nbsp;v),poistettava momentti hallituksen esityksessä,0,0,0,Leikataan / Tehoton,Momentti on poistunut,"0,00%",
meno,2,24.30.,https://budjetti.vm.fi/indox/sisalto.jsp?year=2026&lang=fi&maindoc=/2026/tae/hallituksenEsitys/hallituksenEsitys.xml&id=/2026/tae/hallituksenEsitys/YksityiskohtaisetPerustelut/24/30/30.html,24. ULKOMINISTERIÖN HALLINNONALA,30. Kansainvälinen kehitysyhteistyö,,30. Kansainvälinen kehitysyhteistyö,,601 442 000,194 703 000,−406 739 000,Leikataan / Tehoton,,"−67,63%",Kehitysyhteistyö
meno,3,24.30.50.,https://budjetti.vm.fi/indox/sisalto.jsp?year=2026&lang=fi&maindoc=/2026/tae/hallituksenEsitys/hallituksenEsitys.xml&id=/2026/tae/hallituksenEsitys/YksityiskohtaisetPerustelut/24/30/50/50.html,24. ULKOMINISTERIÖN HALLINNONALA,30. Kansainvälinen kehitysyhteistyö,50. Valtionapu Teollisen yhteistyön rahasto Oy:lle,50. Valtionapu Teollisen yhteistyön rahasto Oy:lle,,0,0,0,Leikataan / Tehoton,,"0,00%",
meno,3,24.30.66.,https://budjetti.vm.fi/indox/sisalto.jsp?year=2026&lang=fi&maindoc=/2026/tae/hallituksenEsitys/hallituksenEsitys.xml&id=/2026/tae/hallituksenEsitys/YksityiskohtaisetPerustelut/24/30/66/66.html,24. ULKOMINISTERIÖN HALLINNONALA,30. Kansainvälinen kehitysyhteistyö,66. Varsinainen kehitysyhteistyö (siirtomääräraha 3 v),66. Varsinainen kehitysyhteistyö (siirtomääräraha 3&nbsp;v),,456 739 000,55 000 000,−401 739 000,Liikkumavaraa,Tehottomien ja korruptiolle alttiiden hankkeiden rahoittaminen tulee lopettaa ja kehitysyhteistyön varat tulee ohjata vaikuttaviin hankkeisiin. Kehitysyhteistyövaroja ei tule käyttää vienninedistämiseen ja ne tulee kanavoida ensisijaisesti kohdealueilla eikä Suomessa toimiville yhteisöille. Momentille jätetään 24.30.66.5. Humanitaarinen apu.,"−87,96%",
meno,3,24.30.67.,https://budjetti.vm.fi/indox/sisalto.jsp?year=2026&lang=fi&maindoc=/2026/tae/hallituksenEsitys/hallituksenEsitys.xml&id=/2026/tae/hallituksenEsitys/YksityiskohtaisetPerustelut/24/30/67poistettava/67poistettava.html,24. ULKOMINISTERIÖN HALLINNONALA,30. Kansainvälinen kehitysyhteistyö,67. Demokratia- ja oikeusvaltiotuki (siirtomääräraha 2 v),67. Demokratia- ja oikeusvaltiotuki (siirtomääräraha 2&nbsp;v),poistettava momentti hallituksen esityksessä,0,0,0,Leikataan / Tehoton,Momentti on poistunut,"0,00%",
meno,3,24.30.68.,https://budjetti.vm.fi/indox/sisalto.jsp?year=2026&lang=fi&maindoc=/2026/tae/hallituksenEsitys/hallituksenEsitys.xml&id=/2026/tae/hallituksenEsitys/YksityiskohtaisetPerustelut/24/30/68/68.html,24. ULKOMINISTERIÖN HALLINNONALA,30. Kansainvälinen kehitysyhteistyö,68. Kehitysyhteistyön yhteistoimintahankkeet (siirtomääräraha 3 v),68. Kehitysyhteistyön yhteistoimintahankkeet (siirtomääräraha 3&nbsp;v),,13 104 000,13 104 000,0,Tärkeä / Tehokas,"Momentilla rahoitetaan yhteiseurooppalaisia hankkeita, joiden maksuosuuksista ei voi yksipuolisesti luopua.","0,00%",
meno,3,24.30.69.,https://budjetti.vm.fi/indox/sisalto.jsp?year=2026&lang=fi&maindoc=/2026/tae/hallituksenEsitys/hallituksenEsitys.xml&id=/2026/tae/hallituksenEsitys/YksityiskohtaisetPerustelut/24/30/69/69.html,24. ULKOMINISTERIÖN HALLINNONALA,30. Kansainvälinen kehitysyhteistyö,69. Tuki Ukrainalle (siirtomääräraha 3 v),69. Tuki Ukrainalle (siirtomääräraha 3&nbsp;v),,56 869 000,56 869 000,0,Tärkeä / Tehokas,Tuki Ukrainan siviiliväestöllekin on syytä pitää täysmääräisenä jälleenrakennuksen auttamiseksi. Suomen antamat aseapupaketit katetaan muualta budjetista.,"0,00%",
meno,3,24.30.88.,https://budjetti.vm.fi/indox/sisalto.jsp?year=2026&lang=fi&maindoc=/2026/tae/hallituksenEsitys/hallituksenEsitys.xml&id=/2026/tae/hallituksenEsitys/YksityiskohtaisetPerustelut/24/30/88/88.html,24. ULKOMINISTERIÖN HALLINNONALA,30. Kansainvälinen kehitysyhteistyö,88. Finnfundin (Teollisen yhteistyön rahasto Oy) pääoman korottaminen (siirtomääräraha 3 v),88. Finnfundin (Teollisen yhteistyön rahasto Oy) pääoman korottaminen (siirtomääräraha 3&nbsp;v),,5 000 000,0,−5 000 000,Leikataan / Tehoton,"Finnfundille riittää nykyinen pääoma (pl. Ukrainaan kohdistuva tuen lisääminen, joka on momentilla 24.30.69). Valtion tehtävänä ei ole toimia sijoitusmarkkinoilla ja Finnfundista tulee luopua.","−100,00%",
meno,3,24.30.89.,https://budjetti.vm.fi/indox/sisalto.jsp?year=2026&lang=fi&maindoc=/2026/tae/hallituksenEsitys/hallituksenEsitys.xml&id=/2026/tae/hallituksenEsitys/YksityiskohtaisetPerustelut/24/30/89/89.html,24. ULKOMINISTERIÖN HALLINNONALA,30. Kansainvälinen kehitysyhteistyö,89. Kehityspoliittiset lainat ja sijoitukset (siirtomääräraha 3 v),89. Kehityspoliittiset lainat ja sijoitukset (siirtomääräraha 3&nbsp;v),,69 730 000,69 730 000,0,Liikkumavaraa,Kehitysapua on syytä muuttaa pienlainapainotteiseksi.,"0,00%",
meno,2,24.90.,https://budjetti.vm.fi/indox/sisalto.jsp?year=2026&lang=fi&maindoc=/2026/tae/hallituksenEsitys/hallituksenEsitys.xml&id=/2026/tae/hallituksenEsitys/YksityiskohtaisetPerustelut/24/90/90.html,24. ULKOMINISTERIÖN HALLINNONALA,90. Ulkoministeriön hallinnonalan muut menot,,90. Ulkoministeriön hallinnonalan muut menot,,186 320 000,174 500 000,−11 820 000,Liikkumavaraa,,"−6,34%",Järjestörälssi
meno,3,24.90.23.,https://budjetti.vm.fi/indox/sisalto.jsp?year=2026&lang=fi&maindoc=/2026/tae/hallituksenEsitys/hallituksenEsitys.xml&id=/2026/tae/hallituksenEsitys/YksityiskohtaisetPerustelut/24/90/23/23.html,24. ULKOMINISTERIÖN HALLINNONALA,90. Ulkoministeriön hallinnonalan muut menot,23. Etyj-puheenjohtajuus (siirtomääräraha 2 v),23. Etyj-puheenjohtajuus (siirtomääräraha 2&nbsp;v),,1 938 000,1 938 000,0,Tärkeä / Tehokas,"Suomi on Etyjin puheenjohtajamaa 2025 ja troikkakaudella 2024-2026, joka lisää kuluja.","0,00%",
meno,3,24.90.50.,https://budjetti.vm.fi/indox/sisalto.jsp?year=2026&lang=fi&maindoc=/2026/tae/hallituksenEsitys/hallituksenEsitys.xml&id=/2026/tae/hallituksenEsitys/YksityiskohtaisetPerustelut/24/90/50/50.html,24. ULKOMINISTERIÖN HALLINNONALA,90. Ulkoministeriön hallinnonalan muut menot,50. Eräät valtionavut (kiinteä määräraha),50. Eräät valtionavut (kiinteä määräraha),,1 820 000,0,−1 820 000,Leikataan / Tehoton,Järjestöjen rahoitus ei ole valtion tehtävä. Tähän momentille on siirretty leikattavia yritystukia TEM 32.01.40 alta.,"−100,00%",
meno,3,24.90.51.,https://budjetti.vm.fi/indox/sisalto.jsp?year=2026&lang=fi&maindoc=/2026/tae/hallituksenEsitys/hallituksenEsitys.xml&id=/2026/tae/hallituksenEsitys/YksityiskohtaisetPerustelut/24/90/51/51.html,24. ULKOMINISTERIÖN HALLINNONALA,90. Ulkoministeriön hallinnonalan muut menot,51. Hädänalaisten avustaminen (arviomääräraha),51. Hädänalaisten avustaminen (arviomääräraha),,500 000,500 000,0,Tärkeä / Tehokas,"Tärkeä osa valtion turvaa, hädänalaisia lähetystöihin hakeutuneita suomalaisia ja muita autetaan.","0,00%",
meno,3,24.90.66.,https://budjetti.vm.fi/indox/sisalto.jsp?year=2026&lang=fi&maindoc=/2026/tae/hallituksenEsitys/hallituksenEsitys.xml&id=/2026/tae/hallituksenEsitys/YksityiskohtaisetPerustelut/24/90/66/66.html,24. ULKOMINISTERIÖN HALLINNONALA,90. Ulkoministeriön hallinnonalan muut menot,66. Eräät jäsenmaksut ja rahoitusosuudet (siirtomääräraha 2 v),66. Eräät jäsenmaksut ja rahoitusosuudet (siirtomääräraha 2&nbsp;v),,151 562 000,141 562 000,−10 000 000,Liikkumavaraa,"Pohjoismaisen ministerineuvoston 26,1 M€ määrärahoista maksettavia hankkeita voidaan karsia. Suomen on ajettava tiukkaa kulukuuria myös muissa kansainvälisissä järjestöissä.","−6,60%",
meno,3,24.90.67.,https://budjetti.vm.fi/indox/sisalto.jsp?year=2026&lang=fi&maindoc=/2026/tae/hallituksenEsitys/hallituksenEsitys.xml&id=/2026/tae/hallituksenEsitys/YksityiskohtaisetPerustelut/24/90/67/67.html,24. ULKOMINISTERIÖN HALLINNONALA,90. Ulkoministeriön hallinnonalan muut menot,67. Humanitaarinen katastrofiapu (siirtomääräraha 3 v),67. Humanitaarinen katastrofiapu (siirtomääräraha 3&nbsp;v),,30 000 000,30 000 000,0,Tärkeä / Tehokas,,"0,00%",
meno,3,24.90.95.,https://budjetti.vm.fi/indox/sisalto.jsp?year=2026&lang=fi&maindoc=/2026/tae/hallituksenEsitys/hallituksenEsitys.xml&id=/2026/tae/hallituksenEsitys/YksityiskohtaisetPerustelut/24/90/95/95.html,24. ULKOMINISTERIÖN HALLINNONALA,90. Ulkoministeriön hallinnonalan muut menot,95. Kurssivaihtelut (arviomääräraha),95. Kurssivaihtelut (arviomääräraha),,500 000,500 000,0,Tärkeä / Tehokas,Kurssivaihteluita ei kansainvälisessä toiminnassa pääse karkuun vaikka kuinka haluaisi,"0,00%",
meno,1,25.,https://budjetti.vm.fi/indox/sisalto.jsp?year=2026&lang=fi&maindoc=/2026/tae/hallituksenEsitys/hallituksenEsitys.xml&id=/2026/tae/hallituksenEsitys/YksityiskohtaisetPerustelut/25/25.html,25. OIKEUSMINISTERIÖN HALLINNONALA,,,25. OIKEUSMINISTERIÖN HALLINNONALA,,1 242 950 000,1 263 139 300,20 189 300,Tärkeä / Tehokas,,"1,62%",
meno,2,25.01.,https://budjetti.vm.fi/indox/sisalto.jsp?year=2026&lang=fi&maindoc=/2026/tae/hallituksenEsitys/hallituksenEsitys.xml&id=/2026/tae/hallituksenEsitys/YksityiskohtaisetPerustelut/25/01/01.html,25. OIKEUSMINISTERIÖN HALLINNONALA,01. Ministeriö ja hallinto,,01. Ministeriö ja hallinto,,185 507 000,177 494 900,−8 012 100,Tärkeä / Tehokas,,"−4,32%",Hallinto
meno,3,25.01.01.,https://budjetti.vm.fi/indox/sisalto.jsp?year=2026&lang=fi&maindoc=/2026/tae/hallituksenEsitys/hallituksenEsitys.xml&id=/2026/tae/hallituksenEsitys/YksityiskohtaisetPerustelut/25/01/01/01.html,25. OIKEUSMINISTERIÖN HALLINNONALA,01. Ministeriö ja hallinto,01. Oikeusministeriön toimintamenot (siirtomääräraha 2 v),01. Oikeusministeriön toimintamenot (siirtomääräraha 2&nbsp;v),,23 606 000,21 245 400,−2 360 600,Liikkumavaraa,Tavoitteena on vähintään 10 % tehokkuuslisä työprosesseissa. Toiminnan tehokkuuden parantamisessa poistetaan työ- ja palveluprosesseista kaikki turhat työvaiheet. Asiakkaalle arvoa tuovien työvaiheiden ajallinen osuus kaikkiin työvaiheisiin käytettävästä ajasta on usein huomattavan pieni. ,"−10,00%",
meno,3,25.01.03.,https://budjetti.vm.fi/indox/sisalto.jsp?year=2026&lang=fi&maindoc=/2026/tae/hallituksenEsitys/hallituksenEsitys.xml&id=/2026/tae/hallituksenEsitys/YksityiskohtaisetPerustelut/25/01/03/03.html,25. OIKEUSMINISTERIÖN HALLINNONALA,01. Ministeriö ja hallinto,03. Oikeushallinnon erityisviranomaiset -viraston toimintamenot (siirtomääräraha 2 v),03. Oikeushallinnon erityisviranomaiset -viraston toimintamenot (siirtomääräraha 2&nbsp;v),,23 319 000,20 483 100,−2 835 900,Liikkumavaraa,Tavoitteena on vähintään 10 % tehokkuuslisä työprosesseissa. Lisäksi yhdistetään tasa-arvovaltuutetun ja yhdenvertaisuusvaltuutetun tehtävät. Kaikkien syrjintäkysymysten on luonnollista olla yhden erityisviranomaisen toimivallassa.,"−12,16%",
meno,3,25.01.05.,https://budjetti.vm.fi/indox/sisalto.jsp?year=2026&lang=fi&maindoc=/2026/tae/hallituksenEsitys/hallituksenEsitys.xml&id=/2026/tae/hallituksenEsitys/YksityiskohtaisetPerustelut/25/01/05/05.html,25. OIKEUSMINISTERIÖN HALLINNONALA,01. Ministeriö ja hallinto,05. Oikeusrekisterikeskuksen toimintamenot (siirtomääräraha 2 v),05. Oikeusrekisterikeskuksen toimintamenot (siirtomääräraha 2&nbsp;v),,8 588 000,7 299 800,−1 288 200,Liikkumavaraa,Tavoitteena on vähintään 20 % tehokkuuslisä rekisterin kuluissa. IT-hankkeita yksinkertaistamalla saadaan säästöjä.,"−15,00%",
meno,3,25.01.20.,https://budjetti.vm.fi/indox/sisalto.jsp?year=2026&lang=fi&maindoc=/2026/tae/hallituksenEsitys/hallituksenEsitys.xml&id=/2026/tae/hallituksenEsitys/YksityiskohtaisetPerustelut/25/01/20/20.html,25. OIKEUSMINISTERIÖN HALLINNONALA,01. Ministeriö ja hallinto,20. Erityismenot (arviomääräraha),20. Erityismenot (arviomääräraha),,13 943 000,13 943 000,0,Liikkumavaraa,"Oikeusministeriön erityismenot, momentti säilytetään ennallaan.","0,00%",
meno,3,25.01.21.,https://budjetti.vm.fi/indox/sisalto.jsp?year=2026&lang=fi&maindoc=/2026/tae/hallituksenEsitys/hallituksenEsitys.xml&id=/2026/tae/hallituksenEsitys/YksityiskohtaisetPerustelut/25/01/21poistettava/21poistettava.html,25. OIKEUSMINISTERIÖN HALLINNONALA,01. Ministeriö ja hallinto,21. Oikeusministeriön hallinnonalan tuottavuusmääräraha (siirtomääräraha 2 v),21. Oikeusministeriön hallinnonalan tuottavuusmääräraha (siirtomääräraha 2&nbsp;v),poistettava momentti hallituksen esityksessä,0,0,0,Leikataan / Tehoton,,"0,00%",
meno,3,25.01.22.,https://budjetti.vm.fi/indox/sisalto.jsp?year=2026&lang=fi&maindoc=/2026/tae/hallituksenEsitys/hallituksenEsitys.xml&id=/2026/tae/hallituksenEsitys/YksityiskohtaisetPerustelut/25/01/22/22.html,25. OIKEUSMINISTERIÖN HALLINNONALA,01. Ministeriö ja hallinto,22. Oikeusministeriön hallinnonalan ICT-kehittäminen (siirtomääräraha 2 v),22. Oikeusministeriön hallinnonalan ICT-kehittäminen (siirtomääräraha 2&nbsp;v),,19 470 000,19 470 000,0,Liikkumavaraa,Oikeusministeriön hallinnonalan tuottavuutta parantavien investointien ja hankkeiden maksamiseen tarkoitettu määräraha. Momentti säilytetään ennallaan.,"0,00%",
meno,3,25.01.27.,https://budjetti.vm.fi/indox/sisalto.jsp?year=2026&lang=fi&maindoc=/2026/tae/hallituksenEsitys/hallituksenEsitys.xml&id=/2026/tae/hallituksenEsitys/YksityiskohtaisetPerustelut/25/01/27poistettava/27poistettava.html,25. OIKEUSMINISTERIÖN HALLINNONALA,01. Ministeriö ja hallinto,27. Kuurojen totuus- ja sovintoprosessi (siirtomääräraha 3 v),27. Kuurojen totuus- ja sovintoprosessi (siirtomääräraha 3&nbsp;v),poistettava momentti hallituksen esityksessä,0,0,0,Leikataan / Tehoton,,"0,00%",
meno,3,25.01.29.,https://budjetti.vm.fi/indox/sisalto.jsp?year=2026&lang=fi&maindoc=/2026/tae/hallituksenEsitys/hallituksenEsitys.xml&id=/2026/tae/hallituksenEsitys/YksityiskohtaisetPerustelut/25/01/29/29.html,25. OIKEUSMINISTERIÖN HALLINNONALA,01. Ministeriö ja hallinto,29. Oikeusministeriön hallinnonalan arvonlisäveromenot (arviomääräraha),29. Oikeusministeriön hallinnonalan arvonlisäveromenot (arviomääräraha),,63 510 000,64 541 600,1 031 600,Tärkeä / Tehokas,"Oikeusministeriön ALV-menot, laskettu esitettyjen leikkausten suhteessa alkuperäiseen budjettiin pyöristettynä lähimpään 100 €.","1,62%",
meno,3,25.01.50.,https://budjetti.vm.fi/indox/sisalto.jsp?year=2026&lang=fi&maindoc=/2026/tae/hallituksenEsitys/hallituksenEsitys.xml&id=/2026/tae/hallituksenEsitys/YksityiskohtaisetPerustelut/25/01/50/50.html,25. OIKEUSMINISTERIÖN HALLINNONALA,01. Ministeriö ja hallinto,50. Avustukset (kiinteä määräraha),50. Avustukset (kiinteä määräraha),,13 614 000,11 055 000,−2 559 000,Liikkumavaraa,"Säilytetään avustukset saamelaisten kulttuuri-itsehallinnon ylläpitämiseen 4 895 000 €, sekä Avustukset rikosten uhrien tukipalveluja tuottaville yhteisöille 6 160 000 €. Leikataan muut avustukset 2 559 000 € joissa on mm. Julkisen sanan neuvoston tuki, koska median itsesäätelyelimen rahoitus valtion taholta on pahimmillaan vaarallista riippumattoman tiedonvälityksen vuoksi.","−18,80%",
meno,3,25.01.51.,https://budjetti.vm.fi/indox/sisalto.jsp?year=2026&lang=fi&maindoc=/2026/tae/hallituksenEsitys/hallituksenEsitys.xml&id=/2026/tae/hallituksenEsitys/YksityiskohtaisetPerustelut/25/01/51/51.html,25. OIKEUSMINISTERIÖN HALLINNONALA,01. Ministeriö ja hallinto,51. Eräät valtion maksamat korvaukset (arviomääräraha),51. Eräät valtion maksamat korvaukset (arviomääräraha),,19 000 000,19 000 000,0,Tärkeä / Tehokas,"Oikeusministeriön maksamia korvauksia, kuten rikosvahinkokorvauksia. Momentti säilytetään ennallaan.","0,00%",
meno,3,25.01.66.,https://budjetti.vm.fi/indox/sisalto.jsp?year=2026&lang=fi&maindoc=/2026/tae/hallituksenEsitys/hallituksenEsitys.xml&id=/2026/tae/hallituksenEsitys/YksityiskohtaisetPerustelut/25/01/66/66.html,25. OIKEUSMINISTERIÖN HALLINNONALA,01. Ministeriö ja hallinto,66. Kansainväliset jäsenmaksut ja rahoitusosuudet (arviomääräraha),66. Kansainväliset jäsenmaksut ja rahoitusosuudet (arviomääräraha),,457 000,457 000,0,Tärkeä / Tehokas,"Ministeriön toimialaan liittyvien kansainvälisten järjestöjen jäsenmaksujen maksuun tarkoitettu määräraha, momentti säilytetään ennallaan.","0,00%",
meno,2,25.10.,https://budjetti.vm.fi/indox/sisalto.jsp?year=2026&lang=fi&maindoc=/2026/tae/hallituksenEsitys/hallituksenEsitys.xml&id=/2026/tae/hallituksenEsitys/YksityiskohtaisetPerustelut/25/10/10.html,25. OIKEUSMINISTERIÖN HALLINNONALA,10. Tuomioistuimet,,10. Tuomioistuimet,,378 280 000,423 380 000,45 100 000,Tärkeä / Tehokas,Tuomioistuimet ovat Suomessa ruuhkautuneet ja ihmisten oikeusturvan takaamiseksi on palkattava lisää henkilöstöä ratkomaan ja käsittelemään oikeusjuttuja.,"11,92%",Oikeuslaitos
meno,3,25.10.01.,https://budjetti.vm.fi/indox/sisalto.jsp?year=2026&lang=fi&maindoc=/2026/tae/hallituksenEsitys/hallituksenEsitys.xml&id=/2026/tae/hallituksenEsitys/YksityiskohtaisetPerustelut/25/10/01/01.html,25. OIKEUSMINISTERIÖN HALLINNONALA,10. Tuomioistuimet,01. Korkeimman oikeuden toimintamenot (siirtomääräraha 2 v),01. Korkeimman oikeuden toimintamenot (siirtomääräraha 2&nbsp;v),,10 108 000,11 108 000,1 000 000,Tärkeä / Tehokas,"Korkeimman oikeuden toimintamenot. Valtion keskeinen funktio, johon on syytä panostaa nykyistä enemmän. Liberaalipuolue esittää 1 M€ eli noin 10 % lisämäärärahoja.","9,89%",
meno,3,25.10.02.,https://budjetti.vm.fi/indox/sisalto.jsp?year=2026&lang=fi&maindoc=/2026/tae/hallituksenEsitys/hallituksenEsitys.xml&id=/2026/tae/hallituksenEsitys/YksityiskohtaisetPerustelut/25/10/02/02.html,25. OIKEUSMINISTERIÖN HALLINNONALA,10. Tuomioistuimet,02. Korkeimman hallinto-oikeuden toimintamenot (siirtomääräraha 2 v),02. Korkeimman hallinto-oikeuden toimintamenot (siirtomääräraha 2&nbsp;v),,14 420 000,15 920 000,1 500 000,Tärkeä / Tehokas,"Korkeimman hallinto-oikeuden toimintamenot. Valtion keskeinen funktio, johon on syytä panostaa nykyistä enemmän. Liberaalipuolue esittää 1,5 M€ eli noin 10 % lisämäärärahoja.","10,40%",
meno,3,25.10.03.,https://budjetti.vm.fi/indox/sisalto.jsp?year=2026&lang=fi&maindoc=/2026/tae/hallituksenEsitys/hallituksenEsitys.xml&id=/2026/tae/hallituksenEsitys/YksityiskohtaisetPerustelut/25/10/03/03.html,25. OIKEUSMINISTERIÖN HALLINNONALA,10. Tuomioistuimet,03. Muiden tuomioistuinten toimintamenot (siirtomääräraha 2 v),03. Muiden tuomioistuinten toimintamenot (siirtomääräraha 2&nbsp;v),,353 752 000,388 752 000,35 000 000,Tärkeä / Tehokas,"Muiden tuomioistuinten toimintamenot. Valtion keskeinen funktio, johon on syytä panostaa nykyistä enemmän. Liberaalipuolue esittää 35 M€ eli noin 10 % lisämäärärahoja.","9,89%",
meno,3,25.10.lib.,,25. OIKEUSMINISTERIÖN HALLINNONALA,10. Tuomioistuimet,25.10.lib Rikosasioiden sovittelu Oikeusministeriölle - Valtion korvaus rikosasioiden sovittelun järjestämisen kustannuksiin (siirtomääräraha 3 v),,lib,,7 600 000,7 600 000,Tärkeä / Tehokas,"Rikosasioiden sovittelutoiminta kuuluu loogisemmin Oikeusministeriön hallinnonalaan eikä Sosiaali- ja Terveysministeriön alle, vaikka nykyisessä laissa oleva THL sen alaisuuteen kuuluukin. Siirretty STM momentista 33.60.64. Valtion korvaus rikosasioiden sovittelun järjestämisen kustannuksiin (siirtomääräraha 3 v) 7,6 M€ määrärahat.","0,00%",
meno,2,25.15.,https://budjetti.vm.fi/indox/sisalto.jsp?year=2026&lang=fi&maindoc=/2026/tae/hallituksenEsitys/hallituksenEsitys.xml&id=/2026/tae/hallituksenEsitys/YksityiskohtaisetPerustelut/25/15/15.html,25. OIKEUSMINISTERIÖN HALLINNONALA,15. Oikeuspalvelut,,15. Oikeuspalvelut,,184 812 000,184 812 000,0,Tärkeä / Tehokas,,"0,00%",Oikeuslaitos
meno,3,25.15.01.,https://budjetti.vm.fi/indox/sisalto.jsp?year=2026&lang=fi&maindoc=/2026/tae/hallituksenEsitys/hallituksenEsitys.xml&id=/2026/tae/hallituksenEsitys/YksityiskohtaisetPerustelut/25/15/01/01.html,25. OIKEUSMINISTERIÖN HALLINNONALA,15. Oikeuspalvelut,01. Oikeuspalveluviraston toimintamenot (siirtomääräraha 2 v),01. Oikeuspalveluviraston toimintamenot (siirtomääräraha 2&nbsp;v),,104 402 000,104 402 000,0,Tärkeä / Tehokas,"Oikeusapu kuuluu oikeusvaltion palveluihin, mikäli henkilöllä ei muuten ole varaa hakea oikeutta.","0,00%",
meno,3,25.15.50.,https://budjetti.vm.fi/indox/sisalto.jsp?year=2026&lang=fi&maindoc=/2026/tae/hallituksenEsitys/hallituksenEsitys.xml&id=/2026/tae/hallituksenEsitys/YksityiskohtaisetPerustelut/25/15/50/50.html,25. OIKEUSMINISTERIÖN HALLINNONALA,15. Oikeuspalvelut,50. Yksityisille oikeusavustajille maksettavat korvaukset (arviomääräraha),50. Yksityisille oikeusavustajille maksettavat korvaukset (arviomääräraha),,80 410 000,80 410 000,0,Tärkeä / Tehokas,"Oikeusapu kuuluu oikeusvaltion palveluihin, mikäli henkilöllä ei muuten ole varaa hakea oikeutta.","0,00%",
meno,2,25.20.,https://budjetti.vm.fi/indox/sisalto.jsp?year=2026&lang=fi&maindoc=/2026/tae/hallituksenEsitys/hallituksenEsitys.xml&id=/2026/tae/hallituksenEsitys/YksityiskohtaisetPerustelut/25/20/20.html,25. OIKEUSMINISTERIÖN HALLINNONALA,20. Ulosotto,,20. Ulosotto,,114 493 000,91 594 400,−22 898 600,Liikkumavaraa,,"−20,00%",Hallinto
meno,3,25.20.01.,https://budjetti.vm.fi/indox/sisalto.jsp?year=2026&lang=fi&maindoc=/2026/tae/hallituksenEsitys/hallituksenEsitys.xml&id=/2026/tae/hallituksenEsitys/YksityiskohtaisetPerustelut/25/20/01/01.html,25. OIKEUSMINISTERIÖN HALLINNONALA,20. Ulosotto,01. Ulosottolaitoksen toimintamenot (siirtomääräraha 2 v),01. Ulosottolaitoksen toimintamenot (siirtomääräraha 2&nbsp;v),,114 493 000,91 594 400,−22 898 600,Liikkumavaraa,Ulosottolaitokselle ja konkurssiasiamiehen toimistolle esitetään 20 % tehokkuusparannusta.,"−20,00%",
meno,2,25.30.,https://budjetti.vm.fi/indox/sisalto.jsp?year=2026&lang=fi&maindoc=/2026/tae/hallituksenEsitys/hallituksenEsitys.xml&id=/2026/tae/hallituksenEsitys/YksityiskohtaisetPerustelut/25/30/30.html,25. OIKEUSMINISTERIÖN HALLINNONALA,30. Syyttäjät,,30. Syyttäjät,,66 128 000,72 128 000,6 000 000,Tärkeä / Tehokas,,"9,07%",Oikeuslaitos
meno,3,25.30.01.,https://budjetti.vm.fi/indox/sisalto.jsp?year=2026&lang=fi&maindoc=/2026/tae/hallituksenEsitys/hallituksenEsitys.xml&id=/2026/tae/hallituksenEsitys/YksityiskohtaisetPerustelut/25/30/01/01.html,25. OIKEUSMINISTERIÖN HALLINNONALA,30. Syyttäjät,01. Syyttäjälaitoksen toimintamenot (siirtomääräraha 2 v),01. Syyttäjälaitoksen toimintamenot (siirtomääräraha 2&nbsp;v),,66 128 000,72 128 000,6 000 000,Tärkeä / Tehokas,"Oikeudenkäyttö on valtion keskeinen toiminto, johon on syytä panostaa lisää. Liberaalipuolue nostaisi määrärahaa 6 M€.","9,07%",
meno,2,25.40.,https://budjetti.vm.fi/indox/sisalto.jsp?year=2026&lang=fi&maindoc=/2026/tae/hallituksenEsitys/hallituksenEsitys.xml&id=/2026/tae/hallituksenEsitys/YksityiskohtaisetPerustelut/25/40/40.html,25. OIKEUSMINISTERIÖN HALLINNONALA,40. Rangaistusten täytäntöönpano,,40. Rangaistusten täytäntöönpano,,310 056 000,310 056 000,0,Tärkeä / Tehokas,,"0,00%",Oikeuslaitos
meno,3,25.40.01.,https://budjetti.vm.fi/indox/sisalto.jsp?year=2026&lang=fi&maindoc=/2026/tae/hallituksenEsitys/hallituksenEsitys.xml&id=/2026/tae/hallituksenEsitys/YksityiskohtaisetPerustelut/25/40/01/01.html,25. OIKEUSMINISTERIÖN HALLINNONALA,40. Rangaistusten täytäntöönpano,01. Rikosseuraamuslaitoksen toimintamenot (siirtomääräraha 2 v),01. Rikosseuraamuslaitoksen toimintamenot (siirtomääräraha 2&nbsp;v),,310 056 000,310 056 000,0,Tärkeä / Tehokas,"Vankiloiden, avolaitosten jne. menot säilytetään ennallaan. Suomessa on syytä laskea vankilapaikan kustannusta keskitetymmällä toiminnalla.","0,00%",
meno,2,25.50.,https://budjetti.vm.fi/indox/sisalto.jsp?year=2026&lang=fi&maindoc=/2026/tae/hallituksenEsitys/hallituksenEsitys.xml&id=/2026/tae/hallituksenEsitys/YksityiskohtaisetPerustelut/25/50/50.html,25. OIKEUSMINISTERIÖN HALLINNONALA,50. Vaalimenot,,50. Vaalimenot,,3 674 000,3 674 000,0,Tärkeä / Tehokas,,"0,00%",Hallinto
meno,3,25.50.01.,https://budjetti.vm.fi/indox/sisalto.jsp?year=2026&lang=fi&maindoc=/2026/tae/hallituksenEsitys/hallituksenEsitys.xml&id=/2026/tae/hallituksenEsitys/YksityiskohtaisetPerustelut/25/50/01/01.html,25. OIKEUSMINISTERIÖN HALLINNONALA,50. Vaalimenot,01. Vaalipiirilautakuntien toimintamenot (siirtomääräraha 2 v),01. Vaalipiirilautakuntien toimintamenot (siirtomääräraha 2&nbsp;v),,100 000,100 000,0,Tärkeä / Tehokas,,"0,00%",
meno,3,25.50.20.,https://budjetti.vm.fi/indox/sisalto.jsp?year=2026&lang=fi&maindoc=/2026/tae/hallituksenEsitys/hallituksenEsitys.xml&id=/2026/tae/hallituksenEsitys/YksityiskohtaisetPerustelut/25/50/20/20.html,25. OIKEUSMINISTERIÖN HALLINNONALA,50. Vaalimenot,20. Vaalimenot (arviomääräraha),20. Vaalimenot (arviomääräraha),,3 574 000,3 574 000,0,Tärkeä / Tehokas,Vaalien järjestäminen on luonnollisesti demokraattisen maan keskeisimpiä tehtäviä. Määräraha säilytetään ennallaan.,"0,00%",
meno,1,26.,https://budjetti.vm.fi/indox/sisalto.jsp?year=2026&lang=fi&maindoc=/2026/tae/hallituksenEsitys/hallituksenEsitys.xml&id=/2026/tae/hallituksenEsitys/YksityiskohtaisetPerustelut/26/26.html,26. SISÄMINISTERIÖN HALLINNONALA,,,26. SISÄMINISTERIÖN HALLINNONALA,,2 090 104 000,2 088 248 600,−1 855 400,Tärkeä / Tehokas,,"−0,09%",
meno,2,26.01.,https://budjetti.vm.fi/indox/sisalto.jsp?year=2026&lang=fi&maindoc=/2026/tae/hallituksenEsitys/hallituksenEsitys.xml&id=/2026/tae/hallituksenEsitys/YksityiskohtaisetPerustelut/26/01/01.html,26. SISÄMINISTERIÖN HALLINNONALA,01. Hallinto,,01. Hallinto,,336 747 000,334 891 600,−1 855 400,Liikkumavaraa,,"−0,55%",Hallinto
meno,3,26.01.01.,https://budjetti.vm.fi/indox/sisalto.jsp?year=2026&lang=fi&maindoc=/2026/tae/hallituksenEsitys/hallituksenEsitys.xml&id=/2026/tae/hallituksenEsitys/YksityiskohtaisetPerustelut/26/01/01/01.html,26. SISÄMINISTERIÖN HALLINNONALA,01. Hallinto,01. Sisäministeriön toimintamenot (siirtomääräraha 2 v),01. Sisäministeriön toimintamenot (siirtomääräraha 2&nbsp;v),,18 040 000,15 334 000,−2 706 000,Liikkumavaraa,"Sisäministeriön toimintamenoihin esitetään 15 % leikkausta. Menojen leikkaus saavutetaan karsimalla ja priorisoimalla hallinnonalan työtehtäviä, sekä leikkaamalla julkisen sektorin lomista.","−15,00%",
meno,3,26.01.04.,https://budjetti.vm.fi/indox/sisalto.jsp?year=2026&lang=fi&maindoc=/2026/tae/hallituksenEsitys/hallituksenEsitys.xml&id=/2026/tae/hallituksenEsitys/YksityiskohtaisetPerustelut/26/01/04/04.html,26. SISÄMINISTERIÖN HALLINNONALA,01. Hallinto,04. Kriisinhallintakeskuksen toimintamenot (siirtomääräraha 2 v),04. Kriisinhallintakeskuksen toimintamenot (siirtomääräraha 2&nbsp;v),,2 190 000,2 190 000,0,Tärkeä / Tehokas,"Kriisinhallintakeskuksen kotimaan toimintamenot, momentti säilytetään ennallaan. Siviilikriisinhallintatehtäviin ja vaalitarkkailutehtäviin annettavaa koulutusta.","0,00%",
meno,3,26.01.23.,https://budjetti.vm.fi/indox/sisalto.jsp?year=2026&lang=fi&maindoc=/2026/tae/hallituksenEsitys/hallituksenEsitys.xml&id=/2026/tae/hallituksenEsitys/YksityiskohtaisetPerustelut/26/01/23/23.html,26. SISÄMINISTERIÖN HALLINNONALA,01. Hallinto,23. EU:n pelastuspalvelumekanismi lääkinnällisten materiaalien CBRN-varastointi (siirtomääräraha 2 v),23. EU:n pelastuspalvelumekanismi lääkinnällisten materiaalien CBRN-varastointi (siirtomääräraha 2&nbsp;v),,8 522 000,8 522 000,0,Tärkeä / Tehokas,Valtion kovaa ydintä on valmistautua kriiseihin kansalaisten puolesta. Tässä sitä tehdään unionin tasolla.,"0,00%",
meno,3,26.01.25.,https://budjetti.vm.fi/indox/sisalto.jsp?year=2026&lang=fi&maindoc=/2026/tae/hallituksenEsitys/hallituksenEsitys.xml&id=/2026/tae/hallituksenEsitys/YksityiskohtaisetPerustelut/26/01/25/25.html,26. SISÄMINISTERIÖN HALLINNONALA,01. Hallinto,25. Öljy- ja kemikaalivahinkojen torjunta (siirtomääräraha 3 v),25. Öljy- ja kemikaalivahinkojen torjunta (siirtomääräraha 3&nbsp;v),,5 500 000,6 500 000,1 000 000,Tärkeä / Tehokas,Korotetaan määrärahaa Venäjän varjolaivastosta johtuviin öljyvahinkoriskeihin varautumiseksi,"18,18%",
meno,3,26.01.26.,https://budjetti.vm.fi/indox/sisalto.jsp?year=2026&lang=fi&maindoc=/2026/tae/hallituksenEsitys/hallituksenEsitys.xml&id=/2026/tae/hallituksenEsitys/YksityiskohtaisetPerustelut/26/01/26/26.html,26. SISÄMINISTERIÖN HALLINNONALA,01. Hallinto,26. EU:n osuus sisäisen turvallisuuden ja maahanmuuton hallintaan ohjelmakaudella 2021—2027 (siirtomääräraha 3 v),26. EU:n osuus sisäisen turvallisuuden ja maahanmuuton hallintaan ohjelmakaudella 2021—2027 (siirtomääräraha 3&nbsp;v),,104 410 000,104 410 000,0,Tärkeä / Tehokas,,"0,00%",
meno,3,26.01.27.,https://budjetti.vm.fi/indox/sisalto.jsp?year=2026&lang=fi&maindoc=/2026/tae/hallituksenEsitys/hallituksenEsitys.xml&id=/2026/tae/hallituksenEsitys/YksityiskohtaisetPerustelut/26/01/27/27.html,26. SISÄMINISTERIÖN HALLINNONALA,01. Hallinto,27. EU:n pelastuspalvelumekanismi CBRN-varastointi (siirtomääräraha 2 v),27. EU:n pelastuspalvelumekanismi CBRN-varastointi (siirtomääräraha 2&nbsp;v),,24 905 000,24 905 000,0,Tärkeä / Tehokas,Valtion kovaa ydintä on valmistautua kriiseihin kansalaisten puolesta. Tässä sitä tehdään unionin tasolla.,"0,00%",
meno,3,26.01.29.,https://budjetti.vm.fi/indox/sisalto.jsp?year=2026&lang=fi&maindoc=/2026/tae/hallituksenEsitys/hallituksenEsitys.xml&id=/2026/tae/hallituksenEsitys/YksityiskohtaisetPerustelut/26/01/29/29.html,26. SISÄMINISTERIÖN HALLINNONALA,01. Hallinto,29. Sisäministeriön hallinnonalan arvonlisäveromenot (arviomääräraha),29. Sisäministeriön hallinnonalan arvonlisäveromenot (arviomääräraha),,168 300 000,168 150 600,−149 400,Tärkeä / Tehokas,Sisäministeriön hallinnonalan arvonlisäveromenot laskettu leikkausten suhteessa alkuperäiseen budjettiin.,"−0,09%",
meno,3,26.01.50.,https://budjetti.vm.fi/indox/sisalto.jsp?year=2026&lang=fi&maindoc=/2026/tae/hallituksenEsitys/hallituksenEsitys.xml&id=/2026/tae/hallituksenEsitys/YksityiskohtaisetPerustelut/26/01/50/50.html,26. SISÄMINISTERIÖN HALLINNONALA,01. Hallinto,50. Eräät avustukset (siirtomääräraha 2 v),50. Eräät avustukset (siirtomääräraha 2&nbsp;v),,3 780 000,3 780 000,0,Tärkeä / Tehokas,"Sisäministeriön myöntämiä avustuksia Suomen meripelastusseuralle, Ålands Sjöräddningssällskapille, Helsingin kaupungissa tehtävään pelastajakoulutukseen, sekä poliisin todistajansuojeluohjelmalle sopeutumisavustukseen. Momentti säilytetään ennallaan.","0,00%",
meno,3,26.01.51.,https://budjetti.vm.fi/indox/sisalto.jsp?year=2026&lang=fi&maindoc=/2026/tae/hallituksenEsitys/hallituksenEsitys.xml&id=/2026/tae/hallituksenEsitys/YksityiskohtaisetPerustelut/26/01/51poistettava/51poistettava.html,26. SISÄMINISTERIÖN HALLINNONALA,01. Hallinto,51. Eräät investointiavustukset (siirtomääräraha 2 v),51. Eräät investointiavustukset (siirtomääräraha 2&nbsp;v),poistettava momentti hallituksen esityksessä,0,0,0,Leikataan / Tehoton,Poistuva momentti hallituksen esityksessä.,"0,00%",
meno,3,26.01.66.,https://budjetti.vm.fi/indox/sisalto.jsp?year=2026&lang=fi&maindoc=/2026/tae/hallituksenEsitys/hallituksenEsitys.xml&id=/2026/tae/hallituksenEsitys/YksityiskohtaisetPerustelut/26/01/66/66.html,26. SISÄMINISTERIÖN HALLINNONALA,01. Hallinto,66. Kansainvälisten järjestöjen jäsenmaksut ja maksuosuudet ulkomaille (arviomääräraha),66. Kansainvälisten järjestöjen jäsenmaksut ja maksuosuudet ulkomaille (arviomääräraha),,1 100 000,1 100 000,0,Tärkeä / Tehokas,"Eräiden kansainvälisten järjestöjen (mm. Interpol) jäsenmaksujen sekä maksuosuuksien maksuun varattu määräraha, momentti säilytetään ennallaan.","0,00%",
meno,2,26.10.,https://budjetti.vm.fi/indox/sisalto.jsp?year=2026&lang=fi&maindoc=/2026/tae/hallituksenEsitys/hallituksenEsitys.xml&id=/2026/tae/hallituksenEsitys/YksityiskohtaisetPerustelut/26/10/10.html,26. SISÄMINISTERIÖN HALLINNONALA,10. Poliisitoimi,,10. Poliisitoimi,,1 097 008 000,1 097 008 000,0,Tärkeä / Tehokas,,"0,00%",Tärkeät
meno,3,26.10.01.,https://budjetti.vm.fi/indox/sisalto.jsp?year=2026&lang=fi&maindoc=/2026/tae/hallituksenEsitys/hallituksenEsitys.xml&id=/2026/tae/hallituksenEsitys/YksityiskohtaisetPerustelut/26/10/01/01.html,26. SISÄMINISTERIÖN HALLINNONALA,10. Poliisitoimi,01. Poliisitoimen toimintamenot (siirtomääräraha 2 v),01. Poliisitoimen toimintamenot (siirtomääräraha 2&nbsp;v),,1 019 807 000,1 019 807 000,0,Tärkeä / Tehokas,"Poliisitoimen toimintamenot, momentti säilytetään ennallaan.","0,00%",
meno,3,26.10.02.,https://budjetti.vm.fi/indox/sisalto.jsp?year=2026&lang=fi&maindoc=/2026/tae/hallituksenEsitys/hallituksenEsitys.xml&id=/2026/tae/hallituksenEsitys/YksityiskohtaisetPerustelut/26/10/02/02.html,26. SISÄMINISTERIÖN HALLINNONALA,10. Poliisitoimi,02. Suojelupoliisin toimintamenot (siirtomääräraha 2 v),02. Suojelupoliisin toimintamenot (siirtomääräraha 2&nbsp;v),,73 333 000,73 333 000,0,Tärkeä / Tehokas,"Suojelupoliisin toimintamenot, momentti säilytetään ennallaan.","0,00%",
meno,3,26.10.20.,https://budjetti.vm.fi/indox/sisalto.jsp?year=2026&lang=fi&maindoc=/2026/tae/hallituksenEsitys/hallituksenEsitys.xml&id=/2026/tae/hallituksenEsitys/YksityiskohtaisetPerustelut/26/10/20/20.html,26. SISÄMINISTERIÖN HALLINNONALA,10. Poliisitoimi,20. Maasta poistamis- ja noutokuljetuksista aiheutuvat menot (siirtomääräraha 2 v),20. Maasta poistamis- ja noutokuljetuksista aiheutuvat menot (siirtomääräraha 2&nbsp;v),,3 868 000,3 868 000,0,Tärkeä / Tehokas,Maastapoistamisen ja noutokuljetusten momentti säilytetään ennallaan.,"0,00%",
meno,2,26.20.,https://budjetti.vm.fi/indox/sisalto.jsp?year=2026&lang=fi&maindoc=/2026/tae/hallituksenEsitys/hallituksenEsitys.xml&id=/2026/tae/hallituksenEsitys/YksityiskohtaisetPerustelut/26/20/20.html,26. SISÄMINISTERIÖN HALLINNONALA,20. Rajavartiolaitos,,20. Rajavartiolaitos,,363 975 000,363 975 000,0,Tärkeä / Tehokas,,"0,00%",Tärkeät
meno,3,26.20.01.,https://budjetti.vm.fi/indox/sisalto.jsp?year=2026&lang=fi&maindoc=/2026/tae/hallituksenEsitys/hallituksenEsitys.xml&id=/2026/tae/hallituksenEsitys/YksityiskohtaisetPerustelut/26/20/01/01.html,26. SISÄMINISTERIÖN HALLINNONALA,20. Rajavartiolaitos,01. Rajavartiolaitoksen toimintamenot (siirtomääräraha 2 v),01. Rajavartiolaitoksen toimintamenot (siirtomääräraha 2&nbsp;v),,329 725 000,329 725 000,0,Tärkeä / Tehokas,"Rajavartiolaitoksen toimintamenot, momentti säilytetään ennallaan.","0,00%",
meno,3,26.20.70.,https://budjetti.vm.fi/indox/sisalto.jsp?year=2026&lang=fi&maindoc=/2026/tae/hallituksenEsitys/hallituksenEsitys.xml&id=/2026/tae/hallituksenEsitys/YksityiskohtaisetPerustelut/26/20/70/70.html,26. SISÄMINISTERIÖN HALLINNONALA,20. Rajavartiolaitos,70. Rajavartiolaitoksen investoinnit (siirtomääräraha 5 v),70. Rajavartiolaitoksen investoinnit (siirtomääräraha 5&nbsp;v),,34 250 000,34 250 000,0,Tärkeä / Tehokas,Rajavartiolaitoksen käyttöön tarkoitettujen vartioalusten hankintamenot. Momentti säilytetään ennallaan.,"0,00%",
meno,2,26.30.,https://budjetti.vm.fi/indox/sisalto.jsp?year=2026&lang=fi&maindoc=/2026/tae/hallituksenEsitys/hallituksenEsitys.xml&id=/2026/tae/hallituksenEsitys/YksityiskohtaisetPerustelut/26/30/30.html,26. SISÄMINISTERIÖN HALLINNONALA,30. Pelastustoimi ja hätäkeskustoiminta,,30. Pelastustoimi ja hätäkeskustoiminta,,103 024 000,103 024 000,0,Tärkeä / Tehokas,,"0,00%",Tärkeät
meno,3,26.30.01.,https://budjetti.vm.fi/indox/sisalto.jsp?year=2026&lang=fi&maindoc=/2026/tae/hallituksenEsitys/hallituksenEsitys.xml&id=/2026/tae/hallituksenEsitys/YksityiskohtaisetPerustelut/26/30/01/01.html,26. SISÄMINISTERIÖN HALLINNONALA,30. Pelastustoimi ja hätäkeskustoiminta,01. Pelastustoimen toimintamenot (siirtomääräraha 2 v),01. Pelastustoimen toimintamenot (siirtomääräraha 2&nbsp;v),,2 330 000,2 330 000,0,Tärkeä / Tehokas,"Pelastustoimen toimintamenot kuuluvat hyvinvointialueelle, mutta tässä momentissa on valtakunnallisia onnettomuustutkinta ja standardointikuluja, jotka säilytetään.","0,00%",
meno,3,26.30.02.,https://budjetti.vm.fi/indox/sisalto.jsp?year=2026&lang=fi&maindoc=/2026/tae/hallituksenEsitys/hallituksenEsitys.xml&id=/2026/tae/hallituksenEsitys/YksityiskohtaisetPerustelut/26/30/02/02.html,26. SISÄMINISTERIÖN HALLINNONALA,30. Pelastustoimi ja hätäkeskustoiminta,02. Hätäkeskuslaitoksen toimintamenot (siirtomääräraha 2 v),02. Hätäkeskuslaitoksen toimintamenot (siirtomääräraha 2&nbsp;v),,75 294 000,75 294 000,0,Tärkeä / Tehokas,"Hätäkeskuslaitoksen toimintamenot, momentti säilytetään ennallaan.","0,00%",
meno,3,26.30.03.,https://budjetti.vm.fi/indox/sisalto.jsp?year=2026&lang=fi&maindoc=/2026/tae/hallituksenEsitys/hallituksenEsitys.xml&id=/2026/tae/hallituksenEsitys/YksityiskohtaisetPerustelut/26/30/03/03.html,26. SISÄMINISTERIÖN HALLINNONALA,30. Pelastustoimi ja hätäkeskustoiminta,03. Pelastusopiston toimintamenot (siirtomääräraha 2 v),03. Pelastusopiston toimintamenot (siirtomääräraha 2&nbsp;v),,21 400 000,21 400 000,0,Tärkeä / Tehokas,"Pelastusopiston toimintamenot, momentti säilytetään ennallaan. Määrärahat menevtä pelastustoimen ja hätäkeskustoiminnan ammattilaisia kouluttavalle oppilaitokselle.","0,00%",
meno,3,26.30.20.,https://budjetti.vm.fi/indox/sisalto.jsp?year=2026&lang=fi&maindoc=/2026/tae/hallituksenEsitys/hallituksenEsitys.xml&id=/2026/tae/hallituksenEsitys/YksityiskohtaisetPerustelut/26/30/20/20.html,26. SISÄMINISTERIÖN HALLINNONALA,30. Pelastustoimi ja hätäkeskustoiminta,20. Erityismenot (arviomääräraha),20. Erityismenot (arviomääräraha),,4 000 000,4 000 000,0,Tärkeä / Tehokas,Ilma-alusten käyttö poliisi- ja pelastustehtävissä. Momentti säilytetään.,"0,00%",
meno,2,26.40.,https://budjetti.vm.fi/indox/sisalto.jsp?year=2026&lang=fi&maindoc=/2026/tae/hallituksenEsitys/hallituksenEsitys.xml&id=/2026/tae/hallituksenEsitys/YksityiskohtaisetPerustelut/26/40/40.html,26. SISÄMINISTERIÖN HALLINNONALA,40. Maahanmuutto,,40. Maahanmuutto,,189 350 000,189 350 000,0,Tärkeä / Tehokas,,"0,00%",Maahanmuutto
meno,3,26.40.01.,https://budjetti.vm.fi/indox/sisalto.jsp?year=2026&lang=fi&maindoc=/2026/tae/hallituksenEsitys/hallituksenEsitys.xml&id=/2026/tae/hallituksenEsitys/YksityiskohtaisetPerustelut/26/40/01/01.html,26. SISÄMINISTERIÖN HALLINNONALA,40. Maahanmuutto,01. Maahanmuuttoviraston ja valtion vastaanottokeskusten toimintamenot (siirtomääräraha 2 v),01. Maahanmuuttoviraston ja valtion vastaanottokeskusten toimintamenot (siirtomääräraha 2&nbsp;v),,87 869 000,87 869 000,0,Tärkeä / Tehokas,"Maahanmuuttoviraston ja valtion vastaanottokeskusten toimintamenot, momentti säilytetään ennallaan.","0,00%",
meno,3,26.40.21.,https://budjetti.vm.fi/indox/sisalto.jsp?year=2026&lang=fi&maindoc=/2026/tae/hallituksenEsitys/hallituksenEsitys.xml&id=/2026/tae/hallituksenEsitys/YksityiskohtaisetPerustelut/26/40/21/21.html,26. SISÄMINISTERIÖN HALLINNONALA,40. Maahanmuutto,21. Pakolaisten ja turvapaikanhakijoiden vastaanotto (arviomääräraha),21. Pakolaisten ja turvapaikanhakijoiden vastaanotto (arviomääräraha),,80 776 000,80 776 000,0,Tärkeä / Tehokas,"Pakolaisten ja turvapaikanhakijoiden vastaanotosta aiheutuvien menojen maksamiseen osoitettu määräraha, momentti säilytetään ennallaan.","0,00%",
meno,3,26.40.22.,https://budjetti.vm.fi/indox/sisalto.jsp?year=2026&lang=fi&maindoc=/2026/tae/hallituksenEsitys/hallituksenEsitys.xml&id=/2026/tae/hallituksenEsitys/YksityiskohtaisetPerustelut/26/40/22/22.html,26. SISÄMINISTERIÖN HALLINNONALA,40. Maahanmuutto,22. Vapaaehtoinen paluu (siirtomääräraha 2 v),22. Vapaaehtoinen paluu (siirtomääräraha 2&nbsp;v),,2 318 000,2 318 000,0,Tärkeä / Tehokas,"Vapaaehtoisesta paluusta aiheutuvien menojen maksamiseen tarkoitettu määräraha, momentti säilytetään ennallaan.","0,00%",
meno,3,26.40.63.,https://budjetti.vm.fi/indox/sisalto.jsp?year=2026&lang=fi&maindoc=/2026/tae/hallituksenEsitys/hallituksenEsitys.xml&id=/2026/tae/hallituksenEsitys/YksityiskohtaisetPerustelut/26/40/63/63.html,26. SISÄMINISTERIÖN HALLINNONALA,40. Maahanmuutto,63. Vastaanottotoiminnan asiakkaille maksettavat tuet (arviomääräraha),63. Vastaanottotoiminnan asiakkaille maksettavat tuet (arviomääräraha),,18 387 000,18 387 000,0,Tärkeä / Tehokas,Vastaanottotoiminnan asiakkaille maksettavat tuet. Momentti säilytetään ennallaan.,"0,00%",
meno,1,27.,https://budjetti.vm.fi/indox/sisalto.jsp?year=2026&lang=fi&maindoc=/2026/tae/hallituksenEsitys/hallituksenEsitys.xml&id=/2026/tae/hallituksenEsitys/YksityiskohtaisetPerustelut/27/27.html,27. PUOLUSTUSMINISTERIÖN HALLINNONALA,,,27. PUOLUSTUSMINISTERIÖN HALLINNONALA,,6 297 046 000,6 417 046 000,120 000 000,Tärkeä / Tehokas,Nostetaan varusmiesten päivärahoja 120 MEUR,"1,91%",
meno,2,27.01.,https://budjetti.vm.fi/indox/sisalto.jsp?year=2026&lang=fi&maindoc=/2026/tae/hallituksenEsitys/hallituksenEsitys.xml&id=/2026/tae/hallituksenEsitys/YksityiskohtaisetPerustelut/27/01/01.html,27. PUOLUSTUSMINISTERIÖN HALLINNONALA,01. Puolustuspolitiikka ja hallinto,,01. Puolustuspolitiikka ja hallinto,,791 406 000,791 406 000,0,Tärkeä / Tehokas,,"0,00%",Hallinto
meno,3,27.01.01.,https://budjetti.vm.fi/indox/sisalto.jsp?year=2026&lang=fi&maindoc=/2026/tae/hallituksenEsitys/hallituksenEsitys.xml&id=/2026/tae/hallituksenEsitys/YksityiskohtaisetPerustelut/27/01/01/01.html,27. PUOLUSTUSMINISTERIÖN HALLINNONALA,01. Puolustuspolitiikka ja hallinto,01. Puolustusministeriön toimintamenot (siirtomääräraha 2 v),01. Puolustusministeriön toimintamenot (siirtomääräraha 2&nbsp;v),,21 150 000,21 150 000,0,Tärkeä / Tehokas,"Puolustusministeriön toimintamenot, momentti säilytetään ennallaan.","0,00%",
meno,3,27.01.29.,https://budjetti.vm.fi/indox/sisalto.jsp?year=2026&lang=fi&maindoc=/2026/tae/hallituksenEsitys/hallituksenEsitys.xml&id=/2026/tae/hallituksenEsitys/YksityiskohtaisetPerustelut/27/01/29/29.html,27. PUOLUSTUSMINISTERIÖN HALLINNONALA,01. Puolustuspolitiikka ja hallinto,29. Puolustusministeriön hallinnonalan arvonlisäveromenot (arviomääräraha),29. Puolustusministeriön hallinnonalan arvonlisäveromenot (arviomääräraha),,736 360 000,736 360 000,0,Tärkeä / Tehokas,Pysyy ennallaan. Varusmiesten päivärahojen nosto ei vaikuta tähän.,"0,00%",
meno,3,27.01.66.,https://budjetti.vm.fi/indox/sisalto.jsp?year=2026&lang=fi&maindoc=/2026/tae/hallituksenEsitys/hallituksenEsitys.xml&id=/2026/tae/hallituksenEsitys/YksityiskohtaisetPerustelut/27/01/66/66.html,27. PUOLUSTUSMINISTERIÖN HALLINNONALA,01. Puolustuspolitiikka ja hallinto,66. Jäsenmaksut ja rahoitusosuudet (siirtomääräraha 2 v),66. Jäsenmaksut ja rahoitusosuudet (siirtomääräraha 2&nbsp;v),,33 896 000,33 896 000,0,Tärkeä / Tehokas,Momentista katetaan mm. NATO:n maksuosuuksia. Säilytetään ennallaan.,"0,00%",
meno,2,27.10.,https://budjetti.vm.fi/indox/sisalto.jsp?year=2026&lang=fi&maindoc=/2026/tae/hallituksenEsitys/hallituksenEsitys.xml&id=/2026/tae/hallituksenEsitys/YksityiskohtaisetPerustelut/27/10/10.html,27. PUOLUSTUSMINISTERIÖN HALLINNONALA,10. Sotilaallinen maanpuolustus,,10. Sotilaallinen maanpuolustus,,5 439 615 000,5 559 615 000,120 000 000,Tärkeä / Tehokas,Nostetaan varusmiesten päivärahoja 120 MEUR,"2,21%",Maanpuolustus
meno,3,27.10.01.,https://budjetti.vm.fi/indox/sisalto.jsp?year=2026&lang=fi&maindoc=/2026/tae/hallituksenEsitys/hallituksenEsitys.xml&id=/2026/tae/hallituksenEsitys/YksityiskohtaisetPerustelut/27/10/01/01.html,27. PUOLUSTUSMINISTERIÖN HALLINNONALA,10. Sotilaallinen maanpuolustus,01. Puolustusvoimien toimintamenot (siirtomääräraha 2 v),01. Puolustusvoimien toimintamenot (siirtomääräraha 2&nbsp;v),,2 622 026 000,2 742 026 000,120 000 000,Tärkeä / Tehokas,Puolustusvoimien toimintamenot. Tehokas ja uskottava maanpuolustus on yhteiskunnan perusta ja siten valtion ehdoton ydintehtävä. Nostetaan varusmiesten päivärahoja.,"4,58%",
meno,3,27.10.18.,https://budjetti.vm.fi/indox/sisalto.jsp?year=2026&lang=fi&maindoc=/2026/tae/hallituksenEsitys/hallituksenEsitys.xml&id=/2026/tae/hallituksenEsitys/YksityiskohtaisetPerustelut/27/10/18/18.html,27. PUOLUSTUSMINISTERIÖN HALLINNONALA,10. Sotilaallinen maanpuolustus,18. Puolustusmateriaalihankinnat (siirtomääräraha 5 v),18. Puolustusmateriaalihankinnat (siirtomääräraha 5&nbsp;v),,1 452 994 000,1 452 994 000,0,Tärkeä / Tehokas,"Puolustusvoimien materiaalihankintojen maksamiseen osoitettu määräraha, momentti säilytetään ennallaan.","0,00%",
meno,3,27.10.19.,https://budjetti.vm.fi/indox/sisalto.jsp?year=2026&lang=fi&maindoc=/2026/tae/hallituksenEsitys/hallituksenEsitys.xml&id=/2026/tae/hallituksenEsitys/YksityiskohtaisetPerustelut/27/10/19/19.html,27. PUOLUSTUSMINISTERIÖN HALLINNONALA,10. Sotilaallinen maanpuolustus,19. Monitoimihävittäjien hankinta (siirtomääräraha 5 v),19. Monitoimihävittäjien hankinta (siirtomääräraha 5&nbsp;v),,1 354 600 000,1 354 600 000,0,Tärkeä / Tehokas,"Puolustusvoimien hävittäjähankinnasta aiheutuvien menojen maksamiseen tarkoitettu määräraha, momentti säilytetään ennallaan.","0,00%",
meno,3,27.10.50.,https://budjetti.vm.fi/indox/sisalto.jsp?year=2026&lang=fi&maindoc=/2026/tae/hallituksenEsitys/hallituksenEsitys.xml&id=/2026/tae/hallituksenEsitys/YksityiskohtaisetPerustelut/27/10/50/50.html,27. PUOLUSTUSMINISTERIÖN HALLINNONALA,10. Sotilaallinen maanpuolustus,50. Maanpuolustus- ja veteraanijärjestöjen toiminnan tukeminen (kiinteä määräraha),50. Maanpuolustus- ja veteraanijärjestöjen toiminnan tukeminen (kiinteä määräraha),,9 995 000,9 995 000,0,Liikkumavaraa,Maanpuolustusjärjestöjen toiminnan tukeminen. Leikataan tarvittaessa.,"0,00%",
meno,2,27.30.,https://budjetti.vm.fi/indox/sisalto.jsp?year=2026&lang=fi&maindoc=/2026/tae/hallituksenEsitys/hallituksenEsitys.xml&id=/2026/tae/hallituksenEsitys/YksityiskohtaisetPerustelut/27/30/30.html,27. PUOLUSTUSMINISTERIÖN HALLINNONALA,30. Sotilaallinen kriisinhallinta,,30. Sotilaallinen kriisinhallinta,,66 025 000,66 025 000,0,Tärkeä / Tehokas,,"0,00%",Tärkeät
meno,3,27.30.20.,https://budjetti.vm.fi/indox/sisalto.jsp?year=2026&lang=fi&maindoc=/2026/tae/hallituksenEsitys/hallituksenEsitys.xml&id=/2026/tae/hallituksenEsitys/YksityiskohtaisetPerustelut/27/30/20/20.html,27. PUOLUSTUSMINISTERIÖN HALLINNONALA,30. Sotilaallinen kriisinhallinta,20. Sotilaallisen kriisinhallinnan kalusto- ja hallintomenot (siirtomääräraha 3 v),20. Sotilaallisen kriisinhallinnan kalusto- ja hallintomenot (siirtomääräraha 3&nbsp;v),,66 015 000,66 015 000,0,Tärkeä / Tehokas,"Sotilaallisen kriisinhallinnan kalusto- ja hallintamenot, momentti säilytetään ennallaan.","0,00%",
meno,3,27.30.95.,https://budjetti.vm.fi/indox/sisalto.jsp?year=2026&lang=fi&maindoc=/2026/tae/hallituksenEsitys/hallituksenEsitys.xml&id=/2026/tae/hallituksenEsitys/YksityiskohtaisetPerustelut/27/30/95/95.html,27. PUOLUSTUSMINISTERIÖN HALLINNONALA,30. Sotilaallinen kriisinhallinta,95. Kurssivaihtelut (arviomääräraha),95. Kurssivaihtelut (arviomääräraha),,10 000,10 000,0,Tärkeä / Tehokas,"Kurssivaihteluihin varattu määräraha, momentti säilytetään ennallaan.","0,00%",
meno,1,28.,https://budjetti.vm.fi/indox/sisalto.jsp?year=2026&lang=fi&maindoc=/2026/tae/hallituksenEsitys/hallituksenEsitys.xml&id=/2026/tae/hallituksenEsitys/YksityiskohtaisetPerustelut/28/28.html,28. VALTIOVARAINMINISTERIÖN HALLINNONALA,,,28. VALTIOVARAINMINISTERIÖN HALLINNONALA,,41 840 216 000,36 820 953 750,−5 019 262 250,Leikataan / Tehoton,,"−12,00%",
meno,2,28.01.,https://budjetti.vm.fi/indox/sisalto.jsp?year=2026&lang=fi&maindoc=/2026/tae/hallituksenEsitys/hallituksenEsitys.xml&id=/2026/tae/hallituksenEsitys/YksityiskohtaisetPerustelut/28/01/01.html,28. VALTIOVARAINMINISTERIÖN HALLINNONALA,01. Hallinto,,01. Hallinto,,213 832 000,186 589 800,−27 242 200,Liikkumavaraa,,"−12,74%",Hallinto
meno,3,28.01.01.,https://budjetti.vm.fi/indox/sisalto.jsp?year=2026&lang=fi&maindoc=/2026/tae/hallituksenEsitys/hallituksenEsitys.xml&id=/2026/tae/hallituksenEsitys/YksityiskohtaisetPerustelut/28/01/01/01.html,28. VALTIOVARAINMINISTERIÖN HALLINNONALA,01. Hallinto,01. Valtiovarainministeriön toimintamenot (siirtomääräraha 2 v),01. Valtiovarainministeriön toimintamenot (siirtomääräraha 2&nbsp;v),,40 341 000,32 272 800,−8 068 200,Liikkumavaraa,Valtiovarainministeriön toimintamenoihin esitetään 20 % leikkausta. Ministeriön tulee priorisoida toimensa ja karsia ei-välttämättömiä tehtäviään. Julkisen sektorin lomia tulee vähentää ja työn tuottavuutta kasvattaa.,"−20,00%",
meno,3,28.01.20.,https://budjetti.vm.fi/indox/sisalto.jsp?year=2026&lang=fi&maindoc=/2026/tae/hallituksenEsitys/hallituksenEsitys.xml&id=/2026/tae/hallituksenEsitys/YksityiskohtaisetPerustelut/28/01/20/20.html,28. VALTIOVARAINMINISTERIÖN HALLINNONALA,01. Hallinto,20. Valtion kiinteistöstrategian toteuttaminen (arviomääräraha),20. Valtion kiinteistöstrategian toteuttaminen (arviomääräraha),,3 645 000,3 645 000,0,Liikkumavaraa,"Valtion virastojen valmiuden ja varautumisen vahvistamiseen käytettäviä varoja, jotka ovat kasvaneet Venäjän hyökkäyssodan myötä. Säilytetään ehdotuksen mukaisina.","0,00%",
meno,3,28.01.21.,https://budjetti.vm.fi/indox/sisalto.jsp?year=2026&lang=fi&maindoc=/2026/tae/hallituksenEsitys/hallituksenEsitys.xml&id=/2026/tae/hallituksenEsitys/YksityiskohtaisetPerustelut/28/01/21/21.html,28. VALTIOVARAINMINISTERIÖN HALLINNONALA,01. Hallinto,21. Valtiovarainministeriön hallinnonalan tuottavuusmääräraha (siirtomääräraha 2 v),21. Valtiovarainministeriön hallinnonalan tuottavuusmääräraha (siirtomääräraha 2&nbsp;v),,2 306 000,2 306 000,0,Liikkumavaraa,"Valtiovarainministeriön hallinnonalan tuottavuusmääräraha säilytetään ennallaan, sillä ministeriön toiminnasta säästyneitä varoja on perusteltua käyttää edelleen tuottavuutta parantaviin kohteisiin. Vastaaville momenteille olisi perusteltua määritellä selkeät tuottavuuden parantumista mittaavat mittarit, joilla varmistetaan määrärahan tarkoituksenmukaisuus.","0,00%",
meno,3,28.01.25.,https://budjetti.vm.fi/indox/sisalto.jsp?year=2026&lang=fi&maindoc=/2026/tae/hallituksenEsitys/hallituksenEsitys.xml&id=/2026/tae/hallituksenEsitys/YksityiskohtaisetPerustelut/28/01/25/25.html,28. VALTIOVARAINMINISTERIÖN HALLINNONALA,01. Hallinto,25. Metallirahamenot (arviomääräraha),25. Metallirahamenot (arviomääräraha),,1 600 000,2 800 000,1 200 000,Liikkumavaraa,"Metallirahojen liikkeellelaskun ja valmistuksen menoja, joka säilytetään muutoin ennallaan, mutta juhlarahojen valmistus lopetetaan toissijaisena tehtävänä. Samalla huomioidaan keräilyrahatoiminnan tuottojen poistuminen. Määrärahoja siis kokonaisuutena tarvitaan 1,2 M€ lisää metallirahan kulumisen vuoksi.","75,00%",
meno,3,28.01.29.,https://budjetti.vm.fi/indox/sisalto.jsp?year=2026&lang=fi&maindoc=/2026/tae/hallituksenEsitys/hallituksenEsitys.xml&id=/2026/tae/hallituksenEsitys/YksityiskohtaisetPerustelut/28/01/29/29.html,28. VALTIOVARAINMINISTERIÖN HALLINNONALA,01. Hallinto,29. Valtiovarainministeriön hallinnonalan arvonlisäveromenot (arviomääräraha),29. Valtiovarainministeriön hallinnonalan arvonlisäveromenot (arviomääräraha),,164 000 000,144 326 000,−19 674 000,Tärkeä / Tehokas,Valtiovarainministeriön hallinnonalan arvonlisäveromenot laskettu leikkausten suhteessa alkuperäiseen budjettiin.,"−12,00%",
meno,3,28.01.66.,https://budjetti.vm.fi/indox/sisalto.jsp?year=2026&lang=fi&maindoc=/2026/tae/hallituksenEsitys/hallituksenEsitys.xml&id=/2026/tae/hallituksenEsitys/YksityiskohtaisetPerustelut/28/01/66/66.html,28. VALTIOVARAINMINISTERIÖN HALLINNONALA,01. Hallinto,66. Kansainvälisten järjestöjen jäsenmaksut ja rahoitusosuudet (siirtomääräraha 2 v),66. Kansainvälisten järjestöjen jäsenmaksut ja rahoitusosuudet (siirtomääräraha 2&nbsp;v),,1 200 000,500 000,−700 000,Liikkumavaraa,"Momentilta rahoitetaan Nordic Institute for Interoperability Solutions (NIIS) sekä International Council for IT in Government Administration (ICA) järjestöjen jäsenmaksut. Lakkauttamme Suomen jäsenyyden ICA järjestössä, jonka hyödyllisyys on kyseenalainen.","−58,33%",
meno,3,28.01.69.,https://budjetti.vm.fi/indox/sisalto.jsp?year=2026&lang=fi&maindoc=/2026/tae/hallituksenEsitys/hallituksenEsitys.xml&id=/2026/tae/hallituksenEsitys/YksityiskohtaisetPerustelut/28/01/69/69.html,28. VALTIOVARAINMINISTERIÖN HALLINNONALA,01. Hallinto,69. Suomen Pankin eräiden sijoitustuottojen siirto Kreikan valtiolle (siirtomääräraha 3 v),69. Suomen Pankin eräiden sijoitustuottojen siirto Kreikan valtiolle (siirtomääräraha 3&nbsp;v),,740 000,740 000,0,Tärkeä / Tehokas,"Kreikan valtiolle suunnattuja Suomen Pankin sijoitustuottoja, joista ei voida irtautua. Jatkossa moraalikatoa aikaansaavia pelastuspaketteja ei pidä harjoittaa, vaan uudistumisen on tapahduttava konkurssien kautta.","0,00%",
meno,2,28.10.,https://budjetti.vm.fi/indox/sisalto.jsp?year=2026&lang=fi&maindoc=/2026/tae/hallituksenEsitys/hallituksenEsitys.xml&id=/2026/tae/hallituksenEsitys/YksityiskohtaisetPerustelut/28/10/10.html,28. VALTIOVARAINMINISTERIÖN HALLINNONALA,10. Verotus ja tulli,,10. Verotus ja tulli,,677 091 000,556 212 800,−120 878 200,Liikkumavaraa,,"−17,85%",Hallinto
meno,3,28.10.01.,https://budjetti.vm.fi/indox/sisalto.jsp?year=2026&lang=fi&maindoc=/2026/tae/hallituksenEsitys/hallituksenEsitys.xml&id=/2026/tae/hallituksenEsitys/YksityiskohtaisetPerustelut/28/10/01/01.html,28. VALTIOVARAINMINISTERIÖN HALLINNONALA,10. Verotus ja tulli,01. Verohallinnon toimintamenot (siirtomääräraha 2 v),01. Verohallinnon toimintamenot (siirtomääräraha 2&nbsp;v),,402 191 000,321 752 800,−80 438 200,Liikkumavaraa,"Verohallinnon toimintamenoihin esitetään 20 % leikkausta. Liberaalipuolue yksinkertaistaa verotusta, ja vähentää valtion kerättävien verojen määrää, Nämä vähentävät Verohallinnon työmäärää.","−20,00%",
meno,3,28.10.02.,https://budjetti.vm.fi/indox/sisalto.jsp?year=2026&lang=fi&maindoc=/2026/tae/hallituksenEsitys/hallituksenEsitys.xml&id=/2026/tae/hallituksenEsitys/YksityiskohtaisetPerustelut/28/10/02/02.html,28. VALTIOVARAINMINISTERIÖN HALLINNONALA,10. Verotus ja tulli,02. Tullin toimintamenot (siirtomääräraha 2 v),02. Tullin toimintamenot (siirtomääräraha 2&nbsp;v),,200 748 000,180 673 200,−20 074 800,Liikkumavaraa,Tullin toimintamenoihin esitetään 10 % leikkausta. Byrokratiaa karsimalla ja yksinkertaistamalla voidaan vähentää valvottavien asioiden määrää ja siten vähentää tullin tarvitsemia verorahojen määrää.,"−10,00%",
meno,3,28.10.03.,https://budjetti.vm.fi/indox/sisalto.jsp?year=2026&lang=fi&maindoc=/2026/tae/hallituksenEsitys/hallituksenEsitys.xml&id=/2026/tae/hallituksenEsitys/YksityiskohtaisetPerustelut/28/10/03/03.html,28. VALTIOVARAINMINISTERIÖN HALLINNONALA,10. Verotus ja tulli,03. Kansallisen tulorekisterin toimintamenot (siirtomääräraha 2 v),03. Kansallisen tulorekisterin toimintamenot (siirtomääräraha 2&nbsp;v),,33 652 000,30 286 800,−3 365 200,Liikkumavaraa,Kansallisen tulorekisterin toimintamenoihin esitetään 10 % tehokkuusparannusta. Ajantasaisen ja luotettavan tulorekisterin ylläpitäminen on valtion keskeinen tehtävä.,"−10,00%",
meno,3,28.10.63.,https://budjetti.vm.fi/indox/sisalto.jsp?year=2026&lang=fi&maindoc=/2026/tae/hallituksenEsitys/hallituksenEsitys.xml&id=/2026/tae/hallituksenEsitys/YksityiskohtaisetPerustelut/28/10/63/63.html,28. VALTIOVARAINMINISTERIÖN HALLINNONALA,10. Verotus ja tulli,63. Takaisin maksetut verot (arviomääräraha),63. Takaisin maksetut verot (arviomääräraha),,3 000 000,3 000 000,0,Tärkeä / Tehokas,"Määrärahaa käytetään maksettujen verojen takaisinmaksuun erinäisissä tapauksissa valtiovarainministeriön, Verohallinnon ja Tullin tai tuomioistuimen päätöksen nojalla. Momentti säilytetään ennallaan.","0,00%",
meno,3,28.10.95.,https://budjetti.vm.fi/indox/sisalto.jsp?year=2026&lang=fi&maindoc=/2026/tae/hallituksenEsitys/hallituksenEsitys.xml&id=/2026/tae/hallituksenEsitys/YksityiskohtaisetPerustelut/28/10/95/95.html,28. VALTIOVARAINMINISTERIÖN HALLINNONALA,10. Verotus ja tulli,95. Verotukseen liittyvät korkomenot (arviomääräraha),95. Verotukseen liittyvät korkomenot (arviomääräraha),,20 500 000,20 500 000,0,Tärkeä / Tehokas,"On kohtuullista, että väärin perityistä veroista maksetaan korkoa kunnes ne palautetaan.","0,00%",
meno,3,28.10.97.,https://budjetti.vm.fi/indox/sisalto.jsp?year=2026&lang=fi&maindoc=/2026/tae/hallituksenEsitys/hallituksenEsitys.xml&id=/2026/tae/hallituksenEsitys/YksityiskohtaisetPerustelut/28/10/97/97.html,28. VALTIOVARAINMINISTERIÖN HALLINNONALA,10. Verotus ja tulli,97. Autoveron vientipalautus (arviomääräraha),97. Autoveron vientipalautus (arviomääräraha),,17 000 000,0,−17 000 000,Leikataan / Tehoton,"Määrärahaa käytetään ajoneuvoveron takaisinmaksuun tilanteissa, joissa Suomeen rekisteröity ajoneuvo viedään pysyvästi ulkomaahan. Liberaalipuolue poistaisi 11.10.07. Ajoneuvovero tulopuolelta, joten myöskään tämä ei ole tarpeen.","−100,00%",
meno,2,28.20.,https://budjetti.vm.fi/indox/sisalto.jsp?year=2026&lang=fi&maindoc=/2026/tae/hallituksenEsitys/hallituksenEsitys.xml&id=/2026/tae/hallituksenEsitys/YksityiskohtaisetPerustelut/28/20/20.html,28. VALTIOVARAINMINISTERIÖN HALLINNONALA,20. Palvelut valtioyhteisölle,,20. Palvelut valtioyhteisölle,,51 114 000,31 805 600,−19 308 400,Leikataan / Tehoton,,"−37,78%",Hallinto
meno,3,28.20.01.,https://budjetti.vm.fi/indox/sisalto.jsp?year=2026&lang=fi&maindoc=/2026/tae/hallituksenEsitys/hallituksenEsitys.xml&id=/2026/tae/hallituksenEsitys/YksityiskohtaisetPerustelut/28/20/01/01.html,28. VALTIOVARAINMINISTERIÖN HALLINNONALA,20. Palvelut valtioyhteisölle,01. Valtiokonttorin toimintamenot (siirtomääräraha 2 v),01. Valtiokonttorin toimintamenot (siirtomääräraha 2&nbsp;v),,36 882 000,29 505 600,−7 376 400,Liikkumavaraa,"Momentilta maksetaan valtiokonttorin toimintamenot. Momentille esitetään 20 % leikkausta, sillä budjetin pienentyessä myös valtiokonttorin toimintamenot laskevat. Julkisen sektorin lomia tulee vähentää ja työn tuottavuutta kasvattaa.","−20,00%",
meno,3,28.20.02.,https://budjetti.vm.fi/indox/sisalto.jsp?year=2026&lang=fi&maindoc=/2026/tae/hallituksenEsitys/hallituksenEsitys.xml&id=/2026/tae/hallituksenEsitys/YksityiskohtaisetPerustelut/28/20/02/02.html,28. VALTIOVARAINMINISTERIÖN HALLINNONALA,20. Palvelut valtioyhteisölle,02. Keskitettyjen valuuttatilien kurssierot (arviomääräraha),02. Keskitettyjen valuuttatilien kurssierot (arviomääräraha),,600 000,600 000,0,Tärkeä / Tehokas,"Valtion virastojen ja laitosten hankinnoista aiheutuvien valuutanvaihtojen kurssierojen kattamiseen varattu määräraha. Säilytetään ennallaan, on perusteltua että hankinnat hoidetaan keskitetysti valtiokonttorin kautta eikä erikseen virastokohtaisesti.","0,00%",
meno,3,28.20.03.,https://budjetti.vm.fi/indox/sisalto.jsp?year=2026&lang=fi&maindoc=/2026/tae/hallituksenEsitys/hallituksenEsitys.xml&id=/2026/tae/hallituksenEsitys/YksityiskohtaisetPerustelut/28/20/03/03.html,28. VALTIOVARAINMINISTERIÖN HALLINNONALA,20. Palvelut valtioyhteisölle,03. Huoltovarmuuspankin palvelumaksu (arviomääräraha),03. Huoltovarmuuspankin palvelumaksu (arviomääräraha),,1 700 000,1 700 000,0,Tärkeä / Tehokas,"Huoltovarmuuspankin palvelumaksulla ylläpidetään pankin toimintaa. Momentti säilytetään ennallaan, maksuliikenteen varmistaminen myös poikkeusoloissa on keskeinen osa kansallista huoltovarmuutta.","0,00%",
meno,3,28.20.07.,https://budjetti.vm.fi/indox/sisalto.jsp?year=2026&lang=fi&maindoc=/2026/tae/hallituksenEsitys/hallituksenEsitys.xml&id=/2026/tae/hallituksenEsitys/YksityiskohtaisetPerustelut/28/20/07/07.html,28. VALTIOVARAINMINISTERIÖN HALLINNONALA,20. Palvelut valtioyhteisölle,07. Valtion talous- ja henkilöstöhallinnon palvelukeskuksen toimintamenot (siirtomääräraha 3 v),07. Valtion talous- ja henkilöstöhallinnon palvelukeskuksen toimintamenot (siirtomääräraha 3&nbsp;v),,6 932 000,0,−6 932 000,Leikataan / Tehoton,"Valtion talous- ja henkilöstöhallinnon palvelukeskuksen (Palkeet) toimintamenoihin varattu määräraha. Momentti esitetään leikattavaksi kokonaisuudessaan, palvelukeskuksen tulisi hinnoittelussaan pyrkiä nollatulokseen ilman erillistä VM:n budjettiin varattua liikkumavaraa.","−100,00%",
meno,3,28.20.09.,https://budjetti.vm.fi/indox/sisalto.jsp?year=2026&lang=fi&maindoc=/2026/tae/hallituksenEsitys/hallituksenEsitys.xml&id=/2026/tae/hallituksenEsitys/YksityiskohtaisetPerustelut/28/20/09/09.html,28. VALTIOVARAINMINISTERIÖN HALLINNONALA,20. Palvelut valtioyhteisölle,09. Valtion tieto- ja viestintätekniikkakeskuksen toimintamenot (siirtomääräraha 3 v),09. Valtion tieto- ja viestintätekniikkakeskuksen toimintamenot (siirtomääräraha 3&nbsp;v),,4 500 000,0,−4 500 000,Leikataan / Tehoton,"Valtion tieto- ja viestintätekniikkakeskuksen toimintamenoihin varattu määräraha. Momentti esitetään leikattavaksi kokonaisuudessaan, palvelukeskuksen tulisi hinnoittelussaan pyrkiä nollatulokseen ilman erillistä VM:n budjettiin varattua liikkumavaraa.","−100,00%",
meno,3,28.20.11.,https://budjetti.vm.fi/indox/sisalto.jsp?year=2026&lang=fi&maindoc=/2026/tae/hallituksenEsitys/hallituksenEsitys.xml&id=/2026/tae/hallituksenEsitys/YksityiskohtaisetPerustelut/28/20/11/11.html,28. VALTIOVARAINMINISTERIÖN HALLINNONALA,20. Palvelut valtioyhteisölle,11. Verkkomaksaminen (siirtomääräraha 2 v),11. Verkkomaksaminen (siirtomääräraha 2&nbsp;v),,500 000,0,−500 000,Leikataan / Tehoton,"Suomi.fi -palvelun kehittämiseen, ylläpitoon ja jatkuvaan palveluntuotantoon käytettävä määräraha. Leikataan kokonaisuudessaan, sillä palvelun käytöstä tulisi periä palvelumaksu käyttäjältä eikä subventoida käyttöä veronmaksajan varoilla.","−100,00%",
meno,3,28.20.88.,https://budjetti.vm.fi/indox/sisalto.jsp?year=2026&lang=fi&maindoc=/2026/tae/hallituksenEsitys/hallituksenEsitys.xml&id=/2026/tae/hallituksenEsitys/YksityiskohtaisetPerustelut/28/20/88/88.html,28. VALTIOVARAINMINISTERIÖN HALLINNONALA,20. Palvelut valtioyhteisölle,88. Senaatti-konsernin liikelaitokset,88. Senaatti-konsernin liikelaitokset,,0,0,0,Leikataan / Tehoton,Kustannusvastaavuus toteutuu. Valtion kiinteistöomaisuutta pitää silti vähentää.,"0,00%",
meno,2,28.30.,https://budjetti.vm.fi/indox/sisalto.jsp?year=2026&lang=fi&maindoc=/2026/tae/hallituksenEsitys/hallituksenEsitys.xml&id=/2026/tae/hallituksenEsitys/YksityiskohtaisetPerustelut/28/30/30.html,28. VALTIOVARAINMINISTERIÖN HALLINNONALA,"30. Tilastotoimi, taloudellinen tutkimus ja rekisterihallinto",,"30. Tilastotoimi, taloudellinen tutkimus ja rekisterihallinto",,116 443 000,100 988 900,−15 454 100,Liikkumavaraa,,"−13,27%",Hallinto
meno,3,28.30.01.,https://budjetti.vm.fi/indox/sisalto.jsp?year=2026&lang=fi&maindoc=/2026/tae/hallituksenEsitys/hallituksenEsitys.xml&id=/2026/tae/hallituksenEsitys/YksityiskohtaisetPerustelut/28/30/01/01.html,28. VALTIOVARAINMINISTERIÖN HALLINNONALA,"30. Tilastotoimi, taloudellinen tutkimus ja rekisterihallinto",01. Tilastokeskuksen toimintamenot (siirtomääräraha 2 v),01. Tilastokeskuksen toimintamenot (siirtomääräraha 2&nbsp;v),,51 313 000,41 050 400,−10 262 600,Liikkumavaraa,"Tilastokeskuksen toimintamenojen maksamiseen varatusta määrärahasta leikataan 20 %. Keskuksen tulee priorisoida resurssinsa ja teettää ainoastaan sellaista tilastotietoa, joka on poliitisen päätöksenteon osalta tai kansallisesti oleellista. Julkisen sektorin lomia tulee vähentää ja työn tuottavuutta kasvattaa.","−20,00%",
meno,3,28.30.02.,https://budjetti.vm.fi/indox/sisalto.jsp?year=2026&lang=fi&maindoc=/2026/tae/hallituksenEsitys/hallituksenEsitys.xml&id=/2026/tae/hallituksenEsitys/YksityiskohtaisetPerustelut/28/30/02/02.html,28. VALTIOVARAINMINISTERIÖN HALLINNONALA,"30. Tilastotoimi, taloudellinen tutkimus ja rekisterihallinto",02. Valtion taloudellisen tutkimuskeskuksen toimintamenot (siirtomääräraha 2 v),02. Valtion taloudellisen tutkimuskeskuksen toimintamenot (siirtomääräraha 2&nbsp;v),,5 315 000,5 315 000,0,Liikkumavaraa,"Momentilta maksetaan Valtion taloudellisen tutkimuskeskuksen toimintamenot. Säilytetään ennallaan, sillä taloudellista tutkimustietoa tarvitaan päätöksenteon tueksi. Julkisen sektorin lomia tulee vähentää ja työn tuottavuutta kasvattaa.","0,00%",
meno,3,28.30.03.,https://budjetti.vm.fi/indox/sisalto.jsp?year=2026&lang=fi&maindoc=/2026/tae/hallituksenEsitys/hallituksenEsitys.xml&id=/2026/tae/hallituksenEsitys/YksityiskohtaisetPerustelut/28/30/03/03.html,28. VALTIOVARAINMINISTERIÖN HALLINNONALA,"30. Tilastotoimi, taloudellinen tutkimus ja rekisterihallinto",03. Digi- ja väestötietoviraston toimintamenot (siirtomääräraha 2 v),03. Digi- ja väestötietoviraston toimintamenot (siirtomääräraha 2&nbsp;v),,51 915 000,46 723 500,−5 191 500,Liikkumavaraa,Tavoitteena on vähintään 10 % tehokkuuslisä työprosesseissa. Toiminnan tehokkuuden parantamisessa poistetaan työ- ja palveluprosesseista kaikki turhat työvaiheet. Asiakkaalle arvoa tuovien työvaiheiden ajallinen osuus kaikkiin työvaiheisiin käytettävästä ajasta on usein huomattavan pieni. Julkisen sektorin lomia tulee vähentää ja työn tuottavuutta kasvattaa.,"−10,00%",
meno,3,28.30.04.,https://budjetti.vm.fi/indox/sisalto.jsp?year=2026&lang=fi&maindoc=/2026/tae/hallituksenEsitys/hallituksenEsitys.xml&id=/2026/tae/hallituksenEsitys/YksityiskohtaisetPerustelut/28/30/04/04.html,28. VALTIOVARAINMINISTERIÖN HALLINNONALA,"30. Tilastotoimi, taloudellinen tutkimus ja rekisterihallinto",04. Sähköinen tunnistautuminen (arviomääräraha),04. Sähköinen tunnistautuminen (arviomääräraha),,7 000 000,7 000 000,0,Liikkumavaraa,Julkishallinnon kansalaisille tarjoaminen palvelujen vahvan tunnistautumisen kustannuksiin varattu määräraha. Säilytetään ennallaan.,"0,00%",
meno,3,28.30.05.,https://budjetti.vm.fi/indox/sisalto.jsp?year=2026&lang=fi&maindoc=/2026/tae/hallituksenEsitys/hallituksenEsitys.xml&id=/2026/tae/hallituksenEsitys/YksityiskohtaisetPerustelut/28/30/05/05.html,28. VALTIOVARAINMINISTERIÖN HALLINNONALA,"30. Tilastotoimi, taloudellinen tutkimus ja rekisterihallinto",05. Rekisteriaineistojen tutkijakäytön tuki (siirtomääräraha 2 v),05. Rekisteriaineistojen tutkijakäytön tuki (siirtomääräraha 2&nbsp;v),lisäys hallituksen esityksessä,900 000,900 000,0,Liikkumavaraa,Hallitus on selkeyttänyt budjettia ja erotellut tämän tutkimustuen 28.30.01. momentilta erilleen. Liberaalipuolue säilyttäisi tämän tuen mutta on valmis neuvottelemaan tästäkin budjetin tasapainotusta haettaessa.,"0,00%",
meno,2,28.40.,https://budjetti.vm.fi/indox/sisalto.jsp?year=2026&lang=fi&maindoc=/2026/tae/hallituksenEsitys/hallituksenEsitys.xml&id=/2026/tae/hallituksenEsitys/YksityiskohtaisetPerustelut/28/40/40.html,28. VALTIOVARAINMINISTERIÖN HALLINNONALA,"40. Valtion luvat, valvonta ja palvelurakenteet",,"40. Valtion luvat, valvonta ja palvelurakenteet",,119 255 000,113 303 050,−5 951 950,Liikkumavaraa,,"−4,99%",Muut
meno,3,28.40.01.,https://budjetti.vm.fi/indox/sisalto.jsp?year=2026&lang=fi&maindoc=/2026/tae/hallituksenEsitys/hallituksenEsitys.xml&id=/2026/tae/hallituksenEsitys/YksityiskohtaisetPerustelut/28/40/01poistettava/01poistettava.html,28. VALTIOVARAINMINISTERIÖN HALLINNONALA,"40. Valtion luvat, valvonta ja palvelurakenteet",01. Aluehallintoviraston toimintamenot (siirtomääräraha 2 v),01. Aluehallintoviraston toimintamenot (siirtomääräraha 2&nbsp;v),poistettava momentti hallituksen esityksessä,0,0,0,Liikkumavaraa,Aluehallinnon uudistuksessa valta osa aluehallintoviraston toimista siirtyy uudelle momentille 28.40.04. Lupa- ja valvontaviraston toimintamenot. Liberaalipuolue on valmis yhtenäistämään aluehallintotasoja vielä tämänkin jälkeen.,"0,00%",
meno,3,28.40.03.,https://budjetti.vm.fi/indox/sisalto.jsp?year=2026&lang=fi&maindoc=/2026/tae/hallituksenEsitys/hallituksenEsitys.xml&id=/2026/tae/hallituksenEsitys/YksityiskohtaisetPerustelut/28/40/03/03.html,28. VALTIOVARAINMINISTERIÖN HALLINNONALA,"40. Valtion luvat, valvonta ja palvelurakenteet",03. Palvelurakenteiden ja valtion hallintorakenteiden kehittäminen (siirtomääräraha 3 v),03. Palvelurakenteiden ja valtion hallintorakenteiden kehittäminen (siirtomääräraha 3&nbsp;v),,216 000,216 000,0,Liikkumavaraa,"Valtion palveluiden saatavuuden, hallintorakenteiden sekä julkishallinnon eri asiakaspalvelumuotojen kehittämiseen varattu määräraha.","0,00%",
meno,3,28.40.04.,https://budjetti.vm.fi/indox/sisalto.jsp?year=2026&lang=fi&maindoc=/2026/tae/hallituksenEsitys/hallituksenEsitys.xml&id=/2026/tae/hallituksenEsitys/YksityiskohtaisetPerustelut/28/40/04/04.html,28. VALTIOVARAINMINISTERIÖN HALLINNONALA,"40. Valtion luvat, valvonta ja palvelurakenteet",04. Lupa- ja valvontaviraston toimintamenot (siirtomääräraha 2 v),04. Lupa- ja valvontaviraston toimintamenot (siirtomääräraha 2&nbsp;v),lisäys hallituksen esityksessä,117 599 000,111 719 050,−5 879 950,Liikkumavaraa,"Uuden Lupa- ja valvontaviraston toimintamenoihin ei tehdä vielä yhdistämisen jälkeisenä ensimmäisenä vuonna suuria leikkauksia, mutta yleisesti julkisen sektorin lomia tulee vähentää ja työn tuottavuutta kasvattaa. Tämä laskee työvoimatarvetta ja budjettia arviolta 5 %.","−5,00%",
meno,3,28.40.05.,https://budjetti.vm.fi/indox/sisalto.jsp?year=2026&lang=fi&maindoc=/2026/tae/hallituksenEsitys/hallituksenEsitys.xml&id=/2026/tae/hallituksenEsitys/YksityiskohtaisetPerustelut/28/40/05/05.html,28. VALTIOVARAINMINISTERIÖN HALLINNONALA,"40. Valtion luvat, valvonta ja palvelurakenteet",05. Ahvenanmaan valtionviraston toimintamenot (siirtomääräraha 2 v),05. Ahvenanmaan valtionviraston toimintamenot (siirtomääräraha 2&nbsp;v),lisäys hallituksen esityksessä,1 440 000,1 368 000,−72 000,Liikkumavaraa,"Ahvenanmaan Lupa- ja valvontavirastoa vastaavan valtionviraston toimintamenoihin ei tehdä vielä yhdistämisen jälkeisenä ensimmäisenä vuonna suuria leikkauksia, mutta yleisesti julkisen sektorin lomia tulee vähentää ja työn tuottavuutta kasvattaa. Tämä laskee työvoimatarvetta ja budjettia arviolta 5 %.","−5,00%",
meno,2,28.50.,https://budjetti.vm.fi/indox/sisalto.jsp?year=2026&lang=fi&maindoc=/2026/tae/hallituksenEsitys/hallituksenEsitys.xml&id=/2026/tae/hallituksenEsitys/YksityiskohtaisetPerustelut/28/50/50.html,28. VALTIOVARAINMINISTERIÖN HALLINNONALA,50. Eläkkeet ja korvaukset,,50. Eläkkeet ja korvaukset,,6 105 507 000,5 750 992 500,−354 514 500,Leikataan / Tehoton,,"−5,81%",Eläkkeet
meno,3,28.50.15.,https://budjetti.vm.fi/indox/sisalto.jsp?year=2026&lang=fi&maindoc=/2026/tae/hallituksenEsitys/hallituksenEsitys.xml&id=/2026/tae/hallituksenEsitys/YksityiskohtaisetPerustelut/28/50/15/15.html,28. VALTIOVARAINMINISTERIÖN HALLINNONALA,50. Eläkkeet ja korvaukset,15. Eläkkeet (arviomääräraha),15. Eläkkeet (arviomääräraha),,5 643 490 000,5 313 494 000,−329 996 000,Liikkumavaraa,"Kansanedustajien 2,7-kertaa suurempi eläkekertymä poistetaan ja kansanedustajien eläkejärjestelmä yhtenäistetään työeläkejärjestelmän kanssa. Karkeasti laskettuna mikäli näin olisi ollut jo aiemmin, olisi kustannus säästö 9,1 M€, mutta sosiaaliturvassa eläkkeiden tapauksessa vasta tulevissa eläkkeissä saadaan tämä vaikutus. Eläkkeiden indeksikorotus 0,9 % perutaan, ja sen tälle momentille kohdistuva leikkaus on 50,8 M€. Perhe-eläkkeenä myönnetty korotettu sosiaaliturva poistetaan ja se vastaa 5 % eläkemenoista ja näistä julkisen sektorin eläkkeistä 280 M€.","−5,85%",
meno,3,28.50.16.,https://budjetti.vm.fi/indox/sisalto.jsp?year=2026&lang=fi&maindoc=/2026/tae/hallituksenEsitys/hallituksenEsitys.xml&id=/2026/tae/hallituksenEsitys/YksityiskohtaisetPerustelut/28/50/16/16.html,28. VALTIOVARAINMINISTERIÖN HALLINNONALA,50. Eläkkeet ja korvaukset,16. Ylimääräiset eläkkeet ja muut eläkemenot (arviomääräraha),16. Ylimääräiset eläkkeet ja muut eläkemenot (arviomääräraha),,2 830 000,2 755 200,−74 800,Liikkumavaraa,"Ylimääräisten lahjonnalta vaikuttavien taiteilijaeläkkeiden, lehtimieseläkkeiden ja kansanedustajien eläkkeiden myöntäminen lopetetaan. Takuueläke on eläkekertymän puutteita varten. Myönnettyjä ylimääräisiä eläkkeitä ei pystytä poistamaan, mutta vuosittain myönnettävät uudet eläkkeet poistetaan. Kaikkien eläkkeiden 0,9 % indeksikorotukset jäädytetään.","−2,64%",
meno,3,28.50.50.,https://budjetti.vm.fi/indox/sisalto.jsp?year=2026&lang=fi&maindoc=/2026/tae/hallituksenEsitys/hallituksenEsitys.xml&id=/2026/tae/hallituksenEsitys/YksityiskohtaisetPerustelut/28/50/50/50.html,28. VALTIOVARAINMINISTERIÖN HALLINNONALA,50. Eläkkeet ja korvaukset,50. Vahingonkorvaukset (arviomääräraha),50. Vahingonkorvaukset (arviomääräraha),,41 160 000,41 160 000,0,Tärkeä / Tehokas,Valtio ei osta vakuutuksia vakuutusyhtiöiltä vaan kantaa riskin tällä momentilla halvemmalla.,"0,00%",
meno,3,28.50.63.,https://budjetti.vm.fi/indox/sisalto.jsp?year=2026&lang=fi&maindoc=/2026/tae/hallituksenEsitys/hallituksenEsitys.xml&id=/2026/tae/hallituksenEsitys/YksityiskohtaisetPerustelut/28/50/63/63.html,28. VALTIOVARAINMINISTERIÖN HALLINNONALA,50. Eläkkeet ja korvaukset,63. Muiden eläkelaitosten vastattavaksi kuuluvat eläkemenot (arviomääräraha),63. Muiden eläkelaitosten vastattavaksi kuuluvat eläkemenot (arviomääräraha),,395 505 000,372 378 300,−23 126 700,Liikkumavaraa,"Perhe-eläkkeenä myönnetty korotettu sosiaaliturva poistetaan. Perhe-eläkkeitä on 5 % eläkkeistä. Kaikkien eläkkeiden 0,9 % indeksikorotukset jäädytetään.","−5,85%",
meno,3,28.50.95.,https://budjetti.vm.fi/indox/sisalto.jsp?year=2026&lang=fi&maindoc=/2026/tae/hallituksenEsitys/hallituksenEsitys.xml&id=/2026/tae/hallituksenEsitys/YksityiskohtaisetPerustelut/28/50/95/95.html,28. VALTIOVARAINMINISTERIÖN HALLINNONALA,50. Eläkkeet ja korvaukset,95. Muiden eläkelaitosten valtion puolesta maksamien eläkemenojen ja valtiolle maksamien ennakoiden korkomenot (arviomääräraha),95. Muiden eläkelaitosten valtion puolesta maksamien eläkemenojen ja valtiolle maksamien ennakoiden korkomenot (arviomääräraha),,22 522 000,21 205 000,−1 317 000,Liikkumavaraa,Myös näissä korkomenoissa näkyy eläkkeisiin tehtävät leikkaukset.,"−5,85%",
meno,2,28.60.,https://budjetti.vm.fi/indox/sisalto.jsp?year=2026&lang=fi&maindoc=/2026/tae/hallituksenEsitys/hallituksenEsitys.xml&id=/2026/tae/hallituksenEsitys/YksityiskohtaisetPerustelut/28/60/60.html,28. VALTIOVARAINMINISTERIÖN HALLINNONALA,60. Valtionhallinnon yhteiset henkilöstömenot,,60. Valtionhallinnon yhteiset henkilöstömenot,,13 620 000,1 473 900,−12 146 100,Liikkumavaraa,,"−89,18%",Hallinto
meno,3,28.60.02.,https://budjetti.vm.fi/indox/sisalto.jsp?year=2026&lang=fi&maindoc=/2026/tae/hallituksenEsitys/hallituksenEsitys.xml&id=/2026/tae/hallituksenEsitys/YksityiskohtaisetPerustelut/28/60/02/02.html,28. VALTIOVARAINMINISTERIÖN HALLINNONALA,60. Valtionhallinnon yhteiset henkilöstömenot,02. Erikseen budjetoidut henkilöstömenot (arviomääräraha),02. Erikseen budjetoidut henkilöstömenot (arviomääräraha),,500 000,500 000,0,Liikkumavaraa,"Säilytetään irtisanoutumisporkkanat, mutta mahdollisuuksien mukaan karsitaan muita momentille kuuluvia kuluja.","0,00%",
meno,3,28.60.10.,https://budjetti.vm.fi/indox/sisalto.jsp?year=2026&lang=fi&maindoc=/2026/tae/hallituksenEsitys/hallituksenEsitys.xml&id=/2026/tae/hallituksenEsitys/YksityiskohtaisetPerustelut/28/60/10/10.html,28. VALTIOVARAINMINISTERIÖN HALLINNONALA,60. Valtionhallinnon yhteiset henkilöstömenot,10. Työturvallisuuden edistäminen (siirtomääräraha 2 v),10. Työturvallisuuden edistäminen (siirtomääräraha 2&nbsp;v),,1 120 000,973 900,−146 100,Liikkumavaraa,"Valtiotyönantajan palveluksessa olevan henkilöstön työturvallisuuden edistämiseen sekä työhyvinvointia koskevan tutkimuksen teettämiseen varattu määräraha. Lasketaan nykyisestä 0,23 promillesta 0,20 promilleen valtion palveluksessa olevan henkilöstön yhteenlasketuista palkoista korkeamman tason perusteluiden puuttuessa. Jos hyötyjä ei voida osoittaa, niin momentti voidaan poistaa kokonaan.","−13,04%",
meno,3,28.60.12.,https://budjetti.vm.fi/indox/sisalto.jsp?year=2026&lang=fi&maindoc=/2026/tae/hallituksenEsitys/hallituksenEsitys.xml&id=/2026/tae/hallituksenEsitys/YksityiskohtaisetPerustelut/28/60/12/12.html,28. VALTIOVARAINMINISTERIÖN HALLINNONALA,60. Valtionhallinnon yhteiset henkilöstömenot,12. Osaamisen kehittäminen (arviomääräraha),12. Osaamisen kehittäminen (arviomääräraha),,12 000 000,0,−12 000 000,Leikataan / Tehoton,"Momentti poistetaan hallituksen aikaisemman esityksen mukaisesti jo 2026 ja leikkauksen leikkaus perutaan. Näennäinen työllistämistoimi, johon hukataan rahaa.","−100,00%",
meno,2,28.70.,https://budjetti.vm.fi/indox/sisalto.jsp?year=2026&lang=fi&maindoc=/2026/tae/hallituksenEsitys/hallituksenEsitys.xml&id=/2026/tae/hallituksenEsitys/YksityiskohtaisetPerustelut/28/70/70.html,28. VALTIOVARAINMINISTERIÖN HALLINNONALA,70. Valtionhallinnon kehittäminen,,70. Valtionhallinnon kehittäminen,,52 560 000,52 560 000,0,Tärkeä / Tehokas,,"0,00%",Hallinto
meno,3,28.70.01.,https://budjetti.vm.fi/indox/sisalto.jsp?year=2026&lang=fi&maindoc=/2026/tae/hallituksenEsitys/hallituksenEsitys.xml&id=/2026/tae/hallituksenEsitys/YksityiskohtaisetPerustelut/28/70/01/01.html,28. VALTIOVARAINMINISTERIÖN HALLINNONALA,70. Valtionhallinnon kehittäminen,01. Toimintatapojen ja digitalisaation kehittäminen (siirtomääräraha 3 v),01. Toimintatapojen ja digitalisaation kehittäminen (siirtomääräraha 3&nbsp;v),,22 360 000,22 360 000,0,Liikkumavaraa,"Julkishallinnon ICT-kehitystä voi tehostaa vielä nykyisestä, mutta hallituksen 2023 tekemä määräran tason lasku on tässä vaiheessa riittävä. Priorisointia tulee jatkossa tehdä sen määrärahan puitteissa. Kannattavat ICT-investoinnit voidaan hallinnonaloittain rahoittaa määrärahaa puolestaan laskemalla.","0,00%",
meno,3,28.70.40.,https://budjetti.vm.fi/indox/sisalto.jsp?year=2026&lang=fi&maindoc=/2026/tae/hallituksenEsitys/hallituksenEsitys.xml&id=/2026/tae/hallituksenEsitys/YksityiskohtaisetPerustelut/28/70/40/40.html,28. VALTIOVARAINMINISTERIÖN HALLINNONALA,70. Valtionhallinnon kehittäminen,40. Turvallisuusviranomaisten viestintäverkot (siirtomääräraha 3 v),40. Turvallisuusviranomaisten viestintäverkot (siirtomääräraha 3&nbsp;v),,30 200 000,30 200 000,0,Tärkeä / Tehokas,"Viranomaisradioverkon sekä laajakaistaisen viranomaisviestintäpalvelun ylläpitoon ja kehittämiseen varattu määräraha. Säilytetään ennallaan, sillä luotettava ja turvallinen viestintäverkko on perusteltua pitää riippumattoman valtiollisen toimijan piirissä.","0,00%",
meno,2,28.80.,https://budjetti.vm.fi/indox/sisalto.jsp?year=2026&lang=fi&maindoc=/2026/tae/hallituksenEsitys/hallituksenEsitys.xml&id=/2026/tae/hallituksenEsitys/YksityiskohtaisetPerustelut/28/80/80.html,28. VALTIOVARAINMINISTERIÖN HALLINNONALA,80. Siirrot Ahvenanmaan maakunnalle,,80. Siirrot Ahvenanmaan maakunnalle,,345 716 000,311 144 400,−34 571 600,Liikkumavaraa,,"−10,00%",Aluetuet
meno,3,28.80.30.,https://budjetti.vm.fi/indox/sisalto.jsp?year=2026&lang=fi&maindoc=/2026/tae/hallituksenEsitys/hallituksenEsitys.xml&id=/2026/tae/hallituksenEsitys/YksityiskohtaisetPerustelut/28/80/30/30.html,28. VALTIOVARAINMINISTERIÖN HALLINNONALA,80. Siirrot Ahvenanmaan maakunnalle,30. Ahvenanmaan tasoitusmaksu (arviomääräraha),30. Ahvenanmaan tasoitusmaksu (arviomääräraha),,231 426 000,208 283 400,−23 142 600,Liikkumavaraa,"Tasoitusmäärää lasketaan verotuksessa tehtyjen muutosten vuoksi 10 % Ahvenanmaan itsehallintolaissa, jotta julkisen sektorin toimien leikkaukset kohdistuvat myös Ahvenanmaalle.","−10,00%",
meno,3,28.80.34.,https://budjetti.vm.fi/indox/sisalto.jsp?year=2026&lang=fi&maindoc=/2026/tae/hallituksenEsitys/hallituksenEsitys.xml&id=/2026/tae/hallituksenEsitys/YksityiskohtaisetPerustelut/28/80/34/34.html,28. VALTIOVARAINMINISTERIÖN HALLINNONALA,80. Siirrot Ahvenanmaan maakunnalle,34. Ahvenanmaan verotasoitus (arviomääräraha),34. Ahvenanmaan verotasoitus (arviomääräraha),,114 290 000,102 861 000,−11 429 000,Liikkumavaraa,"Ahvenanmaan verotasoitus laskee määriteltyjen verojen valtion verotuksen laskun myötä noin 10 %. Veroista ansio- ja pääomatuloverojen, rajoitetusti verovelvollisten maksaman lähdeveron, yhteisöveron sekä tonnistoveron määrää tarkastellaan tässä.","−10,00%",
meno,2,28.89.,https://budjetti.vm.fi/indox/sisalto.jsp?year=2026&lang=fi&maindoc=/2026/tae/hallituksenEsitys/hallituksenEsitys.xml&id=/2026/tae/hallituksenEsitys/YksityiskohtaisetPerustelut/28/89/89.html,28. VALTIOVARAINMINISTERIÖN HALLINNONALA,89. Hyvinvointialueiden rahoitus,,89. Hyvinvointialueiden rahoitus,,27 139 863 000,24 498 311 000,−2 641 552 000,Leikataan / Tehoton,,"−9,73%",Tehtävä hyvinvointialueille
meno,3,28.89.31.,https://budjetti.vm.fi/indox/sisalto.jsp?year=2026&lang=fi&maindoc=/2026/tae/hallituksenEsitys/hallituksenEsitys.xml&id=/2026/tae/hallituksenEsitys/YksityiskohtaisetPerustelut/28/89/31/31.html,28. VALTIOVARAINMINISTERIÖN HALLINNONALA,89. Hyvinvointialueiden rahoitus,31. Hyvinvointialueiden yleiskatteinen valtionrahoitus (arviomääräraha),31. Hyvinvointialueiden yleiskatteinen valtionrahoitus (arviomääräraha),,27 138 863 000,24 498 311 000,−2 640 552 000,Liikkumavaraa,"Momentista siirretään kymmenys, eli 2,7139 miljardia maakuntien kustannettavaksi. Näin maakunnille syntyy rajaeuroissa kannustin kustannussäästöön. Vastaava -2,7139 miljardin euron leikkaus tehdään tuloveroon siltä varalta, että maakunnat päätyvät perimään lisäkustannukset tuloverosta eivätkä muista verolajeista. Tällöin tuloveron kokonaistaso ei ainakaan nouse ja parhaimmassa tapauksessa tuloverotuksen osuus hyvinvointialueiden kulujen kattamisesta laskee. Tärkeintä on, että rajaeurot tulevat maakunnan itsensä päätöksellä joko asiakasmaksuista tai muista veroista. Lisäksi momentin 33.60.35. Valtionosuus korkeakouluopiskelijoiden terveydenhuoltoon 73 348 000 € siirretään tänne, koska erillistä terveydenhuollon järjestelmää ei pidä ylläpitää verorahoilla.","−9,73%",
meno,3,28.89.32.,https://budjetti.vm.fi/indox/sisalto.jsp?year=2026&lang=fi&maindoc=/2026/tae/hallituksenEsitys/hallituksenEsitys.xml&id=/2026/tae/hallituksenEsitys/YksityiskohtaisetPerustelut/28/89/32/32.html,28. VALTIOVARAINMINISTERIÖN HALLINNONALA,89. Hyvinvointialueiden rahoitus,32. Hyvinvointialueiden lisärahoitus (arviomääräraha),32. Hyvinvointialueiden lisärahoitus (arviomääräraha),,1 000 000,0,−1 000 000,Leikataan / Tehoton,Hyvinvointialueiden tulee tehdä säästöjä ja pitäytyä budjettikurissa. Lisärahoitus on kustannettava alueen omalla tulolla asiakasmaksuilla tai veroilla.,"−100,00%",
meno,2,28.90.,https://budjetti.vm.fi/indox/sisalto.jsp?year=2026&lang=fi&maindoc=/2026/tae/hallituksenEsitys/hallituksenEsitys.xml&id=/2026/tae/hallituksenEsitys/YksityiskohtaisetPerustelut/28/90/90.html,28. VALTIOVARAINMINISTERIÖN HALLINNONALA,90. Kuntien tukeminen,,90. Kuntien tukeminen,,4 097 701 000,2 372 632 600,−1 725 068 400,Leikataan / Tehoton,,"−42,10%",Aluetuet
meno,3,28.90.30.,https://budjetti.vm.fi/indox/sisalto.jsp?year=2026&lang=fi&maindoc=/2026/tae/hallituksenEsitys/hallituksenEsitys.xml&id=/2026/tae/hallituksenEsitys/YksityiskohtaisetPerustelut/28/90/30/30.html,28. VALTIOVARAINMINISTERIÖN HALLINNONALA,90. Kuntien tukeminen,30. Valtionosuus kunnille peruspalvelujen järjestämiseen (arviomääräraha),30. Valtionosuus kunnille peruspalvelujen järjestämiseen (arviomääräraha),,3 552 300 000,1 827 231 600,−1 725 068 400,Leikataan / Tehoton,"Alueellisia tulonsiirtoja tulee poistaa ja autonomiaa lisätä. Siksi kunnille maksettavia valtionosuuksia, nyt 25 %, vähennetään ja omarahoitusosuutta kasvatetaan. Jatkossa kuntien omarahoitusosuus olisi 85 %. Vähennys momentista sen vuoksi on 1 218 154 400 €, jota vastaavasti kuntien taloustilanteen vastapainoksi kiinteistövero poistetaan valtionosuuden tasauksesta ja kunnat voivat pitää jatkossa 100 % sen kertymästä. Tämä ohjaa verotusta pois työn verottamisesta. Lisäksi tasausjärjestelmän perusteita muutetaan poistamalla asukastiheyskerroin, koulutustaustakerroin, saaristoisuus, ja syrjäisyyden lisäosa. Kuntien tehtävistä poistetaan muiden uudistusten myötä: TE-toimistot 246 053 000 € (2025), koska ne lakkautetaan kokonaan. Julkisten työvoima- ja yrityspalvelut 202 711 000 € (2025). Sekä Työurien pidentämistä koskevien toimien rahoitus 38 650 000 €. Ansiosidonnaista porrastetaan ja leikataan hallitusta enemmän, joten se laskee määrärahaa arviolta 19,5 M€. Jatkossa nyt budjetissa säilytettävissä tulonsiirroissa Liberaalipuolueen perustulomalliin käytettävissä on myös 79 334 000 € (2025) ansioturvan kuntaosuus, 39 000 000 € (2025) ansioturvan palkkatuen ja starttiraha, 136 747 000 € (2025) perusturvan kuntaosuus, ja 136 000 000 €(2025) perusturvan palkkatuen ja starttiraha, mutta Työllisyysmäärärahojen alentaminen (HO 2023) -37 000 000 € vähentää näitä.","−48,56%",
meno,3,28.90.31.,https://budjetti.vm.fi/indox/sisalto.jsp?year=2026&lang=fi&maindoc=/2026/tae/hallituksenEsitys/hallituksenEsitys.xml&id=/2026/tae/hallituksenEsitys/YksityiskohtaisetPerustelut/28/90/31/31.html,28. VALTIOVARAINMINISTERIÖN HALLINNONALA,90. Kuntien tukeminen,31. Kuntien yhdistymisen taloudellinen tuki (arviomääräraha),31. Kuntien yhdistymisen taloudellinen tuki (arviomääräraha),,11 400 000,11 400 000,0,Tärkeä / Tehokas,"Valtiontuki on perusteltu niissä tapauksissa, joissa kuntaliitos jäisi toteutumatta prosessiin tarvittavien resurssien puutteen vuoksi, eli kun kunta on jo niin näivettynyt ja konkurssissa, että sillä ei ole varoja liittymisprosessiin. Kuntien määrän raju tippuminen noin 100 kunnan määrään on hallinnonmäärän pienenemisen vuoksi tavoiteltavaa.","0,00%",
meno,3,28.90.35.,https://budjetti.vm.fi/indox/sisalto.jsp?year=2026&lang=fi&maindoc=/2026/tae/hallituksenEsitys/hallituksenEsitys.xml&id=/2026/tae/hallituksenEsitys/YksityiskohtaisetPerustelut/28/90/35/35.html,28. VALTIOVARAINMINISTERIÖN HALLINNONALA,90. Kuntien tukeminen,35. Valtion korvaus kunnille veroperustemuutoksista aiheutuvista verotulojen menetyksistä (kiinteä määräraha),35. Valtion korvaus kunnille veroperustemuutoksista aiheutuvista verotulojen menetyksistä (kiinteä määräraha),,534 001 000,534 001 000,0,Liikkumavaraa,"Koska työtulovähennyksen määrä kasvaa tässä vaihtoehtobudjetissa, niin kunnallisverotuksen määräkin laskee. Toisaalta tuloverotukseen tehdään paljon muitakin muutoksia vähennyksiin ja tasoon joten vaikutus on varmasti moninainen. Kiinteistöveron poistaminen valtion tasausjärjestelmästä kasvattaa puolestaan kuntien verotuloja. Tämä momentti säilytetään sellaisenaan kunnes asiasta saadaan paremmat virkalaskelmat.","0,00%",
meno,2,28.91.,https://budjetti.vm.fi/indox/sisalto.jsp?year=2026&lang=fi&maindoc=/2026/tae/hallituksenEsitys/hallituksenEsitys.xml&id=/2026/tae/hallituksenEsitys/YksityiskohtaisetPerustelut/28/91/91.html,28. VALTIOVARAINMINISTERIÖN HALLINNONALA,91. Työllisyyden ja elinkeinoelämän tukeminen,,91. Työllisyyden ja elinkeinoelämän tukeminen,,44 000 000,0,−44 000 000,Leikataan / Tehoton,,"−100,00%",Yritystuet
meno,3,28.91.41.,https://budjetti.vm.fi/indox/sisalto.jsp?year=2026&lang=fi&maindoc=/2026/tae/hallituksenEsitys/hallituksenEsitys.xml&id=/2026/tae/hallituksenEsitys/YksityiskohtaisetPerustelut/28/91/41/41.html,28. VALTIOVARAINMINISTERIÖN HALLINNONALA,91. Työllisyyden ja elinkeinoelämän tukeminen,41. Energiaverotuki (arviomääräraha),41. Energiaverotuki (arviomääräraha),,44 000 000,0,−44 000 000,Leikataan / Tehoton,"Maatalouden energiaveron sekä energiaintensiivisten yritysten veronpalautuksen maksamiseen varattu määräraha. Poistetaan kokonaisuudessaan, sillä yritystueksi rinnastettavat luovat tarpeetonta kompleksisuutta sekä vääristävät kilpailua. Elinkeinoelämää palvelee parhaiten tasainen veropohja ilman poikkeuksia.","−100,00%",
meno,2,28.92.,https://budjetti.vm.fi/indox/sisalto.jsp?year=2026&lang=fi&maindoc=/2026/tae/hallituksenEsitys/hallituksenEsitys.xml&id=/2026/tae/hallituksenEsitys/YksityiskohtaisetPerustelut/28/92/92.html,28. VALTIOVARAINMINISTERIÖN HALLINNONALA,92. EU ja kansainväliset järjestöt,,92. EU ja kansainväliset järjestöt,,2 860 588 000,2 844 013 200,−16 574 800,Liikkumavaraa,,"−0,58%",Markkinahäiriköinti
meno,3,28.92.03.,https://budjetti.vm.fi/indox/sisalto.jsp?year=2026&lang=fi&maindoc=/2026/tae/hallituksenEsitys/hallituksenEsitys.xml&id=/2026/tae/hallituksenEsitys/YksityiskohtaisetPerustelut/28/92/03/03.html,28. VALTIOVARAINMINISTERIÖN HALLINNONALA,92. EU ja kansainväliset järjestöt,03. Rahoitusvakausviraston toimintamenot (siirtomääräraha 2 v),03. Rahoitusvakausviraston toimintamenot (siirtomääräraha 2&nbsp;v),,8 656 000,8 223 200,−432 800,Liikkumavaraa,Rahoitusvakausvirasto ylläpitää talletussuojarahastoa ja huoltovarmuustilijärjestelmää. Toiminnan tehostamista ehdotetaan 5 % eli hallitusohjelmaa enemmän.,"−5,00%",
meno,3,28.92.20.,https://budjetti.vm.fi/indox/sisalto.jsp?year=2026&lang=fi&maindoc=/2026/tae/hallituksenEsitys/hallituksenEsitys.xml&id=/2026/tae/hallituksenEsitys/YksityiskohtaisetPerustelut/28/92/20/20.html,28. VALTIOVARAINMINISTERIÖN HALLINNONALA,92. EU ja kansainväliset järjestöt,20. Euroopan unionin osallistuminen matkamenojen korvauksiin (siirtomääräraha 2 v),20. Euroopan unionin osallistuminen matkamenojen korvauksiin (siirtomääräraha 2&nbsp;v),,2 200 000,1 980 000,−220 000,Liikkumavaraa,"EU:n neuvoston ja työryhmien kokouksiin osallistumisesta aiheutuvien matkakulujen maksuun varattu määräraha, joka tilitetään neuvoston pääsihteerille. Momenttiin esitetään 10% leikkausta, sillä Suomen tulisi edistää etäpalaverikulttuuria myös EU-tasolla tarpeettoman matkustelun vähentämiseksi ja matkustaessa pyrkiä edullisiin matkavälineisiin.","−10,00%",
meno,3,28.92.40.,https://budjetti.vm.fi/indox/sisalto.jsp?year=2026&lang=fi&maindoc=/2026/tae/hallituksenEsitys/hallituksenEsitys.xml&id=/2026/tae/hallituksenEsitys/YksityiskohtaisetPerustelut/28/92/40/40.html,28. VALTIOVARAINMINISTERIÖN HALLINNONALA,92. EU ja kansainväliset järjestöt,40. Isäntämaakorvaus Pohjoismaiden Investointipankille (kiinteä määräraha),40. Isäntämaakorvaus Pohjoismaiden Investointipankille (kiinteä määräraha),,15 922 000,0,−15 922 000,Leikataan / Tehoton,Euroopan unioni on korvannut tämän Pohjoismaiden ja Baltian maiden yhteisen investointipankin tarpeen. Momentti leikataan kokonaisuudessaan ja Suomen osallisuudesta Investointipankin toimintaan tulee luopua. Pohjoismaiden Investointipankki toimii yksityisillä markkinoilla veronmaksajien varoilla.,"−100,00%",
meno,3,28.92.66.,https://budjetti.vm.fi/indox/sisalto.jsp?year=2026&lang=fi&maindoc=/2026/tae/hallituksenEsitys/hallituksenEsitys.xml&id=/2026/tae/hallituksenEsitys/YksityiskohtaisetPerustelut/28/92/66/66.html,28. VALTIOVARAINMINISTERIÖN HALLINNONALA,92. EU ja kansainväliset järjestöt,66. Ukrainan makrotaloudellisen rahoitusavun korkomenot (arviomääräraha),66. Ukrainan makrotaloudellisen rahoitusavun korkomenot (arviomääräraha),,10 000 000,10 000 000,0,Tärkeä / Tehokas,Säilytetään tämä tuki Ukrainalle kunnes Venäjän aloittaman sodan vaikutukset loppuvat tai Venäjän maksamien sotakorvausten maksaminen alkaa.,"0,00%",
meno,3,28.92.67.,https://budjetti.vm.fi/indox/sisalto.jsp?year=2026&lang=fi&maindoc=/2026/tae/hallituksenEsitys/hallituksenEsitys.xml&id=/2026/tae/hallituksenEsitys/YksityiskohtaisetPerustelut/28/92/67/67.html,28. VALTIOVARAINMINISTERIÖN HALLINNONALA,92. EU ja kansainväliset järjestöt,67. Kansainvälisille rahoituslaitoksille annettujen sitoumusten lunastaminen (arviomääräraha),67. Kansainvälisille rahoituslaitoksille annettujen sitoumusten lunastaminen (arviomääräraha),,10 000,10 000,0,Tärkeä / Tehokas,"Kansainvälisille rahoituslaitoksille, mm. Afrikan kehityspankille 1982-1986 annettujen sitoumusten lunastamiseen varatut määrärahat. Pidetään nykyisessä tasossaan, koska tehdyt sitoumukset pääomasta tulee maksaa sovitusti pois. Järjestelyssä Suomen ei tarvinnut maksaa koko pääomaa 80-luvulla, vaan sitä maksetaan takuuperusteisena tulevina vuosina.","0,00%",
meno,3,28.92.68.,https://budjetti.vm.fi/indox/sisalto.jsp?year=2026&lang=fi&maindoc=/2026/tae/hallituksenEsitys/hallituksenEsitys.xml&id=/2026/tae/hallituksenEsitys/YksityiskohtaisetPerustelut/28/92/68/68.html,28. VALTIOVARAINMINISTERIÖN HALLINNONALA,92. EU ja kansainväliset järjestöt,68. Suomen osuus Euroopan jälleenrakennus- ja kehityspankin sekä Kansainvälisen rahoitusyhtiön pääoman korottamisesta (arviomääräraha),68. Suomen osuus Euroopan jälleenrakennus- ja kehityspankin sekä Kansainvälisen rahoitusyhtiön pääoman korottamisesta (arviomääräraha),,10 100 000,10 100 000,0,Liikkumavaraa,"Euroopan jälleenrakennus- ja kehityspankki on tällä hetkellä yksi merkittävistä Ukrainan energiahuoltoa tukevista rahoituslaitoksista. Säilytetään määrärahat tässä vaiheessa, mutta sodan jälkeen on syytä miettiä tämän pankin määrärahoja.","0,00%",
meno,3,28.92.69.,https://budjetti.vm.fi/indox/sisalto.jsp?year=2026&lang=fi&maindoc=/2026/tae/hallituksenEsitys/hallituksenEsitys.xml&id=/2026/tae/hallituksenEsitys/YksityiskohtaisetPerustelut/28/92/69/69.html,28. VALTIOVARAINMINISTERIÖN HALLINNONALA,92. EU ja kansainväliset järjestöt,69. Maksut Euroopan unionille (arviomääräraha),69. Maksut Euroopan unionille (arviomääräraha),,2 783 000 000,2 783 000 000,0,Tärkeä / Tehokas,"EU:lle suoritettavien ALV-pohjaan, muovipakkausjätteen ja BKT:een perustuvien Suomen maksuosuuksien maksamiseen varattu määräraha. Säilytetään ennallaan, summa perustuu EU:n varoja koskeviin neuvoston päätöksiin. ","0,00%",
meno,3,28.92.88.,https://budjetti.vm.fi/indox/sisalto.jsp?year=2026&lang=fi&maindoc=/2026/tae/hallituksenEsitys/hallituksenEsitys.xml&id=/2026/tae/hallituksenEsitys/YksityiskohtaisetPerustelut/28/92/88/88.html,28. VALTIOVARAINMINISTERIÖN HALLINNONALA,92. EU ja kansainväliset järjestöt,88. Suomen osuus Euroopan vakausmekanismin pääomasta (arviomääräraha),88. Suomen osuus Euroopan vakausmekanismin pääomasta (arviomääräraha),lisäys hallituksen esityksessä,23 080 000,23 080 000,0,Liikkumavaraa,"Liberaalipuolue ei kannata pelastuspaketteja. Euroopan vakausmekanismin pääomaan tehdään muutoksia yhteensä Suomen osalta 46,19 M€ ja 2026 maksetaan siitä puolet. Mekanismia on käytetty viimeksi kun Kreikka, Portugali, Irlanti, Espanja ja Kypros olivat 2012 velkakriisissä.","0,00%",
meno,3,28.92.95.,https://budjetti.vm.fi/indox/sisalto.jsp?year=2026&lang=fi&maindoc=/2026/tae/hallituksenEsitys/hallituksenEsitys.xml&id=/2026/tae/hallituksenEsitys/YksityiskohtaisetPerustelut/28/92/95/95.html,28. VALTIOVARAINMINISTERIÖN HALLINNONALA,92. EU ja kansainväliset järjestöt,95. Valtion takaus- ja takuusuoritukset (arviomääräraha),95. Valtion takaus- ja takuusuoritukset (arviomääräraha),,7 620 000,7 620 000,0,Tärkeä / Tehokas,"Yleiseurooppalaisesta EU Covid-19 -takuurahastosta aiheutuvien takuusuoritusten maksamiseen varattu määräraha. Säilytetään ennallaan, Euroopan Investointipankille annettu sitoumus sanelee tämän momentin.","0,00%",
meno,2,28.99.,https://budjetti.vm.fi/indox/sisalto.jsp?year=2026&lang=fi&maindoc=/2026/tae/hallituksenEsitys/hallituksenEsitys.xml&id=/2026/tae/hallituksenEsitys/YksityiskohtaisetPerustelut/28/99/99.html,28. VALTIOVARAINMINISTERIÖN HALLINNONALA,99. Erikseen budjetoidut valtionhallinnon menot,,99. Erikseen budjetoidut valtionhallinnon menot,,2 926 000,926 000,−2 000 000,Liikkumavaraa,,"−68,35%",Hallinto
meno,3,28.99.95.,https://budjetti.vm.fi/indox/sisalto.jsp?year=2026&lang=fi&maindoc=/2026/tae/hallituksenEsitys/hallituksenEsitys.xml&id=/2026/tae/hallituksenEsitys/YksityiskohtaisetPerustelut/28/99/95/95.html,28. VALTIOVARAINMINISTERIÖN HALLINNONALA,99. Erikseen budjetoidut valtionhallinnon menot,95. Satunnaiset säädösperusteiset menot (arviomääräraha),95. Satunnaiset säädösperusteiset menot (arviomääräraha),,300 000,300 000,0,Tärkeä / Tehokas,Satunnaisten laki- tai asetusperusteisten menojen maksamiseen varattu määräraha.,"0,00%",
meno,3,28.99.96.,https://budjetti.vm.fi/indox/sisalto.jsp?year=2026&lang=fi&maindoc=/2026/tae/hallituksenEsitys/hallituksenEsitys.xml&id=/2026/tae/hallituksenEsitys/YksityiskohtaisetPerustelut/28/99/96/96.html,28. VALTIOVARAINMINISTERIÖN HALLINNONALA,99. Erikseen budjetoidut valtionhallinnon menot,96. Ennakoimattomat menot (siirtomääräraha 3 v),96. Ennakoimattomat menot (siirtomääräraha 3&nbsp;v),,2 000 000,0,−2 000 000,Leikataan / Tehoton,"Ennakoimattomien menojen maksamiseen varattu määräraha. Poistetaan budjetista kokonaisuudessaan, koska tämän kokoluokan ""kaatomomentti"" heikentää julkisen rahankäytön läpinäkyvyyttä. Tarpeelliset menot ovat siirrettävissä budjetin muihin momentteihin.","−100,00%",
meno,3,28.99.97.,https://budjetti.vm.fi/indox/sisalto.jsp?year=2026&lang=fi&maindoc=/2026/tae/hallituksenEsitys/hallituksenEsitys.xml&id=/2026/tae/hallituksenEsitys/YksityiskohtaisetPerustelut/28/99/97/97.html,28. VALTIOVARAINMINISTERIÖN HALLINNONALA,99. Erikseen budjetoidut valtionhallinnon menot,97. Valtion saatavien turvaaminen (arviomääräraha),97. Valtion saatavien turvaaminen (arviomääräraha),,600 000,600 000,0,Tärkeä / Tehokas,Valtion erinäisten saatavien perinnästä aiheuvien kulujen maksamiseen tarkoitettu määräraha.,"0,00%",
meno,3,28.99.98.,https://budjetti.vm.fi/indox/sisalto.jsp?year=2026&lang=fi&maindoc=/2026/tae/hallituksenEsitys/hallituksenEsitys.xml&id=/2026/tae/hallituksenEsitys/YksityiskohtaisetPerustelut/28/99/98/98.html,28. VALTIOVARAINMINISTERIÖN HALLINNONALA,99. Erikseen budjetoidut valtionhallinnon menot,98. Kassasijoitusten riskienhallinta (arviomääräraha),98. Kassasijoitusten riskienhallinta (arviomääräraha),,26 000,26 000,0,Liikkumavaraa,"Valtion kassasijoitusten riskienhallintaan liittyvien menojen maksamiseen varattu määräraha, säilytetään vuoden 2023 tasossa.","0,00%",
meno,1,29.,https://budjetti.vm.fi/indox/sisalto.jsp?year=2026&lang=fi&maindoc=/2026/tae/hallituksenEsitys/hallituksenEsitys.xml&id=/2026/tae/hallituksenEsitys/YksityiskohtaisetPerustelut/29/29.html,29. OPETUS- JA KULTTUURIMINISTERIÖN HALLINNONALA,,,29. OPETUS- JA KULTTUURIMINISTERIÖN HALLINNONALA,,8 933 725 000,7 914 013 700,−1 019 711 300,Tärkeä / Tehokas,,"−11,41%",
meno,2,29.01.,https://budjetti.vm.fi/indox/sisalto.jsp?year=2026&lang=fi&maindoc=/2026/tae/hallituksenEsitys/hallituksenEsitys.xml&id=/2026/tae/hallituksenEsitys/YksityiskohtaisetPerustelut/29/01/01.html,29. OPETUS- JA KULTTUURIMINISTERIÖN HALLINNONALA,"01. Hallinto, kirkollisasiat ja toimialan yhteiset menot",,"01. Hallinto, kirkollisasiat ja toimialan yhteiset menot",,465 696 000,263 886 000,−201 810 000,Leikataan / Tehoton,,"−43,34%",Hallinto
meno,3,29.01.01.,https://budjetti.vm.fi/indox/sisalto.jsp?year=2026&lang=fi&maindoc=/2026/tae/hallituksenEsitys/hallituksenEsitys.xml&id=/2026/tae/hallituksenEsitys/YksityiskohtaisetPerustelut/29/01/01/01.html,29. OPETUS- JA KULTTUURIMINISTERIÖN HALLINNONALA,"01. Hallinto, kirkollisasiat ja toimialan yhteiset menot",01. Opetus- ja kulttuuriministeriön toimintamenot (siirtomääräraha 2 v),01. Opetus- ja kulttuuriministeriön toimintamenot (siirtomääräraha 2&nbsp;v),,23 422 000,18737600,−4 684 400,Liikkumavaraa,"Opetus- ja kulttuuriministeriön toimintamenojen maksamiseen varattu määräraha. Ministeriön toimintamenoihin esitetään 20% leikkausta, ministeriön tulee tehostaa ja priorisoida toimintaansa. Toiminnan tehokkuuden parantamisessa poistetaan työ- ja palveluprosesseista kaikki turhat työvaiheet. Asiakkaalle arvoa tuovien työvaiheiden ajallinen osuus kaikkiin työvaiheisiin käytettävästä ajasta on usein huomattavan pieni.","−20,00%",
meno,3,29.01.02.,https://budjetti.vm.fi/indox/sisalto.jsp?year=2026&lang=fi&maindoc=/2026/tae/hallituksenEsitys/hallituksenEsitys.xml&id=/2026/tae/hallituksenEsitys/YksityiskohtaisetPerustelut/29/01/02/02.html,29. OPETUS- JA KULTTUURIMINISTERIÖN HALLINNONALA,"01. Hallinto, kirkollisasiat ja toimialan yhteiset menot",02. Opetushallituksen toimintamenot (siirtomääräraha 2 v),02. Opetushallituksen toimintamenot (siirtomääräraha 2&nbsp;v),,37 906 000,37 406 000,−500 000,Liikkumavaraa,Leikataan koulutusvientiin osoitettu 500000,"−1,32%",
meno,3,29.01.03.,https://budjetti.vm.fi/indox/sisalto.jsp?year=2026&lang=fi&maindoc=/2026/tae/hallituksenEsitys/hallituksenEsitys.xml&id=/2026/tae/hallituksenEsitys/YksityiskohtaisetPerustelut/29/01/03/03.html,29. OPETUS- JA KULTTUURIMINISTERIÖN HALLINNONALA,"01. Hallinto, kirkollisasiat ja toimialan yhteiset menot",03. Opetushallituksen yhteydessä toimivien viranomaisten toimintamenot (siirtomääräraha 2 v),03. Opetushallituksen yhteydessä toimivien viranomaisten toimintamenot (siirtomääräraha 2&nbsp;v),,12 278 000,12 278 000,0,Tärkeä / Tehokas,"Kansallisen koulutuksen arviointikeskuksen sekä Ylioppilastutkintolautakunnan toimintamenojen kattamiseen varattu määräraha. Säilytetään ennallaan, sekä Karvilla että Ylioppilastutkintolautakunnalla on keskeinen julkishyödyllinen rooli ja merkitys. Kansallisen perusopetuksen kehittäminen ja riippumaton auditointi on perusteltu valtion ydintehtävä.","0,00%",
meno,3,29.01.04.,https://budjetti.vm.fi/indox/sisalto.jsp?year=2026&lang=fi&maindoc=/2026/tae/hallituksenEsitys/hallituksenEsitys.xml&id=/2026/tae/hallituksenEsitys/YksityiskohtaisetPerustelut/29/01/04/04.html,29. OPETUS- JA KULTTUURIMINISTERIÖN HALLINNONALA,"01. Hallinto, kirkollisasiat ja toimialan yhteiset menot",04. Jatkuvan oppimisen ja työllisyyden palvelukeskuksen toimintamenot (siirtomääräraha 3 v),04. Jatkuvan oppimisen ja työllisyyden palvelukeskuksen toimintamenot (siirtomääräraha 3&nbsp;v),,21 352 000,0,−21 352 000,Leikataan / Tehoton,"Jatkuvan oppimisen ja työllisyyden palvelukeskuksen (Jotpa) toimintamenojen maksamiseen tarkoitettu määräraha. Momentti leikataan kokonaisuudessaan, OKM:n hallinnonalaa ei tule paisuttaa rinnakkaisella palvelukeskusmallilla, sillä kaikki ohjaus- ja konsultointitoiminta tulisi kilpailuttaa markkinoilla. Valtion prioriteetti työllisyyden parantamiseksi tulee olla kannustinloukkujen poistaminen sekä työn kannattavuuden parantaminen sekä työlupakäsittelyn keventäminen.","−100,00%",
meno,3,29.01.05.,https://budjetti.vm.fi/indox/sisalto.jsp?year=2026&lang=fi&maindoc=/2026/tae/hallituksenEsitys/hallituksenEsitys.xml&id=/2026/tae/hallituksenEsitys/YksityiskohtaisetPerustelut/29/01/05/05.html,29. OPETUS- JA KULTTUURIMINISTERIÖN HALLINNONALA,"01. Hallinto, kirkollisasiat ja toimialan yhteiset menot",05. Suomen Akatemian toimintamenot (siirtomääräraha 2 v),05. Suomen Akatemian toimintamenot (siirtomääräraha 2&nbsp;v),,12 025 000,12 025 000,0,Tärkeä / Tehokas,Tutkimuksen rahoittamiseen,"0,00%",
meno,3,29.01.06.,https://budjetti.vm.fi/indox/sisalto.jsp?year=2026&lang=fi&maindoc=/2026/tae/hallituksenEsitys/hallituksenEsitys.xml&id=/2026/tae/hallituksenEsitys/YksityiskohtaisetPerustelut/29/01/06/06.html,29. OPETUS- JA KULTTUURIMINISTERIÖN HALLINNONALA,"01. Hallinto, kirkollisasiat ja toimialan yhteiset menot",06. Kansallisarkiston toimintamenot (siirtomääräraha 2 v),06. Kansallisarkiston toimintamenot (siirtomääräraha 2&nbsp;v),,29 025 000,28 825 000,−200 000,Liikkumavaraa,Kansallisarkisto on saanut siirron Veikkauksen aikaisemmista rahoista KV-toimintaan 200 000 €. Aikaisemmin budjetissa tämä summa on löytynyt kansallisarkiston omista määrärahoista.,"−0,69%",
meno,3,29.01.07.,https://budjetti.vm.fi/indox/sisalto.jsp?year=2026&lang=fi&maindoc=/2026/tae/hallituksenEsitys/hallituksenEsitys.xml&id=/2026/tae/hallituksenEsitys/YksityiskohtaisetPerustelut/29/01/07/07.html,29. OPETUS- JA KULTTUURIMINISTERIÖN HALLINNONALA,"01. Hallinto, kirkollisasiat ja toimialan yhteiset menot",07. Museoviraston toimintamenot (siirtomääräraha 2 v),07. Museoviraston toimintamenot (siirtomääräraha 2&nbsp;v),,30 419 000,30 059 000,−360 000,Liikkumavaraa,"Kotimaisten kielten keskus on saanut aikaisemmista Veikkauksen rahoista peräisin olevan ylimalkaiseen Kehittämistoimintaan 360 000 €. Päämäärättömien kehitystoimintojen tarpeellisuuden kyseenalaistamme eikä tätä varten kuulu kerätä enempää veroja. Priorisoimalla nykyistä 4,6 miljoonan budjettia on löydettävissä kehitystoiminnan rahoitus.","−1,18%",
meno,3,29.01.08.,https://budjetti.vm.fi/indox/sisalto.jsp?year=2026&lang=fi&maindoc=/2026/tae/hallituksenEsitys/hallituksenEsitys.xml&id=/2026/tae/hallituksenEsitys/YksityiskohtaisetPerustelut/29/01/08/08.html,29. OPETUS- JA KULTTUURIMINISTERIÖN HALLINNONALA,"01. Hallinto, kirkollisasiat ja toimialan yhteiset menot",08. Taide- ja kulttuuriviraston toimintamenot (siirtomääräraha 2 v),08. Taide- ja kulttuuriviraston toimintamenot (siirtomääräraha 2&nbsp;v),,13 859 000,0,−13 859 000,Tärkeä / Tehokas,Kulttuuriperinnön pitäminen yleisön saatavilla,"−100,00%",
meno,3,29.01.09.,https://budjetti.vm.fi/indox/sisalto.jsp?year=2026&lang=fi&maindoc=/2026/tae/hallituksenEsitys/hallituksenEsitys.xml&id=/2026/tae/hallituksenEsitys/YksityiskohtaisetPerustelut/29/01/09poistettava/09poistettava.html,29. OPETUS- JA KULTTUURIMINISTERIÖN HALLINNONALA,"01. Hallinto, kirkollisasiat ja toimialan yhteiset menot",09. Opintotuen muutoksenhakulautakunnan toimintamenot (siirtomääräraha 2 v),09. Opintotuen muutoksenhakulautakunnan toimintamenot (siirtomääräraha 2&nbsp;v),poistettava momentti hallituksen esityksessä,0,0,0,Leikataan / Tehoton,Momentti poistuu,"0,00%",
meno,3,29.01.10.,https://budjetti.vm.fi/indox/sisalto.jsp?year=2026&lang=fi&maindoc=/2026/tae/hallituksenEsitys/hallituksenEsitys.xml&id=/2026/tae/hallituksenEsitys/YksityiskohtaisetPerustelut/29/01/10poistettava/10poistettava.html,29. OPETUS- JA KULTTUURIMINISTERIÖN HALLINNONALA,"01. Hallinto, kirkollisasiat ja toimialan yhteiset menot",10. Taiteen edistämiskeskuksen toimintamenot (siirtomääräraha 2 v),10. Taiteen edistämiskeskuksen toimintamenot (siirtomääräraha 2&nbsp;v),poistettava momentti hallituksen esityksessä,0,0,0,Leikataan / Tehoton,Momentti poistuu,"0,00%",
meno,3,29.01.11.,https://budjetti.vm.fi/indox/sisalto.jsp?year=2026&lang=fi&maindoc=/2026/tae/hallituksenEsitys/hallituksenEsitys.xml&id=/2026/tae/hallituksenEsitys/YksityiskohtaisetPerustelut/29/01/11poistettava/11poistettava.html,29. OPETUS- JA KULTTUURIMINISTERIÖN HALLINNONALA,"01. Hallinto, kirkollisasiat ja toimialan yhteiset menot",11. Suomenlinnan hoitokunnan toimintamenot (siirtomääräraha 2 v),11. Suomenlinnan hoitokunnan toimintamenot (siirtomääräraha 2&nbsp;v),poistettava momentti hallituksen esityksessä,0,0,0,Leikataan / Tehoton,Momentti poistuu,"0,00%",
meno,3,29.01.12.,https://budjetti.vm.fi/indox/sisalto.jsp?year=2026&lang=fi&maindoc=/2026/tae/hallituksenEsitys/hallituksenEsitys.xml&id=/2026/tae/hallituksenEsitys/YksityiskohtaisetPerustelut/29/01/12poistettava/12poistettava.html,29. OPETUS- JA KULTTUURIMINISTERIÖN HALLINNONALA,"01. Hallinto, kirkollisasiat ja toimialan yhteiset menot",12. Museoviraston toimintamenot (siirtomääräraha 2 v),12. Museoviraston toimintamenot (siirtomääräraha 2&nbsp;v),poistettava momentti hallituksen esityksessä,0,0,0,Leikataan / Tehoton,Momentti poistuu,"0,00%",
meno,3,29.01.13.,https://budjetti.vm.fi/indox/sisalto.jsp?year=2026&lang=fi&maindoc=/2026/tae/hallituksenEsitys/hallituksenEsitys.xml&id=/2026/tae/hallituksenEsitys/YksityiskohtaisetPerustelut/29/01/13poistettava/13poistettava.html,29. OPETUS- JA KULTTUURIMINISTERIÖN HALLINNONALA,"01. Hallinto, kirkollisasiat ja toimialan yhteiset menot",13. Saavutettavuuskirjasto Celian toimintamenot (siirtomääräraha 2 v),13. Saavutettavuuskirjasto Celian toimintamenot (siirtomääräraha 2&nbsp;v),poistettava momentti hallituksen esityksessä,0,0,0,Leikataan / Tehoton,Momentti poistuu,"0,00%",
meno,3,29.01.14.,https://budjetti.vm.fi/indox/sisalto.jsp?year=2026&lang=fi&maindoc=/2026/tae/hallituksenEsitys/hallituksenEsitys.xml&id=/2026/tae/hallituksenEsitys/YksityiskohtaisetPerustelut/29/01/14poistettava/14poistettava.html,29. OPETUS- JA KULTTUURIMINISTERIÖN HALLINNONALA,"01. Hallinto, kirkollisasiat ja toimialan yhteiset menot",14. Kansallisen audiovisuaalisen instituutin toimintamenot (siirtomääräraha 2 v),14. Kansallisen audiovisuaalisen instituutin toimintamenot (siirtomääräraha 2&nbsp;v),poistettava momentti hallituksen esityksessä,0,0,0,Leikataan / Tehoton,Momentti poistuu,"0,00%",
meno,3,29.01.21.,https://budjetti.vm.fi/indox/sisalto.jsp?year=2026&lang=fi&maindoc=/2026/tae/hallituksenEsitys/hallituksenEsitys.xml&id=/2026/tae/hallituksenEsitys/YksityiskohtaisetPerustelut/29/01/21/21.html,29. OPETUS- JA KULTTUURIMINISTERIÖN HALLINNONALA,"01. Hallinto, kirkollisasiat ja toimialan yhteiset menot",21. Kansainvälinen yhteistyö (siirtomääräraha 2 v),21. Kansainvälinen yhteistyö (siirtomääräraha 2&nbsp;v),,2 516 000,1 434 000,−1 082 000,Liikkumavaraa,Kansainvälisten järjestöjen toiminnan tukemiseen sekä ulkomaille suuntautuvan kulttuuritoiminnan menojen maksamiseen varattu määräraha. Momentti leikataan kokonaisuudessaan lukuunottamatta Fulbright-stipendivaihtotoimintaan osoitettua rahoitusta. Valtion ei tule rahoittaa erilaisten kansainvälisten ystävyysseurojen toimintaa vaan ne ovat itse vastuussa varainhankinnastaan. Momentilta rahoitetaan muun muassa Suomi–Venäjä-seuran valtionavustus.,"−43,00%",
meno,3,29.01.29.,https://budjetti.vm.fi/indox/sisalto.jsp?year=2026&lang=fi&maindoc=/2026/tae/hallituksenEsitys/hallituksenEsitys.xml&id=/2026/tae/hallituksenEsitys/YksityiskohtaisetPerustelut/29/01/29/29.html,29. OPETUS- JA KULTTUURIMINISTERIÖN HALLINNONALA,"01. Hallinto, kirkollisasiat ja toimialan yhteiset menot",29. Opetus- ja kulttuuriministeriön hallinnonalan arvonlisäveromenot (arviomääräraha),29. Opetus- ja kulttuuriministeriön hallinnonalan arvonlisäveromenot (arviomääräraha),,42 952 000,38 049 400,−4 902 600,Liikkumavaraa,Arvio hallinnonalan muiden leikkauksien suhteen.,"−11,41%",
meno,3,29.01.30.,https://budjetti.vm.fi/indox/sisalto.jsp?year=2026&lang=fi&maindoc=/2026/tae/hallituksenEsitys/hallituksenEsitys.xml&id=/2026/tae/hallituksenEsitys/YksityiskohtaisetPerustelut/29/01/30/30.html,29. OPETUS- JA KULTTUURIMINISTERIÖN HALLINNONALA,"01. Hallinto, kirkollisasiat ja toimialan yhteiset menot",30. Lasten ja nuorten harrastustoiminta (siirtomääräraha 3 v),30. Lasten ja nuorten harrastustoiminta (siirtomääräraha 3&nbsp;v),,19 400 000,0,−19 400 000,Tärkeä / Tehokas,"Lasten ja nuorten harrastustoiminnan tukemiseen tarkoitettu määräraha. Momentti leikataan kokonaisuudessaan ja varat siirretään uuden lasten ja nuorten liikuntasetelin rahoittamiseen (ks. momentti 29.91.lib). On perustellumpaa tukea suoraan lasten ja nuorten harrastustoimintaa urheilu- ja harrastussetelillä kuin kierrättää avustus erinäisten välikäsien kautta. Tuki kohdentuu siten suoremmin, minkä lisäksi hakumenettelyyn kuluvat resurssit vapautuvat muualle.","−100,00%",
meno,3,29.01.31.,https://budjetti.vm.fi/indox/sisalto.jsp?year=2026&lang=fi&maindoc=/2026/tae/hallituksenEsitys/hallituksenEsitys.xml&id=/2026/tae/hallituksenEsitys/YksityiskohtaisetPerustelut/29/01/31/31.html,29. OPETUS- JA KULTTUURIMINISTERIÖN HALLINNONALA,"01. Hallinto, kirkollisasiat ja toimialan yhteiset menot",31. Eräät Opetushallituksen menot ja avustukset (siirtomääräraha 2 v),31. Eräät Opetushallituksen menot ja avustukset (siirtomääräraha 2&nbsp;v),,28 224 000,0,−28 224 000,Leikataan / Tehoton,Yhdistystuet leikataan,"−100,00%",
meno,3,29.01.32.,https://budjetti.vm.fi/indox/sisalto.jsp?year=2026&lang=fi&maindoc=/2026/tae/hallituksenEsitys/hallituksenEsitys.xml&id=/2026/tae/hallituksenEsitys/YksityiskohtaisetPerustelut/29/01/32/32.html,29. OPETUS- JA KULTTUURIMINISTERIÖN HALLINNONALA,"01. Hallinto, kirkollisasiat ja toimialan yhteiset menot",32. Eräät avustukset ja apurahat kansainvälistymistä edistäviin ohjelmiin (siirtomääräraha 3 v),32. Eräät avustukset ja apurahat kansainvälistymistä edistäviin ohjelmiin (siirtomääräraha 3&nbsp;v),lisäys hallituksen esityksessä,87 100 000,82 745 000,−4 355 000,Liikkumavaraa,Tästä tarkemmin erittelemättömästä momentista vähennetään 5 % arviona Euroopan solidaarisuusjoukot -ohjelman kuluina. Ohjelma tarjoaa vapaaehtoistyöntekijöille matkakuluja ja ylläpitoa EU-maissa eikä se ole välttämätön valtion tai unionin tehtävä. Erasmus+ ja Nordplus opiskelijavaihto-ohjelmien rahoitus säilytetään.,"−5,00%",
meno,3,29.01.50.,https://budjetti.vm.fi/indox/sisalto.jsp?year=2026&lang=fi&maindoc=/2026/tae/hallituksenEsitys/hallituksenEsitys.xml&id=/2026/tae/hallituksenEsitys/YksityiskohtaisetPerustelut/29/01/50/50.html,29. OPETUS- JA KULTTUURIMINISTERIÖN HALLINNONALA,"01. Hallinto, kirkollisasiat ja toimialan yhteiset menot",50. Eräät avustukset (kiinteä määräraha),50. Eräät avustukset (kiinteä määräraha),,1 547 000,131 000,−1 416 000,Liikkumavaraa,"Erinäisiä tukia ja avustuksia, saajina muun muassa Svenska Finlands folkting sekä UKK-seura. Leikataan kokonaisuudessaan lukuunottamatta ruotsinkielisen viittomakielen elvytysohjelmaan osoitettua 131 000 € määrärahaa. Saajille kohdistettujen liitto- ja järjestötukien myöntäminen ei ole perusteltua varainkäyttöä, kyseiset tuensaajat voivat rahoittaa toimintansa itse. Vähemmistökieliselle sanomalehdistölle myönnetty tuki ei myöskään ole perusteltu, pienlevikkisten julkaisujen tekohengittäminen valtion varoilla ei ole järkevää. ","−91,53%",
meno,3,29.01.51.,https://budjetti.vm.fi/indox/sisalto.jsp?year=2026&lang=fi&maindoc=/2026/tae/hallituksenEsitys/hallituksenEsitys.xml&id=/2026/tae/hallituksenEsitys/YksityiskohtaisetPerustelut/29/01/51/51.html,29. OPETUS- JA KULTTUURIMINISTERIÖN HALLINNONALA,"01. Hallinto, kirkollisasiat ja toimialan yhteiset menot",51. Avustukset uskonnolliseen toimintaan (kiinteä määräraha),51. Avustukset uskonnolliseen toimintaan (kiinteä määräraha),,2 962 000,0,−2 962 000,Leikataan / Tehoton,"Ortodoksiselle kirkolle, Merimieskirkolle sekä uskonnollisten yhdyskuntien toiminnan tukemiseen myönnettyjä avustuksia. Momentti leikataan kokonaisuudessaan, sekulaarin valtion ei tule rahoittaa kirkon tai minkään uskonnollisen yhdyskunnan toimintaa vaan rahoituksen on tultava jäsenistöltä.","−100,00%",
meno,3,29.01.52.,https://budjetti.vm.fi/indox/sisalto.jsp?year=2026&lang=fi&maindoc=/2026/tae/hallituksenEsitys/hallituksenEsitys.xml&id=/2026/tae/hallituksenEsitys/YksityiskohtaisetPerustelut/29/01/52/52.html,29. OPETUS- JA KULTTUURIMINISTERIÖN HALLINNONALA,"01. Hallinto, kirkollisasiat ja toimialan yhteiset menot",52. Valtion rahoitus evankelis-luterilaisen kirkon yhteiskunnallisiin tehtäviin (arviomääräraha),52. Valtion rahoitus evankelis-luterilaisen kirkon yhteiskunnallisiin tehtäviin (arviomääräraha),,95 651 000,0,−95 651 000,Leikataan / Tehoton,"Evankelis-luterilaisen kirkon yhteiskunnallisten tehtävien rahoitukseen tarkoitettu määräraha. Momentti poistetaan kokonaisuudessaan ja yhteiskunnallisia tehtäviä koskeva lainsäädäntö tulee poistaa. Evankelis-luterilaisen kirkon hoitamat tehtävät, kuten hautaustoimi tulee avata kilpailulle. Väestökirjanpitoon liittyvät tehtävät tulee siirtää esimerkiksi Digi- ja väestöviraston vastuulle.","−100,00%",
meno,3,29.01.53.,https://budjetti.vm.fi/indox/sisalto.jsp?year=2026&lang=fi&maindoc=/2026/tae/hallituksenEsitys/hallituksenEsitys.xml&id=/2026/tae/hallituksenEsitys/YksityiskohtaisetPerustelut/29/01/53/53.html,29. OPETUS- JA KULTTUURIMINISTERIÖN HALLINNONALA,"01. Hallinto, kirkollisasiat ja toimialan yhteiset menot",53. Jatkuvan oppimisen ja osaamisen kehittäminen (siirtomääräraha 2 v),53. Jatkuvan oppimisen ja osaamisen kehittäminen (siirtomääräraha 2&nbsp;v),,2 862 000,0,−2 862 000,Leikataan / Tehoton,"Työikäisten osaamisen kehittämisestä ja kokeiluista aiheutuvien menojen maksamiseen varattu määräraha. Poistetaan kokonaisuudessaan, valtion prioriteettina tulisi olla työllistymistä estävien kannustinloukkujen purkaminen sekä verotuksen keventäminen työn kannattavuuden parantamiseksi. Koulutus- ja rekrytointipalvelut tulee hankkia kilpailluilta markkinoilta, ei avustusmuotoisina tukina erilaisiin kokeilu- ja kehittämishankkeisiin sijoitettuna. Yksittäisten hankkeiden tosiasiallista vaikuttavuutta on miltei mahdoton selvittää, minkä vuoksi on perustellumpaa kilpailuttaa palvelu ja asettaa sille objektiivisesti mitattavissa olevat tuloksellisuusmittarit.","−100,00%",
meno,3,29.01.66.,https://budjetti.vm.fi/indox/sisalto.jsp?year=2026&lang=fi&maindoc=/2026/tae/hallituksenEsitys/hallituksenEsitys.xml&id=/2026/tae/hallituksenEsitys/YksityiskohtaisetPerustelut/29/01/66/66.html,29. OPETUS- JA KULTTUURIMINISTERIÖN HALLINNONALA,"01. Hallinto, kirkollisasiat ja toimialan yhteiset menot",66. Rahoitusosuudet kansainvälisille järjestöille (arviomääräraha),66. Rahoitusosuudet kansainvälisille järjestöille (arviomääräraha),,2 196 000,2 196 000,0,Tärkeä / Tehokas,Kansainvälisille järjestöille maksetut rahoitusosuudet,"0,00%",
meno,2,29.10.,https://budjetti.vm.fi/indox/sisalto.jsp?year=2026&lang=fi&maindoc=/2026/tae/hallituksenEsitys/hallituksenEsitys.xml&id=/2026/tae/hallituksenEsitys/YksityiskohtaisetPerustelut/29/10/10.html,29. OPETUS- JA KULTTUURIMINISTERIÖN HALLINNONALA,"10. Varhaiskasvatus, esi- ja perusopetus ja vapaa sivistystyö",,"10. Varhaiskasvatus, esi- ja perusopetus ja vapaa sivistystyö",,902 499 000,723 404 000,−179 095 000,Tärkeä / Tehokas,,"−19,84%",Järjestörälssi
meno,3,29.10.01.,https://budjetti.vm.fi/indox/sisalto.jsp?year=2026&lang=fi&maindoc=/2026/tae/hallituksenEsitys/hallituksenEsitys.xml&id=/2026/tae/hallituksenEsitys/YksityiskohtaisetPerustelut/29/10/01/01.html,29. OPETUS- JA KULTTUURIMINISTERIÖN HALLINNONALA,"10. Varhaiskasvatus, esi- ja perusopetus ja vapaa sivistystyö",01. Valtion yleissivistävän koulutuksen toimintamenot (siirtomääräraha 2 v),01. Valtion yleissivistävän koulutuksen toimintamenot (siirtomääräraha 2&nbsp;v),,44 011 000,31 345 000,−12 666 000,Liikkumavaraa,"Eurooppa--koulujen, Helsingin eurooppalaisen koulun sekä valtion yleissivistävien oppilaitosten sekä oppimis- ja ohjauskeskus Valterin menojen maksamiseen tarkoitetut määrärahat. Momentilta leikataan rahoitus yksityisille kielikouluille, Eurooppa-kouluille sekä Helsingin eurooppalaiselle koululle. Yksityisten koulujen rahoittaminen ei kuulu valtion tehtäviin ja näiden oppilaitosten tulee kustantaa toimintamenonsa lukukausimaksuilla. Valtion oppilaitosten sekä ohjauskeskus Valterin rahoitus säilytetään ennallaan.","−28,78%",
meno,3,29.10.20.,https://budjetti.vm.fi/indox/sisalto.jsp?year=2026&lang=fi&maindoc=/2026/tae/hallituksenEsitys/hallituksenEsitys.xml&id=/2026/tae/hallituksenEsitys/YksityiskohtaisetPerustelut/29/10/20/20.html,29. OPETUS- JA KULTTUURIMINISTERIÖN HALLINNONALA,"10. Varhaiskasvatus, esi- ja perusopetus ja vapaa sivistystyö","20. Perusopetuksen, varhaiskasvatuksen ja vapaan sivistystyön yhteiset menot (siirtomääräraha 3 v)","20. Perusopetuksen, varhaiskasvatuksen ja vapaan sivistystyön yhteiset menot (siirtomääräraha 3&nbsp;v)",,41 800 000,41 800 000,0,Tärkeä / Tehokas,"Perusopetuksen , varhaiskasvatuksen ja vapaan sivistystyön yhteiset menot, säilytetään ennallaan.","0,00%",
meno,3,29.10.30.,https://budjetti.vm.fi/indox/sisalto.jsp?year=2026&lang=fi&maindoc=/2026/tae/hallituksenEsitys/hallituksenEsitys.xml&id=/2026/tae/hallituksenEsitys/YksityiskohtaisetPerustelut/29/10/30/30.html,29. OPETUS- JA KULTTUURIMINISTERIÖN HALLINNONALA,"10. Varhaiskasvatus, esi- ja perusopetus ja vapaa sivistystyö",30. Valtionosuus ja -avustus esi- ja perusopetuksen ja varhaiskasvatuksen käyttökustannuksiin (arviomääräraha),30. Valtionosuus ja -avustus esi- ja perusopetuksen ja varhaiskasvatuksen käyttökustannuksiin (arviomääräraha),,632 929 000,632 929 000,0,Tärkeä / Tehokas,"Valtionosuus perusopetuksen ja varhaiskasvatuksen käyttökustannuksiin. Säilytetään ennallaan, laadukas perusopetus on keskeinen tasa-arvotekijä ja siten valtion ydintehtävä. Momentille mahdollista osoittaa lisärahoitusta yksityiskoulujen valtionavustuksista.","0,00%",
meno,3,29.10.31.,https://budjetti.vm.fi/indox/sisalto.jsp?year=2026&lang=fi&maindoc=/2026/tae/hallituksenEsitys/hallituksenEsitys.xml&id=/2026/tae/hallituksenEsitys/YksityiskohtaisetPerustelut/29/10/31/31.html,29. OPETUS- JA KULTTUURIMINISTERIÖN HALLINNONALA,"10. Varhaiskasvatus, esi- ja perusopetus ja vapaa sivistystyö",31. Valtionosuus ja -avustus vapaan sivistystyön oppilaitosten käyttökustannuksiin (arviomääräraha),31. Valtionosuus ja -avustus vapaan sivistystyön oppilaitosten käyttökustannuksiin (arviomääräraha),,181 217 000,0,−181 217 000,Leikataan / Tehoton,"Valtion tehtävä ei ole rahoittaa keski- ja hyvätuloisten harrastuksia. Vaikka kansalaisopistojen tukemista perustellaan pienituloisten tukemisella, ovat kursseilla tutkitusti yliedustettuna hyväosaiset. On hyvinvointivaltion hengen vastaista maksattaa verorahoista samppanjan maistelukursseja ja muita vastaavia, joilla ei enää ole mitään kosketusta hyvinvointivaltion varsinaisiin tehtäviin. Leikkaamme siis kokonaan pois valtion osuuden kansalaisopistojen, kansanopistojen, opintokeskusten sekä kesäyliopistojen käyttökustannuksista. Näiden laitosten tulee jatkossa rahoittaa toimintansa esimerkiksi kurssimaksuin ja lahjoituksin. ","−100,00%",
meno,3,29.10.51.,https://budjetti.vm.fi/indox/sisalto.jsp?year=2026&lang=fi&maindoc=/2026/tae/hallituksenEsitys/hallituksenEsitys.xml&id=/2026/tae/hallituksenEsitys/YksityiskohtaisetPerustelut/29/10/51/51.html,29. OPETUS- JA KULTTUURIMINISTERIÖN HALLINNONALA,"10. Varhaiskasvatus, esi- ja perusopetus ja vapaa sivistystyö",51. Valtionavustus järjestöille (kiinteä määräraha),51. Valtionavustus järjestöille (kiinteä määräraha),,2 542 000,0,−2 542 000,Leikataan / Tehoton,"OKM:n jakamia järjestötukia, leikataan kokonaisuudessaan. Järjestökentän rahoittaminen ei kuulu valtion ydintehtäviin. Tärkeä järjestö- ja liittotoiminta on luonnollisesti osa kansalaisyhteiskuntaa, mutta sen tulee itse rahoittaa toimintansa. Suorat avustukset lisäävät myös korruptioriskiä.","−100,00%",
meno,3,29.10.lib.,,29. OPETUS- JA KULTTUURIMINISTERIÖN HALLINNONALA,"10. Varhaiskasvatus, esi- ja perusopetus ja vapaa sivistystyö",lib. Kilpailutetaan opinnot avoimesti maahanmuuttajille,lib. Kilpailutetaan opinnot avoimesti maahanmuuttajille,lib,,17 330 000,17 330 000,Tärkeä / Tehokas,"Siirretään maahanmuuttajien kotouttamisen rahat 17 330 000 € momentista 29.10.31. omaan momenttiin, jolla kilpailutetaan kieliopintoja maahanmuuttajille. 17 miljoonan hankinnat täytyy kilpailuttaa hallinnon läpinäkyvyyden lisäämiseksi eikä jakaa järjestötukina piilojulkiselle sektorille.","0,00%",
meno,2,29.20.,https://budjetti.vm.fi/indox/sisalto.jsp?year=2026&lang=fi&maindoc=/2026/tae/hallituksenEsitys/hallituksenEsitys.xml&id=/2026/tae/hallituksenEsitys/YksityiskohtaisetPerustelut/29/20/20.html,29. OPETUS- JA KULTTUURIMINISTERIÖN HALLINNONALA,20. Ammatillinen koulutus ja lukiokoulutus,,20. Ammatillinen koulutus ja lukiokoulutus,,1 413 379 000,1 415 417 000,2 038 000,Tärkeä / Tehokas,,"0,14%",Koulutus
meno,3,29.20.01.,https://budjetti.vm.fi/indox/sisalto.jsp?year=2026&lang=fi&maindoc=/2026/tae/hallituksenEsitys/hallituksenEsitys.xml&id=/2026/tae/hallituksenEsitys/YksityiskohtaisetPerustelut/29/20/01/01.html,29. OPETUS- JA KULTTUURIMINISTERIÖN HALLINNONALA,20. Ammatillinen koulutus ja lukiokoulutus,01. Valtion ammatillisen koulutuksen toimintamenot (siirtomääräraha 2 v),01. Valtion ammatillisen koulutuksen toimintamenot (siirtomääräraha 2&nbsp;v),,9 419 000,6 457 000,−2 962 000,Liikkumavaraa,"Avustus saamelaisalueen koulutuskeskukselle sekä Merenkulun turvallisuuskoulutuskeskuksen hintatuki. Momentilta leikataan Merenkulun turvallisuuskoulutuskeskukselle suunnattu hintatuki ja avustukset muihin menoihin, nämä kustannukset tulisi osoittaa koulutuspalveluita käyttävien tahojen maksettavaksi, eikä subventoida verovaroista.","−31,45%",
meno,3,29.20.21.,https://budjetti.vm.fi/indox/sisalto.jsp?year=2026&lang=fi&maindoc=/2026/tae/hallituksenEsitys/hallituksenEsitys.xml&id=/2026/tae/hallituksenEsitys/YksityiskohtaisetPerustelut/29/20/21/21.html,29. OPETUS- JA KULTTUURIMINISTERIÖN HALLINNONALA,20. Ammatillinen koulutus ja lukiokoulutus,21. Ammatillisen koulutuksen ja lukiokoulutuksen yhteiset menot (siirtomääräraha 3 v),21. Ammatillisen koulutuksen ja lukiokoulutuksen yhteiset menot (siirtomääräraha 3&nbsp;v),,8 362 000,8 362 000,0,Tärkeä / Tehokas,Ammatillisen koulutuksen sekä lukiokoulutuksen yhteiset menot säilytetään ennallaan.,"0,00%",
meno,3,29.20.30.,https://budjetti.vm.fi/indox/sisalto.jsp?year=2026&lang=fi&maindoc=/2026/tae/hallituksenEsitys/hallituksenEsitys.xml&id=/2026/tae/hallituksenEsitys/YksityiskohtaisetPerustelut/29/20/30/30.html,29. OPETUS- JA KULTTUURIMINISTERIÖN HALLINNONALA,20. Ammatillinen koulutus ja lukiokoulutus,30. Valtionosuus ja -avustus ammatilliseen koulutukseen (arviomääräraha),30. Valtionosuus ja -avustus ammatilliseen koulutukseen (arviomääräraha),,1 034 433 000,1 039 433 000,5 000 000,Liikkumavaraa,"Valtionosuus ammatillisen koulutuksen järjestämiseen. Säilytetään ennallaan, laadukkaan ammatillisen koulutuksen järjestäminen palvelee koko yhteiskuntaa. Momentille olisi syytä osoittaa lisävaroja, jotta ammattikoulutuksen kärsimä resurssipula ei johda huonompaan osaamistasoon.","0,48%",
meno,3,29.20.35.,https://budjetti.vm.fi/indox/sisalto.jsp?year=2026&lang=fi&maindoc=/2026/tae/hallituksenEsitys/hallituksenEsitys.xml&id=/2026/tae/hallituksenEsitys/YksityiskohtaisetPerustelut/29/20/35/35.html,29. OPETUS- JA KULTTUURIMINISTERIÖN HALLINNONALA,20. Ammatillinen koulutus ja lukiokoulutus,35. Valtionosuus ja -avustus lukiokoulutuksen käyttökustannuksiin (arviomääräraha),35. Valtionosuus ja -avustus lukiokoulutuksen käyttökustannuksiin (arviomääräraha),,361 165 000,361 165 000,0,Tärkeä / Tehokas,"Valtionosuus lukiokoulutuksen järjestämiseen, säilytetään ennallaan.","0,00%",
meno,2,29.40.,https://budjetti.vm.fi/indox/sisalto.jsp?year=2026&lang=fi&maindoc=/2026/tae/hallituksenEsitys/hallituksenEsitys.xml&id=/2026/tae/hallituksenEsitys/YksityiskohtaisetPerustelut/29/40/40.html,29. OPETUS- JA KULTTUURIMINISTERIÖN HALLINNONALA,40. Korkeakouluopetus ja tutkimus,,40. Korkeakouluopetus ja tutkimus,,4 085 620 000,4 059 011 000,−26 609 000,Tärkeä / Tehokas,,"−0,65%",Muut
meno,3,29.40.20.,https://budjetti.vm.fi/indox/sisalto.jsp?year=2026&lang=fi&maindoc=/2026/tae/hallituksenEsitys/hallituksenEsitys.xml&id=/2026/tae/hallituksenEsitys/YksityiskohtaisetPerustelut/29/40/20/20.html,29. OPETUS- JA KULTTUURIMINISTERIÖN HALLINNONALA,40. Korkeakouluopetus ja tutkimus,20. Korkeakoululaitoksen ja tieteen yhteiset menot (siirtomääräraha 3 v),20. Korkeakoululaitoksen ja tieteen yhteiset menot (siirtomääräraha 3&nbsp;v),,125 046 000,122 046 000,−3 000 000,Liikkumavaraa,Tehostetaan kohdetta Datahallinnan ja suurteholaskennan infrastruktuurin rakentaminen ja ylläpito sekä käytön monipuolistaminen ja kyvykkyyksien vahvistaminen,"−2,40%",
meno,3,29.40.50.,https://budjetti.vm.fi/indox/sisalto.jsp?year=2026&lang=fi&maindoc=/2026/tae/hallituksenEsitys/hallituksenEsitys.xml&id=/2026/tae/hallituksenEsitys/YksityiskohtaisetPerustelut/29/40/50/50.html,29. OPETUS- JA KULTTUURIMINISTERIÖN HALLINNONALA,40. Korkeakouluopetus ja tutkimus,50. Valtionrahoitus yliopistojen toimintaan (siirtomääräraha 2 v),50. Valtionrahoitus yliopistojen toimintaan (siirtomääräraha 2&nbsp;v),,2 313 732 000,2 313 732 000,0,Tärkeä / Tehokas,"Valtionrahoitus yliopistojen perusrahoitukseen, momentti säilytetään ennallaan.","0,00%",
meno,3,29.40.51.,https://budjetti.vm.fi/indox/sisalto.jsp?year=2026&lang=fi&maindoc=/2026/tae/hallituksenEsitys/hallituksenEsitys.xml&id=/2026/tae/hallituksenEsitys/YksityiskohtaisetPerustelut/29/40/51/51.html,29. OPETUS- JA KULTTUURIMINISTERIÖN HALLINNONALA,40. Korkeakouluopetus ja tutkimus,51. Suomen Akatemian tutkimusmäärärahat (arviomääräraha),51. Suomen Akatemian tutkimusmäärärahat (arviomääräraha),,502 208 000,502 208 000,0,Tärkeä / Tehokas,"Suomen Akatemian tutkimusmäärärahat, momentti säilytetään ennallaan. Riippumattoman perustutkimuksen rahoittaminen on valtion ydintehtävä.","0,00%",
meno,3,29.40.54.,https://budjetti.vm.fi/indox/sisalto.jsp?year=2026&lang=fi&maindoc=/2026/tae/hallituksenEsitys/hallituksenEsitys.xml&id=/2026/tae/hallituksenEsitys/YksityiskohtaisetPerustelut/29/40/54/54.html,29. OPETUS- JA KULTTUURIMINISTERIÖN HALLINNONALA,40. Korkeakouluopetus ja tutkimus,54. Strateginen tutkimusrahoitus (arviomääräraha),54. Strateginen tutkimusrahoitus (arviomääräraha),,54 631 000,54 631 000,0,Tärkeä / Tehokas,"Strategisen tutkimuksen rahoittamiseen varatut määrärahat. Momentti säilytetään ennallaan, yhteiskunnallisesti tärkeän tutkimustyön teettäminen on keskeistä laadukkaalle päätöksenteolle.","0,00%",
meno,3,29.40.55.,https://budjetti.vm.fi/indox/sisalto.jsp?year=2026&lang=fi&maindoc=/2026/tae/hallituksenEsitys/hallituksenEsitys.xml&id=/2026/tae/hallituksenEsitys/YksityiskohtaisetPerustelut/29/40/55/55.html,29. OPETUS- JA KULTTUURIMINISTERIÖN HALLINNONALA,40. Korkeakouluopetus ja tutkimus,55. Valtionrahoitus ammattikorkeakoulujen toimintaan (siirtomääräraha 2 v),55. Valtionrahoitus ammattikorkeakoulujen toimintaan (siirtomääräraha 2&nbsp;v),,1 038 681 000,1 038 681 000,0,Tärkeä / Tehokas,"Ammattikorkeakoulujen perusrahoitus, momentti säilytetään ennallaan.","0,00%",
meno,3,29.40.56.,https://budjetti.vm.fi/indox/sisalto.jsp?year=2026&lang=fi&maindoc=/2026/tae/hallituksenEsitys/hallituksenEsitys.xml&id=/2026/tae/hallituksenEsitys/YksityiskohtaisetPerustelut/29/40/56/56.html,29. OPETUS- JA KULTTUURIMINISTERIÖN HALLINNONALA,40. Korkeakouluopetus ja tutkimus,56. Tiedepoliittisten tavoitteiden edistäminen (siirtomääräraha 3 v),56. Tiedepoliittisten tavoitteiden edistäminen (siirtomääräraha 3&nbsp;v),,23 609 000,0,−23 609 000,Leikataan / Tehoton,Veikkauksen korruptoitunut tieteen rahoitukseksi piiloteltu eturyhmien rahoitus on siirretty nyt uuteen momenttiin. Momentissa olevat tehtävät kuuluvat yksityisten yhdistysten varainhankinnan alle eivätkä ne edistä tiedettä Suomessa siinä määrin mikä tieteen rahoitus olisi,"−100,00%",
meno,3,29.40.66.,https://budjetti.vm.fi/indox/sisalto.jsp?year=2026&lang=fi&maindoc=/2026/tae/hallituksenEsitys/hallituksenEsitys.xml&id=/2026/tae/hallituksenEsitys/YksityiskohtaisetPerustelut/29/40/66/66.html,29. OPETUS- JA KULTTUURIMINISTERIÖN HALLINNONALA,40. Korkeakouluopetus ja tutkimus,66. Rahoitusosuudet kansainvälisille järjestöille (arviomääräraha),66. Rahoitusosuudet kansainvälisille järjestöille (arviomääräraha),,27 713 000,27 713 000,0,Tärkeä / Tehokas,"Kansainvälisten järjestöjen, kuten CERN:in, ESO:n ja EMBL:n maksuosuuksen rahoitus. Momentti säilytetään ennallaan.","0,00%",
meno,2,29.70.,https://budjetti.vm.fi/indox/sisalto.jsp?year=2026&lang=fi&maindoc=/2026/tae/hallituksenEsitys/hallituksenEsitys.xml&id=/2026/tae/hallituksenEsitys/YksityiskohtaisetPerustelut/29/70/70.html,29. OPETUS- JA KULTTUURIMINISTERIÖN HALLINNONALA,70. Opintotuki,,70. Opintotuki,,1 290 760 000,1 040 460 000,−250 300 000,Tärkeä / Tehokas,,"−19,39%",Koulutus (siirto STM)
meno,3,29.70.52.,https://budjetti.vm.fi/indox/sisalto.jsp?year=2026&lang=fi&maindoc=/2026/tae/hallituksenEsitys/hallituksenEsitys.xml&id=/2026/tae/hallituksenEsitys/YksityiskohtaisetPerustelut/29/70/52/52.html,29. OPETUS- JA KULTTUURIMINISTERIÖN HALLINNONALA,70. Opintotuki,52. Opintolainojen valtiontakaus (arviomääräraha),52. Opintolainojen valtiontakaus (arviomääräraha),,250 300 000,0,−250 300 000,Leikataan / Tehoton,Siirretään momentille 33.lib.52,"−100,00%",
meno,3,29.70.55.,https://budjetti.vm.fi/indox/sisalto.jsp?year=2026&lang=fi&maindoc=/2026/tae/hallituksenEsitys/hallituksenEsitys.xml&id=/2026/tae/hallituksenEsitys/YksityiskohtaisetPerustelut/29/70/55/55.html,29. OPETUS- JA KULTTUURIMINISTERIÖN HALLINNONALA,70. Opintotuki,55. Opintoraha ja asumislisä (arviomääräraha),55. Opintoraha ja asumislisä (arviomääräraha),,906 260 000,906 260 000,0,Liikkumavaraa,"Opiskelijoiden tuet säilytetään, mutta LIberaalipuolueen visiossa nämäkin korvataan jonkin tasoisella perustulolla","0,00%",
meno,3,29.70.57.,https://budjetti.vm.fi/indox/sisalto.jsp?year=2026&lang=fi&maindoc=/2026/tae/hallituksenEsitys/hallituksenEsitys.xml&id=/2026/tae/hallituksenEsitys/YksityiskohtaisetPerustelut/29/70/57/57.html,29. OPETUS- JA KULTTUURIMINISTERIÖN HALLINNONALA,70. Opintotuki,57. Korkeakouluopiskelijoiden ateriatuki (arviomääräraha),57. Korkeakouluopiskelijoiden ateriatuki (arviomääräraha),,40 000 000,40 000 000,0,Leikataan / Tehoton,"Opiskelijoiden tuet säilytetään, mutta LIberaalipuolueen visiossa nämäkin korvataan jonkin tasoisella perustulolla","0,00%",
meno,3,29.70.59.,https://budjetti.vm.fi/indox/sisalto.jsp?year=2026&lang=fi&maindoc=/2026/tae/hallituksenEsitys/hallituksenEsitys.xml&id=/2026/tae/hallituksenEsitys/YksityiskohtaisetPerustelut/29/70/59/59.html,29. OPETUS- JA KULTTUURIMINISTERIÖN HALLINNONALA,70. Opintotuki,59. Koulumatkatuki (arviomääräraha),59. Koulumatkatuki (arviomääräraha),,94 200 000,94 200 000,0,Leikataan / Tehoton,"Opiskelijoiden tuet säilytetään, mutta LIberaalipuolueen visiossa nämäkin korvataan jonkin tasoisella perustulolla","0,00%",
meno,2,29.80.,https://budjetti.vm.fi/indox/sisalto.jsp?year=2026&lang=fi&maindoc=/2026/tae/hallituksenEsitys/hallituksenEsitys.xml&id=/2026/tae/hallituksenEsitys/YksityiskohtaisetPerustelut/29/80/80.html,29. OPETUS- JA KULTTUURIMINISTERIÖN HALLINNONALA,80. Taide ja kulttuuri,,80. Taide ja kulttuuri,,547 484 000,293 037 100,−254 446 900,Leikataan / Tehoton,,"−46,48%",Järjestörälssi
meno,3,29.80.16.,https://budjetti.vm.fi/indox/sisalto.jsp?year=2026&lang=fi&maindoc=/2026/tae/hallituksenEsitys/hallituksenEsitys.xml&id=/2026/tae/hallituksenEsitys/YksityiskohtaisetPerustelut/29/80/16/16.html,29. OPETUS- JA KULTTUURIMINISTERIÖN HALLINNONALA,80. Taide ja kulttuuri,16. Ylimääräiset taiteilija- ja sanomalehtimieseläkkeet (arviomääräraha),16. Ylimääräiset taiteilija- ja sanomalehtimieseläkkeet (arviomääräraha),,23 047 000,22 047 000,−1 000 000,Liikkumavaraa,Ei enää myönnetä uusia eläkkeitä,"−4,34%",
meno,3,29.80.20.,https://budjetti.vm.fi/indox/sisalto.jsp?year=2026&lang=fi&maindoc=/2026/tae/hallituksenEsitys/hallituksenEsitys.xml&id=/2026/tae/hallituksenEsitys/YksityiskohtaisetPerustelut/29/80/20/20.html,29. OPETUS- JA KULTTUURIMINISTERIÖN HALLINNONALA,80. Taide ja kulttuuri,20. Museoviraston kulttuuri- ja nähtävyyskohteiden tilakustannukset (siirtomääräraha 2 v),20. Museoviraston kulttuuri- ja nähtävyyskohteiden tilakustannukset (siirtomääräraha 2&nbsp;v),,22 446 000,22 446 000,0,Tärkeä / Tehokas,"Museoviraston kulttuurikohteiden tilamenot, määrärahat säilytetään toistaiseksi ennallaan. Valtion suojelussa olevien kulttuurikohteiden määrää tulisi kuitenkin pyrkiä karsimaan ensisijaisesti myymällä ne paikallisyhdistyksille tai vastaaville tahoille.","0,00%",
meno,3,29.80.21.,https://budjetti.vm.fi/indox/sisalto.jsp?year=2026&lang=fi&maindoc=/2026/tae/hallituksenEsitys/hallituksenEsitys.xml&id=/2026/tae/hallituksenEsitys/YksityiskohtaisetPerustelut/29/80/21/21.html,29. OPETUS- JA KULTTUURIMINISTERIÖN HALLINNONALA,80. Taide ja kulttuuri,21. Taiteen ja kulttuurin yhteiset menot (siirtomääräraha 3 v),21. Taiteen ja kulttuurin yhteiset menot (siirtomääräraha 3&nbsp;v),,576 000,70000,−506 000,Liikkumavaraa,Pidetään tekijänoikeuksien toteutumiseen osoitetut,"−87,85%",
meno,3,29.80.30.,https://budjetti.vm.fi/indox/sisalto.jsp?year=2026&lang=fi&maindoc=/2026/tae/hallituksenEsitys/hallituksenEsitys.xml&id=/2026/tae/hallituksenEsitys/YksityiskohtaisetPerustelut/29/80/30/30.html,29. OPETUS- JA KULTTUURIMINISTERIÖN HALLINNONALA,80. Taide ja kulttuuri,30. Valtionavustukset yleisten kirjastojen toimintaan (kiinteä määräraha),30. Valtionavustukset yleisten kirjastojen toimintaan (kiinteä määräraha),,9 185 000,9 049 000,−136 000,Liikkumavaraa,Leikataan kulttuurilehtituki,"−1,48%",
meno,3,29.80.31.,https://budjetti.vm.fi/indox/sisalto.jsp?year=2026&lang=fi&maindoc=/2026/tae/hallituksenEsitys/hallituksenEsitys.xml&id=/2026/tae/hallituksenEsitys/YksityiskohtaisetPerustelut/29/80/31/31.html,29. OPETUS- JA KULTTUURIMINISTERIÖN HALLINNONALA,80. Taide ja kulttuuri,31. Valtionosuus esittävän taiteen ja museoiden käyttökustannuksiin (arviomääräraha),31. Valtionosuus esittävän taiteen ja museoiden käyttökustannuksiin (arviomääräraha),,155 153 000,44657600,−110 495 400,Liikkumavaraa,"Esittävän taiteen ja taitelijoiden työkentän tuet poistetaan kokonaisuudessaan, sillä taiteen ja kulttuurin tuotannon tulee olla valtiollisesta toimijasta riippumatonta. Liberaalipuolueen perustulomalli myös poistaa tarpeen erillisille alakohtaisille tuille. Museoiden tuesta leikataan vähentämällä tuettavien museoiden määrää noin viidenneksellä. Laajalle hajautettu tuki on paikoitelleen johtanut siihen että tukirahoilla saadaan pidettyä seinät pystyssä, mutta kehittymiseen ei ole resursseja. Kapeammalla ja tarkennetumalla tukemisella jäljelle jää parempia ja elinvoimaisempia museoita.","−71,22%",
meno,3,29.80.34.,https://budjetti.vm.fi/indox/sisalto.jsp?year=2026&lang=fi&maindoc=/2026/tae/hallituksenEsitys/hallituksenEsitys.xml&id=/2026/tae/hallituksenEsitys/YksityiskohtaisetPerustelut/29/80/34/34.html,29. OPETUS- JA KULTTUURIMINISTERIÖN HALLINNONALA,80. Taide ja kulttuuri,34. Valtionosuus ja -avustus taiteen perusopetuksen käyttökustannuksiin (arviomääräraha),34. Valtionosuus ja -avustus taiteen perusopetuksen käyttökustannuksiin (arviomääräraha),,104 573 000,104 573 000,0,Liikkumavaraa,Hankkeita vähennetään ja keskitytään määrärahan olennaiseen käyttöön.,"0,00%",
meno,3,29.80.40.,https://budjetti.vm.fi/indox/sisalto.jsp?year=2026&lang=fi&maindoc=/2026/tae/hallituksenEsitys/hallituksenEsitys.xml&id=/2026/tae/hallituksenEsitys/YksityiskohtaisetPerustelut/29/80/40/40.html,29. OPETUS- JA KULTTUURIMINISTERIÖN HALLINNONALA,80. Taide ja kulttuuri,40. Korvaus Suomenlinnan huoltoliikenteen käyttötappioon (siirtomääräraha 2 v),40. Korvaus Suomenlinnan huoltoliikenteen käyttötappioon (siirtomääräraha 2&nbsp;v),,252 000,0,−252 000,Leikataan / Tehoton,"Suomenlinnan huoltoliikenteen käyttötappion korvaus, momentti leikataan kokonaisuudessaan. Täsmäsorvattu aluetuki, josta päästään eroon säätämällä Suomenlinnaan nimellinen käyntimaksu, jolla huoltoliikenteen menot katetaan. Helsinki ei tarvitse täsmäsorvattua aluetukea, vaan voi rahoittaa kaupungin sisäisen liikenteen omalta alueeltaan kerätyillä veroilla. Sama aluetukia vastustava periaate leikkauksen taustalla kun 2022 budjetissa ollut 31.20.54. Saaristo- ja yhteysalusliikenteen ostot 20 M€.","−100,00%",
meno,3,29.80.41.,https://budjetti.vm.fi/indox/sisalto.jsp?year=2026&lang=fi&maindoc=/2026/tae/hallituksenEsitys/hallituksenEsitys.xml&id=/2026/tae/hallituksenEsitys/YksityiskohtaisetPerustelut/29/80/41/41.html,29. OPETUS- JA KULTTUURIMINISTERIÖN HALLINNONALA,80. Taide ja kulttuuri,41. Eräät käyttöoikeuskorvaukset (siirtomääräraha 3 v),41. Eräät käyttöoikeuskorvaukset (siirtomääräraha 3&nbsp;v),,22 678 000,17 178 000,−5 500 000,Liikkumavaraa,Leikataan korvaus yksityisestä kopioinnista yritystukena,"−24,25%",
meno,3,29.80.50.,https://budjetti.vm.fi/indox/sisalto.jsp?year=2026&lang=fi&maindoc=/2026/tae/hallituksenEsitys/hallituksenEsitys.xml&id=/2026/tae/hallituksenEsitys/YksityiskohtaisetPerustelut/29/80/50/50.html,29. OPETUS- JA KULTTUURIMINISTERIÖN HALLINNONALA,80. Taide ja kulttuuri,50. Avustukset taiteen ja kulttuurin edistämiseen (siirtomääräraha 3 v),50. Avustukset taiteen ja kulttuurin edistämiseen (siirtomääräraha 3&nbsp;v),,83 151 000,2 256 000,−80 895 000,Liikkumavaraa,Momentille jätetään lastenkulttuuri,"−97,29%",
meno,3,29.80.51.,https://budjetti.vm.fi/indox/sisalto.jsp?year=2026&lang=fi&maindoc=/2026/tae/hallituksenEsitys/hallituksenEsitys.xml&id=/2026/tae/hallituksenEsitys/YksityiskohtaisetPerustelut/29/80/51/51.html,29. OPETUS- JA KULTTUURIMINISTERIÖN HALLINNONALA,80. Taide ja kulttuuri,"51. Apurahat taiteilijoille, kirjailijoille ja kääntäjille (arviomääräraha)","51. Apurahat taiteilijoille, kirjailijoille ja kääntäjille (arviomääräraha)",,19 443 000,19 443 000,0,Leikataan / Tehoton,"Apurahat taide- ja kulttuurialan toimijoille. Momentti leikataan kokonaisuudessaan, taiteen ja kulttuurin tuotannon rahoituksen tulee olla riippumatonta valtiosta. Alan toimijoiden toimeentuloa parannetaan tehokkaammin ja tasapuolisemmin perustulolla, joka ei aseta taiteen ja kulttuurin tuottajia riippuvaiseksi harkinnanvaraisesta tukimuodosta. Kansalaisyhteiskunnan on rahoitettava taidetuotanto.","0,00%",
meno,3,29.80.52.lib,,29. OPETUS- JA KULTTUURIMINISTERIÖN HALLINNONALA,80. Taide ja kulttuuri,lib. Kulttuurituotannon rahoitus kulttuurille jota markkinat eivät tuota ja on tarpeen,lib. Kulttuurituotannon rahoitus kulttuurille jota markkinat eivät tuota ja on tarpeen,lib,,27 825 500,27 825 500,Liikkumavaraa,"Kulttuuritukia jatketaan kulttuuriperinnön ylläpitämiseen 29.80.52. momentin poistuessa. Määrärahaa voi käyttää museoiden (5 M€) ja kansallisgallerian (13 M€), kirjastojen (5 M€), sekä vähemmistökulttuurin tuottamiseen Kehitysvammaliiton ja Saamelaiskäräjien jakamana. Lisäksi omaisuuden suojaa turvaava Tekijänoikeusneuvosto, tekijänoikeusasioiden neuvottelukunta ja selvitysten kuluihin jätetään 79 000 €.","0,00%",
meno,3,29.80.53.,https://budjetti.vm.fi/indox/sisalto.jsp?year=2026&lang=fi&maindoc=/2026/tae/hallituksenEsitys/hallituksenEsitys.xml&id=/2026/tae/hallituksenEsitys/YksityiskohtaisetPerustelut/29/80/53/53.html,29. OPETUS- JA KULTTUURIMINISTERIÖN HALLINNONALA,80. Taide ja kulttuuri,53. Valtionavustus tilakustannuksiin (siirtomääräraha 2 v),53. Valtionavustus tilakustannuksiin (siirtomääräraha 2&nbsp;v),,31 276 000,2 000 000,−29 276 000,Liikkumavaraa,"Pienimpien museotoimijoiden tilatuki jätetään, mutta suuremmille ja elävän kulttuurin toimijoille ei pidä tilankäyttöön ohjautuvaa yleisavustusta antaa. Mikäli kulttuuria halutaan tukea se on tehtävä hankintana.","−93,61%",
meno,3,29.80.55.,https://budjetti.vm.fi/indox/sisalto.jsp?year=2026&lang=fi&maindoc=/2026/tae/hallituksenEsitys/hallituksenEsitys.xml&id=/2026/tae/hallituksenEsitys/YksityiskohtaisetPerustelut/29/80/55/55.html,29. OPETUS- JA KULTTUURIMINISTERIÖN HALLINNONALA,80. Taide ja kulttuuri,55. Digitaalisen kulttuuriperinnön saatavuus ja säilyttäminen (siirtomääräraha 3 v),55. Digitaalisen kulttuuriperinnön saatavuus ja säilyttäminen (siirtomääräraha 3&nbsp;v),,2 300 000,2 300 000,0,Tärkeä / Tehokas,"Kulttuuriperinnön säilyttäminen on perusteltu tehtävä valtiolle. Digitaalinen säilyttäminen tuo myös jatkuvuutta, mikäli esimerkiksi poikkeustilanne aiheuttaa fyysisen kulttuuriperinnön tuhoutumista. ","0,00%",
meno,3,29.80.56.,https://budjetti.vm.fi/indox/sisalto.jsp?year=2026&lang=fi&maindoc=/2026/tae/hallituksenEsitys/hallituksenEsitys.xml&id=/2026/tae/hallituksenEsitys/YksityiskohtaisetPerustelut/29/80/56/56.html,29. OPETUS- JA KULTTUURIMINISTERIÖN HALLINNONALA,80. Taide ja kulttuuri,56. Valtionrahoitus kansallisten taidelaitosten toimintaan (siirtomääräraha 3 v),56. Valtionrahoitus kansallisten taidelaitosten toimintaan (siirtomääräraha 3&nbsp;v),,68 432 000,14 403 000,−54 029 000,Liikkumavaraa,Kansallisgallerian tuki jätetään ja muut leikataan valtiolle kuulumattomina,"−78,95%",
meno,3,29.80.72.,https://budjetti.vm.fi/indox/sisalto.jsp?year=2026&lang=fi&maindoc=/2026/tae/hallituksenEsitys/hallituksenEsitys.xml&id=/2026/tae/hallituksenEsitys/YksityiskohtaisetPerustelut/29/80/72/72.html,29. OPETUS- JA KULTTUURIMINISTERIÖN HALLINNONALA,80. Taide ja kulttuuri,72. Kansallisgallerian ja valtion taideteostoimikunnan kokoelmien kartuttaminen (siirtomääräraha 3 v),72. Kansallisgallerian ja valtion taideteostoimikunnan kokoelmien kartuttaminen (siirtomääräraha 3&nbsp;v),,1 683 000,0,−1 683 000,Leikataan / Tehoton,"Liberaalipuolueen Vapautetaan taide -aloitteella Kansallisgalleria siirtyy menopuolelta tulopuolelle, koska se ei enää ole taakka veronmaksajille.","−100,00%",
meno,3,29.80.75.,https://budjetti.vm.fi/indox/sisalto.jsp?year=2026&lang=fi&maindoc=/2026/tae/hallituksenEsitys/hallituksenEsitys.xml&id=/2026/tae/hallituksenEsitys/YksityiskohtaisetPerustelut/29/80/75/75.html,29. OPETUS- JA KULTTUURIMINISTERIÖN HALLINNONALA,80. Taide ja kulttuuri,75. Toimitilojen ja kiinteistövarallisuuden perusparannukset ja kunnossapito (siirtomääräraha 3 v),75. Toimitilojen ja kiinteistövarallisuuden perusparannukset ja kunnossapito (siirtomääräraha 3&nbsp;v),,3 249 000,3 049 000,−200 000,Liikkumavaraa,"Seurasaaren rakennusperinnön ylläpito valtion budjetista lakkautetaan, sillä alueen rakennuskannan kulttuurihistoriallinen merkitys on vain alueellista, eikä siten perusteltua valtion budjetista. Tukea Suomenlinnan ylläpitoon pidämme perusteltuna, sillä Suomenlinna on valtakunnallisesti merkittävä monumentti. Kannustamme kuitenkin Suomenlinnan toiminnan kehittämistä siten, että kustannukset voidaan tulevaisuudessa kattaa turismilla ja tilojen käytöstä perittävillä maksuilla.","−6,16%",
meno,3,29.80.95.,https://budjetti.vm.fi/indox/sisalto.jsp?year=2026&lang=fi&maindoc=/2026/tae/hallituksenEsitys/hallituksenEsitys.xml&id=/2026/tae/hallituksenEsitys/YksityiskohtaisetPerustelut/29/80/95/95.html,29. OPETUS- JA KULTTUURIMINISTERIÖN HALLINNONALA,80. Taide ja kulttuuri,95. Kulttuuriympäristön suojelusta aiheutuvat menot (arviomääräraha),95. Kulttuuriympäristön suojelusta aiheutuvat menot (arviomääräraha),,40 000,1 740 000,1 700 000,Liikkumavaraa,"Momenttiin yhdistetään YM:n alainen 35.20.64. Avustukset rakennusperinnön hoitoon, 1 740 000 €. Muinaismuistojen suojelu ja avustukset rakennusperinnön hoitoon kuuluvat samaan kokonaisuuteen ja yhden ministeriön alle.","4250,00%",
meno,2,29.90.,https://budjetti.vm.fi/indox/sisalto.jsp?year=2026&lang=fi&maindoc=/2026/tae/hallituksenEsitys/hallituksenEsitys.xml&id=/2026/tae/hallituksenEsitys/YksityiskohtaisetPerustelut/29/90/90.html,29. OPETUS- JA KULTTUURIMINISTERIÖN HALLINNONALA,90. Liikuntatoimi,,90. Liikuntatoimi,,157 783 000,0,−157 783 000,Leikataan / Tehoton,,"−100,00%",Järjestörälssi
meno,3,29.90.20.,https://budjetti.vm.fi/indox/sisalto.jsp?year=2026&lang=fi&maindoc=/2026/tae/hallituksenEsitys/hallituksenEsitys.xml&id=/2026/tae/hallituksenEsitys/YksityiskohtaisetPerustelut/29/90/20/20.html,29. OPETUS- JA KULTTUURIMINISTERIÖN HALLINNONALA,90. Liikuntatoimi,20. Liikuntatoimen yhteiset menot (siirtomääräraha 2 v),20. Liikuntatoimen yhteiset menot (siirtomääräraha 2&nbsp;v),,726 000,0,−726 000,Leikataan / Tehoton,"Kaikki momentin määrärahat joko leikataan tai siirretään muille toimialoille, joten yleiskuluillekaan ei ole tarvetta.","−100,00%",
meno,3,29.90.30.,https://budjetti.vm.fi/indox/sisalto.jsp?year=2026&lang=fi&maindoc=/2026/tae/hallituksenEsitys/hallituksenEsitys.xml&id=/2026/tae/hallituksenEsitys/YksityiskohtaisetPerustelut/29/90/30/30.html,29. OPETUS- JA KULTTUURIMINISTERIÖN HALLINNONALA,90. Liikuntatoimi,30. Valtionosuudet kunnille ja liikunnan koulutuskeskuksille (arviomääräraha),30. Valtionosuudet kunnille ja liikunnan koulutuskeskuksille (arviomääräraha),,42 427 000,0,−42 427 000,Leikataan / Tehoton,"Siirretään kuntien liikuntatoimen tukeminen hyvinvointialueille, ja paikallisesti rahoitettavaksi. Liikunnan koulutuskeskusten rahoitus lakkautetaan valtiolle kuulumattomana toimintana. Liikunnanopettajien koulutus taataan ammatillisen opetuksen määrärahoissa lisäämällä niihin 5 000 000 €.","−100,00%",
meno,3,29.90.50.,https://budjetti.vm.fi/indox/sisalto.jsp?year=2026&lang=fi&maindoc=/2026/tae/hallituksenEsitys/hallituksenEsitys.xml&id=/2026/tae/hallituksenEsitys/YksityiskohtaisetPerustelut/29/90/50/50.html,29. OPETUS- JA KULTTUURIMINISTERIÖN HALLINNONALA,90. Liikuntatoimi,50. Liikunnan ja urheilun edistäminen (siirtomääräraha 2 v),50. Liikunnan ja urheilun edistäminen (siirtomääräraha 2&nbsp;v),,114 630 000,0,−114 630 000,Liikkumavaraa,"Huippu-urheiluun, seuratukiin ja suurtapahtumiin osoitettu määräraha. Momentti leikataan kokonaisuudessaan, koska huippu-urheilun rahoittaminen ei kuulu valtion ydintehtäviin.","−100,00%",
meno,3,29.90.51.,https://budjetti.vm.fi/indox/sisalto.jsp?year=2026&lang=fi&maindoc=/2026/tae/hallituksenEsitys/hallituksenEsitys.xml&id=/2026/tae/hallituksenEsitys/YksityiskohtaisetPerustelut/29/90/51poistettava/51poistettava.html,29. OPETUS- JA KULTTUURIMINISTERIÖN HALLINNONALA,90. Liikuntatoimi,51. Liikunnallisen elämäntavan ja liikuntaolosuhteiden edistäminen (siirtomääräraha 2 v),51. Liikunnallisen elämäntavan ja liikuntaolosuhteiden edistäminen (siirtomääräraha 2&nbsp;v),poistettava momentti hallituksen esityksessä,0,0,0,Leikataan / Tehoton,"Urheilupaikkarakentaminen siirretään hyvinvointialueille ja paikallisesti rahoitettavaksi. Kansallisesti merkittävien kohteiden kunnossapitorahat siirretään Museovirastolle (Olympiastadion, 2 000 000 €). Seuratuki siirretään nuorten harrastusseteliin 29.91.lib (2 500 000 €). Muut leikataan valtiolle kuulumattomina toimintoina.","0,00%",
meno,2,29.91.,https://budjetti.vm.fi/indox/sisalto.jsp?year=2026&lang=fi&maindoc=/2026/tae/hallituksenEsitys/hallituksenEsitys.xml&id=/2026/tae/hallituksenEsitys/YksityiskohtaisetPerustelut/29/91/91.html,29. OPETUS- JA KULTTUURIMINISTERIÖN HALLINNONALA,91. Nuorisotyö,,91. Nuorisotyö,,70 504 000,118 798 600,48 294 600,Tärkeä / Tehokas,,"68,50%",Sosiaaliturva
meno,3,29.91.20.,https://budjetti.vm.fi/indox/sisalto.jsp?year=2026&lang=fi&maindoc=/2026/tae/hallituksenEsitys/hallituksenEsitys.xml&id=/2026/tae/hallituksenEsitys/YksityiskohtaisetPerustelut/29/91/20/20.html,29. OPETUS- JA KULTTUURIMINISTERIÖN HALLINNONALA,91. Nuorisotyö,20. Nuorisotyön yhteiset menot (siirtomääräraha 2 v),20. Nuorisotyön yhteiset menot (siirtomääräraha 2&nbsp;v),,712 000,569600,−142 400,Liikkumavaraa,"Järjestöavustuksiin perustuvasta mallista pois siirtyminen vähentää hallinnollisen työn tarvetta, minkä johdosta yleiskulut vähenevät","−20,00%",
meno,3,29.91.30.,https://budjetti.vm.fi/indox/sisalto.jsp?year=2026&lang=fi&maindoc=/2026/tae/hallituksenEsitys/hallituksenEsitys.xml&id=/2026/tae/hallituksenEsitys/YksityiskohtaisetPerustelut/29/91/30/30.html,29. OPETUS- JA KULTTUURIMINISTERIÖN HALLINNONALA,91. Nuorisotyö,30. Valtionosuudet kuntien nuorisotoimeen (arviomääräraha),30. Valtionosuudet kuntien nuorisotoimeen (arviomääräraha),,7 627 000,7 627 000,0,Tärkeä / Tehokas,Pidetään valtionosuudet kuntien nuorisotoimille,"0,00%",
meno,3,29.91.50.,https://budjetti.vm.fi/indox/sisalto.jsp?year=2026&lang=fi&maindoc=/2026/tae/hallituksenEsitys/hallituksenEsitys.xml&id=/2026/tae/hallituksenEsitys/YksityiskohtaisetPerustelut/29/91/50/50.html,29. OPETUS- JA KULTTUURIMINISTERIÖN HALLINNONALA,91. Nuorisotyö,50. Nuorisotyön edistäminen (siirtomääräraha 3 v),50. Nuorisotyön edistäminen (siirtomääräraha 3&nbsp;v),,31 165 000,0,−31 165 000,Liikkumavaraa,Veikkauksen monopolin aikaisesta järjestökeskeisestä tukemisesta siirrytään lisenssijärjestelmässä tehokkaammin oikeisiin kohteisiin kohdentuvaan harrastussetelimuotoiseen tukeen.,"−100,00%",
meno,3,29.91.51.,https://budjetti.vm.fi/indox/sisalto.jsp?year=2026&lang=fi&maindoc=/2026/tae/hallituksenEsitys/hallituksenEsitys.xml&id=/2026/tae/hallituksenEsitys/YksityiskohtaisetPerustelut/29/91/51/51.html,29. OPETUS- JA KULTTUURIMINISTERIÖN HALLINNONALA,91. Nuorisotyö,"51. Nuorten työpajatoiminta, etsivä nuorisotyö sekä koulu- ja oppilaitosnuorisotyö (siirtomääräraha 3 v)","51. Nuorten työpajatoiminta, etsivä nuorisotyö sekä koulu- ja oppilaitosnuorisotyö (siirtomääräraha 3&nbsp;v)",,31 000 000,31 000 000,0,Tärkeä / Tehokas,Pidämme tärkenä että yhteiskunnan turvaverkot toimivat tehokkaasti suojellen syrjäytymisvaarassa olevia nuoria. Syrjäytymistä ehkäisevällä nuorisotyöllä voidan myös välttää suurempien kustannusten syntyminen tulevaisuudessa. Lisäämme momentille 5 000 000 € riittävien resurssien takaamiseksi,"0,00%",
meno,3,29.91.lib.,,29. OPETUS- JA KULTTUURIMINISTERIÖN HALLINNONALA,91. Nuorisotyö,lib. Vapaus kasvaa - harrastusseteli 4-17 vuotiaille,lib. Vapaus kasvaa - harrastusseteli 4-17 vuotiaille,lib,,79 602 000,79 602 000,Liikkumavaraa,"Veikkauksen monopolin aikaisesta järjestökeskeisestä tukemisesta siirrytään lisenssijärjestelmässä tehokkaammin oikeisiin kohteisiin kohdentuvaan tukeen. Liikuntaseteleiden myöntäminen suoraan nuorille, ohjaa rahat markkinalähtöisesti. Kohdennus tapahtuu vain alaikäisiin, koska aikuiset maksavat harrastuksensa itse. Määräraha on koostettu momenteista 29.01.30. Lasten ja nuorten harrastustoiminta 14 500 000 €, ja 29.91.50. Rahapelitoiminnan tuotot nuorisotyön edistämiseen 41 530 000 €.","0,00%",
meno,1,30.,https://budjetti.vm.fi/indox/sisalto.jsp?year=2026&lang=fi&maindoc=/2026/tae/hallituksenEsitys/hallituksenEsitys.xml&id=/2026/tae/hallituksenEsitys/YksityiskohtaisetPerustelut/30/30.html,30. MAA- JA METSÄTALOUSMINISTERIÖN HALLINNONALA,,,30. MAA- JA METSÄTALOUSMINISTERIÖN HALLINNONALA,,2 553 065 000,1 221 963 300,−1 331 101 700,Leikataan / Tehoton,,"−52,14%",
meno,2,30.01.,https://budjetti.vm.fi/indox/sisalto.jsp?year=2026&lang=fi&maindoc=/2026/tae/hallituksenEsitys/hallituksenEsitys.xml&id=/2026/tae/hallituksenEsitys/YksityiskohtaisetPerustelut/30/01/01.html,30. MAA- JA METSÄTALOUSMINISTERIÖN HALLINNONALA,01. Hallinto ja tutkimus,,01. Hallinto ja tutkimus,,158 640 000,87 495 500,−71 144 500,Leikataan / Tehoton,,"−44,85%",Aluetuet
meno,3,30.01.01.,https://budjetti.vm.fi/indox/sisalto.jsp?year=2026&lang=fi&maindoc=/2026/tae/hallituksenEsitys/hallituksenEsitys.xml&id=/2026/tae/hallituksenEsitys/YksityiskohtaisetPerustelut/30/01/01/01.html,30. MAA- JA METSÄTALOUSMINISTERIÖN HALLINNONALA,01. Hallinto ja tutkimus,01. Maa- ja metsätalousministeriön toimintamenot (siirtomääräraha 2 v),01. Maa- ja metsätalousministeriön toimintamenot (siirtomääräraha 2&nbsp;v),,22 962 000,13 777 200,−9 184 800,Liikkumavaraa,Maa- ja metsätalousministeriön tehtävät vähenevät maatalouden yritystukien vähetessä. Lisäksi julkisen sektorin lomia vähennetään ja jäljelle jääviä työtehtäviä tehostetaan. Kokonaisuudessaan syntyy arviolta 40 % toimintamenosäästöt tästä momentista.,"−40,00%",
meno,3,30.01.05.,https://budjetti.vm.fi/indox/sisalto.jsp?year=2026&lang=fi&maindoc=/2026/tae/hallituksenEsitys/hallituksenEsitys.xml&id=/2026/tae/hallituksenEsitys/YksityiskohtaisetPerustelut/30/01/05/05.html,30. MAA- JA METSÄTALOUSMINISTERIÖN HALLINNONALA,01. Hallinto ja tutkimus,05. Luonnonvarakeskuksen toimintamenot (siirtomääräraha 2 v),05. Luonnonvarakeskuksen toimintamenot (siirtomääräraha 2&nbsp;v),,88 494 000,66 370 500,−22 123 500,Liikkumavaraa,"Luomuinstituutin toiminnan rahoittaminen lopetetaan. Maatilayritysten osaamisverkoston (AgriHubi) toiminnasta luovutaan, koska sen rahoitus kuuluu yritysten ja alan järjestöjen itsensä maksettavaksi. Kehitysyhteistyöhön liittyvät hankkeet on budjetoitava Ulkoministeriöltä. Luken 53 henkilötyövuotta tilastoinnissa tulee harkita siirrettäväksi tilastokeskuksen alle toiminnan synergiatehokkuuden saamiseksi. Kalakantojen istutuksiin käytettävä 0,6 M€ raha budjetoidaan kustannusvastaavasti ammatti- ja harrastajakalastajilta perittävillä maksuilla. Hankkeiden karsimisen ja tehostamisen myötä Luken toimintaan esitetään 25 % määrärahaleikkausta.","−25,00%",
meno,3,30.01.22.,https://budjetti.vm.fi/indox/sisalto.jsp?year=2026&lang=fi&maindoc=/2026/tae/hallituksenEsitys/hallituksenEsitys.xml&id=/2026/tae/hallituksenEsitys/YksityiskohtaisetPerustelut/30/01/22/22.html,30. MAA- JA METSÄTALOUSMINISTERIÖN HALLINNONALA,01. Hallinto ja tutkimus,22. Tutkimus ja kehittäminen (siirtomääräraha 3 v),22. Tutkimus ja kehittäminen (siirtomääräraha 3&nbsp;v),,8 243 000,1 554 400,−6 688 600,Liikkumavaraa,"Eläintuotannon tuista tulee luopua ja siten myös Jokioisten kotieläintuotannon infrastruktuurin uudistaminen 4 M€ ei kuulu valtion tehtäviin. Lihantuottajayritysten tulee itse kustantaa tutkimustila toimintansa ja eläinten jalostamiseen liittyen. Veronmaksajien tehtävänä ei ole subventoida eläinten syöntiä edes rakentamalla tutkimusnavettaa. Elintarvikevienninedistämisen määrärahat 2,3 M€ (2026) eivät kuulu yritystukina valtion tehtäväksi, vaan elintarvikeyritysten täytyy itse panostaa vientiin. Jäljellejäävään määrärahaan tehdään 20 % henkilöstövähennys ja toiminnan tehostus. Kaikki hankkeet eivät ole enää olennaisia kun valtion tehtäviä tarkennetaan.","−81,14%",
meno,3,30.01.29.,https://budjetti.vm.fi/indox/sisalto.jsp?year=2026&lang=fi&maindoc=/2026/tae/hallituksenEsitys/hallituksenEsitys.xml&id=/2026/tae/hallituksenEsitys/YksityiskohtaisetPerustelut/30/01/29/29.html,30. MAA- JA METSÄTALOUSMINISTERIÖN HALLINNONALA,01. Hallinto ja tutkimus,29. Maa- ja metsätalousministeriön hallinnonalan arvonlisäveromenot (arviomääräraha),29. Maa- ja metsätalousministeriön hallinnonalan arvonlisäveromenot (arviomääräraha),,32 652 000,1 554 400,−31 097 600,Liikkumavaraa,,"−95,24%",
meno,3,30.01.40.,https://budjetti.vm.fi/indox/sisalto.jsp?year=2026&lang=fi&maindoc=/2026/tae/hallituksenEsitys/hallituksenEsitys.xml&id=/2026/tae/hallituksenEsitys/YksityiskohtaisetPerustelut/30/01/40/40.html,30. MAA- JA METSÄTALOUSMINISTERIÖN HALLINNONALA,01. Hallinto ja tutkimus,"40. Maa- ja elintarviketalouden sekä luonnonvaratalouden huoltovarmuuden vahvistaminen, viennin edistäminen ja arvonlisän kehittäminen (siirtomääräraha 3 v)","40. Maa- ja elintarviketalouden sekä luonnonvaratalouden huoltovarmuuden vahvistaminen, viennin edistäminen ja arvonlisän kehittäminen (siirtomääräraha 3&nbsp;v)",,2 050 000,0,−2 050 000,Leikataan / Tehoton,Huoltovarmuus varmistetaan Liberaalipuolueen mallilla momentilla 30.lib. Huoltovarmuus ja sen sisällä Huoltovarmuuden tuotantofutuurimallilla. Erillistä huoltovarmuusmomenttia ei tarvita hallinnon alla.,"−100,00%",
meno,3,30.01.66.,https://budjetti.vm.fi/indox/sisalto.jsp?year=2026&lang=fi&maindoc=/2026/tae/hallituksenEsitys/hallituksenEsitys.xml&id=/2026/tae/hallituksenEsitys/YksityiskohtaisetPerustelut/30/01/66/66.html,30. MAA- JA METSÄTALOUSMINISTERIÖN HALLINNONALA,01. Hallinto ja tutkimus,66. Kansainvälinen toiminta (arviomääräraha),66. Kansainvälinen toiminta (arviomääräraha),,4 239 000,4 239 000,0,Liikkumavaraa,"Suomen tulisi ajaa toiminnan tehostamista ja menojen karsimista kaikissa niissä kansainvälisissä järjestöissä, joissa se on jäsenenä.","0,00%",
meno,2,30.10.,https://budjetti.vm.fi/indox/sisalto.jsp?year=2026&lang=fi&maindoc=/2026/tae/hallituksenEsitys/hallituksenEsitys.xml&id=/2026/tae/hallituksenEsitys/YksityiskohtaisetPerustelut/30/10/10.html,30. MAA- JA METSÄTALOUSMINISTERIÖN HALLINNONALA,10. Maaseudun kehittäminen,,10. Maaseudun kehittäminen,,440 046 000,1 267 000,−438 779 000,Leikataan / Tehoton,,"−99,71%",Aluetuet
meno,3,30.10.40.,https://budjetti.vm.fi/indox/sisalto.jsp?year=2026&lang=fi&maindoc=/2026/tae/hallituksenEsitys/hallituksenEsitys.xml&id=/2026/tae/hallituksenEsitys/YksityiskohtaisetPerustelut/30/10/40/40.html,30. MAA- JA METSÄTALOUSMINISTERIÖN HALLINNONALA,10. Maaseudun kehittäminen,40. Maatalouden aloittamis- ja investointiavustukset (siirtomääräraha 3 v),40. Maatalouden aloittamis- ja investointiavustukset (siirtomääräraha 3&nbsp;v),,110 000 000,0,−110 000 000,Leikataan / Tehoton,"Nuorille maatalousyrittäjille suunnattu yritystuki, joka pahentaa alan tukiriippuvuutta. Yrittäjän tulee kyetä rahoittamaan liiketoimintansa aloituskustannukset itse hankkimallaan rahoituksella, eikä valtion tule tarjota erillisiä aloitustukia minkään toimialan toimijoille. ","−100,00%",
meno,3,30.10.41.,https://budjetti.vm.fi/indox/sisalto.jsp?year=2026&lang=fi&maindoc=/2026/tae/hallituksenEsitys/hallituksenEsitys.xml&id=/2026/tae/hallituksenEsitys/YksityiskohtaisetPerustelut/30/10/41/41.html,30. MAA- JA METSÄTALOUSMINISTERIÖN HALLINNONALA,10. Maaseudun kehittäminen,41. Maaseutuelinkeinotoiminnan korkotuki (arviomääräraha),41. Maaseutuelinkeinotoiminnan korkotuki (arviomääräraha),,40 000 000,0,−40 000 000,Leikataan / Tehoton,"Maatalousalan investoinneille tarkoitettu erillinen tukimuoto, joka edelleen lisää alan tukiriippuvuutta. Vaikka maatalousyrittäjyys vaatii korkeita investointeja, liiketoiminta tulisi olla kannattavaa myös ilman valtion myöntämää korkotukea.","−100,00%",
meno,3,30.10.42.,https://budjetti.vm.fi/indox/sisalto.jsp?year=2026&lang=fi&maindoc=/2026/tae/hallituksenEsitys/hallituksenEsitys.xml&id=/2026/tae/hallituksenEsitys/YksityiskohtaisetPerustelut/30/10/42/42.html,30. MAA- JA METSÄTALOUSMINISTERIÖN HALLINNONALA,10. Maaseudun kehittäminen,42. Luopumistuet ja -eläkkeet (siirtomääräraha 2 v),42. Luopumistuet ja -eläkkeet (siirtomääräraha 2&nbsp;v),,10 600 000,0,−10 600 000,Leikataan / Tehoton,Erityinen eläketuki lopettaneille maatalousyrittäjille. Perustulomalliin siirryttäessä tarve tälle tuelle poistuu.,"−100,00%",
meno,3,30.10.43.,https://budjetti.vm.fi/indox/sisalto.jsp?year=2026&lang=fi&maindoc=/2026/tae/hallituksenEsitys/hallituksenEsitys.xml&id=/2026/tae/hallituksenEsitys/YksityiskohtaisetPerustelut/30/10/43/43.html,30. MAA- JA METSÄTALOUSMINISTERIÖN HALLINNONALA,10. Maaseudun kehittäminen,43. Eläinten hyvinvointikorvaukset (siirtomääräraha 3 v),43. Eläinten hyvinvointikorvaukset (siirtomääräraha 3&nbsp;v),,74 000 000,0,−74 000 000,Leikataan / Tehoton,"Veronmaksajien harteille siirretty kustannus, joka tulisi siirtyä suoraan kuluttajan maksettavaksi lopputuotteen hinnassa. Valtion ei tule keinotekoisesti alentaa lihatuotteiden kuluttajahintoja.","−100,00%",
meno,3,30.10.50.,https://budjetti.vm.fi/indox/sisalto.jsp?year=2026&lang=fi&maindoc=/2026/tae/hallituksenEsitys/hallituksenEsitys.xml&id=/2026/tae/hallituksenEsitys/YksityiskohtaisetPerustelut/30/10/50/50.html,30. MAA- JA METSÄTALOUSMINISTERIÖN HALLINNONALA,10. Maaseudun kehittäminen,50. Valtionavustus maatalouden neuvontapalveluihin ja eräisiin muihin kehittämistoimiin (siirtomääräraha 3 v),50. Valtionavustus maatalouden neuvontapalveluihin ja eräisiin muihin kehittämistoimiin (siirtomääräraha 3&nbsp;v),,3 576 000,0,−3 576 000,Leikataan / Tehoton,"Maatalouden neuvontapalvelujen maksamiseen tarkoitettu yritystuki. Erilaiset konsultaatiopalvelut ovat normaali liiketoiminnan meno, eikä maatalouden erityiskohtelu ole perusteltua.","−100,00%",
meno,3,30.10.51.,https://budjetti.vm.fi/indox/sisalto.jsp?year=2026&lang=fi&maindoc=/2026/tae/hallituksenEsitys/hallituksenEsitys.xml&id=/2026/tae/hallituksenEsitys/YksityiskohtaisetPerustelut/30/10/51/51.html,30. MAA- JA METSÄTALOUSMINISTERIÖN HALLINNONALA,10. Maaseudun kehittäminen,51. Porotalouden edistäminen (siirtomääräraha 2 v),51. Porotalouden edistäminen (siirtomääräraha 2&nbsp;v),,2 123 000,1 267 000,−856 000,Liikkumavaraa,"Momentista leikataan porotalouden kehittämiseen suunnattu erillistuki 856 000 €, joka lisää porotalouden tukiriippuvuutta. Poroaidan kunnostukseen varattu määräraha säilyy ennallaan, koska valtakunnan rajan ylläpitäminen elinkeinon mahdollistamiseen on valtion keskeisiä julkishyödykkeellisiä tehtäviä.","−40,32%",
meno,3,30.10.54.,https://budjetti.vm.fi/indox/sisalto.jsp?year=2026&lang=fi&maindoc=/2026/tae/hallituksenEsitys/hallituksenEsitys.xml&id=/2026/tae/hallituksenEsitys/YksityiskohtaisetPerustelut/30/10/54/54.html,30. MAA- JA METSÄTALOUSMINISTERIÖN HALLINNONALA,10. Maaseudun kehittäminen,54. Hevostalouden edistäminen (siirtomääräraha 3 v),54. Hevostalouden edistäminen (siirtomääräraha 3&nbsp;v),,26 992 000,0,−26 992 000,Leikataan / Tehoton,"Hevoskasvatus ja -urheilu eivät ole valtion funktioita, eikä niitä tule verovaroin tai rahapelitoiminnasta kertynein varoin rahoittaa vaan alan tulee toimia yksityisellä rahoituksella. Momenttiin liittyy valtion rahapelimonopolin murtaminen ja lisenssijärjestelmään siirtyminen.","−100,00%",
meno,3,30.10.55.,https://budjetti.vm.fi/indox/sisalto.jsp?year=2026&lang=fi&maindoc=/2026/tae/hallituksenEsitys/hallituksenEsitys.xml&id=/2026/tae/hallituksenEsitys/YksityiskohtaisetPerustelut/30/10/55/55.html,30. MAA- JA METSÄTALOUSMINISTERIÖN HALLINNONALA,10. Maaseudun kehittäminen,55. Valtionavustus 4H-toimintaan (siirtomääräraha 2 v),55. Valtionavustus 4H-toimintaan (siirtomääräraha 2&nbsp;v),,3 805 000,0,−3 805 000,Leikataan / Tehoton,"4H-yhdistyksen, kuten minkään muunkaan kolmannen sektorin toimijan rahoittaminen ei kuulu valtion tehtäviin. Verovaroin tuettu piilojulkinen sektori kuormittaa valtiontaloutta kohtuuttomasti. Tärkeä yhdistystoiminta kykenee rahoittamaan itsensä myös ilman suoria valtionavustuksia. ","−100,00%",
meno,3,30.10.63.,https://budjetti.vm.fi/indox/sisalto.jsp?year=2026&lang=fi&maindoc=/2026/tae/hallituksenEsitys/hallituksenEsitys.xml&id=/2026/tae/hallituksenEsitys/YksityiskohtaisetPerustelut/30/10/63/63.html,30. MAA- JA METSÄTALOUSMINISTERIÖN HALLINNONALA,10. Maaseudun kehittäminen,63. Maaseudun kehittäminen (siirtomääräraha 3 v),63. Maaseudun kehittäminen (siirtomääräraha 3&nbsp;v),,3 040 000,0,−3 040 000,Leikataan / Tehoton,"Poliittisesti värittynyt aluetuki, jolla tuetaan näennäishyödyllisiä kehitystoimintoja. Maaseudun elinvoima ja kehitys eivät voi perustua avokätisiin aluetukiin vaan ne kumpuavat yhteisöistä itsestään. Näivettyvien syrjäseutujen tukeminen ja tekohengittäminen erinäisin kehityshankkein ei ole viisasta rahankäyttöä.","−100,00%",
meno,3,30.10.64.,https://budjetti.vm.fi/indox/sisalto.jsp?year=2026&lang=fi&maindoc=/2026/tae/hallituksenEsitys/hallituksenEsitys.xml&id=/2026/tae/hallituksenEsitys/YksityiskohtaisetPerustelut/30/10/64/64.html,30. MAA- JA METSÄTALOUSMINISTERIÖN HALLINNONALA,10. Maaseudun kehittäminen,64. EU:n ja valtion rahoitusosuus alueelliseen ja paikalliseen maaseudun kehittämiseen (siirtomääräraha 3 v),64. EU:n ja valtion rahoitusosuus alueelliseen ja paikalliseen maaseudun kehittämiseen (siirtomääräraha 3&nbsp;v),,165 910 000,0,−165 910 000,Leikataan / Tehoton,"Valtion tehtävä ei ole ohjata kansallisia verovaroja eikä EU:n tukieuroja maaseudun kehittämiseen. Ihmisten ja yritysten siirtymistä kaupunkeihin ja kasvukeskuksiin voi korkeintaan hidastaa mittavilla aluetuilla, jotka viimekädessä köyhdyttävät koko yhteiskuntaa, sillä aluetukiin käytetyillä varoilla on korkea vaihtoehtoiskustannus.","−100,00%",
meno,2,30.20.,https://budjetti.vm.fi/indox/sisalto.jsp?year=2026&lang=fi&maindoc=/2026/tae/hallituksenEsitys/hallituksenEsitys.xml&id=/2026/tae/hallituksenEsitys/YksityiskohtaisetPerustelut/30/20/20.html,30. MAA- JA METSÄTALOUSMINISTERIÖN HALLINNONALA,20. Maa- ja elintarviketalous,,20. Maa- ja elintarviketalous,,1 724 472 000,36 767 000,−1 687 705 000,Leikataan / Tehoton,,"−97,87%",Aluetuet
meno,3,30.20.01.,https://budjetti.vm.fi/indox/sisalto.jsp?year=2026&lang=fi&maindoc=/2026/tae/hallituksenEsitys/hallituksenEsitys.xml&id=/2026/tae/hallituksenEsitys/YksityiskohtaisetPerustelut/30/20/01/01.html,30. MAA- JA METSÄTALOUSMINISTERIÖN HALLINNONALA,20. Maa- ja elintarviketalous,01. Ruokaviraston toimintamenot (siirtomääräraha 2 v),01. Ruokaviraston toimintamenot (siirtomääräraha 2&nbsp;v),,80 015 000,36 667 000,−43 348 000,Liikkumavaraa,"Ruokaviraston toimintamenot -momentilta leikataan maaseudun kehittämiseen osoitetut nettomäärärahat 5,147 M€,markkinoiden toiminnalle hyödyttömän elintarvikemarkkinavaltuutetun toimistolle osoitettu 0,684 M€, yritystukena annettava maksullisten eläintautitutkimusten hintojen alentaminen 0,8 M€. Ruokaviraston rooli viennin tarkastustoimistona poistuu tai vientisertifikaateista tehdään maksullinen palvelu. Ruokaviraston rooli maataloustukien valvojana vähenee radikaalisti kun siirrytään yksinkertaisempaan tukipolitiikkaan, arviolta tehtävämäärä puolittuu. Tähän liittyen myös Ahvenanmaan kuntien 50 000 € EU:n maataloustukien seurantatehtäviä poistuu Liberaalipuolueen uudistuksessa. Ruokaviraston ei tule toteuttaa aluepolitiikkaa maatalouden ja maaseudun kehittämisen nimessä vaan keskittyä tehtäväalueensa ydinkohtiin, etenkin tutkimus- ja valvontatoimiin.","−54,17%",
meno,3,30.20.20.,https://budjetti.vm.fi/indox/sisalto.jsp?year=2026&lang=fi&maindoc=/2026/tae/hallituksenEsitys/hallituksenEsitys.xml&id=/2026/tae/hallituksenEsitys/YksityiskohtaisetPerustelut/30/20/20/20.html,30. MAA- JA METSÄTALOUSMINISTERIÖN HALLINNONALA,20. Maa- ja elintarviketalous,20. Eläinlääkintähuolto ja kasvintuhoojien torjunta (arviomääräraha),20. Eläinlääkintähuolto ja kasvintuhoojien torjunta (arviomääräraha),,10 268 000,100 000,−10 168 000,Liikkumavaraa,"Eläintuotannon yrittäjien on kannettava enemmän vastuuta yritystoiminnan riskeistä ja hankittava yksityisiltä vakuutusmarkkinoilta vakuutuksia eläintautien aikaansaamaan tuotannonmenetykseen. Kyseinen yritystuki eläintuotannolle poistetaan. Kasvintuhoajien torjuntaan säilytetään määrärahat 0,1 M€, koska niiden torjunta ei voi olla yksittäisen viljelijän vastuulla, tai sitä ei synny tarpeeksi. Kasvintuhoamisen korvauksia maksetaan elinkeinonharjoittajille ja metsätiloille joilta menee kannattavuus torjuntatoimien johdosta.","−99,03%",
meno,3,30.20.40.,https://budjetti.vm.fi/indox/sisalto.jsp?year=2026&lang=fi&maindoc=/2026/tae/hallituksenEsitys/hallituksenEsitys.xml&id=/2026/tae/hallituksenEsitys/YksityiskohtaisetPerustelut/30/20/40/40.html,30. MAA- JA METSÄTALOUSMINISTERIÖN HALLINNONALA,20. Maa- ja elintarviketalous,40. Maa- ja puutarhatalouden kansallinen tuki (siirtomääräraha 2 v),40. Maa- ja puutarhatalouden kansallinen tuki (siirtomääräraha 2&nbsp;v),,350 000 000,0,−350 000 000,Leikataan / Tehoton,Maa- ja puutarhatalouden kansallisen tuen osuus. Maatalouden tukijärjestelmän paisuminen ja sirpaloituminen useisiin budjettimomentteihin aiheuttaa tarpeetonta kompleksisuutta ja lisää koko toimialan tukiriippuvuutta. Kansalliset tuet poistetaan kokonaan ja korvataan huoltovarmuuden takaavalla momentilla.,"−100,00%",
meno,3,30.20.41.,https://budjetti.vm.fi/indox/sisalto.jsp?year=2026&lang=fi&maindoc=/2026/tae/hallituksenEsitys/hallituksenEsitys.xml&id=/2026/tae/hallituksenEsitys/YksityiskohtaisetPerustelut/30/20/41/41.html,30. MAA- JA METSÄTALOUSMINISTERIÖN HALLINNONALA,20. Maa- ja elintarviketalous,41. EU-tulotuki ja EU-markkinatuki (arviomääräraha),41. EU-tulotuki ja EU-markkinatuki (arviomääräraha),,526 200 000,0,−526 200 000,Leikataan / Tehoton,Maatalousalan yrittäjille suunnatut EU-tulo- ja markkinatuet. Momentti leikataan kokonaisuudessaan ja siirretään yhtenäisen huoltovarmuusmomentin alle. ,"−100,00%",
meno,3,30.20.43.,https://budjetti.vm.fi/indox/sisalto.jsp?year=2026&lang=fi&maindoc=/2026/tae/hallituksenEsitys/hallituksenEsitys.xml&id=/2026/tae/hallituksenEsitys/YksityiskohtaisetPerustelut/30/20/43/43.html,30. MAA- JA METSÄTALOUSMINISTERIÖN HALLINNONALA,20. Maa- ja elintarviketalous,"43. Ympäristökorvaukset, luonnonmukainen tuotanto, neuvonta ja ei-tuotannolliset investoinnit (siirtomääräraha 3 v)","43. Ympäristökorvaukset, luonnonmukainen tuotanto, neuvonta ja ei-tuotannolliset investoinnit (siirtomääräraha 3&nbsp;v)",,265 016 000,0,−265 016 000,Leikataan / Tehoton,Maatalouden pitää olla markkinaehtoista ja julkiset tuet maanviljelylle on järjestettävä uudelleen vain huoltovarmuus huomioiden. Ympäristökorvaukset tarkoittavat EU-kielellä lannan peltoon levittämisestä maksettavaa tukiaista ja normaalia maanviljelyn toimintoja. Momentista luomutuotannolle ei tule kohdistaa erillistukia vaan korkeammat tuotantokustannukset tulee siirtyä kuluttajahintoihin.,"−100,00%",
meno,3,30.20.44.,https://budjetti.vm.fi/indox/sisalto.jsp?year=2026&lang=fi&maindoc=/2026/tae/hallituksenEsitys/hallituksenEsitys.xml&id=/2026/tae/hallituksenEsitys/YksityiskohtaisetPerustelut/30/20/44/44.html,30. MAA- JA METSÄTALOUSMINISTERIÖN HALLINNONALA,20. Maa- ja elintarviketalous,44. Luonnonhaittakorvaukset (siirtomääräraha 3 v),44. Luonnonhaittakorvaukset (siirtomääräraha 3&nbsp;v),,463 815 000,0,−463 815 000,Leikataan / Tehoton,"Harhaanjohtavasti nimetty tukimuoto, jolla subventoidaan maataloustuotantoa epäsuotuisilla alueilla. Valtion ei tule tukea liiketoimintaa, joka ei sijaintinsa puolesta ole kannattavaa. Luonnonhaittakorvaus lisää etenkin Pohjois-Suomen maatalousyrittäjien tukiriippuvuutta sekä vääristää tuotannon kannustimia, sillä tuet maksetaan pinta-alaperusteisesti.","−100,00%",
meno,3,30.20.46.,https://budjetti.vm.fi/indox/sisalto.jsp?year=2026&lang=fi&maindoc=/2026/tae/hallituksenEsitys/hallituksenEsitys.xml&id=/2026/tae/hallituksenEsitys/YksityiskohtaisetPerustelut/30/20/46/46.html,30. MAA- JA METSÄTALOUSMINISTERIÖN HALLINNONALA,20. Maa- ja elintarviketalous,46. EU-rahoitteinen ruokaketjun kehittäminen (siirtomääräraha 3 v),46. EU-rahoitteinen ruokaketjun kehittäminen (siirtomääräraha 3&nbsp;v),,11 005 000,0,−11 005 000,Leikataan / Tehoton,Niputettu joukko yritystukia ja tulonsiirtoja. Momentilta rahoitetaan muun muassa maataloustuotteiden menekinedistämismenoja. Harhaanjohtavasti nimetyt tukimuodot vääristävät markkinoita ja lisäävät alan tuottajien tukiriippuvuutta.,"−100,00%",
meno,3,30.20.47.,https://budjetti.vm.fi/indox/sisalto.jsp?year=2026&lang=fi&maindoc=/2026/tae/hallituksenEsitys/hallituksenEsitys.xml&id=/2026/tae/hallituksenEsitys/YksityiskohtaisetPerustelut/30/20/47/47.html,30. MAA- JA METSÄTALOUSMINISTERIÖN HALLINNONALA,20. Maa- ja elintarviketalous,47. Ruokaketjun kehittäminen (siirtomääräraha 3 v),47. Ruokaketjun kehittäminen (siirtomääräraha 3&nbsp;v),,3 336 000,0,−3 336 000,Leikataan / Tehoton,"Elintarvikealan toimijoille suunnattuja yritystukia. Momentilta rahoitetaan muun muassa menekinedistämismenoja sekä alan kokeiluhankkeita. Normaalien liiketoiminnan menojen rahoittaminen ei kuulu valtion tehtäviin, vaan kustannusten on heijastuttava kuluttajahintoihin.","−100,00%",
meno,3,30.20.49.,https://budjetti.vm.fi/indox/sisalto.jsp?year=2026&lang=fi&maindoc=/2026/tae/hallituksenEsitys/hallituksenEsitys.xml&id=/2026/tae/hallituksenEsitys/YksityiskohtaisetPerustelut/30/20/49/49.html,30. MAA- JA METSÄTALOUSMINISTERIÖN HALLINNONALA,20. Maa- ja elintarviketalous,49. Alkutuotannon tuotantopanosomavaraisuuden lisääminen (siirtomääräraha 3 v),49. Alkutuotannon tuotantopanosomavaraisuuden lisääminen (siirtomääräraha 3&nbsp;v),,8 050 000,0,−8 050 000,Leikataan / Tehoton,,"−100,00%",
meno,3,30.20.60.,https://budjetti.vm.fi/indox/sisalto.jsp?year=2026&lang=fi&maindoc=/2026/tae/hallituksenEsitys/hallituksenEsitys.xml&id=/2026/tae/hallituksenEsitys/YksityiskohtaisetPerustelut/30/20/60/60.html,30. MAA- JA METSÄTALOUSMINISTERIÖN HALLINNONALA,20. Maa- ja elintarviketalous,60. Siirto interventiorahastoon (kiinteä määräraha),60. Siirto interventiorahastoon (kiinteä määräraha),,400 000,0,−400 000,Leikataan / Tehoton,Siirretty täysimääräisenä momentille 30.lib. Huoltovarmuus.,"−100,00%",
meno,3,30.20.62.,https://budjetti.vm.fi/indox/sisalto.jsp?year=2026&lang=fi&maindoc=/2026/tae/hallituksenEsitys/hallituksenEsitys.xml&id=/2026/tae/hallituksenEsitys/YksityiskohtaisetPerustelut/30/20/62/62.html,30. MAA- JA METSÄTALOUSMINISTERIÖN HALLINNONALA,20. Maa- ja elintarviketalous,62. Eräät valtionavustukset (siirtomääräraha 2 v),62. Eräät valtionavustukset (siirtomääräraha 2&nbsp;v),,6 367 000,0,−6 367 000,Leikataan / Tehoton,"Yritys- ja järjestötukia sekä valtionapuja Helsingin ja Tampereen yliopistoille. Momentilta rahoitetaan kuolleiden tuotantoeläinten keräilystä aiheutuvia kustannuksia, mikä normaalina liiketoiminnan menona tulisi olla yrityksen vastuulla. Kolmannen sektorin toimijoiden rahoitus ei myöskään kuulu tähän momenttiin.","−100,00%",
meno,2,30.40.,https://budjetti.vm.fi/indox/sisalto.jsp?year=2026&lang=fi&maindoc=/2026/tae/hallituksenEsitys/hallituksenEsitys.xml&id=/2026/tae/hallituksenEsitys/YksityiskohtaisetPerustelut/30/40/40.html,30. MAA- JA METSÄTALOUSMINISTERIÖN HALLINNONALA,40. Luonnonvaratalous,,40. Luonnonvaratalous,,175 647 000,53 624 400,−122 022 600,Leikataan / Tehoton,,"−69,47%",Yritystuet
meno,3,30.40.20.,https://budjetti.vm.fi/indox/sisalto.jsp?year=2026&lang=fi&maindoc=/2026/tae/hallituksenEsitys/hallituksenEsitys.xml&id=/2026/tae/hallituksenEsitys/YksityiskohtaisetPerustelut/30/40/20/20.html,30. MAA- JA METSÄTALOUSMINISTERIÖN HALLINNONALA,40. Luonnonvaratalous,20. Kalakannan hoitovelvoitteet (siirtomääräraha 3 v),20. Kalakannan hoitovelvoitteet (siirtomääräraha 3&nbsp;v),,3 512 000,4 214 400,702 400,Tärkeä / Tehokas,"On perusteltua että vesi- ja ympäristölain mukaisesti kalakannoille aiheutuvia haittoja estetään, kompensoidaan ja ennallistetaan. Valtio kerää tuloja momenttiin 12.30.40 näistä vesitaloushankkeista (mm. padot), joista aiheutuvia haittoja tässä momentissa korjataan. Tuloja 12.30.40. kasvatettiin 20 %, joten myös niiden käyttöä kasvatetaan vastaavasti.","20,00%",
meno,3,30.40.21.,https://budjetti.vm.fi/indox/sisalto.jsp?year=2026&lang=fi&maindoc=/2026/tae/hallituksenEsitys/hallituksenEsitys.xml&id=/2026/tae/hallituksenEsitys/YksityiskohtaisetPerustelut/30/40/21/21.html,30. MAA- JA METSÄTALOUSMINISTERIÖN HALLINNONALA,40. Luonnonvaratalous,21. Vesivarojen käytön ja hoidon menot (siirtomääräraha 3 v),21. Vesivarojen käytön ja hoidon menot (siirtomääräraha 3&nbsp;v),,13 815 000,10 872 000,−2 943 000,Liikkumavaraa,"Yritystukiin menevä osuus Vesitalouden kehittäminen, suunnittelu ja seuranta  2 943 000 € poistetaan.","−21,30%",
meno,3,30.40.22.,https://budjetti.vm.fi/indox/sisalto.jsp?year=2026&lang=fi&maindoc=/2026/tae/hallituksenEsitys/hallituksenEsitys.xml&id=/2026/tae/hallituksenEsitys/YksityiskohtaisetPerustelut/30/40/22/22.html,30. MAA- JA METSÄTALOUSMINISTERIÖN HALLINNONALA,40. Luonnonvaratalous,22. Luonnonvara- ja biotalouden edistäminen (siirtomääräraha 3 v),22. Luonnonvara- ja biotalouden edistäminen (siirtomääräraha 3&nbsp;v),,5 268 000,2 053 000,−3 215 000,Liikkumavaraa,"Luonnonvara- ja biotaloudelle kohdennettuja tukia, joilla rahoitetaan muun muassa kehitys- ja vienninedistämishankkeita. Yritystuet leikataan ja säilytetään luonnonsuojeluun ja kalastuksenvalvontaan liittyvät menot. Poistettavia ovat: Metsäbiotalouden arvonlisän kasvattaminen 500 000 €, Metsäbiotalouden tiedepaneeli 800 000 €, Kansallisen metsästrategian toimeenpano ja muut kehittämishankkeet 1 852 000 €, Suomen biotalousstrategian toimeenpano 63 000 €.","−61,03%",
meno,3,30.40.31.,https://budjetti.vm.fi/indox/sisalto.jsp?year=2026&lang=fi&maindoc=/2026/tae/hallituksenEsitys/hallituksenEsitys.xml&id=/2026/tae/hallituksenEsitys/YksityiskohtaisetPerustelut/30/40/31/31.html,30. MAA- JA METSÄTALOUSMINISTERIÖN HALLINNONALA,40. Luonnonvaratalous,31. Vesi- ja kalataloushankkeiden tukeminen (siirtomääräraha 3 v),31. Vesi- ja kalataloushankkeiden tukeminen (siirtomääräraha 3&nbsp;v),,6 136 000,3 459 000,−2 677 000,Liikkumavaraa,"Momentilta rahoitetaan vesi- ja kalatalouden kehitys- ja kokeiluhankkeita, mitkä eivät kuulu valtion ydintehtäviin. Momentilla säilytetään rahoitusta tulvasuojeluhankkeisiin ja vesitalouden varautumista parantaviin toimenpiteisiin. Leikataan pois kalatalouden kunnostus-, kehittämis- ja kokeiluhankkeet.","−43,63%",
meno,3,30.40.40.,https://budjetti.vm.fi/indox/sisalto.jsp?year=2026&lang=fi&maindoc=/2026/tae/hallituksenEsitys/hallituksenEsitys.xml&id=/2026/tae/hallituksenEsitys/YksityiskohtaisetPerustelut/30/40/40/40.html,30. MAA- JA METSÄTALOUSMINISTERIÖN HALLINNONALA,40. Luonnonvaratalous,40. Eräät luonnonvaratalouden korvaukset (arviomääräraha),40. Eräät luonnonvaratalouden korvaukset (arviomääräraha),,1 541 000,770 500,−770 500,Liikkumavaraa,Yrittäjien pitää kantaa itse enemmän riskejä. Valtion korvauksia vähennetään. ,"−50,00%",
meno,3,30.40.41.,https://budjetti.vm.fi/indox/sisalto.jsp?year=2026&lang=fi&maindoc=/2026/tae/hallituksenEsitys/hallituksenEsitys.xml&id=/2026/tae/hallituksenEsitys/YksityiskohtaisetPerustelut/30/40/41/41.html,30. MAA- JA METSÄTALOUSMINISTERIÖN HALLINNONALA,40. Luonnonvaratalous,41. Hirvieläinten aiheuttamien vahinkojen korvaaminen (siirtomääräraha 3 v),41. Hirvieläinten aiheuttamien vahinkojen korvaaminen (siirtomääräraha 3&nbsp;v),,3 800 000,2 100 000,−1 700 000,Liikkumavaraa,Hirvieläinten aiheuttamien vahinkojen korvaus 1 700 000 kuuluu yksityisten vakuutusmarkkinoiden piiriin ja metsätalouden toimijoiden kuuluu siihen varautua. Momentilta leikataan maanomistajille sekä yrityksille maksettavat korvaukset hirvieläinvahingoista. Rahoitus hirvieläinkantojen hoitoon sekä vahingonehkäisyyn liittyville menoille säilytetään.,"−44,74%",
meno,3,30.40.42.,https://budjetti.vm.fi/indox/sisalto.jsp?year=2026&lang=fi&maindoc=/2026/tae/hallituksenEsitys/hallituksenEsitys.xml&id=/2026/tae/hallituksenEsitys/YksityiskohtaisetPerustelut/30/40/42/42.html,30. MAA- JA METSÄTALOUSMINISTERIÖN HALLINNONALA,40. Luonnonvaratalous,42. Petoeläinten aiheuttamien vahinkojen korvaaminen (siirtomääräraha 2 v),42. Petoeläinten aiheuttamien vahinkojen korvaaminen (siirtomääräraha 2&nbsp;v),,8 850 000,750 000,−8 100 000,Liikkumavaraa,Petoeläinten aiheuttamien vahinkojen korvaus yrityksille ja maanomistajille. Petoeläinten aiheuttamat vahingot ovat normaali liiketoiminnan riski ja yrittäjän tai maanomistajan tulee hankkia riittävä vakuutus vahinkojen varalle. Momentilta leikataan kaikki vahingonkorvaukset ja vahinkojen ennältäehkäisyyn liittyvä rahoitus säilytetään.,"−91,53%",
meno,3,30.40.44.,https://budjetti.vm.fi/indox/sisalto.jsp?year=2026&lang=fi&maindoc=/2026/tae/hallituksenEsitys/hallituksenEsitys.xml&id=/2026/tae/hallituksenEsitys/YksityiskohtaisetPerustelut/30/40/44/44.html,30. MAA- JA METSÄTALOUSMINISTERIÖN HALLINNONALA,40. Luonnonvaratalous,44. Tuki puuntuotannon kestävyyden turvaamiseen (arviomääräraha),44. Tuki puuntuotannon kestävyyden turvaamiseen (arviomääräraha),,36 247 000,0,−36 247 000,Leikataan / Tehoton,"Puuntuotannon kestävyyden nimissä toteutettava tulonsiirto metsänomistajille leikataan kokonaisuudessaan tehottomana tukimuotona, sillä myönnetty tuki on veronalaista tuloa. Valtion ei tule yrittää parantaa puuntuotannon kannustimia keinotekoisesti.","−100,00%",
meno,3,30.40.45.,https://budjetti.vm.fi/indox/sisalto.jsp?year=2026&lang=fi&maindoc=/2026/tae/hallituksenEsitys/hallituksenEsitys.xml&id=/2026/tae/hallituksenEsitys/YksityiskohtaisetPerustelut/30/40/45/45.html,30. MAA- JA METSÄTALOUSMINISTERIÖN HALLINNONALA,40. Luonnonvaratalous,45. Metsäluonnon hoidon edistäminen (siirtomääräraha 3 v),45. Metsäluonnon hoidon edistäminen (siirtomääräraha 3&nbsp;v),,11 027 000,0,−11 027 000,Leikataan / Tehoton,"Metsäluonnon hoitohankkeiden maksamiseen tarkoitettu tukimuoto. Metsämaan ennallistamis- ja kunnostushankkeiden korvaaminen ei ole valtion keskeinen funktio, vaan metsänomistajan tulee kantaa mainituista hankkeista aiheutuva taloudellinen vastuu. ","−100,00%",
meno,3,30.40.46.,https://budjetti.vm.fi/indox/sisalto.jsp?year=2026&lang=fi&maindoc=/2026/tae/hallituksenEsitys/hallituksenEsitys.xml&id=/2026/tae/hallituksenEsitys/YksityiskohtaisetPerustelut/30/40/46/46.html,30. MAA- JA METSÄTALOUSMINISTERIÖN HALLINNONALA,40. Luonnonvaratalous,46. Valtionavustus Suomen metsäkeskukselle (siirtomääräraha 2 v),46. Valtionavustus Suomen metsäkeskukselle (siirtomääräraha 2&nbsp;v),,41 074 000,16 429 600,−24 644 400,Liikkumavaraa,"Metsäkeskuksen valtionapu. Momentille esitetään 60 % leikkausta, sillä Metsäkeskuksen toiminta palvelee pääasiassa metsänomistajia ja alan yrityksiä. Toiminnan pitää olla kaupallisempaa ja valtionavun tulee kohdistua vain Metsäkeskuslain määrittelemiin julkishyödykkeellisiin tehtäviin.","−60,00%",
meno,3,30.40.47.,https://budjetti.vm.fi/indox/sisalto.jsp?year=2026&lang=fi&maindoc=/2026/tae/hallituksenEsitys/hallituksenEsitys.xml&id=/2026/tae/hallituksenEsitys/YksityiskohtaisetPerustelut/30/40/47/47.html,30. MAA- JA METSÄTALOUSMINISTERIÖN HALLINNONALA,40. Luonnonvaratalous,47. Tuki joutoalueiden metsitykseen (siirtomääräraha 3 v),47. Tuki joutoalueiden metsitykseen (siirtomääräraha 3&nbsp;v),,1 000 000,0,−1 000 000,Leikataan / Tehoton,"Joutoalueiden metsitykseen tarkoitettu tukimuoto, jolla pyritään lisäämään metsänistutuksen kannustimia. Leikataan tarpeettomana, valtion ei tule investoida kannattamattomaan metsänkasvatukseen. Hiilinielujen markkinat synnyttämällä, myös joutomaa kannattaa ottaa käyttöön.","−100,00%",
meno,3,30.40.50.,https://budjetti.vm.fi/indox/sisalto.jsp?year=2026&lang=fi&maindoc=/2026/tae/hallituksenEsitys/hallituksenEsitys.xml&id=/2026/tae/hallituksenEsitys/YksityiskohtaisetPerustelut/30/40/50/50.html,30. MAA- JA METSÄTALOUSMINISTERIÖN HALLINNONALA,40. Luonnonvaratalous,50. Riistatalouden edistäminen (siirtomääräraha 3 v),50. Riistatalouden edistäminen (siirtomääräraha 3&nbsp;v),,13 697 000,6 750 900,−6 946 100,Liikkumavaraa,"Suomen riistakeskuksen, riistanhoitoyhdistysten sekä riistakonsernin strategisten tavoitteiden rahoitus. Momentilta leikataan 100 % museotoiminnan 0,45 M€ ja 70 % kehityshankkeiden rahoitusta 2,042 M€ ja leikataan 30 % Suomen riistakeskukselta 8,405 M€ toimintojen vähetessä. Vastaavasti riistanhoitomaksua lasketaan 21 euroon/v (nyt 43 €/v)","−50,71%",
meno,3,30.40.51.,https://budjetti.vm.fi/indox/sisalto.jsp?year=2026&lang=fi&maindoc=/2026/tae/hallituksenEsitys/hallituksenEsitys.xml&id=/2026/tae/hallituksenEsitys/YksityiskohtaisetPerustelut/30/40/51/51.html,30. MAA- JA METSÄTALOUSMINISTERIÖN HALLINNONALA,40. Luonnonvaratalous,51. Kalatalouden edistäminen (siirtomääräraha 3 v),51. Kalatalouden edistäminen (siirtomääräraha 3&nbsp;v),,9 625 000,6 225 000,−3 400 000,Liikkumavaraa,Korvaukset vesialueiden omistajille säilyy täysmääräisenä. Muusta tehdään -50 % leikkaus.,"−35,32%",
meno,3,30.40.53.,https://budjetti.vm.fi/indox/sisalto.jsp?year=2026&lang=fi&maindoc=/2026/tae/hallituksenEsitys/hallituksenEsitys.xml&id=/2026/tae/hallituksenEsitys/YksityiskohtaisetPerustelut/30/40/53/53.html,30. MAA- JA METSÄTALOUSMINISTERIÖN HALLINNONALA,40. Luonnonvaratalous,53. Eräät luonnonvaratalouden valtionavustukset (siirtomääräraha 2 v),53. Eräät luonnonvaratalouden valtionavustukset (siirtomääräraha 2&nbsp;v),,1 332 000,0,−1 332 000,Leikataan / Tehoton,"Metsäpuiden siemenviljelysten perustamiseen myönnettäviä avustuksia sekä luonnonvara-alan yhdistyksille maksettavia tukia. Leikataan kokonaisuudessaan, metsäpuiden siemenviljelysten aloitus- ja kehittämismenot ovat normaaleja liiketoiminnan menoja eikä niitä tule ulkoistaa veronmaksajalle. Luonnonvara-alan yhdistyksille ei tule suunnata erillistukia yleishyödyllisyyden nimissä vaan kyseisten yhdistysten tulee vastata täysimääräisesti omasta rahoituksestaan. Vastavuoroisesti varainkeruuta helpotetaan poistamalla rahankeräyslaki.","−100,00%",
meno,3,30.40.62.,https://budjetti.vm.fi/indox/sisalto.jsp?year=2026&lang=fi&maindoc=/2026/tae/hallituksenEsitys/hallituksenEsitys.xml&id=/2026/tae/hallituksenEsitys/YksityiskohtaisetPerustelut/30/40/62/62.html,30. MAA- JA METSÄTALOUSMINISTERIÖN HALLINNONALA,40. Luonnonvaratalous,62. Elinkeinokalatalouden edistäminen (siirtomääräraha 3 v),62. Elinkeinokalatalouden edistäminen (siirtomääräraha 3&nbsp;v),,18 723 000,0,−18 723 000,Leikataan / Tehoton,"Euroopan meri- ja kalatalousrahastosta sekä kansallisista verovaroista elinkeinokalastajille osoitettavia tukia. Leikataan kokonaisuudessaan, sillä maatalousalan rinnalle ei haluta muodostaa toista tukiriippuvaista toimialaa. Kaupallisen kalastuksen valvonnan suhteen voidaan siirtyä omavalvontaan ja valvoa kalaelinkeinoja normaalin yritysvalvonnan puitteissa. ","−100,00%",
meno,2,30.64.,https://budjetti.vm.fi/indox/sisalto.jsp?year=2026&lang=fi&maindoc=/2026/tae/hallituksenEsitys/hallituksenEsitys.xml&id=/2026/tae/hallituksenEsitys/YksityiskohtaisetPerustelut/30/64/64.html,30. MAA- JA METSÄTALOUSMINISTERIÖN HALLINNONALA,64. Metsähallitus,,64. Metsähallitus,,7 007 000,6 607 000,−400 000,Liikkumavaraa,,"−5,71%",Hallinto
meno,3,30.64.50.,https://budjetti.vm.fi/indox/sisalto.jsp?year=2026&lang=fi&maindoc=/2026/tae/hallituksenEsitys/hallituksenEsitys.xml&id=/2026/tae/hallituksenEsitys/YksityiskohtaisetPerustelut/30/64/50/50.html,30. MAA- JA METSÄTALOUSMINISTERIÖN HALLINNONALA,64. Metsähallitus,50. Metsähallituksen eräät julkiset hallintotehtävät (siirtomääräraha 3 v),50. Metsähallituksen eräät julkiset hallintotehtävät (siirtomääräraha 3&nbsp;v),,7 007 000,6 607 000,−400 000,Liikkumavaraa,Metsähallituksen Pohjois-Suomen siemenkeräämisen ja myymisen pitää olla kustannusneutraalia toimintaa myyntitulojen kattaessa muut toiminnan kulut. Nettona vaikutus on 400 000 €. Metsähallituksen muut lakisääteiset tehtävät palvelevat koko yhteiskuntaa ja niiden rahoitus säilytetään ennallaan.,"−5,71%",
meno,2,30.70.,https://budjetti.vm.fi/indox/sisalto.jsp?year=2026&lang=fi&maindoc=/2026/tae/hallituksenEsitys/hallituksenEsitys.xml&id=/2026/tae/hallituksenEsitys/YksityiskohtaisetPerustelut/30/70/70.html,30. MAA- JA METSÄTALOUSMINISTERIÖN HALLINNONALA,70. Maanmittaus ja asunto-osakkeiden kirjaaminen,,70. Maanmittaus ja asunto-osakkeiden kirjaaminen,,47 253 000,36 202 400,−11 050 600,Liikkumavaraa,,"−23,39%",Hallinto
meno,3,30.70.01.,https://budjetti.vm.fi/indox/sisalto.jsp?year=2026&lang=fi&maindoc=/2026/tae/hallituksenEsitys/hallituksenEsitys.xml&id=/2026/tae/hallituksenEsitys/YksityiskohtaisetPerustelut/30/70/01/01.html,30. MAA- JA METSÄTALOUSMINISTERIÖN HALLINNONALA,70. Maanmittaus ja asunto-osakkeiden kirjaaminen,01. Maanmittauslaitoksen toimintamenot (siirtomääräraha 2 v),01. Maanmittauslaitoksen toimintamenot (siirtomääräraha 2&nbsp;v),,45 253 000,36 202 400,−9 050 600,Liikkumavaraa,"Maanmittauslaitoksen toimintaan ehdotetaan leikkausta. Maankäyttöön kohdistuvaa säätelyä on tarkoitus vähentää, mikä vähentää myös laitoksen tehtäviä.","−20,00%",
meno,3,30.70.40.,https://budjetti.vm.fi/indox/sisalto.jsp?year=2026&lang=fi&maindoc=/2026/tae/hallituksenEsitys/hallituksenEsitys.xml&id=/2026/tae/hallituksenEsitys/YksityiskohtaisetPerustelut/30/70/40/40.html,30. MAA- JA METSÄTALOUSMINISTERIÖN HALLINNONALA,70. Maanmittaus ja asunto-osakkeiden kirjaaminen,40. Kiinteistötoimitusten tukemisesta aiheutuvat menot (siirtomääräraha 2 v),40. Kiinteistötoimitusten tukemisesta aiheutuvat menot (siirtomääräraha 2&nbsp;v),,2 000 000,0,−2 000 000,Liikkumavaraa,Maa- ja metsätalousalan toimijoille suunnattu hallinnollisten kustannusten tuki kiinteistöntoimitusmaksujen maksamiseen. Tilojen ostojen kuuluu olla ihmisten itsensä vastuulla eikä valtion tarvitse tehdä uusjakoa ihmisten puolesta. Peltotilusjärjestelystä aiheutuvat kustannukset tulisivat olla yrittäjän itsensä kustantamia ja kustannusvastaavuusperiaatteen mukaista toimintaa nykyisen 50 % subventoinnin sijaan.,"−100,00%",
meno,2,30.lib.,,30. MAA- JA METSÄTALOUSMINISTERIÖN HALLINNONALA,lib. Huoltovarmuus,,lib. Huoltovarmuus,lib,,1 000 000 000,1 000 000 000,Tärkeä / Tehokas,,"0,00%",Huoltovarmuus
meno,3,30.lib.lib.,,30. MAA- JA METSÄTALOUSMINISTERIÖN HALLINNONALA,lib. Huoltovarmuus,lib. Huoltovarmuuden tuotantofutuurimalli (600-1000M€),lib. Huoltovarmuuden tuotantofutuurimalli (600-1000M€),lib,,1 000 000 000,1 000 000 000,Tärkeä / Tehokas,"Pinta-alaan pohjautuvat maataloustuet on korvattava pelkkään huoltovarmuuteen keskittyvällä tuotantofutuurimallilla. Siinä valtio sitoutuu ostamaan tulevaa huoltovarmuuskriteerit täyttävää tuotantoa käänteisellä huutokauppamekanismilla, ja normaalioloissa se myy tuotannon maailmanmarkkinahintaan. Valtio maksaa tällöin vuosittain maataloudelle tukina vain ja ainoastaan maailmanmarkkinahinnan ja huoltovarmuuden turvaavien futuurien hinnan erotuksen.","0,00%",
meno,1,31.,https://budjetti.vm.fi/indox/sisalto.jsp?year=2026&lang=fi&maindoc=/2026/tae/hallituksenEsitys/hallituksenEsitys.xml&id=/2026/tae/hallituksenEsitys/YksityiskohtaisetPerustelut/31/31.html,31. LIIKENNE- JA VIESTINTÄMINISTERIÖN HALLINNONALA,,,31. LIIKENNE- JA VIESTINTÄMINISTERIÖN HALLINNONALA,,3 848 632 000,2 494 067 000,−1 354 565 000,Liikkumavaraa,"Yleisradion tulee keskittyä vain olennaisen uutissisällön tuottamiseen sekä poikkeusolojen viestintään, myös lapsille suunnattu sisältö ja suomalaista audiovisuaalista kulttuuriperintöä on syytä jättää Ylelle. Perusväylänpidossa keskitytään pääväyliin. Valtion ei tule puuttua liikenteen sähköistämiseen vaan muutos tapahtuu jo nyt markkinaehtoisesti. Alueellisen joukkoliikenteen tukeminen ei ole valtion tehtävä vaan rahoitus tulee järjestää alueellisesti.","−35,20%",
meno,2,31.01.,https://budjetti.vm.fi/indox/sisalto.jsp?year=2026&lang=fi&maindoc=/2026/tae/hallituksenEsitys/hallituksenEsitys.xml&id=/2026/tae/hallituksenEsitys/YksityiskohtaisetPerustelut/31/01/01.html,31. LIIKENNE- JA VIESTINTÄMINISTERIÖN HALLINNONALA,01. Hallinto ja toimialan yhteiset menot,,01. Hallinto ja toimialan yhteiset menot,,799 883 000,527 936 600,−271 946 400,Liikkumavaraa,,"−34,00%",Hallinto
meno,3,31.01.01.,https://budjetti.vm.fi/indox/sisalto.jsp?year=2026&lang=fi&maindoc=/2026/tae/hallituksenEsitys/hallituksenEsitys.xml&id=/2026/tae/hallituksenEsitys/YksityiskohtaisetPerustelut/31/01/01/01.html,31. LIIKENNE- JA VIESTINTÄMINISTERIÖN HALLINNONALA,01. Hallinto ja toimialan yhteiset menot,01. Liikenne- ja viestintäministeriön toimintamenot (siirtomääräraha 2 v),01. Liikenne- ja viestintäministeriön toimintamenot (siirtomääräraha 2&nbsp;v),,17 168 000,13 734 400,−3 433 600,Liikkumavaraa,Liikenne- ja viestäntäministeriön toimintamenoihin esitetään 20 % leikkausta. Ministeriön tulee priorisoida toimensa ja karsia ei-välttämättömiä tehtäviään. Julkisen sektorin lomia tulee vähentää ja työn tuottavuutta kasvattaa. Tehtävät ministeriössä vähenevät myös kun hallinnonalan tehtäviä vähennetään yritystukien ja aluetukien jakamisen osalta ja mm. liikennehankkeiden hankintatapaa muutetaan jatkossa elinkaarirahoituksen suuntaan.,"−20,00%",
meno,3,31.01.02.,https://budjetti.vm.fi/indox/sisalto.jsp?year=2026&lang=fi&maindoc=/2026/tae/hallituksenEsitys/hallituksenEsitys.xml&id=/2026/tae/hallituksenEsitys/YksityiskohtaisetPerustelut/31/01/02/02.html,31. LIIKENNE- JA VIESTINTÄMINISTERIÖN HALLINNONALA,01. Hallinto ja toimialan yhteiset menot,02. Liikenne- ja viestintäviraston toimintamenot (siirtomääräraha 2 v),02. Liikenne- ja viestintäviraston toimintamenot (siirtomääräraha 2&nbsp;v),,88 750 000,53 250 000,−35 500 000,Liikkumavaraa,Liikenne- ja viestintäviraston tehtävämäärä laskee osittain samalla kun menomomenttien 31.20. tehtävät vähenevät. Lisäksi virastossa julkisen sektorin lomia tulee vähentää ja työn tuottavuutta kasvattaa. Yhteensä näistä arvioidaan 40 % vähennys.,"−40,00%",
meno,3,31.01.03.,https://budjetti.vm.fi/indox/sisalto.jsp?year=2026&lang=fi&maindoc=/2026/tae/hallituksenEsitys/hallituksenEsitys.xml&id=/2026/tae/hallituksenEsitys/YksityiskohtaisetPerustelut/31/01/03/03.html,31. LIIKENNE- JA VIESTINTÄMINISTERIÖN HALLINNONALA,01. Hallinto ja toimialan yhteiset menot,03. Väyläviraston toimintamenot (siirtomääräraha 2 v),03. Väyläviraston toimintamenot (siirtomääräraha 2&nbsp;v),,57 534 000,46 027 000,−11 507 000,Liikkumavaraa,Virastossa julkisen sektorin lomia tulee vähentää ja työn tuottavuutta kasvattaa. Tehtävät vähenevät myös kun liikennehankkeiden hankintatapaa muutetaan jatkossa elinkaarirahoituksen suuntaan ja hallinnollista taakkaa kevennetään. Yhteensä näistä arvioidaan 20 % vähennys.,"−20,00%",
meno,3,31.01.04.,https://budjetti.vm.fi/indox/sisalto.jsp?year=2026&lang=fi&maindoc=/2026/tae/hallituksenEsitys/hallituksenEsitys.xml&id=/2026/tae/hallituksenEsitys/YksityiskohtaisetPerustelut/31/01/04/04.html,31. LIIKENNE- JA VIESTINTÄMINISTERIÖN HALLINNONALA,01. Hallinto ja toimialan yhteiset menot,04. Ilmatieteen laitoksen toimintamenot (siirtomääräraha 2 v),04. Ilmatieteen laitoksen toimintamenot (siirtomääräraha 2&nbsp;v),,47 966 000,33 576 200,−14 389 800,Liikkumavaraa,Toiminnan tehokkuuden parantamisessa poistetaan työ- ja palveluprosesseista kaikki turhat työvaiheet. Asiakkaalle arvoa tuovien työvaiheiden ajallinen osuus kaikkiin työvaiheisiin käytettävästä ajasta on usein huomattavan pieni. Tavoitteena on vähintään 30 % tehokkuuslisä työprosesseissa.,"−30,00%",
meno,3,31.01.29.,https://budjetti.vm.fi/indox/sisalto.jsp?year=2026&lang=fi&maindoc=/2026/tae/hallituksenEsitys/hallituksenEsitys.xml&id=/2026/tae/hallituksenEsitys/YksityiskohtaisetPerustelut/31/01/29/29.html,31. LIIKENNE- JA VIESTINTÄMINISTERIÖN HALLINNONALA,01. Hallinto ja toimialan yhteiset menot,29. Liikenne- ja viestintäministeriön hallinnonalan arvonlisäveromenot (arviomääräraha),29. Liikenne- ja viestintäministeriön hallinnonalan arvonlisäveromenot (arviomääräraha),,588 465 000,381 348 800,−207 116 200,Liikkumavaraa,,"−35,20%",
meno,3,31.01.88.,https://budjetti.vm.fi/indox/sisalto.jsp?year=2026&lang=fi&maindoc=/2026/tae/hallituksenEsitys/hallituksenEsitys.xml&id=/2026/tae/hallituksenEsitys/YksityiskohtaisetPerustelut/31/01/88poistettava/88poistettava.html,31. LIIKENNE- JA VIESTINTÄMINISTERIÖN HALLINNONALA,01. Hallinto ja toimialan yhteiset menot,88. Osakehankinnat (siirtomääräraha 3 v),88. Osakehankinnat (siirtomääräraha 3&nbsp;v),poistettava momentti hallituksen esityksessä,0,0,0,Leikataan / Tehoton,"Osakehankinnat ratayhtiöistä on tehty jo edeltävinä vuosina ja momentti poistuu hallituksen budjetissa. Valtion on priorisoitava ratahankkeita. Suomi-rata Oy:n (Tampereelle) oikea tarve kun ratakapasiteetti on täynnä. Sille väylälle on syytä rakentaa lisäraiteita. Puolestaan Itärata Oy (Vantaa-Porvoo-Kouvola), ja Turun tunnin juna Oy hankkeet eivät potentiaalisilla matkustajamäärillä oikeuta rakentamista.","0,00%",
meno,2,31.10.,https://budjetti.vm.fi/indox/sisalto.jsp?year=2026&lang=fi&maindoc=/2026/tae/hallituksenEsitys/hallituksenEsitys.xml&id=/2026/tae/hallituksenEsitys/YksityiskohtaisetPerustelut/31/10/10.html,31. LIIKENNE- JA VIESTINTÄMINISTERIÖN HALLINNONALA,10. Liikenne- ja viestintäverkot,,10. Liikenne- ja viestintäverkot,,2 115 005 000,1 819 884 600,−295 120 400,Tärkeä / Tehokas,Valtion tehtävänä on pitää pääväylistä huolta ja rakentaa tiukasti priorisoiden uusia. Sen sijaan paikallisesti aluetta itseään hyödyttävät ratikkahankkeet tulee rahoittaa paikallisesti.,"−13,95%",Aluetuet
meno,3,31.10.20.,https://budjetti.vm.fi/indox/sisalto.jsp?year=2026&lang=fi&maindoc=/2026/tae/hallituksenEsitys/hallituksenEsitys.xml&id=/2026/tae/hallituksenEsitys/YksityiskohtaisetPerustelut/31/10/20/20.html,31. LIIKENNE- JA VIESTINTÄMINISTERIÖN HALLINNONALA,10. Liikenne- ja viestintäverkot,20. Perusväylänpito (siirtomääräraha 3 v),20. Perusväylänpito (siirtomääräraha 3&nbsp;v),,1 412 382 000,1 412 382 000,0,Tärkeä / Tehokas,Suomen pääväylätkin ovat kerryttäneet korjausvelkaa. Valtion tehtävänä on pitää pääväylät kelvollisessa kunnossa. Määrärahat säilyvät nyt esitetyllä tasolla.,"0,00%",
meno,3,31.10.30.,https://budjetti.vm.fi/indox/sisalto.jsp?year=2026&lang=fi&maindoc=/2026/tae/hallituksenEsitys/hallituksenEsitys.xml&id=/2026/tae/hallituksenEsitys/YksityiskohtaisetPerustelut/31/10/30/30.html,31. LIIKENNE- JA VIESTINTÄMINISTERIÖN HALLINNONALA,10. Liikenne- ja viestintäverkot,30. Avustukset liikenne- ja viestintäverkkoihin (siirtomääräraha 3 v),30. Avustukset liikenne- ja viestintäverkkoihin (siirtomääräraha 3&nbsp;v),,95 850 000,0,−95 850 000,Leikataan / Tehoton,"Valtionavustukset joukkoliikenteen paikallisiin raitiotiehankkeisiin leikataan kokonaisuudessaan, sillä valtion ei tule osoittaa kansallisia verovaroja yksittäisiä alueita hyödyttäviin joukkoliikenteen hankkeisiin. Alueiden tulee itse vastata hankkeiden rahoituksesta sekä kannattavuuden varmistamisesta. Verotuksen puolella kiinteistöveron valtiontasausjärjestelmän poistaminen kompensoi ja helpottaa alueiden itsensä rahoittaa joukkoliikennehankkeensa.","−100,00%",
meno,3,31.10.31.,https://budjetti.vm.fi/indox/sisalto.jsp?year=2026&lang=fi&maindoc=/2026/tae/hallituksenEsitys/hallituksenEsitys.xml&id=/2026/tae/hallituksenEsitys/YksityiskohtaisetPerustelut/31/10/31/31.html,31. LIIKENNE- JA VIESTINTÄMINISTERIÖN HALLINNONALA,10. Liikenne- ja viestintäverkot,31. Eräät avustukset (siirtomääräraha 3 v),31. Eräät avustukset (siirtomääräraha 3&nbsp;v),,9 400 000,0,−9 400 000,Leikataan / Tehoton,"Valtionavustuksia yksityisteiden ylläpitoon, tiekuntien neuvonnasta aiheutuviin menoihin sekä pyöräilyä ja kävelyä edistäviin hankkeisiin. Leikataan kokonaisuudessaan, sillä yksityisteiden ylläpidosta aiheutuvia kustannuksia ei tule siirtää veronmaksajan harteille. Pyörä- ja kävelytiehankkeiden rahoitus tulee myös järjestää aluehallinnon varoista.","−100,00%",
meno,3,31.10.76.,https://budjetti.vm.fi/indox/sisalto.jsp?year=2026&lang=fi&maindoc=/2026/tae/hallituksenEsitys/hallituksenEsitys.xml&id=/2026/tae/hallituksenEsitys/YksityiskohtaisetPerustelut/31/10/76/76.html,31. LIIKENNE- JA VIESTINTÄMINISTERIÖN HALLINNONALA,10. Liikenne- ja viestintäverkot,76. Maa- ja vesialueiden hankinnat ja korvaukset (arviomääräraha),76. Maa- ja vesialueiden hankinnat ja korvaukset (arviomääräraha),,24 997 000,24 997 000,0,Tärkeä / Tehokas,"Yksityisten maa- ja vesialueiden hankkiminen valtiontiehankkeita varten. Väylien rakentaminen kuuluu valtion ydintehtäviin, joten yksityisen maan hankinnan rahoitus säilytetään ennallaan.","0,00%",
meno,3,31.10.77.,https://budjetti.vm.fi/indox/sisalto.jsp?year=2026&lang=fi&maindoc=/2026/tae/hallituksenEsitys/hallituksenEsitys.xml&id=/2026/tae/hallituksenEsitys/YksityiskohtaisetPerustelut/31/10/77/77.html,31. LIIKENNE- JA VIESTINTÄMINISTERIÖN HALLINNONALA,10. Liikenne- ja viestintäverkot,77. Väyläverkon kehittäminen (siirtomääräraha 3 v),77. Väyläverkon kehittäminen (siirtomääräraha 3&nbsp;v),,474 676 000,284 805 600,−189 870 400,Leikataan / Tehoton,Budjetin tasapainottamiseksi myös valtion väylien uudistamishankkeita ja politikkojen siltarumpuhankkeista on leikattava. Kehittämishankkeiden budjetista karsitaan 40 % samalla kun olemassa olevien väylien 31.10.20. momentti säilytetään. Tavoitteena on pitää nykyisistä väylistä huolta ja tehdä vain aivan keskeisimmät uudet kehityshankkeet tiukasti priorisoiden.,"−40,00%",
meno,3,31.10.79.,https://budjetti.vm.fi/indox/sisalto.jsp?year=2026&lang=fi&maindoc=/2026/tae/hallituksenEsitys/hallituksenEsitys.xml&id=/2026/tae/hallituksenEsitys/YksityiskohtaisetPerustelut/31/10/79/79.html,31. LIIKENNE- JA VIESTINTÄMINISTERIÖN HALLINNONALA,10. Liikenne- ja viestintäverkot,79. Elinkaarirahoitushankkeet (siirtomääräraha 3 v),79. Elinkaarirahoitushankkeet (siirtomääräraha 3&nbsp;v),,97 700 000,97 700 000,0,Tärkeä / Tehokas,"Elinkaarirahoitusmallilla valtio maksaa yksityiselle toimijalle vuotuisia palvelumaksuja siitä että väylät ovat kunnossa, eikä investointi väylään siten näy yksittäisenä vuonna. Tällä tavalla sopimukset myös siirtävät kustannusylitysriskin yksityiselle toimijalle. Tätä on E18 väylällä tehty Suomessa.","0,00%",
meno,2,31.20.,https://budjetti.vm.fi/indox/sisalto.jsp?year=2026&lang=fi&maindoc=/2026/tae/hallituksenEsitys/hallituksenEsitys.xml&id=/2026/tae/hallituksenEsitys/YksityiskohtaisetPerustelut/31/20/20.html,31. LIIKENNE- JA VIESTINTÄMINISTERIÖN HALLINNONALA,20. Liikenteen ja viestinnän palvelut,,20. Liikenteen ja viestinnän palvelut,,933 744 000,146 246 000,−787 498 000,Leikataan / Tehoton,,"−84,34%",Markkinahäiriköinti
meno,3,31.20.20.,https://budjetti.vm.fi/indox/sisalto.jsp?year=2026&lang=fi&maindoc=/2026/tae/hallituksenEsitys/hallituksenEsitys.xml&id=/2026/tae/hallituksenEsitys/YksityiskohtaisetPerustelut/31/20/20/20.html,31. LIIKENNE- JA VIESTINTÄMINISTERIÖN HALLINNONALA,20. Liikenteen ja viestinnän palvelut,20. Saaristo- ja yhteysalusliikenteen ostot ja kehittäminen (siirtomääräraha 3 v),20. Saaristo- ja yhteysalusliikenteen ostot ja kehittäminen (siirtomääräraha 3&nbsp;v),,19 886 000,0,−19 886 000,Leikataan / Tehoton,"Valtion tehtävänä ei ole tarjota ympärivuotista yhteysaluspalvelua saariston etäisimmille alueille, sillä tuesta hyötyy vain marginaalisen pieni joukko. Yhteysalusten operointi on normaalia liiketoimintaa ja valtion tulee tukea tarvittaessa vain sellaisia yhteyksiä, joilla on perusteltu julkishyödykkeellinen merkitys. Tämän kaltaisia aluetukia valtion ei kuulu jakaa, vaan syrjässä asuvien ihmisten on maksettava liikkumiskulunsa itse.","−100,00%",
meno,3,31.20.21.,https://budjetti.vm.fi/indox/sisalto.jsp?year=2026&lang=fi&maindoc=/2026/tae/hallituksenEsitys/hallituksenEsitys.xml&id=/2026/tae/hallituksenEsitys/YksityiskohtaisetPerustelut/31/20/21/21.html,31. LIIKENNE- JA VIESTINTÄMINISTERIÖN HALLINNONALA,20. Liikenteen ja viestinnän palvelut,21. Julkisen henkilöliikenteen palvelujen ostot ja kehittäminen (siirtomääräraha 3 v),21. Julkisen henkilöliikenteen palvelujen ostot ja kehittäminen (siirtomääräraha 3&nbsp;v),,107 324 000,0,−107 324 000,Leikataan / Tehoton,"Alueellisen joukkoliikenteen tukeminen ei ole valtion tehtävä vaan rahoitus tulee järjestää alueellisesti. Kaupungistuminen parantaa myös joukkoliikenteen kannattavuutta, eikä siten syrjäisten alueiden joukkoliikenteen tukeminen verovaroin ole järkevää","−100,00%",
meno,3,31.20.22.,https://budjetti.vm.fi/indox/sisalto.jsp?year=2026&lang=fi&maindoc=/2026/tae/hallituksenEsitys/hallituksenEsitys.xml&id=/2026/tae/hallituksenEsitys/YksityiskohtaisetPerustelut/31/20/22/22.html,31. LIIKENNE- JA VIESTINTÄMINISTERIÖN HALLINNONALA,20. Liikenteen ja viestinnän palvelut,22. Yöjunarungon vaunukaluston hankinta (siirtomääräraha 3 v),22. Yöjunarungon vaunukaluston hankinta (siirtomääräraha 3&nbsp;v),,4 612 000,0,−4 612 000,Leikataan / Tehoton,"Junaliikenne tulee vapauttaa kilpailulle, eikä valtion kuulu hankkia kalustoa vain yhden toimijan käyttöön.","−100,00%",
meno,3,31.20.43.,https://budjetti.vm.fi/indox/sisalto.jsp?year=2026&lang=fi&maindoc=/2026/tae/hallituksenEsitys/hallituksenEsitys.xml&id=/2026/tae/hallituksenEsitys/YksityiskohtaisetPerustelut/31/20/43/43.html,31. LIIKENNE- JA VIESTINTÄMINISTERIÖN HALLINNONALA,20. Liikenteen ja viestinnän palvelut,43. Meriliikenteessä käytettävien alusten kilpailukyvyn parantaminen (arviomääräraha),43. Meriliikenteessä käytettävien alusten kilpailukyvyn parantaminen (arviomääräraha),,89 000 000,0,−89 000 000,Leikataan / Tehoton,Yritystuki meriliikenteen toimijoille ei ole perusteltu markkinaliberaalille valtiolle. Kyseessä on korporatismi ja valtion kaverikapitalismi.,"−100,00%",
meno,3,31.20.51.,https://budjetti.vm.fi/indox/sisalto.jsp?year=2026&lang=fi&maindoc=/2026/tae/hallituksenEsitys/hallituksenEsitys.xml&id=/2026/tae/hallituksenEsitys/YksityiskohtaisetPerustelut/31/20/51/51.html,31. LIIKENNE- JA VIESTINTÄMINISTERIÖN HALLINNONALA,20. Liikenteen ja viestinnän palvelut,51. Avustukset liikenteen ja viestinnän palveluihin (siirtomääräraha 3 v),51. Avustukset liikenteen ja viestinnän palveluihin (siirtomääräraha 3&nbsp;v),,119 270 000,18 246 000,−101 024 000,Leikataan / Tehoton,"Yleisen tieliikenteen kehittämishankkeiden, vaihtoehtoisen käyttövoiman hankinta- ja konversiotuen, rautatieliikenteen ammattikoulutuksen valtionavun sekä Saimaan alueen luotsauksen hintatuen maksamiseen tarkoitettu momentti. Momentilta leikataan valtiolle kuulumattomina yritystukina seuraavat: Sanomalehtien määräaikainen jakelutuki 7,5 M€, Merenkurkun laivareittien tukeminen 2 M€, Saimaan alueen luotsauksen hintatuki 0,6 M€, Kansallinen omarahoitusosuus pk-yritysten kyberkompetenssihankkeisiin 0,6 M€ ja Varustamoiden valtiontukiohjelma 70,324 M€. Lisäksi Romutuspalkkio 20 M€ poistuu. Momentille jätetään rahoitus valtion tehtäväkenttään kuuluvina: Tieliikenteen turvallisuustoiminta 9,5 M€, Rautatieliikenteen ammattikoulutus 0,841 M€, Kansallinen yhteyspiste ja liikennejärjestelmän perustietopalvelu infrastruktuurinkunnossapitoon 7,555 M€, sekä Huoltovarmuuskriittisen tavaraliikenteen turvaaminen välillä Naantali—Ahvenanmaa 0,35 M€.","−84,70%",
meno,3,31.20.60.,https://budjetti.vm.fi/indox/sisalto.jsp?year=2026&lang=fi&maindoc=/2026/tae/hallituksenEsitys/hallituksenEsitys.xml&id=/2026/tae/hallituksenEsitys/YksityiskohtaisetPerustelut/31/20/60/60.html,31. LIIKENNE- JA VIESTINTÄMINISTERIÖN HALLINNONALA,20. Liikenteen ja viestinnän palvelut,60. Siirto valtion televisio- ja radiorahastoon (kiinteä määräraha),60. Siirto valtion televisio- ja radiorahastoon (kiinteä määräraha),,593 652 000,128 000 000,−465 652 000,Leikataan / Tehoton,"Siirto Yleisradion toimintamenojen kattamiseksi. Yleisradion tulee keskittyä vain olennaisen uutissisällön tuottamiseen sekä poikkeusolojen viestintään. Viihdesisältö ja muut toiminnot, jotka eivät palvele valtion ydintehtäviä, tulee lopettaa ja siirtää kuluttajien itsensä maksettavaksi. Suhteutettuna Viron yleisradion ja suomalaisen mediakentän muihin toimijoihin 120 M€ julkinen verorahoitus Yleisradiolle on riittävä vuoden 2023 tasossa. Siihen on tehty tarkistus ylöspäin julkissektorin palkoista sovitun mukaisesti vuoden 2026 tasoon, eli yhteensä 8 M€.","−78,44%",
meno,1,32.,https://budjetti.vm.fi/indox/sisalto.jsp?year=2026&lang=fi&maindoc=/2026/tae/hallituksenEsitys/hallituksenEsitys.xml&id=/2026/tae/hallituksenEsitys/YksityiskohtaisetPerustelut/32/32.html,32. MARKKINA- JA KILPAILUMINISTERIÖ HALLINNONALA (entinen TYÖ- JA ELINKEINOMINISTERIÖ),,,32. TYÖ- JA ELINKEINOMINISTERIÖN HALLINNONALA,,3 348 831 000,830 916 300,−2 517 914 700,Leikataan / Tehoton,Koko Työ- ja elinkeinoministeriön rooli muuttuu Liberaalipuolueen markkinoiden tasapuolisuutta tuovien uudistusten myötä ja ministeriölle tulee selkeämmin tehtäväksi toimia markkina- ja kilpailuministeriönä markkinoita vääristävien yritystukien jakamisen sijaan.,"−75,19%",
meno,2,32.01.,https://budjetti.vm.fi/indox/sisalto.jsp?year=2026&lang=fi&maindoc=/2026/tae/hallituksenEsitys/hallituksenEsitys.xml&id=/2026/tae/hallituksenEsitys/YksityiskohtaisetPerustelut/32/01/01.html,32. MARKKINA- JA KILPAILUMINISTERIÖ HALLINNONALA (entinen TYÖ- JA ELINKEINOMINISTERIÖ),01. Hallinto,,01. Hallinto,,698 125 000,226 033 300,−472 091 700,Leikataan / Tehoton,,"−67,62%",Yritystuet
meno,3,32.01.01.,https://budjetti.vm.fi/indox/sisalto.jsp?year=2026&lang=fi&maindoc=/2026/tae/hallituksenEsitys/hallituksenEsitys.xml&id=/2026/tae/hallituksenEsitys/YksityiskohtaisetPerustelut/32/01/01/01.html,32. MARKKINA- JA KILPAILUMINISTERIÖ HALLINNONALA (entinen TYÖ- JA ELINKEINOMINISTERIÖ),01. Hallinto,01. Työ- ja elinkeinoministeriön toimintamenot (siirtomääräraha 2 v),01. Työ- ja elinkeinoministeriön toimintamenot (siirtomääräraha 2&nbsp;v),,36 847 000,9 142 500,−27 704 500,Liikkumavaraa,Yritystukia jakavan ministeriön tehtävien vähetessä myös hallinto vähenee samassa suhteessa.,"−75,19%",
meno,3,32.01.02.,https://budjetti.vm.fi/indox/sisalto.jsp?year=2026&lang=fi&maindoc=/2026/tae/hallituksenEsitys/hallituksenEsitys.xml&id=/2026/tae/hallituksenEsitys/YksityiskohtaisetPerustelut/32/01/02/02.html,32. MARKKINA- JA KILPAILUMINISTERIÖ HALLINNONALA (entinen TYÖ- JA ELINKEINOMINISTERIÖ),01. Hallinto,02. Elinvoimakeskusten toimintamenot (siirtomääräraha 2 v),02. Elinvoimakeskusten toimintamenot (siirtomääräraha 2&nbsp;v),,185 250 000,111 150 000,−74 100 000,Liikkumavaraa,"ELY-keskuksia pitäisi olla vain viisi Suomessa, eli yksi jokaiselle hyvinvointialueelle Liberaalipuolueen visioimassa alueiden määrässä. Toimintamenoista karsitaan pois -40 %, sillä Liberaalipuolue ajaa pienempää säätelyä, byrokratiaa ja yritystuet poistetaan, joka näkyy ELY-keskusten määrärahatarpeessa kun rahanjakamisen ja valvonnan tehtävät vähenevät. ELY-keskustelun infrahankkeet tieliikenteessä ja vesialueilla säilyvät.","−40,00%",
meno,3,32.01.04.,https://budjetti.vm.fi/indox/sisalto.jsp?year=2026&lang=fi&maindoc=/2026/tae/hallituksenEsitys/hallituksenEsitys.xml&id=/2026/tae/hallituksenEsitys/YksityiskohtaisetPerustelut/32/01/04/04.html,32. MARKKINA- JA KILPAILUMINISTERIÖ HALLINNONALA (entinen TYÖ- JA ELINKEINOMINISTERIÖ),01. Hallinto,04. Geologian tutkimuskeskuksen toimintamenot (siirtomääräraha 2 v),04. Geologian tutkimuskeskuksen toimintamenot (siirtomääräraha 2&nbsp;v),,36 403 000,29 122 400,−7 280 600,Liikkumavaraa,"Geologian tutkimuskeskuksen toimintamenot. Momentilta leikataan toimintakeskuksen toimintamenoista 20 %. GTK tekee arvokasta työtä, jolla on julkishyödyllinen arvo, joten valtion rahoitusosuus on perusteltu. GTK International Oy:n osalta toiminta ei ole valtion tehtävä ja se kuuluu yksityistää.","−20,00%",
meno,3,32.01.05.,https://budjetti.vm.fi/indox/sisalto.jsp?year=2026&lang=fi&maindoc=/2026/tae/hallituksenEsitys/hallituksenEsitys.xml&id=/2026/tae/hallituksenEsitys/YksityiskohtaisetPerustelut/32/01/05/05.html,32. MARKKINA- JA KILPAILUMINISTERIÖ HALLINNONALA (entinen TYÖ- JA ELINKEINOMINISTERIÖ),01. Hallinto,05. Innovaatiorahoituskeskus Business Finlandin toimintamenot (siirtomääräraha 3 v),05. Innovaatiorahoituskeskus Business Finlandin toimintamenot (siirtomääräraha 3&nbsp;v),,70 684 000,0,−70 684 000,Leikataan / Tehoton,"Business Finlandin toimintamenot. Momentti leikataan kokonaisuudessaan, sillä suorien yritystukien maksaminen ei kuulu valtion ydintehtäviin. Rahoituksen hankkiminen on lähtökohtaisesti yksityisten yritysten vastuulla, eikä rahoitusriskiä tule siirtää veronmaksajille. Suomen kilpailukyvystä tulee ensisijaisesti huolehtia matalamman ja yksinkertaisemman verotuksen sekä joustavamman työmarkkinan keinoin, eikä markkinoita vääristävien rahoitusjärjestelmien avulla. ","−100,00%",
meno,3,32.01.06.,https://budjetti.vm.fi/indox/sisalto.jsp?year=2026&lang=fi&maindoc=/2026/tae/hallituksenEsitys/hallituksenEsitys.xml&id=/2026/tae/hallituksenEsitys/YksityiskohtaisetPerustelut/32/01/06/06.html,32. MARKKINA- JA KILPAILUMINISTERIÖ HALLINNONALA (entinen TYÖ- JA ELINKEINOMINISTERIÖ),01. Hallinto,06. Kilpailu- ja kuluttajaviraston toimintamenot (siirtomääräraha 2 v),06. Kilpailu- ja kuluttajaviraston toimintamenot (siirtomääräraha 2&nbsp;v),,21 381 000,23 519 100,2 138 100,Tärkeä / Tehokas,Kilpailu- ja kuluttajaviraston toimintamenoja kasvatetaan 10 % jotta virastolla on enemmän muskeleita käydä oikeutta ja murtaa markkinoille haitallisia kartelleja ja kilpailun rajoituksia myös proaktiivisesti. KKV kuuluu valtion keskeisiin funktioihin ja palvelee ennenkaikkea kuluttajan intressejä. KKV:n odotetaan puuttuvan aggressiivisemmin maassa vallitseviin monopoli- ja kartelliasemiin vapaan ja reilun kilpailun takaamiseksi. Koko Työ- ja elinkeinoministeriön rooli muuttuu Liberaalipuolueen markkinoiden tasapuolisuutta tuovien uudistusten myötä ja ministeriölle tulee selkeämmin tehtäväksi toimia markkina- ja kilpailuministeriönä markkinoita vääristävien yritystukien jakamisen sijaan.,"10,00%",
meno,3,32.01.07.,https://budjetti.vm.fi/indox/sisalto.jsp?year=2026&lang=fi&maindoc=/2026/tae/hallituksenEsitys/hallituksenEsitys.xml&id=/2026/tae/hallituksenEsitys/YksityiskohtaisetPerustelut/32/01/07/07.html,32. MARKKINA- JA KILPAILUMINISTERIÖ HALLINNONALA (entinen TYÖ- JA ELINKEINOMINISTERIÖ),01. Hallinto,07. Patentti- ja rekisterihallituksen toimintamenot (siirtomääräraha 3 v),07. Patentti- ja rekisterihallituksen toimintamenot (siirtomääräraha 3&nbsp;v),,12 954 000,2 000 000,−10 954 000,Liikkumavaraa,"Momentilta rahoitetaan Patentti- ja rekisterihallituksen toimintamenoja. Momenttiin esitetään noin 80 % leikkaus, sillä PRH rahoittaa jo nyt noin 95 % toimintamenoistaan kustannusvastaavasti itsenäisesti. Noin 13 M€ valtionosuus katsotaan tarpeettoman suureksi ja momentille jätetään vain 2 M€ suuruinen puskuriraha, jota voidaan käyttää vuotuisen budjetin jäädessä alijäämäiseksi.","−84,56%",
meno,3,32.01.08.,https://budjetti.vm.fi/indox/sisalto.jsp?year=2026&lang=fi&maindoc=/2026/tae/hallituksenEsitys/hallituksenEsitys.xml&id=/2026/tae/hallituksenEsitys/YksityiskohtaisetPerustelut/32/01/08/08.html,32. MARKKINA- JA KILPAILUMINISTERIÖ HALLINNONALA (entinen TYÖ- JA ELINKEINOMINISTERIÖ),01. Hallinto,08. Turvallisuus- ja kemikaaliviraston toimintamenot (siirtomääräraha 2 v),08. Turvallisuus- ja kemikaaliviraston toimintamenot (siirtomääräraha 2&nbsp;v),,22 658 000,11 329 000,−11 329 000,Liikkumavaraa,Viraston pitää pystyä parempaan kustannusvastaavuuteen toiminnassaan ja kohdistaa kustannukset reguloiduille kohteille. Kustannusvastaavuustarkkuuden parantamisessa voidaan tavoitella määrärahan puolitusta.,"−50,00%",
meno,3,32.01.09.,https://budjetti.vm.fi/indox/sisalto.jsp?year=2026&lang=fi&maindoc=/2026/tae/hallituksenEsitys/hallituksenEsitys.xml&id=/2026/tae/hallituksenEsitys/YksityiskohtaisetPerustelut/32/01/09/09.html,32. MARKKINA- JA KILPAILUMINISTERIÖ HALLINNONALA (entinen TYÖ- JA ELINKEINOMINISTERIÖ),01. Hallinto,09. Energiaviraston toimintamenot (siirtomääräraha 2 v),09. Energiaviraston toimintamenot (siirtomääräraha 2&nbsp;v),,11 421 000,5 710 500,−5 710 500,Liikkumavaraa,Viraston pitää pystyä parempaan kustannusvastaavuuteen toiminnassaan ja kohdistaa kustannukset reguloiduille kohteille. Tuotantotuen kaltaisia yritystukia ei tule maksaa millekään energiamuodolle. Kustannusvastaavuustarkkuuden parantamisessa ja säätelyn keventämisellä voidaan tavoitella määrärahan puolitusta virastolle. Päästökaupan valvonta säilyy viraston tehtävissä.,"−50,00%",
meno,3,32.01.10.,https://budjetti.vm.fi/indox/sisalto.jsp?year=2026&lang=fi&maindoc=/2026/tae/hallituksenEsitys/hallituksenEsitys.xml&id=/2026/tae/hallituksenEsitys/YksityiskohtaisetPerustelut/32/01/10/10.html,32. MARKKINA- JA KILPAILUMINISTERIÖ HALLINNONALA (entinen TYÖ- JA ELINKEINOMINISTERIÖ),01. Hallinto,10. Digitalisaation kehittäminen (siirtomääräraha 3 v),10. Digitalisaation kehittäminen (siirtomääräraha 3&nbsp;v),,4 575 000,2 000 000,−2 575 000,Liikkumavaraa,"Momentille jätetään RED III direktiivin muutosten ja puhtaan siirtymän edellytysten toteuttaminen (REPowerEU luvitus) 1 M€, sekä hallinnonalan digitalisaation kehittämisen 500 000 menojen maksamiseen. Momentilta leikataan Työvoimapalveluihin liittyvät tietojärjestelmämuutokset 2 575 00 €, sillä valtio luopuu siitä tehtävästä.","−56,28%",
meno,3,32.01.11.,https://budjetti.vm.fi/indox/sisalto.jsp?year=2026&lang=fi&maindoc=/2026/tae/hallituksenEsitys/hallituksenEsitys.xml&id=/2026/tae/hallituksenEsitys/YksityiskohtaisetPerustelut/32/01/11/11.html,32. MARKKINA- JA KILPAILUMINISTERIÖ HALLINNONALA (entinen TYÖ- JA ELINKEINOMINISTERIÖ),01. Hallinto,11. Huoltovarmuuskeskuksen toimintamenot (siirtomääräraha 2 v),11. Huoltovarmuuskeskuksen toimintamenot (siirtomääräraha 2&nbsp;v),lisäys hallituksen esityksessä,24 668 000,0,−24 668 000,Leikataan / Tehoton,"Huoltovarmuuskeskus on aikaisempina vuosina kattanut toimintamenonsa huoltovarmuusrahastosta, joka on ollut budjetin ulkopuolinen ja sitä on katettu energiaverojen yhteydessä. Liberaalipuolue ei näe tarvetta muuttaa rahoitusta valtion budjettiperusteiseksi. Mikäli huoltovarmuuskeskuksen tasetta halutaan kasvattaa, niin energiaverojen yhteydessä kerättävää osuutta voidaan kasvattaa, vaikka se kasvattaisi polttoaineiden hintaa.","−100,00%",
meno,3,32.01.20.,https://budjetti.vm.fi/indox/sisalto.jsp?year=2026&lang=fi&maindoc=/2026/tae/hallituksenEsitys/hallituksenEsitys.xml&id=/2026/tae/hallituksenEsitys/YksityiskohtaisetPerustelut/32/01/20/20.html,32. MARKKINA- JA KILPAILUMINISTERIÖ HALLINNONALA (entinen TYÖ- JA ELINKEINOMINISTERIÖ),01. Hallinto,20. Siviilipalvelus (arviomääräraha),20. Siviilipalvelus (arviomääräraha),,5 600 000,0,−5 600 000,Leikataan / Tehoton,Siviilipalveluksen määrärahoja ei enää tarvita kun siirrytään puolueohjelman mukaiseen valikoivaan asepalvelukseen tai varusmiesten päivärahoja korotetaan niin että vapaaehtoisia asepalvelukseen riittää.,"−100,00%",
meno,3,32.01.29.,https://budjetti.vm.fi/indox/sisalto.jsp?year=2026&lang=fi&maindoc=/2026/tae/hallituksenEsitys/hallituksenEsitys.xml&id=/2026/tae/hallituksenEsitys/YksityiskohtaisetPerustelut/32/01/29/29.html,32. MARKKINA- JA KILPAILUMINISTERIÖ HALLINNONALA (entinen TYÖ- JA ELINKEINOMINISTERIÖ),01. Hallinto,29. Työ- ja elinkeinoministeriön hallinnonalan arvonlisäveromenot (arviomääräraha),29. Työ- ja elinkeinoministeriön hallinnonalan arvonlisäveromenot (arviomääräraha),,49 072 000,12 175 800,−36 896 200,Liikkumavaraa,,"−75,19%",
meno,3,32.01.40.,https://budjetti.vm.fi/indox/sisalto.jsp?year=2026&lang=fi&maindoc=/2026/tae/hallituksenEsitys/hallituksenEsitys.xml&id=/2026/tae/hallituksenEsitys/YksityiskohtaisetPerustelut/32/01/40/40.html,32. MARKKINA- JA KILPAILUMINISTERIÖ HALLINNONALA (entinen TYÖ- JA ELINKEINOMINISTERIÖ),01. Hallinto,40. Valtionavustus kestävää kasvupolitiikkaa edistäville toimijoille (siirtomääräraha 3 v),40. Valtionavustus kestävää kasvupolitiikkaa edistäville toimijoille (siirtomääräraha 3&nbsp;v),,2 093 000,0,−2 093 000,Leikataan / Tehoton,"Valtionapuja ja yleisavustuksia kestävää kasvupolitiikkaa tekeville yrityksille. Koko momentti leikataan tarpeettomana, vastikkeettomien avustusten maksaminen kestävän kasvupolitiikan nimissä on tehotonta rahankäyttöä. Epämääräisten yleisavustusten maksaminen kasvattaa myös korruptioriskiä sekä vähentää julkisen varainkäytön läpinäkyvyyttä.","−100,00%",
meno,3,32.01.41.,https://budjetti.vm.fi/indox/sisalto.jsp?year=2026&lang=fi&maindoc=/2026/tae/hallituksenEsitys/hallituksenEsitys.xml&id=/2026/tae/hallituksenEsitys/YksityiskohtaisetPerustelut/32/01/41/41.html,32. MARKKINA- JA KILPAILUMINISTERIÖ HALLINNONALA (entinen TYÖ- JA ELINKEINOMINISTERIÖ),01. Hallinto,41. Erityisavustus Teknologian tutkimuskeskus VTT Oy:n tutkimusinfrastruktuuriin (arviomääräraha),41. Erityisavustus Teknologian tutkimuskeskus VTT Oy:n tutkimusinfrastruktuuriin (arviomääräraha),,67 621 000,0,−67 621 000,Leikataan / Tehoton,"VTT:lle suunnattu erityisavustus kvanttitietokoneen hankintaan ja puhdastilainfrastruktuuriin. Soveltava tutkimus ei ole valtion ydintehtävä, eikä verovaroja tule suunnata VTT:n toiminnan tukemiseen vaan tutkimuskeskuksen tulee hoitaa rahoituksensa tutkimuspalveluita myymällä. Kvanttinova-Micronova pilotointiympäristön tulee pyrkiä VTT:llä kustannusvastaavuuteen käyttömenojen osalta ja investoinnin kuolettamiseksi.","−100,00%",
meno,3,32.01.49.,https://budjetti.vm.fi/indox/sisalto.jsp?year=2026&lang=fi&maindoc=/2026/tae/hallituksenEsitys/hallituksenEsitys.xml&id=/2026/tae/hallituksenEsitys/YksityiskohtaisetPerustelut/32/01/49/49.html,32. MARKKINA- JA KILPAILUMINISTERIÖ HALLINNONALA (entinen TYÖ- JA ELINKEINOMINISTERIÖ),01. Hallinto,49. Valtionavustus Teknologian tutkimuskeskus VTT Oy:n toimintaan (siirtomääräraha 2 v),49. Valtionavustus Teknologian tutkimuskeskus VTT Oy:n toimintaan (siirtomääräraha 2&nbsp;v),,125 114 000,0,−125 114 000,Leikataan / Tehoton,"VTT:lle suunnattu valtionavustus. Soveltava tutkimus ei ole valtion ydintehtävä, eikä verovaroja tule suunnata VTT:n toiminnan tukemiseen vaan tutkimuskeskuksen tulee hoitaa rahoituksensä tutkimuspalveluita myymällä. VTT tulee yksityistää.","−100,00%",
meno,3,32.01.51.,https://budjetti.vm.fi/indox/sisalto.jsp?year=2026&lang=fi&maindoc=/2026/tae/hallituksenEsitys/hallituksenEsitys.xml&id=/2026/tae/hallituksenEsitys/YksityiskohtaisetPerustelut/32/01/51/51.html,32. MARKKINA- JA KILPAILUMINISTERIÖ HALLINNONALA (entinen TYÖ- JA ELINKEINOMINISTERIÖ),01. Hallinto,51. Valtion osuus merimiespalvelutoiminnasta (arviomääräraha),51. Valtion osuus merimiespalvelutoiminnasta (arviomääräraha),,1 500 000,0,−1 500 000,Leikataan / Tehoton,Hallitus oikeasuuntaisesti vähentämässä palvelutoimintamuotoista yritystukea varustamoille. Liberaalipuolue lakkauttaisi myös varustamoille maksettavan 50 % matkakustannukset ,"−100,00%",
meno,3,32.01.53.,https://budjetti.vm.fi/indox/sisalto.jsp?year=2026&lang=fi&maindoc=/2026/tae/hallituksenEsitys/hallituksenEsitys.xml&id=/2026/tae/hallituksenEsitys/YksityiskohtaisetPerustelut/32/01/53/53.html,32. MARKKINA- JA KILPAILUMINISTERIÖ HALLINNONALA (entinen TYÖ- JA ELINKEINOMINISTERIÖ),01. Hallinto,53. Matkustajien paluukuljetukset ja korvaukset (siirtomääräraha 3 v),53. Matkustajien paluukuljetukset ja korvaukset (siirtomääräraha 3&nbsp;v),,400 000,0,−400 000,Leikataan / Tehoton,"Momentilta kustannetaan paluukuljetuksia matkustajille tapauksissa, joissa matkapalveluntarjoaja on maksukyvytön. Leikataan kokonaisuudessaan, sillä valtion ei tule toimia vakuutusyhtiönä tällaisten rajatapausten varalta vaan matkanjärjestäjän ja matkustajan itsensä tulee huolehtia asianmukaisista vakuutuksista.","−100,00%",
meno,3,32.01.66.,https://budjetti.vm.fi/indox/sisalto.jsp?year=2026&lang=fi&maindoc=/2026/tae/hallituksenEsitys/hallituksenEsitys.xml&id=/2026/tae/hallituksenEsitys/YksityiskohtaisetPerustelut/32/01/66/66.html,32. MARKKINA- JA KILPAILUMINISTERIÖ HALLINNONALA (entinen TYÖ- JA ELINKEINOMINISTERIÖ),01. Hallinto,66. Kansainvälisten järjestöjen jäsenmaksut ja rahoitusosuudet (siirtomääräraha 2 v),66. Kansainvälisten järjestöjen jäsenmaksut ja rahoitusosuudet (siirtomääräraha 2&nbsp;v),,19 834 000,19 834 000,0,Tärkeä / Tehokas,"Suomen tulisi ajaa toiminnan tehostamista ja menojen karsimista kaikissa niissä kansainvälisissä järjestöissä, joissa se on jäsenenä.","0,00%",
meno,3,32.01.95.,https://budjetti.vm.fi/indox/sisalto.jsp?year=2026&lang=fi&maindoc=/2026/tae/hallituksenEsitys/hallituksenEsitys.xml&id=/2026/tae/hallituksenEsitys/YksityiskohtaisetPerustelut/32/01/95/95.html,32. MARKKINA- JA KILPAILUMINISTERIÖ HALLINNONALA (entinen TYÖ- JA ELINKEINOMINISTERIÖ),01. Hallinto,95. Eräät oikeudenkäyntikulut ja korvaukset (arviomääräraha),95. Eräät oikeudenkäyntikulut ja korvaukset (arviomääräraha),,50 000,50 000,0,Tärkeä / Tehokas,"Oikeudenkäyntikuluja, säilytetään ennallaan. Erinäisten virastojen vastapuolelle maksettavaksi tuomittuja oikeudenkäyntikuluja.","0,00%",
meno,2,32.20.,https://budjetti.vm.fi/indox/sisalto.jsp?year=2026&lang=fi&maindoc=/2026/tae/hallituksenEsitys/hallituksenEsitys.xml&id=/2026/tae/hallituksenEsitys/YksityiskohtaisetPerustelut/32/20/20.html,32. MARKKINA- JA KILPAILUMINISTERIÖ HALLINNONALA (entinen TYÖ- JA ELINKEINOMINISTERIÖ),20. Uudistuminen ja vähähiilisyys,,20. Uudistuminen ja vähähiilisyys,,1 571 092 000,219 570 000,−1 351 522 000,Leikataan / Tehoton,,"−86,02%",Yritystuet
meno,3,32.20.20.,https://budjetti.vm.fi/indox/sisalto.jsp?year=2026&lang=fi&maindoc=/2026/tae/hallituksenEsitys/hallituksenEsitys.xml&id=/2026/tae/hallituksenEsitys/YksityiskohtaisetPerustelut/32/20/20/20.html,32. MARKKINA- JA KILPAILUMINISTERIÖ HALLINNONALA (entinen TYÖ- JA ELINKEINOMINISTERIÖ),20. Uudistuminen ja vähähiilisyys,20. Energiatehokkuuden ja uusiutuvan energian käytön edistäminen (siirtomääräraha 3 v),20. Energiatehokkuuden ja uusiutuvan energian käytön edistäminen (siirtomääräraha 3&nbsp;v),,3 400 000,0,−3 400 000,Leikataan / Tehoton,"Energiatehokkuuden ja uusiutuvien energianlähteiden edistämis- ja kehittämishankkeita sekä neuvontatoimintaa. Momentti leikataan kokonaisuudessaan, sillä erinäiset kehittämis- ja neuvontahankeet ovat tehoton tapa vaikuttaa kuluttajien energiakäyttöä koskeviin tottumuksiin. Hintamekanismin avulla sekä haittaverotukseen siirtymällä kyetään ohjaamaan kuluttajien valintoja taloudellisen insentiivin kautta suoraan, eikä valtiollisen välikäden kautta.","−100,00%",
meno,3,32.20.40.,https://budjetti.vm.fi/indox/sisalto.jsp?year=2026&lang=fi&maindoc=/2026/tae/hallituksenEsitys/hallituksenEsitys.xml&id=/2026/tae/hallituksenEsitys/YksityiskohtaisetPerustelut/32/20/40/40.html,32. MARKKINA- JA KILPAILUMINISTERIÖ HALLINNONALA (entinen TYÖ- JA ELINKEINOMINISTERIÖ),20. Uudistuminen ja vähähiilisyys,"40. Tutkimus-, kehittämis- ja innovaatiotoiminnan tukeminen (arviomääräraha)","40. Tutkimus-, kehittämis- ja innovaatiotoiminnan tukeminen (arviomääräraha)",,669 464 000,0,−669 464 000,Leikataan / Tehoton,"Valtion ei tule jakaa vastikkeettomia yritystukia, jotka vääristävät kilpailua ja siirtävät kustannusriskin veronmaksajalle. Veturiyrityksiä tuetaan 21,889 miljoonalla, joka kohdentuu isoimpiin korporaatioihin. Toisaalta 1,3 miljoonaa annetaan myös ""Innovatiivisille kasvuyrityksille"". Liberaalipuolueen näkemyksen mukaan yksityiset rahoitusmarkkinat ovat tehokkaampi ja reilumpi tapa ohjata resursseja kannattaviin hankkeisiin, eikä valtiota tarvita valitsemaan voittajia kilpailuilla markkinoilla.","−100,00%",
meno,3,32.20.41.,https://budjetti.vm.fi/indox/sisalto.jsp?year=2026&lang=fi&maindoc=/2026/tae/hallituksenEsitys/hallituksenEsitys.xml&id=/2026/tae/hallituksenEsitys/YksityiskohtaisetPerustelut/32/20/41/41.html,32. MARKKINA- JA KILPAILUMINISTERIÖ HALLINNONALA (entinen TYÖ- JA ELINKEINOMINISTERIÖ),20. Uudistuminen ja vähähiilisyys,41. Energiatuki (arviomääräraha),41. Energiatuki (arviomääräraha),,276 713 000,0,−276 713 000,Leikataan / Tehoton,"Uusiutuvien energiantuotantomuotojen käytön ja tuotannon sekä biopolttoaineiden tuotantoon liittyvien investointien ja hankkeiden tukemiseen varattu määräraha. Tuki leikataan kokonaisuudessaan, sillä valtion tulee kohdella energiantuotantoa teknologianeutraalisti ja ohjata markkinoita esimerkiksi haittaverotuksella. Tuet hidastavat vihreää siirtymää, sillä tukia jäädään odottamaan eikä ryhdytä itse heti tekemään hyödyllisiä investointeja. Kannattaviin investointeihin löytyy yksityistä valtiosta riippumatonta pääomaa.","−100,00%",
meno,3,32.20.42.,https://budjetti.vm.fi/indox/sisalto.jsp?year=2026&lang=fi&maindoc=/2026/tae/hallituksenEsitys/hallituksenEsitys.xml&id=/2026/tae/hallituksenEsitys/YksityiskohtaisetPerustelut/32/20/42poistettava/42poistettava.html,32. MARKKINA- JA KILPAILUMINISTERIÖ HALLINNONALA (entinen TYÖ- JA ELINKEINOMINISTERIÖ),20. Uudistuminen ja vähähiilisyys,42. Puhtaan energian Suomen -kärkihankkeet (arviomääräraha),42. Puhtaan energian Suomen -kärkihankkeet (arviomääräraha),poistettava momentti hallituksen esityksessä,0,0,0,Leikataan / Tehoton,"Valtion ei kuulu ottaa takausriskiä yritystoiminnasta ja hallitus onkin poistamassa tätä momenttia. Hiilinielujen markkinoita voidaan synnyttää ilman yritystukiakin, kepin avulla.","0,00%",
meno,3,32.20.43.,https://budjetti.vm.fi/indox/sisalto.jsp?year=2026&lang=fi&maindoc=/2026/tae/hallituksenEsitys/hallituksenEsitys.xml&id=/2026/tae/hallituksenEsitys/YksityiskohtaisetPerustelut/32/20/43/43.html,32. MARKKINA- JA KILPAILUMINISTERIÖ HALLINNONALA (entinen TYÖ- JA ELINKEINOMINISTERIÖ),20. Uudistuminen ja vähähiilisyys,43. Energiaintensiivisen teollisuuden sähköistämistuki (arviomääräraha),43. Energiaintensiivisen teollisuuden sähköistämistuki (arviomääräraha),,150 000 000,0,−150 000 000,Leikataan / Tehoton,"Yritystuki, joka on tehty nollaamaan täysin päästökaupan tehokkaan investointeja ohjaavan mekanismin tehottomalla valtion jakelemalla tukirahalla.","−100,00%",
meno,3,32.20.44.,https://budjetti.vm.fi/indox/sisalto.jsp?year=2026&lang=fi&maindoc=/2026/tae/hallituksenEsitys/hallituksenEsitys.xml&id=/2026/tae/hallituksenEsitys/YksityiskohtaisetPerustelut/32/20/44/44.html,32. MARKKINA- JA KILPAILUMINISTERIÖ HALLINNONALA (entinen TYÖ- JA ELINKEINOMINISTERIÖ),20. Uudistuminen ja vähähiilisyys,44. Suomen elpymis- ja palautumisvälineen mukainen investointituki vähähiilisen vedyn ja hiilidioksidin talteenoton ja hyödyntämisen edistämiseen (arviomääräraha),44. Suomen elpymis- ja palautumisvälineen mukainen investointituki vähähiilisen vedyn ja hiilidioksidin talteenoton ja hyödyntämisen edistämiseen (arviomääräraha),,55 354 000,0,−55 354 000,Leikataan / Tehoton,"Hiilinielujen markkinoita voidaan synnyttää ilman yritystukiakin, kepin avulla. Vedylle täytyy löytyä markkinat ilman valtion tukeakin. Momentti poistetaan kokonaisuudessaan.","−100,00%",
meno,3,32.20.46.,https://budjetti.vm.fi/indox/sisalto.jsp?year=2026&lang=fi&maindoc=/2026/tae/hallituksenEsitys/hallituksenEsitys.xml&id=/2026/tae/hallituksenEsitys/YksityiskohtaisetPerustelut/32/20/46/46.html,32. MARKKINA- JA KILPAILUMINISTERIÖ HALLINNONALA (entinen TYÖ- JA ELINKEINOMINISTERIÖ),20. Uudistuminen ja vähähiilisyys,46. Laivanrakennuksen innovaatiotuki (arviomääräraha),46. Laivanrakennuksen innovaatiotuki (arviomääräraha),,20 900 000,0,−20 900 000,Leikataan / Tehoton,"Laivanrakennusyrityksille suunnattu, innovaatiotueksi maskeerattu yritystuki. Leikataan täysimääräisesti, toimialalle ei tule kohdentaa erillisiä tukimuotoja tuotantomenetelmien innovointiin. Veronmaksajien sijaan yritysten tulee itse rahoittaa TKI-investoinnit.","−100,00%",
meno,3,32.20.47.,https://budjetti.vm.fi/indox/sisalto.jsp?year=2026&lang=fi&maindoc=/2026/tae/hallituksenEsitys/hallituksenEsitys.xml&id=/2026/tae/hallituksenEsitys/YksityiskohtaisetPerustelut/32/20/47/47.html,32. MARKKINA- JA KILPAILUMINISTERIÖ HALLINNONALA (entinen TYÖ- JA ELINKEINOMINISTERIÖ),20. Uudistuminen ja vähähiilisyys,47. Julkisen liikennesähkön ja -kaasun lataus- ja tankkausinfrastruktuurin edistäminen (arviomääräraha),47. Julkisen liikennesähkön ja -kaasun lataus- ja tankkausinfrastruktuurin edistäminen (arviomääräraha),,8 000 000,0,−8 000 000,Leikataan / Tehoton,"Momentti leikataan kokonaisuudessaan, sillä lataus- ja tankkausasemien rakentaminen tapahtuu jo nyt markkinaehtoisesti. Maakuntien vastuulla on toteuttaa omaa paikallisliikenteen visiotaan ja kilpailuttaa tarvittavat latausasemat ilman erillistä valtionapua. Korvamerkitty tukimuoto voi jopa nostaa kustannuksia, sillä rahoituksen saaminen on taattu.","−100,00%",
meno,3,32.20.48.,https://budjetti.vm.fi/indox/sisalto.jsp?year=2026&lang=fi&maindoc=/2026/tae/hallituksenEsitys/hallituksenEsitys.xml&id=/2026/tae/hallituksenEsitys/YksityiskohtaisetPerustelut/32/20/48/48.html,32. MARKKINA- JA KILPAILUMINISTERIÖ HALLINNONALA (entinen TYÖ- JA ELINKEINOMINISTERIÖ),20. Uudistuminen ja vähähiilisyys,48. Uusiutuvan energian tuotantotuki (arviomääräraha),48. Uusiutuvan energian tuotantotuki (arviomääräraha),,239 531 000,219 570 000,−19 961 000,Liikkumavaraa,"Uusiutuvalle energialle kohdennettu tuotantotuki, jonka määrä riippuu sähkön markkinahinnasta. Tukea maksetaan sähkön tuottajalle enintään 12 vuoden ajan, momentti poistuu ajan myötä itsestään kunhan luopumispäätös tehdään. Momentti pohjautuu tehtyihin sopimuksiin, joita ei valtio voi rikkoa. Momentti poistuu 2037 kokonaan kun 12 vuoden määräaika on kulunut viimeisestä myöntövuodesta. Liberaalipuolue aloittaisi luopumisen siirtymäajan 2026 ja leikkaa momenttia siten 1/12 osan nykytasosta 2037 vuoteen asti.","−8,33%",
meno,3,32.20.49.,https://budjetti.vm.fi/indox/sisalto.jsp?year=2026&lang=fi&maindoc=/2026/tae/hallituksenEsitys/hallituksenEsitys.xml&id=/2026/tae/hallituksenEsitys/YksityiskohtaisetPerustelut/32/20/49poistettava/49poistettava.html,32. MARKKINA- JA KILPAILUMINISTERIÖ HALLINNONALA (entinen TYÖ- JA ELINKEINOMINISTERIÖ),20. Uudistuminen ja vähähiilisyys,49. InvestEU-ohjelman kansallinen rahoitusosuus (arviomääräraha),49. InvestEU-ohjelman kansallinen rahoitusosuus (arviomääräraha),poistettava momentti hallituksen esityksessä,0,0,0,Leikataan / Tehoton,Aiemmin vastaava momentti on ollut Ympäristöministeriön alla. Silloinkaan taloyhtiöiden energiatehokkuushankkeet eivät Liberaalipuolueen mukaan kuuluneet valtion kautta kierrätettäväksi.,"0,00%",
meno,3,32.20.83.,https://budjetti.vm.fi/indox/sisalto.jsp?year=2026&lang=fi&maindoc=/2026/tae/hallituksenEsitys/hallituksenEsitys.xml&id=/2026/tae/hallituksenEsitys/YksityiskohtaisetPerustelut/32/20/83/83.html,32. MARKKINA- JA KILPAILUMINISTERIÖ HALLINNONALA (entinen TYÖ- JA ELINKEINOMINISTERIÖ),20. Uudistuminen ja vähähiilisyys,83. Lainat tutkimus- ja innovaatiotoimintaan (arviomääräraha),83. Lainat tutkimus- ja innovaatiotoimintaan (arviomääräraha),,147 730 000,0,−147 730 000,Leikataan / Tehoton,Yritysten ja yhteisöjen TKI-hankkeisiin myönnettävien lainojen valtiontakauksia. Valtion ei tule puuttua elinkeinoelämään ja siirtää TKI-investointien rahoitusriskiä veronmaksajien harteille. Yksityiset rahoitusmarkkinat tekevät tämän tehokkaammin ja reilummin.,"−100,00%",
meno,3,32.20.87.,https://budjetti.vm.fi/indox/sisalto.jsp?year=2026&lang=fi&maindoc=/2026/tae/hallituksenEsitys/hallituksenEsitys.xml&id=/2026/tae/hallituksenEsitys/YksityiskohtaisetPerustelut/32/20/87poistettava/87poistettava.html,32. MARKKINA- JA KILPAILUMINISTERIÖ HALLINNONALA (entinen TYÖ- JA ELINKEINOMINISTERIÖ),20. Uudistuminen ja vähähiilisyys,87. Pääomalainat teollisuuden uudistumiseen ja yritysvetoisten liiketoimintaekosysteemien kehittämiseen (arviomääräraha),87. Pääomalainat teollisuuden uudistumiseen ja yritysvetoisten liiketoimintaekosysteemien kehittämiseen (arviomääräraha),poistettava momentti hallituksen esityksessä,0,0,0,Leikataan / Tehoton,"Poistuva momentti hallituksen esityksessäkin. Pääomalainoja teollisuuden liiketoimintaekosysteemien tukemiseen. Kuten suorat tuet, teollisuuden lainoittaminen ei kuulu valtion tehtäviin vaan rahoitus tulee järjestää yksityisesti.","0,00%",
meno,2,32.30.,https://budjetti.vm.fi/indox/sisalto.jsp?year=2026&lang=fi&maindoc=/2026/tae/hallituksenEsitys/hallituksenEsitys.xml&id=/2026/tae/hallituksenEsitys/YksityiskohtaisetPerustelut/32/30/30.html,32. MARKKINA- JA KILPAILUMINISTERIÖ HALLINNONALA (entinen TYÖ- JA ELINKEINOMINISTERIÖ),30. Työllisyys ja yrittäjyys,,30. Työllisyys ja yrittäjyys,,639 388 000,33 460 000,−605 928 000,Leikataan / Tehoton,,"−94,77%",Yritystuet
meno,3,32.30.32.,https://budjetti.vm.fi/indox/sisalto.jsp?year=2026&lang=fi&maindoc=/2026/tae/hallituksenEsitys/hallituksenEsitys.xml&id=/2026/tae/hallituksenEsitys/YksityiskohtaisetPerustelut/32/30/32poistettava/32poistettava.html,32. MARKKINA- JA KILPAILUMINISTERIÖ HALLINNONALA (entinen TYÖ- JA ELINKEINOMINISTERIÖ),30. Työllisyys ja yrittäjyys,32. Valtionavustus kunnille Ohjaamoiden monialaisuuden vahvistamiseen (siirtomääräraha 2 v),32. Valtionavustus kunnille Ohjaamoiden monialaisuuden vahvistamiseen (siirtomääräraha 2&nbsp;v),poistettava momentti hallituksen esityksessä,0,0,0,Leikataan / Tehoton,Poistuu hallituksen esityksessä 2025.,"0,00%",
meno,3,32.30.38.,https://budjetti.vm.fi/indox/sisalto.jsp?year=2026&lang=fi&maindoc=/2026/tae/hallituksenEsitys/hallituksenEsitys.xml&id=/2026/tae/hallituksenEsitys/YksityiskohtaisetPerustelut/32/30/38/38.html,32. MARKKINA- JA KILPAILUMINISTERIÖ HALLINNONALA (entinen TYÖ- JA ELINKEINOMINISTERIÖ),30. Työllisyys ja yrittäjyys,38. Ansioturvaan liittyvien työttömyysturvatehtävien ja ulkomaisen työvoiman käyttöä koskevan alueellisen linjauksen laadintaan liittyvien tehtävien hoitaminen Ahvenanmaan maakunnassa (siirtomääräraha 2 v),38. Ansioturvaan liittyvien työttömyysturvatehtävien ja ulkomaisen työvoiman käyttöä koskevan alueellisen linjauksen laadintaan liittyvien tehtävien hoitaminen Ahvenanmaan maakunnassa (siirtomääräraha 2&nbsp;v),,30 000,0,−30 000,Leikataan / Tehoton,Ahvenanmaan itsehallinnon mukaisesti myös kustannukset hallinnosta on katettava omalla verotuksella.,"−100,00%",
meno,3,32.30.40.,https://budjetti.vm.fi/indox/sisalto.jsp?year=2026&lang=fi&maindoc=/2026/tae/hallituksenEsitys/hallituksenEsitys.xml&id=/2026/tae/hallituksenEsitys/YksityiskohtaisetPerustelut/32/30/40/40.html,32. MARKKINA- JA KILPAILUMINISTERIÖ HALLINNONALA (entinen TYÖ- JA ELINKEINOMINISTERIÖ),30. Työllisyys ja yrittäjyys,40. Alueiden kestävän kasvun ja elinvoiman tukeminen (siirtomääräraha 3 v),40. Alueiden kestävän kasvun ja elinvoiman tukeminen (siirtomääräraha 3&nbsp;v),,6 221 000,0,−6 221 000,Leikataan / Tehoton,Alueelliseen kehittämisen ja vetovoimatekijöiden varjolla käytetyt verovarat ovat pois aidosti tuottavasta taloudesta. Nämä hankkeet kuuluvat paikallisten kuntien ja alueiden vastuulle. Jos näitä varoja käytettäisi Saimaan kanavaa korvaavan sisävesikanavien rakentamiseen voisi valtio näihin osallistua infrastruktuurin rakentamisena.,"−100,00%",
meno,3,32.30.42.,https://budjetti.vm.fi/indox/sisalto.jsp?year=2026&lang=fi&maindoc=/2026/tae/hallituksenEsitys/hallituksenEsitys.xml&id=/2026/tae/hallituksenEsitys/YksityiskohtaisetPerustelut/32/30/42/42.html,32. MARKKINA- JA KILPAILUMINISTERIÖ HALLINNONALA (entinen TYÖ- JA ELINKEINOMINISTERIÖ),30. Työllisyys ja yrittäjyys,42. Yritysten kehittämishankkeiden tukeminen (arviomääräraha),42. Yritysten kehittämishankkeiden tukeminen (arviomääräraha),,4 000 000,0,−4 000 000,Leikataan / Tehoton,"Yritysten kasvuohjelmien tukemiseen sekä muihin kehittämisohjelmiin varattu määräraha. Momentti leikataan kokonaisuudessaan, sillä vastikkeettoman yritystuen jakaminen ei ole tehokas keino vauhdittaa talouden elpymistä. Yksittäisten kehittämishankkeiden tosiasiallisia vaikutuksia on miltei mahdotonta selvittää luotettavasti, eikä rahoitusriskin siirtäminen veronmaksajan vastuulle ole perusteltua.","−100,00%",
meno,3,32.30.44.,https://budjetti.vm.fi/indox/sisalto.jsp?year=2026&lang=fi&maindoc=/2026/tae/hallituksenEsitys/hallituksenEsitys.xml&id=/2026/tae/hallituksenEsitys/YksityiskohtaisetPerustelut/32/30/44/44.html,32. MARKKINA- JA KILPAILUMINISTERIÖ HALLINNONALA (entinen TYÖ- JA ELINKEINOMINISTERIÖ),30. Työllisyys ja yrittäjyys,44. Alueellinen kuljetustuki (siirtomääräraha 3 v),44. Alueellinen kuljetustuki (siirtomääräraha 3&nbsp;v),,3 700 000,0,−3 700 000,Leikataan / Tehoton,"Syrjäisillä seuduilla toimivien yritysten kuljetusmaksujen kompensointiin tarkoitettu tuki. Leikataan kokonaisuudessaan, sillä valtion ei tule keinotekoisesti ylläpitää liiketoimintaa seuduilla, joilla toiminta ei ole kannattavaa. Kuljetustuki lisää yritysten tukiriippuvuutta, eikä investointina tuota mitään.","−100,00%",
meno,3,32.30.46.,https://budjetti.vm.fi/indox/sisalto.jsp?year=2026&lang=fi&maindoc=/2026/tae/hallituksenEsitys/hallituksenEsitys.xml&id=/2026/tae/hallituksenEsitys/YksityiskohtaisetPerustelut/32/30/46/46.html,32. MARKKINA- JA KILPAILUMINISTERIÖ HALLINNONALA (entinen TYÖ- JA ELINKEINOMINISTERIÖ),30. Työllisyys ja yrittäjyys,46. Pk-yritysten tutkimus- ja kehittämistoiminnan vahvistaminen (arviomääräraha),46. Pk-yritysten tutkimus- ja kehittämistoiminnan vahvistaminen (arviomääräraha),,2 400 000,0,−2 400 000,Leikataan / Tehoton,"Yritystukien jakaminen edes tutkimus- ja kehittämistoiminnalle ei ole kannattavaa, koska se auheuttaa byrokratian kautta kynnyksen yrityksille, sekä hukkaa resursseja myös valtion hallinnossa. Yritysten kannattaa tehdä tuotekehitystä ilman valtion rahaa kun markkinat ovat tarpeeksi kilpailulliset. Mikäli toimintaa haluttaisi tukea, tulisi tutkimus- ja tuotekehityskulut huomioida yrityksen verotuksessa siihen kannustavasti.","−100,00%",
meno,3,32.30.52.,https://budjetti.vm.fi/indox/sisalto.jsp?year=2026&lang=fi&maindoc=/2026/tae/hallituksenEsitys/hallituksenEsitys.xml&id=/2026/tae/hallituksenEsitys/YksityiskohtaisetPerustelut/32/30/52/52.html,32. MARKKINA- JA KILPAILUMINISTERIÖ HALLINNONALA (entinen TYÖ- JA ELINKEINOMINISTERIÖ),30. Työllisyys ja yrittäjyys,52. Palkkaturva (arviomääräraha),52. Palkkaturva (arviomääräraha),,33 460 000,33 460 000,0,Tärkeä / Tehokas,"Palkkaturvalakien mukaisten menojen maksamiseen tarkoitettu momentti, joka säilytetään täysimääräisenä. Yrittäjäriskin kantaminen ei kuulu työntekijälle, joten on perusteltua, että valtio kompensoi työntekijän saamatta jääneet palkkatulot yrityksen joutuessa maksukyvyttömäksi.","0,00%",
meno,3,32.30.64.,https://budjetti.vm.fi/indox/sisalto.jsp?year=2026&lang=fi&maindoc=/2026/tae/hallituksenEsitys/hallituksenEsitys.xml&id=/2026/tae/hallituksenEsitys/YksityiskohtaisetPerustelut/32/30/64/64.html,32. MARKKINA- JA KILPAILUMINISTERIÖ HALLINNONALA (entinen TYÖ- JA ELINKEINOMINISTERIÖ),30. Työllisyys ja yrittäjyys,64. EU:n ja valtion rahoitusosuus EU:n alue- ja rakennepolitiikan ja muihin koheesiopolitiikan ohjelmiin (arviomääräraha),64. EU:n ja valtion rahoitusosuus EU:n alue- ja rakennepolitiikan ja muihin koheesiopolitiikan ohjelmiin (arviomääräraha),,583 577 000,0,−583 577 000,Leikataan / Tehoton,"Yritystuet ovat puuttumista siihen miten taloudelliset resurssit ohjautuvat, eikä se ole valtion tehtävä. Asiaa ei muuta se, että osa rahasta on EU:n kautta kierrätettyä verorahaa. Suomen tulee silti kieltäytyä tämän käyttämisestä tehottomiin yritystukiin ja antaa vapaiden markkinoiden kohdentaa työpanokset ja resurssit tehokkaasti. Alueellinen perusta yritystukien jakamisessa hukkaa resursseja ja laskee työn tuottavuutta. Myös julkinen sektori on paisunut 250 henkilötyövuotta pelkästään tämän momentin vuoksi.","−100,00%",
meno,3,32.30.95.,https://budjetti.vm.fi/indox/sisalto.jsp?year=2026&lang=fi&maindoc=/2026/tae/hallituksenEsitys/hallituksenEsitys.xml&id=/2026/tae/hallituksenEsitys/YksityiskohtaisetPerustelut/32/30/95/95.html,32. MARKKINA- JA KILPAILUMINISTERIÖ HALLINNONALA (entinen TYÖ- JA ELINKEINOMINISTERIÖ),30. Työllisyys ja yrittäjyys,95. Vaikuttavuusinvestointien tuotonmaksu (arviomääräraha),95. Vaikuttavuusinvestointien tuotonmaksu (arviomääräraha),,6 000 000,0,−6 000 000,Liikkumavaraa,"Momentilta maksetaan tulosperusteisen työllisyyden ja kotouttamisen investointihankkeiden tuottoja hankkeisiin sijoittaneille yksityisille tahoille. Momentti leikataan kokonaisuudessaan, sillä työmarkkinoita tulee uudistaa siten, että useampi pystyy osallistumaan työmarkkinoille ilman erillisiä insentiivejä ja aktivointeja.","−100,00%",
meno,2,32.40.,https://budjetti.vm.fi/indox/sisalto.jsp?year=2026&lang=fi&maindoc=/2026/tae/hallituksenEsitys/hallituksenEsitys.xml&id=/2026/tae/hallituksenEsitys/YksityiskohtaisetPerustelut/32/40/40.html,32. MARKKINA- JA KILPAILUMINISTERIÖ HALLINNONALA (entinen TYÖ- JA ELINKEINOMINISTERIÖ),40. Yritysten erityisrahoitus,,40. Yritysten erityisrahoitus,,88 373 000,0,−88 373 000,Leikataan / Tehoton,,"−100,00%",Yritystuet
meno,3,32.40.42.,https://budjetti.vm.fi/indox/sisalto.jsp?year=2026&lang=fi&maindoc=/2026/tae/hallituksenEsitys/hallituksenEsitys.xml&id=/2026/tae/hallituksenEsitys/YksityiskohtaisetPerustelut/32/40/42/42.html,32. MARKKINA- JA KILPAILUMINISTERIÖ HALLINNONALA (entinen TYÖ- JA ELINKEINOMINISTERIÖ),40. Yritysten erityisrahoitus,42. Valtiontuki sähköhuollon varmistamiseksi (arviomääräraha),42. Valtiontuki sähköhuollon varmistamiseksi (arviomääräraha),,1 000 000,0,−1 000 000,Leikataan / Tehoton,"Enontekiön kunnalle ei tule maksaa aluetukea, vaan siellä asuvien on maksettava sähköverkkonsa kulut itse. Käsivarren läpi ei kulje Suomen kantaverkkoja, joten senkään puolesta aluetuki ei ole perusteltu.","−100,00%",
meno,3,32.40.47.,https://budjetti.vm.fi/indox/sisalto.jsp?year=2026&lang=fi&maindoc=/2026/tae/hallituksenEsitys/hallituksenEsitys.xml&id=/2026/tae/hallituksenEsitys/YksityiskohtaisetPerustelut/32/40/47/47.html,32. MARKKINA- JA KILPAILUMINISTERIÖ HALLINNONALA (entinen TYÖ- JA ELINKEINOMINISTERIÖ),40. Yritysten erityisrahoitus,47. Finnvera Oyj:n tappiokorvaukset (arviomääräraha),47. Finnvera Oyj:n tappiokorvaukset (arviomääräraha),,25 153 000,0,−25 153 000,Leikataan / Tehoton,Finnvera Oyj:n luotto- ja takaustoiminnasta aiheutuvien tappioiden osittaiseen korvaamiseen sekä Finnvera Oyj:lle maksettavaan korkotukeen varattu määräraha. Valtion ei tule oman rahoitusyhtiönsä kautta luotottaa yksityisiä yrityksiä vaan rahoituksen on järjestyttävä kokonaan yksityisesti. Luottotappioiden ulkoistaminen veronmaksajan maksettavaksi ei ole perusteltua.,"−100,00%",
meno,3,32.40.48.,https://budjetti.vm.fi/indox/sisalto.jsp?year=2026&lang=fi&maindoc=/2026/tae/hallituksenEsitys/hallituksenEsitys.xml&id=/2026/tae/hallituksenEsitys/YksityiskohtaisetPerustelut/32/40/48/48.html,32. MARKKINA- JA KILPAILUMINISTERIÖ HALLINNONALA (entinen TYÖ- JA ELINKEINOMINISTERIÖ),40. Yritysten erityisrahoitus,48. Korko- ja muu tuki julkisesti tuetuille vienti- ja alusluotoille (arviomääräraha),48. Korko- ja muu tuki julkisesti tuetuille vienti- ja alusluotoille (arviomääräraha),,61 200 000,0,−61 200 000,Leikataan / Tehoton,"Finnvera Oyj:n omistama vientiluottojen rahoitusta tarjoava ja korontasausta hallinnoiva Suomen Vientiluotto Oy poistetaan valtion budjetista ja valtion omistuksesta. Yritystuet vääristävät markkinoita valiten voittajat ja kohdentaen resursseja markkinoita tehottomammin. Valtio vääristää kilpailua tukiessaan yhden alan pääomariskiä. Jos hankkeet eivät ole tarpeeksi arvokkaita ilman subventoitua lainaa, ei niitä tulisi tehdä. Luottoriski asetetaan tarpeetta kaikkien kansalaisten vastuulle, eikä yksityisille rahoitusmarkkinoille. Kansainväliseen tukikilpailuun ei tule lähteä, ja Suomen tulee EU-tasolla ajaa näidenkin markkinoita vääristävien yritystukien poistamista.","−100,00%",
meno,3,32.40.60.,https://budjetti.vm.fi/indox/sisalto.jsp?year=2026&lang=fi&maindoc=/2026/tae/hallituksenEsitys/hallituksenEsitys.xml&id=/2026/tae/hallituksenEsitys/YksityiskohtaisetPerustelut/32/40/60/60.html,32. MARKKINA- JA KILPAILUMINISTERIÖ HALLINNONALA (entinen TYÖ- JA ELINKEINOMINISTERIÖ),40. Yritysten erityisrahoitus,60. Siirrot hallinnonalan rahastoihin (arviomääräraha),60. Siirrot hallinnonalan rahastoihin (arviomääräraha),,1 020 000,0,−1 020 000,Leikataan / Tehoton,"Finveran roolia ei tule kasvattaa, eikä sillä tule olla roolia mukamas markkinapuutteiden korvaamisessa kasvurahoituksen tarjoajana. Yksityinen pääomamarkkina toimii Liberaalipuolueen näkemyksestä riittävän tehokkaasti. Momentin toinen käyttökohde, eli Huoltovarmuusrahaston pitää pyrkiä kustannusvastaavuuteen toiminnassaan, eikä rahoittaa varastojen korvausta budjetista. Huoltovarmuuskeskuksen lisäysehdotus 32.01.11. on päälekkäinen tämän kanssa.","−100,00%",
meno,3,32.40.82.,https://budjetti.vm.fi/indox/sisalto.jsp?year=2026&lang=fi&maindoc=/2026/tae/hallituksenEsitys/hallituksenEsitys.xml&id=/2026/tae/hallituksenEsitys/YksityiskohtaisetPerustelut/32/40/82poistettava/82poistettava.html,32. MARKKINA- JA KILPAILUMINISTERIÖ HALLINNONALA (entinen TYÖ- JA ELINKEINOMINISTERIÖ),40. Yritysten erityisrahoitus,82. Lainat Finnvera Oyj:n varainhankintaan (arviomääräraha),82. Lainat Finnvera Oyj:n varainhankintaan (arviomääräraha),poistettava momentti hallituksen esityksessä,0,0,0,Leikataan / Tehoton,Poistuu hallituksen esityksessä ja korvataan toisessa momentissa.,"0,00%",
meno,3,32.40.88.,https://budjetti.vm.fi/indox/sisalto.jsp?year=2026&lang=fi&maindoc=/2026/tae/hallituksenEsitys/hallituksenEsitys.xml&id=/2026/tae/hallituksenEsitys/YksityiskohtaisetPerustelut/32/40/88/88.html,32. MARKKINA- JA KILPAILUMINISTERIÖ HALLINNONALA (entinen TYÖ- JA ELINKEINOMINISTERIÖ),40. Yritysten erityisrahoitus,88. Pääomasijoitus Suomen Teollisuussijoitus Oy:lle (siirtomääräraha 3 v),88. Pääomasijoitus Suomen Teollisuussijoitus Oy:lle (siirtomääräraha 3&nbsp;v),,0,0,0,Leikataan / Tehoton,"Riskinotto ei ole valtion ydintehtävä. Ratkaisu kasvuun ei ole lisätä valtiota, vaan vähentää valtiota.","0,00%",
meno,2,32.50.,https://budjetti.vm.fi/indox/sisalto.jsp?year=2026&lang=fi&maindoc=/2026/tae/hallituksenEsitys/hallituksenEsitys.xml&id=/2026/tae/hallituksenEsitys/YksityiskohtaisetPerustelut/32/50/50.html,32. MARKKINA- JA KILPAILUMINISTERIÖ HALLINNONALA (entinen TYÖ- JA ELINKEINOMINISTERIÖ),50. Kotoutuminen ja kansainvälinen osaaminen,,50. Kotoutuminen ja kansainvälinen osaaminen,,351 853 000,351 853 000,0,Tärkeä / Tehokas,,"0,00%",Kotouttaminen
meno,3,32.50.03.,https://budjetti.vm.fi/indox/sisalto.jsp?year=2026&lang=fi&maindoc=/2026/tae/hallituksenEsitys/hallituksenEsitys.xml&id=/2026/tae/hallituksenEsitys/YksityiskohtaisetPerustelut/32/50/03/03.html,32. MARKKINA- JA KILPAILUMINISTERIÖ HALLINNONALA (entinen TYÖ- JA ELINKEINOMINISTERIÖ),50. Kotoutuminen ja kansainvälinen osaaminen,03. Kotoutumisen ja työvoiman maahanmuuton edistäminen (siirtomääräraha 2 v),03. Kotoutumisen ja työvoiman maahanmuuton edistäminen (siirtomääräraha 2&nbsp;v),,2 109 000,2 109 000,0,Liikkumavaraa,Kotouttamisen määrärahat ovat yleisesti hyödyllistä valtion rahankäyttöä. Hallitus poisti järjestöavustukset osaamiskeskuksilta kuten Liberaalipuolue 2024 ehdotti. Tämä nykyinen momentti jätetään hallituksen esityksen mukaisesti.,"0,00%",
meno,3,32.50.30.,https://budjetti.vm.fi/indox/sisalto.jsp?year=2026&lang=fi&maindoc=/2026/tae/hallituksenEsitys/hallituksenEsitys.xml&id=/2026/tae/hallituksenEsitys/YksityiskohtaisetPerustelut/32/50/30/30.html,32. MARKKINA- JA KILPAILUMINISTERIÖ HALLINNONALA (entinen TYÖ- JA ELINKEINOMINISTERIÖ),50. Kotoutuminen ja kansainvälinen osaaminen,30. Valtion korvaukset kotoutumisen edistämisestä (arviomääräraha),30. Valtion korvaukset kotoutumisen edistämisestä (arviomääräraha),,349 744 000,349 744 000,0,Tärkeä / Tehokas,Kotouttamisen määrärahat ovat hyödyllistä valtion rahankäyttöä. Ukrainalaisia pakolaisia syytä kotouttaa myös tulevana vuonna. Julkisesti tarjottavan tulkkauksen määrää suhteessa kannusteeseen virallisen kielenopiskeluun voidaan tarkastella. Vastuuta kielen oppimisesta voidaan antaa maahantulijoille entistä enemmän.,"0,00%",
meno,1,33.,https://budjetti.vm.fi/indox/sisalto.jsp?year=2026&lang=fi&maindoc=/2026/tae/hallituksenEsitys/hallituksenEsitys.xml&id=/2026/tae/hallituksenEsitys/YksityiskohtaisetPerustelut/33/33.html,33. SOSIAALI- JA TERVEYSMINISTERIÖN HALLINNONALA,,,33. SOSIAALI- JA TERVEYSMINISTERIÖN HALLINNONALA,,14 840 347 000,14 395 099 300,−445 247 700,Tärkeä / Tehokas,,"−3,00%",
meno,2,33.01.,https://budjetti.vm.fi/indox/sisalto.jsp?year=2026&lang=fi&maindoc=/2026/tae/hallituksenEsitys/hallituksenEsitys.xml&id=/2026/tae/hallituksenEsitys/YksityiskohtaisetPerustelut/33/01/01.html,33. SOSIAALI- JA TERVEYSMINISTERIÖN HALLINNONALA,01. Hallinto,,01. Hallinto,,153 890 000,138 476 400,−15 413 600,Liikkumavaraa,,"−10,02%",Hallinto
meno,3,33.01.01.,https://budjetti.vm.fi/indox/sisalto.jsp?year=2026&lang=fi&maindoc=/2026/tae/hallituksenEsitys/hallituksenEsitys.xml&id=/2026/tae/hallituksenEsitys/YksityiskohtaisetPerustelut/33/01/01/01.html,33. SOSIAALI- JA TERVEYSMINISTERIÖN HALLINNONALA,01. Hallinto,01. Sosiaali- ja terveysministeriön toimintamenot (siirtomääräraha 2 v),01. Sosiaali- ja terveysministeriön toimintamenot (siirtomääräraha 2&nbsp;v),,39 844 000,39 445 500,−398 500,Liikkumavaraa,Prosenttiyksikön tehostus hallituksen 2024 ehdottaman noin kahden prosenttiyksikön lisäksi.,"−1,00%",
meno,3,33.01.04.,https://budjetti.vm.fi/indox/sisalto.jsp?year=2026&lang=fi&maindoc=/2026/tae/hallituksenEsitys/hallituksenEsitys.xml&id=/2026/tae/hallituksenEsitys/YksityiskohtaisetPerustelut/33/01/04/04.html,33. SOSIAALI- JA TERVEYSMINISTERIÖN HALLINNONALA,01. Hallinto,04. Valtion mielisairaaloiden toimintamenot (siirtomääräraha 2 v),04. Valtion mielisairaaloiden toimintamenot (siirtomääräraha 2&nbsp;v),,2 083 000,2 083 000,0,Tärkeä / Tehokas,"Valtion mielisairaaloiden toimintamenot, säilytetään ennallaan.","0,00%",
meno,3,33.01.05.,https://budjetti.vm.fi/indox/sisalto.jsp?year=2026&lang=fi&maindoc=/2026/tae/hallituksenEsitys/hallituksenEsitys.xml&id=/2026/tae/hallituksenEsitys/YksityiskohtaisetPerustelut/33/01/05/05.html,33. SOSIAALI- JA TERVEYSMINISTERIÖN HALLINNONALA,01. Hallinto,05. Terveyden ja hyvinvoinnin laitoksen alaisten lastensuojeluyksiköiden toimintamenot (siirtomääräraha 2 v),05. Terveyden ja hyvinvoinnin laitoksen alaisten lastensuojeluyksiköiden toimintamenot (siirtomääräraha 2&nbsp;v),,5 310 000,5 310 000,0,Tärkeä / Tehokas,"THL:n lastensuojeluyksiköiden toimintamenojen maksamiseen tarkoitettu määräraha, momentti säilytetään ennallaan.","0,00%",
meno,3,33.01.06.,https://budjetti.vm.fi/indox/sisalto.jsp?year=2026&lang=fi&maindoc=/2026/tae/hallituksenEsitys/hallituksenEsitys.xml&id=/2026/tae/hallituksenEsitys/YksityiskohtaisetPerustelut/33/01/06/06.html,33. SOSIAALI- JA TERVEYSMINISTERIÖN HALLINNONALA,01. Hallinto,06. Terveyden ja hyvinvoinnin laitoksen alaisen vankiterveydenhuollon yksikön toimintamenot (siirtomääräraha 2 v),06. Terveyden ja hyvinvoinnin laitoksen alaisen vankiterveydenhuollon yksikön toimintamenot (siirtomääräraha 2&nbsp;v),,23 766 000,23 766 000,0,Liikkumavaraa,"THL:n vankiterveydenhuollon yksikön toimintamenot, momentti säilytetään ennallaan. Vantaan vankilan laajentaminen on lisännyt tarvetta.","0,00%",
meno,3,33.01.07.,https://budjetti.vm.fi/indox/sisalto.jsp?year=2026&lang=fi&maindoc=/2026/tae/hallituksenEsitys/hallituksenEsitys.xml&id=/2026/tae/hallituksenEsitys/YksityiskohtaisetPerustelut/33/01/07/07.html,33. SOSIAALI- JA TERVEYSMINISTERIÖN HALLINNONALA,01. Hallinto,07. Sosiaaliturva-asioiden muutoksenhakulautakunnan toimintamenot (siirtomääräraha 3 v),07. Sosiaaliturva-asioiden muutoksenhakulautakunnan toimintamenot (siirtomääräraha 3&nbsp;v),,9 731 000,97 000,−9 634 000,Leikataan / Tehoton,"Sosiaaliturva-asioiden muutoksenhakulautakunnan toimintamenot, momentilta leikataan 99 %. Siirtymällä perustuloon sosiaaliturvan määräytymisperusteet yksinkertaistuvat merkittävästi, joten tarve muutoksenhaulle poistuu lähes täysin. Momentille jätetyt varat käytetään esimerkiksi maksatusvirheiden ja muiden vastaavien tilanteiden käsittelyyn.","−99,00%",
meno,3,33.01.08.,https://budjetti.vm.fi/indox/sisalto.jsp?year=2026&lang=fi&maindoc=/2026/tae/hallituksenEsitys/hallituksenEsitys.xml&id=/2026/tae/hallituksenEsitys/YksityiskohtaisetPerustelut/33/01/08/08.html,33. SOSIAALI- JA TERVEYSMINISTERIÖN HALLINNONALA,01. Hallinto,08. Vankiterveydenhuollon yksikön ulkopuoliset terveyspalvelut (arviomääräraha),08. Vankiterveydenhuollon yksikön ulkopuoliset terveyspalvelut (arviomääräraha),,8 527 000,8 527 000,0,Liikkumavaraa,"Vankiterveydenhuollon yksikön ostopalveluna tehtävien terveydenhoitopalveluiden maksamiseen tarkoitettu määräraha, momentti säilytetään ennallaan.","0,00%",
meno,3,33.01.25.,https://budjetti.vm.fi/indox/sisalto.jsp?year=2026&lang=fi&maindoc=/2026/tae/hallituksenEsitys/hallituksenEsitys.xml&id=/2026/tae/hallituksenEsitys/YksityiskohtaisetPerustelut/33/01/25/25.html,33. SOSIAALI- JA TERVEYSMINISTERIÖN HALLINNONALA,01. Hallinto,25. Sosiaali- ja terveydenhuollon valtakunnallinen tiedonhallinta (siirtomääräraha 3 v),25. Sosiaali- ja terveydenhuollon valtakunnallinen tiedonhallinta (siirtomääräraha 3&nbsp;v),,21 355 000,17 084 000,−4 271 000,Liikkumavaraa,"Sote-tietojärjestelmiä täytyy tehdä halvemmalla. Leikkaus tähän pakottaa priorisoimaan tietojärjestelmiä ja etsimään kustannussäästöjä. Sote-rahansiirrot hyvinvointialueille tulisi mennä korvamerkitsemättömästi, jolloin alueet joutuisivat edes priorisoimaan tehtäviään eikä piikki olisi monessa paikkaa auki.","−20,00%",
meno,3,33.01.29.,https://budjetti.vm.fi/indox/sisalto.jsp?year=2026&lang=fi&maindoc=/2026/tae/hallituksenEsitys/hallituksenEsitys.xml&id=/2026/tae/hallituksenEsitys/YksityiskohtaisetPerustelut/33/01/29/29.html,33. SOSIAALI- JA TERVEYSMINISTERIÖN HALLINNONALA,01. Hallinto,29. Sosiaali- ja terveysministeriön hallinnonalan arvonlisäveromenot (arviomääräraha),29. Sosiaali- ja terveysministeriön hallinnonalan arvonlisäveromenot (arviomääräraha),,37 000 000,35 889 900,−1 110 100,Liikkumavaraa,STM:n hallinnonalan arvonlisäveromenot on suhteutettu hallinnonalan muutoksiin.,"−3,00%",
meno,3,33.01.66.,https://budjetti.vm.fi/indox/sisalto.jsp?year=2026&lang=fi&maindoc=/2026/tae/hallituksenEsitys/hallituksenEsitys.xml&id=/2026/tae/hallituksenEsitys/YksityiskohtaisetPerustelut/33/01/66/66.html,33. SOSIAALI- JA TERVEYSMINISTERIÖN HALLINNONALA,01. Hallinto,66. Kansainväliset jäsenmaksut ja maksuosuudet (siirtomääräraha 2 v),66. Kansainväliset jäsenmaksut ja maksuosuudet (siirtomääräraha 2&nbsp;v),,6 274 000,6 274 000,0,Liikkumavaraa,"Kansainvälisten järjestöjen jäsenmaksut, momentti säilytetään ennallaan. WHO on tärkeä kansainvälinen järjestö terveysturvallisuuden varmistamiseen. Kansainvälisissä järjestöissäkin olisi pyrittävä kustannussäästöihin.","0,00%",
meno,2,33.02.,https://budjetti.vm.fi/indox/sisalto.jsp?year=2026&lang=fi&maindoc=/2026/tae/hallituksenEsitys/hallituksenEsitys.xml&id=/2026/tae/hallituksenEsitys/YksityiskohtaisetPerustelut/33/02/02.html,33. SOSIAALI- JA TERVEYSMINISTERIÖN HALLINNONALA,02. Valvonta,,02. Valvonta,,54 990 000,46 082 700,−8 907 300,Liikkumavaraa,,"−16,20%",Hallinto
meno,3,33.02.03.,https://budjetti.vm.fi/indox/sisalto.jsp?year=2026&lang=fi&maindoc=/2026/tae/hallituksenEsitys/hallituksenEsitys.xml&id=/2026/tae/hallituksenEsitys/YksityiskohtaisetPerustelut/33/02/03/03.html,33. SOSIAALI- JA TERVEYSMINISTERIÖN HALLINNONALA,02. Valvonta,03. Säteilyturvakeskuksen toimintamenot (siirtomääräraha 2 v),03. Säteilyturvakeskuksen toimintamenot (siirtomääräraha 2&nbsp;v),,18 767 000,16 890 300,−1 876 700,Liikkumavaraa,"Ydinvoimaa tarvitaan Suomeen lisää. Sarjatuotettujen pienydinvoimaloiden tyyppihyväksyminen voi vähentää työmäärää, jolloin virastoa ei ole tarpeen kasvattaa. Puolueen visiossa on vähentää säätelyä ja vähentämisen täytyy koskea myös ydinvoimaa. Suomen osallisuus ydinsulkusopimuksessa on kyseenalaista, koska haluamme Nato-jäsenyyden kautta liittolaisten ydinaseiden hyödyn.","−10,00%",
meno,3,33.02.05.,https://budjetti.vm.fi/indox/sisalto.jsp?year=2026&lang=fi&maindoc=/2026/tae/hallituksenEsitys/hallituksenEsitys.xml&id=/2026/tae/hallituksenEsitys/YksityiskohtaisetPerustelut/33/02/05poistettava/05poistettava.html,33. SOSIAALI- JA TERVEYSMINISTERIÖN HALLINNONALA,02. Valvonta,05. Sosiaali- ja terveysalan lupa- ja valvontaviraston toimintamenot (siirtomääräraha 2 v),05. Sosiaali- ja terveysalan lupa- ja valvontaviraston toimintamenot (siirtomääräraha 2&nbsp;v),poistettava momentti hallituksen esityksessä,0,0,0,Liikkumavaraa,Aluehallintouudistus poistaa erillisen STM:n alaisen viraston ja siirtää sen VM:n alle uudeksi Lupa- ja valvontavirastoksi jonka määrärahoja säilytetään.,"0,00%",
meno,3,33.02.06.,https://budjetti.vm.fi/indox/sisalto.jsp?year=2026&lang=fi&maindoc=/2026/tae/hallituksenEsitys/hallituksenEsitys.xml&id=/2026/tae/hallituksenEsitys/YksityiskohtaisetPerustelut/33/02/06/06.html,33. SOSIAALI- JA TERVEYSMINISTERIÖN HALLINNONALA,02. Valvonta,06. Lääkealan turvallisuus- ja kehittämiskeskuksen toimintamenot (siirtomääräraha 2 v),06. Lääkealan turvallisuus- ja kehittämiskeskuksen toimintamenot (siirtomääräraha 2&nbsp;v),,4 601 000,3 680 800,−920 200,Liikkumavaraa,Lääkealan turvallisuus- ja kehittämiskeskuksen tehtäviä priorisoidaan siinä määrin kun on mahdollista lääkeasioiden turvallisuutta vaarantamatta. Apteekkien määräsääntelystä luovutaan. Tehtävien vähentymisen ja tehostamisen myötä toimintamenoista voidaan leikata 20 %.,"−20,00%",
meno,3,33.02.07.,https://budjetti.vm.fi/indox/sisalto.jsp?year=2026&lang=fi&maindoc=/2026/tae/hallituksenEsitys/hallituksenEsitys.xml&id=/2026/tae/hallituksenEsitys/YksityiskohtaisetPerustelut/33/02/07/07.html,33. SOSIAALI- JA TERVEYSMINISTERIÖN HALLINNONALA,02. Valvonta,07. Lupa- ja valvontaviraston työsuojeluosaston toimintamenot (siirtomääräraha 2 v),07. Lupa- ja valvontaviraston työsuojeluosaston toimintamenot (siirtomääräraha 2&nbsp;v),,29 482 000,23 585 600,−5 896 400,Liikkumavaraa,"Työsuojelun piiriin kuuluvien valvonta ja lupa-asioita karsimisen myötä myös toimintamenoja voidaan leikata 20 %:lla. Myös hallituksen esityksessä nähdään Työsuojeluvalvonnan tuottavuudessa, kattavuudessa ja vaikuttavuudessa olevan merkittävästi parannettavaa. ","−20,00%",
meno,3,33.02.08.,https://budjetti.vm.fi/indox/sisalto.jsp?year=2026&lang=fi&maindoc=/2026/tae/hallituksenEsitys/hallituksenEsitys.xml&id=/2026/tae/hallituksenEsitys/YksityiskohtaisetPerustelut/33/02/08/08.html,33. SOSIAALI- JA TERVEYSMINISTERIÖN HALLINNONALA,02. Valvonta,08. Sosiaali- ja terveysalan tietolupaviranomaisen toimintamenot (siirtomääräraha 2 v),08. Sosiaali- ja terveysalan tietolupaviranomaisen toimintamenot (siirtomääräraha 2&nbsp;v),,2 140 000,1 926 000,−214 000,Liikkumavaraa,"Henkilöstömenoista leikataan 10%. Omakustanneperiaatetta harkittava, koska nyt vain noin 20 % menoista pystytään kattamaan maksuilla.","−10,00%",
meno,3,33.02.20.,https://budjetti.vm.fi/indox/sisalto.jsp?year=2026&lang=fi&maindoc=/2026/tae/hallituksenEsitys/hallituksenEsitys.xml&id=/2026/tae/hallituksenEsitys/YksityiskohtaisetPerustelut/33/02/20poistettava/20poistettava.html,33. SOSIAALI- JA TERVEYSMINISTERIÖN HALLINNONALA,02. Valvonta,20. Oikeuslääketieteellisen kuolemansyyn selvittämisen menot (arviomääräraha),20. Oikeuslääketieteellisen kuolemansyyn selvittämisen menot (arviomääräraha),poistettava momentti hallituksen esityksessä,0,0,0,Liikkumavaraa,"Ruuminavauksen keskimääräistä kustannusta tulee vähentää. Kriteeristöä tarvittavista oikeuslääketieteellisistä ruuminavauksista tulee keventää niissä tapauksissa, joissa se ei vaaranna oikeusturvan toteutumista ja rikosten selvittämistä. 33.03.04","0,00%",
meno,2,33.03.,https://budjetti.vm.fi/indox/sisalto.jsp?year=2026&lang=fi&maindoc=/2026/tae/hallituksenEsitys/hallituksenEsitys.xml&id=/2026/tae/hallituksenEsitys/YksityiskohtaisetPerustelut/33/03/03.html,33. SOSIAALI- JA TERVEYSMINISTERIÖN HALLINNONALA,03. Tutkimus- ja kehittämistoiminta,,03. Tutkimus- ja kehittämistoiminta,,122 220 000,99 682 600,−22 537 400,Liikkumavaraa,,"−18,44%",Yritystuet
meno,3,33.03.04.,https://budjetti.vm.fi/indox/sisalto.jsp?year=2026&lang=fi&maindoc=/2026/tae/hallituksenEsitys/hallituksenEsitys.xml&id=/2026/tae/hallituksenEsitys/YksityiskohtaisetPerustelut/33/03/04/04.html,33. SOSIAALI- JA TERVEYSMINISTERIÖN HALLINNONALA,03. Tutkimus- ja kehittämistoiminta,04. Terveyden ja hyvinvoinnin laitoksen toimintamenot (siirtomääräraha 2 v),04. Terveyden ja hyvinvoinnin laitoksen toimintamenot (siirtomääräraha 2&nbsp;v),,89 447 000,77 262 300,−12 184 700,Liikkumavaraa,"THL:n toimintamenoista leikataan 10 % toiminnan tehostamiseksi. Lisäksi momentille hallituksen siirtämä 33.02.20 Oikeuslääketieteellisen kuolemansyyn selvittämisen menot määrärahoista leikataan 3,6 M€, koska ruuminavauksen keskimääräistä kustannusta tulee vähentää. Kriteeristöä tarvittavista oikeuslääketieteellisistä ruuminavauksista tulee keventää niissä tapauksissa, joissa se ei vaaranna oikeusturvan toteutumista ja rikosten selvittämistä.","−13,62%",
meno,3,33.03.25.,https://budjetti.vm.fi/indox/sisalto.jsp?year=2026&lang=fi&maindoc=/2026/tae/hallituksenEsitys/hallituksenEsitys.xml&id=/2026/tae/hallituksenEsitys/YksityiskohtaisetPerustelut/33/03/25poistettava/25poistettava.html,33. SOSIAALI- JA TERVEYSMINISTERIÖN HALLINNONALA,03. Tutkimus- ja kehittämistoiminta,25. Terveys- ja hyvinvointialan kasvuohjelma (siirtomääräraha 3 v),25. Terveys- ja hyvinvointialan kasvuohjelma (siirtomääräraha 3&nbsp;v),poistettava momentti hallituksen esityksessä,0,0,0,Leikataan / Tehoton,"Osaaminen keskittyy pääkaupunkiseudulle ja muihin kaupunkeihin ilman tätäkin määrärahaa, ja TKI toimintaa tehdään ilman että valtio puuttuu asiaan virkakuntaa palkkaamalla. Poistuu hallituksen esityksessä.","0,00%",
meno,3,33.03.31.,https://budjetti.vm.fi/indox/sisalto.jsp?year=2026&lang=fi&maindoc=/2026/tae/hallituksenEsitys/hallituksenEsitys.xml&id=/2026/tae/hallituksenEsitys/YksityiskohtaisetPerustelut/33/03/31/31.html,33. SOSIAALI- JA TERVEYSMINISTERIÖN HALLINNONALA,03. Tutkimus- ja kehittämistoiminta,31. Hyvinvoinnin ja terveyden edistäminen (siirtomääräraha 3 v),31. Hyvinvoinnin ja terveyden edistäminen (siirtomääräraha 3&nbsp;v),,2 000 000,0,−2 000 000,Leikataan / Tehoton,"Julkisten hankkeiden puuhastelu ei edistä hyvinvointia. Tulevina vuosina hallitus aikoo lisätä säätelyä mm. lounassetelien rajaamisella vain ravintosuositukset täyttäviin aterioihin, makeisten mainostamisen rajoittamiseen.","−100,00%",
meno,3,33.03.50.,https://budjetti.vm.fi/indox/sisalto.jsp?year=2026&lang=fi&maindoc=/2026/tae/hallituksenEsitys/hallituksenEsitys.xml&id=/2026/tae/hallituksenEsitys/YksityiskohtaisetPerustelut/33/03/50/50.html,33. SOSIAALI- JA TERVEYSMINISTERIÖN HALLINNONALA,03. Tutkimus- ja kehittämistoiminta,50. Valtionosuus Työterveyslaitoksen toimintaan (siirtomääräraha 2 v),50. Valtionosuus Työterveyslaitoksen toimintaan (siirtomääräraha 2&nbsp;v),,23 446 000,18 756 800,−4 689 200,Liikkumavaraa,"Työterveyslaitoksen tulee pyrkiä toiminnassaan kustannusvastaavuuteen ja soveltavan tutkimuksen rahoitusta karsitaan. Tärkeää on myös että Työterveyslaitos ei kilpaile yksityisten toimijoiden palveluntuotannon kanssa. Esimerkiksi onko todella tarpeen kehittää verorahoilla vuorovaikutteista verkko-oppimisalustaa, kun niitä jo niin moni muu tekee. Ei ole valtion tehtävä laatia kursseja yrittäjien itsensä johtamisen taitojen tukemiseksi.","−20,00%",
meno,3,33.03.63.,https://budjetti.vm.fi/indox/sisalto.jsp?year=2026&lang=fi&maindoc=/2026/tae/hallituksenEsitys/hallituksenEsitys.xml&id=/2026/tae/hallituksenEsitys/YksityiskohtaisetPerustelut/33/03/63/63.html,33. SOSIAALI- JA TERVEYSMINISTERIÖN HALLINNONALA,03. Tutkimus- ja kehittämistoiminta,63. Eräät erityishankkeet (siirtomääräraha 3 v),63. Eräät erityishankkeet (siirtomääräraha 3&nbsp;v),,7 327 000,3 663 500,−3 663 500,Liikkumavaraa,"Hankkeiden määrä puolitetaan. Erityshankkeiden koordintointiin käytettyjä henkilötyövuosia voisi myös karsia nykyisestä 6 vähemmäksi kun ruoka-aputoimintakin poistuu momentilta. Psykoterapeuttien yksityisen koulutusmarkkinan ylisäätelyn jälkeen valtio aikoo nielaista psykoterapeuttien perustason koulutuksen julkiseksi toiminnaksi 5 M€ vuotuisella julkisella rahoituksella. Tämä valtion tehtäväkentän laajentaminen ja alan ylisäätely täytyy lopettaa, jotta koulutusmäärät pääsevät markkinaehtoisesti nousemaan.","−50,00%",
meno,2,33.10.,https://budjetti.vm.fi/indox/sisalto.jsp?year=2026&lang=fi&maindoc=/2026/tae/hallituksenEsitys/hallituksenEsitys.xml&id=/2026/tae/hallituksenEsitys/YksityiskohtaisetPerustelut/33/10/10.html,33. SOSIAALI- JA TERVEYSMINISTERIÖN HALLINNONALA,"10. Perhe- ja asumiskustannusten tasaus, perustoimeentulotuki ja eräät palvelut",,"10. Perhe- ja asumiskustannusten tasaus, perustoimeentulotuki ja eräät palvelut",,4 285 307 000,4 461 129 600,175 822 600,Tärkeä / Tehokas,Liberaalipuolueen visiossa perustulo korvaa nykyisen sosiaaliturvajärjestelmän. Välivaiheessa sosiaaliturvan ansiosidonnaista osaa vähennetään ja sosiaaliturva kohdennetaan heikoimmassa asemassa oleville. Lisäksi veropuolella kulutusveroihin tehtävä verokannan yhtenäistäminen kompensoidaan sosiaaliturvaan.,"4,10%",Sosiaaliturva
meno,3,33.10.50.,https://budjetti.vm.fi/indox/sisalto.jsp?year=2026&lang=fi&maindoc=/2026/tae/hallituksenEsitys/hallituksenEsitys.xml&id=/2026/tae/hallituksenEsitys/YksityiskohtaisetPerustelut/33/10/50/50.html,33. SOSIAALI- JA TERVEYSMINISTERIÖN HALLINNONALA,"10. Perhe- ja asumiskustannusten tasaus, perustoimeentulotuki ja eräät palvelut",50. Perhe-etuudet (arviomääräraha),50. Perhe-etuudet (arviomääräraha),,1 600 420 000,1 587 600 000,−12 820 000,Liikkumavaraa,"Momentilla säilytetään Lapsilisä 1360,5 M€ ja Elatustuki 227,1 M€. Sen sijaan Äitiysavustus 11,82 M€, Valtion tuki kansainväliseen adoptioon 0,5 M€ ja Ulkomaille maksettava lasten hoidon tuki 0,5 M€ poistetaan. Äitiyspakkauksen sijaan vanhemmat voivat itse ostaa tarvitsemansa kohtuullisen määrän tavaraa ilman julkista ylikulutusta. Myöhemmin Liberaalipuolueen visiossa perustulolla myös lapsille osittaisena korvattaisiin kaikki nämä erinäiset perhe-etuudet.","−0,80%",
meno,3,33.10.53.,https://budjetti.vm.fi/indox/sisalto.jsp?year=2026&lang=fi&maindoc=/2026/tae/hallituksenEsitys/hallituksenEsitys.xml&id=/2026/tae/hallituksenEsitys/YksityiskohtaisetPerustelut/33/10/53/53.html,33. SOSIAALI- JA TERVEYSMINISTERIÖN HALLINNONALA,"10. Perhe- ja asumiskustannusten tasaus, perustoimeentulotuki ja eräät palvelut",53. Sotilasavustus (arviomääräraha),53. Sotilasavustus (arviomääräraha),,25 100 000,0,−25 100 000,Leikataan / Tehoton,Sotilasavustus poistuu kun päivärahaa maksetaan enemmän vapaaehtoisille asepalvelukseen.,"−100,00%",
meno,3,33.10.54.,https://budjetti.vm.fi/indox/sisalto.jsp?year=2026&lang=fi&maindoc=/2026/tae/hallituksenEsitys/hallituksenEsitys.xml&id=/2026/tae/hallituksenEsitys/YksityiskohtaisetPerustelut/33/10/54/54.html,33. SOSIAALI- JA TERVEYSMINISTERIÖN HALLINNONALA,"10. Perhe- ja asumiskustannusten tasaus, perustoimeentulotuki ja eräät palvelut",54. Asumistuki (arviomääräraha),54. Asumistuki (arviomääräraha),,1 097 400 000,987 660 000,−109 740 000,Liikkumavaraa,"Koko asumistukijärjestelmä on uusittava vähentämällä asumiseen korvamerkittyä tukea ja välivaiheen jälkeen korvattava sosiaaliturvatilillä tai perustulolla. Ensimmäisessä välivaiheessa 10 % tästä rahasta siirretään puoliksi 33.10.57. Peurstoimeentulotuen momentille ja puoliksi 33.20.52. Valtionosuus työttömyysetuuksien perusturvasta, eli 54 870 000 € kumpaankin.","−10,00%",
meno,3,33.10.56.,https://budjetti.vm.fi/indox/sisalto.jsp?year=2026&lang=fi&maindoc=/2026/tae/hallituksenEsitys/hallituksenEsitys.xml&id=/2026/tae/hallituksenEsitys/YksityiskohtaisetPerustelut/33/10/56/56.html,33. SOSIAALI- JA TERVEYSMINISTERIÖN HALLINNONALA,"10. Perhe- ja asumiskustannusten tasaus, perustoimeentulotuki ja eräät palvelut",56. Vammaisten henkilöiden tulkkauspalvelut (arviomääräraha),56. Vammaisten henkilöiden tulkkauspalvelut (arviomääräraha),,67 850 000,67 850 000,0,Tärkeä / Tehokas,Vammaisten perustulon suuruus on muita korkeampi Liberaalipuolueen vaihtoehdossa. Tulkkauspalveluiden määräraha voidaan sisällyttää erityisenä lisänä sinne mikäli selvityksessä tarve havaitaan.,"0,00%",
meno,3,33.10.57.,https://budjetti.vm.fi/indox/sisalto.jsp?year=2026&lang=fi&maindoc=/2026/tae/hallituksenEsitys/hallituksenEsitys.xml&id=/2026/tae/hallituksenEsitys/YksityiskohtaisetPerustelut/33/10/57/57.html,33. SOSIAALI- JA TERVEYSMINISTERIÖN HALLINNONALA,"10. Perhe- ja asumiskustannusten tasaus, perustoimeentulotuki ja eräät palvelut",57. Perustoimeentulotuki (arviomääräraha),57. Perustoimeentulotuki (arviomääräraha),,1 042 100 000,1 096 970 000,54 870 000,Tärkeä / Tehokas,"Liberaalipuolueen visiossa perustulo korvaa toimeentulotuen. Toimeentulotuki on kannustinloukuista pahin, eivätkä liberaalit halua pudottaa lisää kotitalouksia sen varaan. Välivaiheessa perustoimeentulotukeen kompensoidaan leikkauksien vaikutuksia asumistuessa 54,87 M€ ja osa 33.10.lib ALV-yhtenäistämisen kompensointi tulonsiirroissa momentista, jonka kokonaismäärä on 359,1 M€.","5,27%",
meno,3,33.10.60.,https://budjetti.vm.fi/indox/sisalto.jsp?year=2026&lang=fi&maindoc=/2026/tae/hallituksenEsitys/hallituksenEsitys.xml&id=/2026/tae/hallituksenEsitys/YksityiskohtaisetPerustelut/33/10/60/60.html,33. SOSIAALI- JA TERVEYSMINISTERIÖN HALLINNONALA,"10. Perhe- ja asumiskustannusten tasaus, perustoimeentulotuki ja eräät palvelut",60. Kansaneläkelaitoksen sosiaaliturvarahastojen toimintakulut (siirtomääräraha 2 v),60. Kansaneläkelaitoksen sosiaaliturvarahastojen toimintakulut (siirtomääräraha 2&nbsp;v),,452 437 000,361 949 600,−90 487 400,Leikataan / Tehoton,"Kelan toimintamenot suurin piirtein. Liberaalipuolueen visiossa perustuloon siirryttäessä Kelan nykyinen byrokratia ja tarveharkinta poistuu lähes täysin, joten tämäkin määrä olisi käytettävissä varsinaiseen sosiaaliturvaan. Nyt välimallissa Kelan toiminnan tehostamiseen esitetään 20 % parannusta käsittelyn automatisoinnilla.","−20,00%",
meno,3,33.10.lib,,33. SOSIAALI- JA TERVEYSMINISTERIÖN HALLINNONALA,"10. Perhe- ja asumiskustannusten tasaus, perustoimeentulotuki ja eräät palvelut",lib. ALV-yhtenäistämisen kompensointi tulonsiirroissa,lib. ALV-yhtenäistämisen kompensointi tulonsiirroissa,lib,,359 100 000,359 100 000,Tärkeä / Tehokas,"ALV-kantojen yhdistäminen kompensoidaan pienituloisille nostamalla tulonsiirtoja. Kompensoinnin arvio tulee ottamalla 15 % lääkkeiden alennettu ALV kannan 0,402 mrd€ ja elintarvikkeiden 1,892 mrd yhteissummasta. Lisäksi siirretään momentilta 35.20.57 15 000 000 € erityisryhmien kunnostuskuluja.","0,00%",
meno,2,33.20.,https://budjetti.vm.fi/indox/sisalto.jsp?year=2026&lang=fi&maindoc=/2026/tae/hallituksenEsitys/hallituksenEsitys.xml&id=/2026/tae/hallituksenEsitys/YksityiskohtaisetPerustelut/33/20/20.html,33. SOSIAALI- JA TERVEYSMINISTERIÖN HALLINNONALA,20. Työttömyysturva,,20. Työttömyysturva,,2 067 684 000,1 858 270 000,−209 414 000,Liikkumavaraa,,"−10,13%",Sosiaaliturva
meno,3,33.20.31.,https://budjetti.vm.fi/indox/sisalto.jsp?year=2026&lang=fi&maindoc=/2026/tae/hallituksenEsitys/hallituksenEsitys.xml&id=/2026/tae/hallituksenEsitys/YksityiskohtaisetPerustelut/33/20/31/31.html,33. SOSIAALI- JA TERVEYSMINISTERIÖN HALLINNONALA,20. Työttömyysturva,31. Valtion korvaus hyvinvointialueille kuntouttavan työtoiminnan järjestämisestä (arviomääräraha),31. Valtion korvaus hyvinvointialueille kuntouttavan työtoiminnan järjestämisestä (arviomääräraha),,25 484 000,0,−25 484 000,Leikataan / Tehoton,Kuntouttava työtoiminta kuuluu TE-toimistojen siirron jälkeen kuntien ja työllisyysalueiden vastuulle.,"−100,00%",
meno,3,33.20.50.,https://budjetti.vm.fi/indox/sisalto.jsp?year=2026&lang=fi&maindoc=/2026/tae/hallituksenEsitys/hallituksenEsitys.xml&id=/2026/tae/hallituksenEsitys/YksityiskohtaisetPerustelut/33/20/50/50.html,33. SOSIAALI- JA TERVEYSMINISTERIÖN HALLINNONALA,20. Työttömyysturva,50. Valtionosuus työttömyysetuuksien ansioturvasta ja vuorottelukorvauksesta (arviomääräraha),50. Valtionosuus työttömyysetuuksien ansioturvasta ja vuorottelukorvauksesta (arviomääräraha),,597 000 000,358 200 000,−238 800 000,Liikkumavaraa,"Ansiosidonnaista työttömyysturvaa tarvitaan lyhyen ajan muutosturvana, mutta muuten valtion tehtävänä ei ole ansiosidonnaisten tulonsiirtojen tarjoaminen. Ansiosidonnainen työttömyysturva ulotetaan koskemaan kaikkia työntekijöitä. Samalla sen kestoa lyhennetään 180 päivään ja porrastetaan voimakkaasti. Hallituksen esittämät omavastuupäivien lisääminen ja suojaosien poisto sekä indeksijarru perutaan. Yhteensä tällä tulee momentille 40 % määrärahaleikkaus. ","−40,00%",
meno,3,33.20.52.,https://budjetti.vm.fi/indox/sisalto.jsp?year=2026&lang=fi&maindoc=/2026/tae/hallituksenEsitys/hallituksenEsitys.xml&id=/2026/tae/hallituksenEsitys/YksityiskohtaisetPerustelut/33/20/52/52.html,33. SOSIAALI- JA TERVEYSMINISTERIÖN HALLINNONALA,20. Työttömyysturva,52. Valtionosuus työttömyysetuuksien perusturvasta (arviomääräraha),52. Valtionosuus työttömyysetuuksien perusturvasta (arviomääräraha),,1 445 200 000,1 500 070 000,54 870 000,Tärkeä / Tehokas,,"3,80%",
meno,3,33.20.55.,https://budjetti.vm.fi/indox/sisalto.jsp?year=2026&lang=fi&maindoc=/2026/tae/hallituksenEsitys/hallituksenEsitys.xml&id=/2026/tae/hallituksenEsitys/YksityiskohtaisetPerustelut/33/20/55poistettava/55poistettava.html,33. SOSIAALI- JA TERVEYSMINISTERIÖN HALLINNONALA,20. Työttömyysturva,55. Valtionosuudet Työllisyysrahastolle (arviomääräraha),55. Valtionosuudet Työllisyysrahastolle (arviomääräraha),poistettava momentti hallituksen esityksessä,0,0,0,Siirto,Hallituksen lakkauttamaksi päättämän aikuiskoulutustuen viimeisetkin rahat siiretään perustuloksi.,"0,00%",
meno,2,33.30.,https://budjetti.vm.fi/indox/sisalto.jsp?year=2026&lang=fi&maindoc=/2026/tae/hallituksenEsitys/hallituksenEsitys.xml&id=/2026/tae/hallituksenEsitys/YksityiskohtaisetPerustelut/33/30/30.html,33. SOSIAALI- JA TERVEYSMINISTERIÖN HALLINNONALA,30. Sairausvakuutus,,30. Sairausvakuutus,,1 756 800 000,1 756 800 000,0,Tärkeä / Tehokas,,"0,00%",Sosiaaliturva
meno,3,33.30.50.,https://budjetti.vm.fi/indox/sisalto.jsp?year=2026&lang=fi&maindoc=/2026/tae/hallituksenEsitys/hallituksenEsitys.xml&id=/2026/tae/hallituksenEsitys/YksityiskohtaisetPerustelut/33/30/50/50.html,33. SOSIAALI- JA TERVEYSMINISTERIÖN HALLINNONALA,30. Sairausvakuutus,50. Korvaukset rajat ylittävästä terveydenhuollosta (arviomääräraha),50. Korvaukset rajat ylittävästä terveydenhuollosta (arviomääräraha),,2 000 000,2 000 000,0,Liikkumavaraa,Valtio korvaa ihmisille kuluja mikäli nämä harrastavat terveysturismia toisiin Euroopan maihin.,"0,00%",
meno,3,33.30.60.,https://budjetti.vm.fi/indox/sisalto.jsp?year=2026&lang=fi&maindoc=/2026/tae/hallituksenEsitys/hallituksenEsitys.xml&id=/2026/tae/hallituksenEsitys/YksityiskohtaisetPerustelut/33/30/60/60.html,33. SOSIAALI- JA TERVEYSMINISTERIÖN HALLINNONALA,30. Sairausvakuutus,60. Valtion osuus sairausvakuutuslaista johtuvista menoista (arviomääräraha),60. Valtion osuus sairausvakuutuslaista johtuvista menoista (arviomääräraha),,1 754 800 000,1 754 800 000,0,Leikataan / Tehoton,"Työnteon verorasituksen pienentämiseksi sairaanhoitovakuutuksen 1,1 % ja progressiivisen työtulovakuutuksen 0,87 %, sekä työnantajien 1,89 % ja yrittäjien 0,24 % maksuja tulisi pienentää. Eläkeläisten etuustulojen 1,49 % voitaisiin puolestaan kiristää. Valtio maksaa tällä hetkellä 37+28+133+2=200 M € työtulovakuutuksista henkilöille jotka saavat vähimmäismäärän päivärahoja ja heidän tulonsa eivät ole kattaneet vakuutusmaksuilla edes sitä. Tämä vastaa siis perustulon tyyppistä rahoittamista. Budjetissa näkymättömissä on yhteensä arvioituna 3 360 M€ työtulojen ansiosidonnaisia veroja, joiden verotuksesta ja maksatuksesta luovuttaisiin perustuloon siirtyessa, kun työn verotus muuttuisi kokonaisuutena. Ansiosidonnaisten etuuksien sijaan valtion tehtäväksi jäisi perustulon tason verran tukea sairaana ja työelämästä väliaikaisesti olevia. Sairaanhoitovakuutuksen verotus ja valtion 1555 M€ ja ulkomailla maksetut EU-korvaukset 8 M€ säilyisivät.","0,00%",
meno,2,33.40.,https://budjetti.vm.fi/indox/sisalto.jsp?year=2026&lang=fi&maindoc=/2026/tae/hallituksenEsitys/hallituksenEsitys.xml&id=/2026/tae/hallituksenEsitys/YksityiskohtaisetPerustelut/33/40/40.html,33. SOSIAALI- JA TERVEYSMINISTERIÖN HALLINNONALA,40. Eläkkeet,,40. Eläkkeet,,5 522 300 000,5 462 363 000,−59 937 000,Liikkumavaraa,,"−1,09%",Eläkkeet
meno,3,33.40.50.,https://budjetti.vm.fi/indox/sisalto.jsp?year=2026&lang=fi&maindoc=/2026/tae/hallituksenEsitys/hallituksenEsitys.xml&id=/2026/tae/hallituksenEsitys/YksityiskohtaisetPerustelut/33/40/50/50.html,33. SOSIAALI- JA TERVEYSMINISTERIÖN HALLINNONALA,40. Eläkkeet,50. Valtion osuus merimieseläkekassan menoista (arviomääräraha),50. Valtion osuus merimieseläkekassan menoista (arviomääräraha),,66 700 000,66 105 000,−595 000,Liikkumavaraa,"Indeksikorotus perutaan. Sen arvio momentille on 0,9 %. Tulevaisuudessa erillisistä merimiesten eläkkeistä luovutaan","−0,89%",
meno,3,33.40.51.,https://budjetti.vm.fi/indox/sisalto.jsp?year=2026&lang=fi&maindoc=/2026/tae/hallituksenEsitys/hallituksenEsitys.xml&id=/2026/tae/hallituksenEsitys/YksityiskohtaisetPerustelut/33/40/51/51.html,33. SOSIAALI- JA TERVEYSMINISTERIÖN HALLINNONALA,40. Eläkkeet,51. Valtion osuus maatalousyrittäjän eläkelaista johtuvista menoista (arviomääräraha),51. Valtion osuus maatalousyrittäjän eläkelaista johtuvista menoista (arviomääräraha),,846 300 000,838 751 000,−7 549 000,Liikkumavaraa,"Indeksikorotus perutaan. Sen arvio momentille on 0,9 %. Tulevaisuudessa erillisistä maatalousyrittäjien ja taiteilijoiden eläkkeistä luovutaan.","−0,89%",
meno,3,33.40.52.,https://budjetti.vm.fi/indox/sisalto.jsp?year=2026&lang=fi&maindoc=/2026/tae/hallituksenEsitys/hallituksenEsitys.xml&id=/2026/tae/hallituksenEsitys/YksityiskohtaisetPerustelut/33/40/52/52.html,33. SOSIAALI- JA TERVEYSMINISTERIÖN HALLINNONALA,40. Eläkkeet,52. Valtion osuus yrittäjän eläkelaista johtuvista menoista (arviomääräraha),52. Valtion osuus yrittäjän eläkelaista johtuvista menoista (arviomääräraha),,593 400 000,588 107 000,−5 293 000,Liikkumavaraa,"Indeksikorotus perutaan. Sen arvio momentille on 0,9 %. Tulevaisuudessa erillisistä yrittäjien eläkkeistä luovutaan. Julkiseen eläkejärjestelmään osallistumisen tulisi olla pakollista ainoastaan perustoimeentulon tarjoavalta osalta.","−0,89%",
meno,3,33.40.53.,https://budjetti.vm.fi/indox/sisalto.jsp?year=2026&lang=fi&maindoc=/2026/tae/hallituksenEsitys/hallituksenEsitys.xml&id=/2026/tae/hallituksenEsitys/YksityiskohtaisetPerustelut/33/40/53/53.html,33. SOSIAALI- JA TERVEYSMINISTERIÖN HALLINNONALA,40. Eläkkeet,53. Valtion korvaus lapsen hoidon ja opiskelun ajalta kertyvästä eläkkeestä (arviomääräraha),53. Valtion korvaus lapsen hoidon ja opiskelun ajalta kertyvästä eläkkeestä (arviomääräraha),,32 300 000,0,−32 300 000,Leikataan / Tehoton,Ansiosidonnaista eläkettä ei kuulu kertyä työelämän ulkopuollella. Takuueläke tai perustulo riittää jos omaa eläkesäästämistä ei tee.,"−100,00%",
meno,3,33.40.54.,https://budjetti.vm.fi/indox/sisalto.jsp?year=2026&lang=fi&maindoc=/2026/tae/hallituksenEsitys/hallituksenEsitys.xml&id=/2026/tae/hallituksenEsitys/YksityiskohtaisetPerustelut/33/40/54/54.html,33. SOSIAALI- JA TERVEYSMINISTERIÖN HALLINNONALA,40. Eläkkeet,54. Valtion osuus maatalousyrittäjien tapaturmavakuutuksen kustannuksista (arviomääräraha),54. Valtion osuus maatalousyrittäjien tapaturmavakuutuksen kustannuksista (arviomääräraha),,14 200 000,0,−14 200 000,Leikataan / Tehoton,Maatalousyrittäjät ja taiteilijat eivät kuulu valtion vakuutettaviksi. Yksitystä elinkeinonharjoittamista ei erikseen tueta.,"−100,00%",
meno,3,33.40.60.,https://budjetti.vm.fi/indox/sisalto.jsp?year=2026&lang=fi&maindoc=/2026/tae/hallituksenEsitys/hallituksenEsitys.xml&id=/2026/tae/hallituksenEsitys/YksityiskohtaisetPerustelut/33/40/60/60.html,33. SOSIAALI- JA TERVEYSMINISTERIÖN HALLINNONALA,40. Eläkkeet,60. Valtion osuus kansaneläkelaista ja eräistä muista laeista johtuvista menoista (arviomääräraha),60. Valtion osuus kansaneläkelaista ja eräistä muista laeista johtuvista menoista (arviomääräraha),,3 969 400 000,3 969 400 000,0,Tärkeä / Tehokas,,"0,00%",
meno,2,33.50.,https://budjetti.vm.fi/indox/sisalto.jsp?year=2026&lang=fi&maindoc=/2026/tae/hallituksenEsitys/hallituksenEsitys.xml&id=/2026/tae/hallituksenEsitys/YksityiskohtaisetPerustelut/33/50/50.html,33. SOSIAALI- JA TERVEYSMINISTERIÖN HALLINNONALA,50. Veteraanien tukeminen,,50. Veteraanien tukeminen,,89 250 000,89 250 000,0,Tärkeä / Tehokas,Sotaveteraanien määrärahoihin ei kosketa. On harkittava pitäisikö näiden määrärahojen piiriin sisällytettävä rauhanturvaajia ja Ukrainassa taistelleiden kuntoutusta.,"0,00%",Sosiaaliturva
meno,3,33.50.30.,https://budjetti.vm.fi/indox/sisalto.jsp?year=2026&lang=fi&maindoc=/2026/tae/hallituksenEsitys/hallituksenEsitys.xml&id=/2026/tae/hallituksenEsitys/YksityiskohtaisetPerustelut/33/50/30/30.html,33. SOSIAALI- JA TERVEYSMINISTERIÖN HALLINNONALA,50. Veteraanien tukeminen,30. Valtion korvaus sodista kärsineiden huoltoon (arviomääräraha),30. Valtion korvaus sodista kärsineiden huoltoon (arviomääräraha),,600 000,600 000,0,Tärkeä / Tehokas,Sodista kärsineiden henkilöiden huollon järjestämiseen osoitettu arviomääräraha säilytetään ennallaan. Sotaveteraanien ja siirtoväen hyvinvoinnin takaaminen on perusteltu valtion tehtävä.,"0,00%",
meno,3,33.50.50.,https://budjetti.vm.fi/indox/sisalto.jsp?year=2026&lang=fi&maindoc=/2026/tae/hallituksenEsitys/hallituksenEsitys.xml&id=/2026/tae/hallituksenEsitys/YksityiskohtaisetPerustelut/33/50/50/50.html,33. SOSIAALI- JA TERVEYSMINISTERIÖN HALLINNONALA,50. Veteraanien tukeminen,50. Rintamalisät (arviomääräraha),50. Rintamalisät (arviomääräraha),,2 300 000,2 300 000,0,Tärkeä / Tehokas,Rintamalisien maksamiseen osoitettu arviomääräraha säilytetään ennallaan.,"0,00%",
meno,3,33.50.52.,https://budjetti.vm.fi/indox/sisalto.jsp?year=2026&lang=fi&maindoc=/2026/tae/hallituksenEsitys/hallituksenEsitys.xml&id=/2026/tae/hallituksenEsitys/YksityiskohtaisetPerustelut/33/50/52/52.html,33. SOSIAALI- JA TERVEYSMINISTERIÖN HALLINNONALA,50. Veteraanien tukeminen,52. Sotilasvammalain mukaiset korvaukset (arviomääräraha),52. Sotilasvammalain mukaiset korvaukset (arviomääräraha),,35 550 000,35 550 000,0,Tärkeä / Tehokas,Sota- ja sotilasinvalidien kuntoutus- ja hoitolaitosten kustannusten maksamiseen osoitettu määräraha säilytetään ennallaan. Sota- ja sotilasinvalidien hoidon kustantaminen on perusteltu valtion tehtävä.,"0,00%",
meno,3,33.50.53.,https://budjetti.vm.fi/indox/sisalto.jsp?year=2026&lang=fi&maindoc=/2026/tae/hallituksenEsitys/hallituksenEsitys.xml&id=/2026/tae/hallituksenEsitys/YksityiskohtaisetPerustelut/33/50/53/53.html,33. SOSIAALI- JA TERVEYSMINISTERIÖN HALLINNONALA,50. Veteraanien tukeminen,53. Valtionapu sotainvalidien puolisoiden kuntoutustoimintaan (siirtomääräraha 2 v),53. Valtionapu sotainvalidien puolisoiden kuntoutustoimintaan (siirtomääräraha 2&nbsp;v),,400 000,400 000,0,Liikkumavaraa,Sotainvalidien puolisoiden kuntoutustoimintaan osoitettu määräraha säilytetään ennallaan. Määrärahaa voidaan tarkastella osana lisäsäästöjä.,"0,00%",
meno,3,33.50.55.,https://budjetti.vm.fi/indox/sisalto.jsp?year=2026&lang=fi&maindoc=/2026/tae/hallituksenEsitys/hallituksenEsitys.xml&id=/2026/tae/hallituksenEsitys/YksityiskohtaisetPerustelut/33/50/55/55.html,33. SOSIAALI- JA TERVEYSMINISTERIÖN HALLINNONALA,50. Veteraanien tukeminen,55. Eräät kuntoutustoiminnan menot (siirtomääräraha 2 v),55. Eräät kuntoutustoiminnan menot (siirtomääräraha 2&nbsp;v),,400 000,400 000,0,Tärkeä / Tehokas,Suomen sodissa palvelleiden kuntouttamisesta aiheutuvien menojen maksamiseen osoitettu määräraha säilytetään ennallaan.,"0,00%",
meno,3,33.50.58.,https://budjetti.vm.fi/indox/sisalto.jsp?year=2026&lang=fi&maindoc=/2026/tae/hallituksenEsitys/hallituksenEsitys.xml&id=/2026/tae/hallituksenEsitys/YksityiskohtaisetPerustelut/33/50/58/58.html,33. SOSIAALI- JA TERVEYSMINISTERIÖN HALLINNONALA,50. Veteraanien tukeminen,58. Rintamaveteraanien kuntoutus ja kotona asumista tukevat palvelut (arviomääräraha),58. Rintamaveteraanien kuntoutus ja kotona asumista tukevat palvelut (arviomääräraha),,50 000 000,50 000 000,0,Liikkumavaraa,Rintamaveteraanien kotona asumista tukevien palvelujen maksamiseen osoitettu määräraha säilytetään ennallaan. Kotona asuttamista ei tule kuitenkaan väkisin tarjota säästökeinona kuntien vanhainkotipaikkojen sijaan.,"0,00%",
meno,2,33.60.,https://budjetti.vm.fi/indox/sisalto.jsp?year=2026&lang=fi&maindoc=/2026/tae/hallituksenEsitys/hallituksenEsitys.xml&id=/2026/tae/hallituksenEsitys/YksityiskohtaisetPerustelut/33/60/60.html,33. SOSIAALI- JA TERVEYSMINISTERIÖN HALLINNONALA,60. Sosiaali- ja terveydenhuollon tukeminen,,60. Sosiaali- ja terveydenhuollon tukeminen,,331 350 000,191 145 000,−140 205 000,Liikkumavaraa,,"−42,31%",Yritystuet
meno,3,33.60.30.,https://budjetti.vm.fi/indox/sisalto.jsp?year=2026&lang=fi&maindoc=/2026/tae/hallituksenEsitys/hallituksenEsitys.xml&id=/2026/tae/hallituksenEsitys/YksityiskohtaisetPerustelut/33/60/30/30.html,33. SOSIAALI- JA TERVEYSMINISTERIÖN HALLINNONALA,60. Sosiaali- ja terveydenhuollon tukeminen,30. Valtion korvaus terveydenhuollon ja sosiaalihuollon valtakunnallisen valmiuden kustannuksiin (siirtomääräraha 3 v),30. Valtion korvaus terveydenhuollon ja sosiaalihuollon valtakunnallisen valmiuden kustannuksiin (siirtomääräraha 3&nbsp;v),,350 000,350 000,0,Tärkeä / Tehokas,Varautumista suurempiin onnettomuuksiin ja häiriötilanteisiin valtakunnan kaikkien hyvinvointialueiden puolesta. Varautuminen keskitetysti valtion tasolla on verorahojen käytön kannalta tehokasta.,"0,00%",
meno,3,33.60.31.,https://budjetti.vm.fi/indox/sisalto.jsp?year=2026&lang=fi&maindoc=/2026/tae/hallituksenEsitys/hallituksenEsitys.xml&id=/2026/tae/hallituksenEsitys/YksityiskohtaisetPerustelut/33/60/31/31.html,33. SOSIAALI- JA TERVEYSMINISTERIÖN HALLINNONALA,60. Sosiaali- ja terveydenhuollon tukeminen,31. Sosiaali- ja terveydenhuollon palvelujen kansallinen kehittäminen (siirtomääräraha 3 v),31. Sosiaali- ja terveydenhuollon palvelujen kansallinen kehittäminen (siirtomääräraha 3&nbsp;v),,17 550 000,17 550 000,0,Tärkeä / Tehokas,"Momentista noin 2,8 M€ menee lasten ja nuorten seksuaalirikosuhrien auttamiseen viranomaisten ""lapsiasiaintalo"" toimintamallilla, kohta 33.60.31.01 Lastenasiantalo- toimintamallien kehittäminen ja valtakunnallistaminen. Lisäksi 33.60.31.03 Nuorten huumekuolemien ehkäisyyn käytetään noin 3,5 M€. Nämä ovat tärkeitä osiaosa hyvinvointivaltion turvaverkkoa. Lisäksi hyvinvointialueiden määräaikaisiin tutkimushankkeisiin käytetään 0,6 M€ vuosittain. Hallitusohjelman C-hepatiitin eliminointi -ohjelma sai 10,05 M€ määrärahan. Nämäkin hankkeet säilytetään.","0,00%",
meno,3,33.60.32.,https://budjetti.vm.fi/indox/sisalto.jsp?year=2026&lang=fi&maindoc=/2026/tae/hallituksenEsitys/hallituksenEsitys.xml&id=/2026/tae/hallituksenEsitys/YksityiskohtaisetPerustelut/33/60/32/32.html,33. SOSIAALI- JA TERVEYSMINISTERIÖN HALLINNONALA,60. Sosiaali- ja terveydenhuollon tukeminen,32. Valtion rahoitus terveydenhuollon yksiköille yliopistotasoiseen tutkimukseen sekä sosiaalityön yliopistotasoiseen tutkimukseen (kiinteä määräraha),32. Valtion rahoitus terveydenhuollon yksiköille yliopistotasoiseen tutkimukseen sekä sosiaalityön yliopistotasoiseen tutkimukseen (kiinteä määräraha),,40 000 000,40 000 000,0,Liikkumavaraa,Lääketieteellinen perustutkimus on perusteltu käyttökohde verorahoille siitä syntyvien terveyttä edistävien hyötyjen vuoksi.,"0,00%",
meno,3,33.60.33.,https://budjetti.vm.fi/indox/sisalto.jsp?year=2026&lang=fi&maindoc=/2026/tae/hallituksenEsitys/hallituksenEsitys.xml&id=/2026/tae/hallituksenEsitys/YksityiskohtaisetPerustelut/33/60/33/33.html,33. SOSIAALI- JA TERVEYSMINISTERIÖN HALLINNONALA,60. Sosiaali- ja terveydenhuollon tukeminen,33. Valtion korvaus sosiaali- ja terveydenhuollon yksiköille sosiaali- ja terveydenhuollon henkilöstön erikoistumiskoulutukseen (kiinteä määräraha),33. Valtion korvaus sosiaali- ja terveydenhuollon yksiköille sosiaali- ja terveydenhuollon henkilöstön erikoistumiskoulutukseen (kiinteä määräraha),,89 890 000,44 945 000,−44 945 000,Liikkumavaraa,"Lukukausimaksuilla katetaan jatkossa kohtuullinen, ainakin puolikas, kustannus koulutuksesta erikoistuvilta henkilöiltä itseltään.","−50,00%",
meno,3,33.60.34.,https://budjetti.vm.fi/indox/sisalto.jsp?year=2026&lang=fi&maindoc=/2026/tae/hallituksenEsitys/hallituksenEsitys.xml&id=/2026/tae/hallituksenEsitys/YksityiskohtaisetPerustelut/33/60/34/34.html,33. SOSIAALI- JA TERVEYSMINISTERIÖN HALLINNONALA,60. Sosiaali- ja terveydenhuollon tukeminen,34. Valtion korvaus erinäisistä terveydenhuollon kustannuksista (arviomääräraha),34. Valtion korvaus erinäisistä terveydenhuollon kustannuksista (arviomääräraha),,15 200 000,15 200 000,0,Tärkeä / Tehokas,Valtiolle maksettavaksi kuuluvat vahingonkorvaukset ja vankeinhoito on yksi osa hyvän oikeusjärjestelmän toimintaa.,"0,00%",
meno,3,33.60.35.,https://budjetti.vm.fi/indox/sisalto.jsp?year=2026&lang=fi&maindoc=/2026/tae/hallituksenEsitys/hallituksenEsitys.xml&id=/2026/tae/hallituksenEsitys/YksityiskohtaisetPerustelut/33/60/35/35.html,33. SOSIAALI- JA TERVEYSMINISTERIÖN HALLINNONALA,60. Sosiaali- ja terveydenhuollon tukeminen,35. Valtionosuus korkeakouluopiskelijoiden terveydenhuoltoon (siirtomääräraha 2 v),35. Valtionosuus korkeakouluopiskelijoiden terveydenhuoltoon (siirtomääräraha 2&nbsp;v),,73 348 000,0,−73 348 000,Siirto,,"−100,00%",
meno,3,33.60.36.,https://budjetti.vm.fi/indox/sisalto.jsp?year=2026&lang=fi&maindoc=/2026/tae/hallituksenEsitys/hallituksenEsitys.xml&id=/2026/tae/hallituksenEsitys/YksityiskohtaisetPerustelut/33/60/36/36.html,33. SOSIAALI- JA TERVEYSMINISTERIÖN HALLINNONALA,60. Sosiaali- ja terveydenhuollon tukeminen,36. Valtionavustus sosiaali- ja terveyspalvelujen turvaamiseksi (kiinteä määräraha),36. Valtionavustus sosiaali- ja terveyspalvelujen turvaamiseksi (kiinteä määräraha),,2 662 000,0,−2 662 000,Leikataan / Tehoton,"Kielipoliittista mielistelyä, johon on kuitenkin varattu määrärahat jo hyvinvointialueiden rahoituksessa annetussa laissa. Tämä on aivan tarpeeton lisätulonsiirto kaksikielisille hyvinvointialueille.","−100,00%",
meno,3,33.60.37.,https://budjetti.vm.fi/indox/sisalto.jsp?year=2026&lang=fi&maindoc=/2026/tae/hallituksenEsitys/hallituksenEsitys.xml&id=/2026/tae/hallituksenEsitys/YksityiskohtaisetPerustelut/33/60/37/37.html,33. SOSIAALI- JA TERVEYSMINISTERIÖN HALLINNONALA,60. Sosiaali- ja terveydenhuollon tukeminen,37. Valtion korvaus hyvinvointialueille kielteisen turvapaikkapäätöksen saaneiden henkilöiden kiireellisen sosiaalihuollon kustannuksiin (arviomääräraha),37. Valtion korvaus hyvinvointialueille kielteisen turvapaikkapäätöksen saaneiden henkilöiden kiireellisen sosiaalihuollon kustannuksiin (arviomääräraha),,1 600 000,1 600 000,0,Liikkumavaraa,"Kuluja tilapäisestä majoituksesta, ruoasta ja välttämättömistä lääkkeistä kielteisen turvapaikkapäätöksen saaneille jotka ovat jääneet oleskelemaan laittomasti maahan.","0,00%",
meno,3,33.60.38.,https://budjetti.vm.fi/indox/sisalto.jsp?year=2026&lang=fi&maindoc=/2026/tae/hallituksenEsitys/hallituksenEsitys.xml&id=/2026/tae/hallituksenEsitys/YksityiskohtaisetPerustelut/33/60/38/38.html,33. SOSIAALI- JA TERVEYSMINISTERIÖN HALLINNONALA,60. Sosiaali- ja terveydenhuollon tukeminen,38. Valtion korvaus Puolustusvoimien terveydenhuollon valmiuden ja varautumisen kustannuksiin (siirtomääräraha 3 v),38. Valtion korvaus Puolustusvoimien terveydenhuollon valmiuden ja varautumisen kustannuksiin (siirtomääräraha 3&nbsp;v),lisäys hallituksen esityksessä,7 500 000,7 500 000,0,Tärkeä / Tehokas,"Tätä varautumista on syytä tehdä Venäjän uhan vuoksi. 2025 lisätalousarviossa hallitus esitti määrärahoja momentille 33.60.30., mutta nyt läpinäkyvämmin omalle momentilleen.","0,00%",
meno,3,33.60.39.,https://budjetti.vm.fi/indox/sisalto.jsp?year=2026&lang=fi&maindoc=/2026/tae/hallituksenEsitys/hallituksenEsitys.xml&id=/2026/tae/hallituksenEsitys/YksityiskohtaisetPerustelut/33/60/39/39.html,33. SOSIAALI- JA TERVEYSMINISTERIÖN HALLINNONALA,60. Sosiaali- ja terveydenhuollon tukeminen,39. Palvelurakenteen kehittäminen (siirtomääräraha 3 v),39. Palvelurakenteen kehittäminen (siirtomääräraha 3&nbsp;v),,2 300 000,0,−2 300 000,Leikataan / Tehoton,Palvelurakenteen kehittäminen on nykyään hyvinvointialueiden tehtävä. Niitä kuuluu kannustaa yhdistymään kohti viittä hyvinvointialuetta.,"−100,00%",
meno,3,33.60.40.,https://budjetti.vm.fi/indox/sisalto.jsp?year=2026&lang=fi&maindoc=/2026/tae/hallituksenEsitys/hallituksenEsitys.xml&id=/2026/tae/hallituksenEsitys/YksityiskohtaisetPerustelut/33/60/40/40.html,33. SOSIAALI- JA TERVEYSMINISTERIÖN HALLINNONALA,60. Sosiaali- ja terveydenhuollon tukeminen,40. Valtion rahoitus lääkäri- ja lääkintähelikopteritoiminnan menoihin (siirtomääräraha 2 v),40. Valtion rahoitus lääkäri- ja lääkintähelikopteritoiminnan menoihin (siirtomääräraha 2&nbsp;v),,41 100 000,33 000 000,−8 100 000,Liikkumavaraa,"Lääkäri- ja lääkintähelikoptereilla voidaan tarjota kiireellisiä terveydenhuollonpalveluita, jotka muilla keinoilla eivät olisi mahdollisia, mutta korkeiden kustannusten vuoksi tämä ei ole välttämättä tehokkainta julkista rahankäyttöä terveydenhoitoon. Ehdotetaan paluuta 2022 budjettitasoon.","−19,71%",
meno,3,33.60.52.,https://budjetti.vm.fi/indox/sisalto.jsp?year=2026&lang=fi&maindoc=/2026/tae/hallituksenEsitys/hallituksenEsitys.xml&id=/2026/tae/hallituksenEsitys/YksityiskohtaisetPerustelut/33/60/52/52.html,33. SOSIAALI- JA TERVEYSMINISTERIÖN HALLINNONALA,60. Sosiaali- ja terveydenhuollon tukeminen,52. Valtion rahoitus turvakotitoiminnan menoihin (kiinteä määräraha),52. Valtion rahoitus turvakotitoiminnan menoihin (kiinteä määräraha),,31 000 000,31 000 000,0,Tärkeä / Tehokas,"On valtion ydintehtäviä pitää huolta sosiaalisesta turvaverkosta hädänalaisille, kuten turvakoteja tarvitseville.","0,00%",
meno,3,33.60.61.,https://budjetti.vm.fi/indox/sisalto.jsp?year=2026&lang=fi&maindoc=/2026/tae/hallituksenEsitys/hallituksenEsitys.xml&id=/2026/tae/hallituksenEsitys/YksityiskohtaisetPerustelut/33/60/61poistettava/61poistettava.html,33. SOSIAALI- JA TERVEYSMINISTERIÖN HALLINNONALA,60. Sosiaali- ja terveydenhuollon tukeminen,61. Elpymis- ja palautumissuunnitelman rahoitus sosiaali- ja terveydenhuoltoon (siirtomääräraha 3 v),61. Elpymis- ja palautumissuunnitelman rahoitus sosiaali- ja terveydenhuoltoon (siirtomääräraha 3&nbsp;v),poistettava momentti hallituksen esityksessä,0,0,0,Leikataan / Tehoton,Poistuu hallituksen esityksessä.,"0,00%",
meno,3,33.60.63.,https://budjetti.vm.fi/indox/sisalto.jsp?year=2026&lang=fi&maindoc=/2026/tae/hallituksenEsitys/hallituksenEsitys.xml&id=/2026/tae/hallituksenEsitys/YksityiskohtaisetPerustelut/33/60/63/63.html,33. SOSIAALI- JA TERVEYSMINISTERIÖN HALLINNONALA,60. Sosiaali- ja terveydenhuollon tukeminen,63. Valtionavustus sosiaalialan osaamiskeskusten toimintaan (kiinteä määräraha),63. Valtionavustus sosiaalialan osaamiskeskusten toimintaan (kiinteä määräraha),,1 250 000,0,−1 250 000,Leikataan / Tehoton,"Mikäli hyvinvointialueet haluavat osaamiskeskusten kaltaista koordinointia yliopistosairaaloidensa kanssa järjestää, on sen rahoituksen löydyttävä autonomisempien hyvinvointialueiden sisältä.","−100,00%",
meno,3,33.60.64.,https://budjetti.vm.fi/indox/sisalto.jsp?year=2026&lang=fi&maindoc=/2026/tae/hallituksenEsitys/hallituksenEsitys.xml&id=/2026/tae/hallituksenEsitys/YksityiskohtaisetPerustelut/33/60/64/64.html,33. SOSIAALI- JA TERVEYSMINISTERIÖN HALLINNONALA,60. Sosiaali- ja terveydenhuollon tukeminen,64. Valtion korvaus rikosasioiden sovittelun järjestämisen kustannuksiin (siirtomääräraha 3 v),64. Valtion korvaus rikosasioiden sovittelun järjestämisen kustannuksiin (siirtomääräraha 3&nbsp;v),,7 600 000,0,−7 600 000,Siirto,"Rikosasioiden sovittelutoiminta kuuluu loogisemmin Oikeusministeriön hallinnonalaan eikä Sosiaali- ja Terveysministeriön alle, vaikka nykyisessä laissa oleva THL sen alaisuuteen kuuluukin. Siirretään Oikeusministeriölle uuteen momenttiin 25.10.lib Rikosasioiden sovittelu.","−100,00%",
meno,2,33.70.,https://budjetti.vm.fi/indox/sisalto.jsp?year=2026&lang=fi&maindoc=/2026/tae/hallituksenEsitys/hallituksenEsitys.xml&id=/2026/tae/hallituksenEsitys/YksityiskohtaisetPerustelut/33/70/70.html,33. SOSIAALI- JA TERVEYSMINISTERIÖN HALLINNONALA,70. Terveyden ja toimintakyvyn edistäminen,,70. Terveyden ja toimintakyvyn edistäminen,,59 568 000,41 600 000,−17 968 000,Leikataan / Tehoton,,"−30,16%",Järjestörälssi
meno,3,33.70.20.,https://budjetti.vm.fi/indox/sisalto.jsp?year=2026&lang=fi&maindoc=/2026/tae/hallituksenEsitys/hallituksenEsitys.xml&id=/2026/tae/hallituksenEsitys/YksityiskohtaisetPerustelut/33/70/20/20.html,33. SOSIAALI- JA TERVEYSMINISTERIÖN HALLINNONALA,70. Terveyden ja toimintakyvyn edistäminen,20. Rokotteiden hankinta (siirtomääräraha 3 v),20. Rokotteiden hankinta (siirtomääräraha 3&nbsp;v),,40 710 000,40 710 000,0,Tärkeä / Tehokas,Rokotteet ovat tehokasta ennaltaehkäisevää terveydenhoitoa.,"0,00%",
meno,3,33.70.21.,https://budjetti.vm.fi/indox/sisalto.jsp?year=2026&lang=fi&maindoc=/2026/tae/hallituksenEsitys/hallituksenEsitys.xml&id=/2026/tae/hallituksenEsitys/YksityiskohtaisetPerustelut/33/70/21/21.html,33. SOSIAALI- JA TERVEYSMINISTERIÖN HALLINNONALA,70. Terveyden ja toimintakyvyn edistäminen,21. Terveysvalvonta (siirtomääräraha 2 v),21. Terveysvalvonta (siirtomääräraha 2&nbsp;v),,430 000,430 000,0,Tärkeä / Tehokas,"Tiettyjen terveydenhoitotoimenpiteiden tekemiseen liittyy vaaroja, kuten säteily ja kemikaalit, joten on perusteltua että terveydenhuollossa on riittävä osaaminen vaarojen välttämiseksi ja vähentämiseksi potilaille ja hoitohenkilökunnalle.","0,00%",
meno,3,33.70.22.,https://budjetti.vm.fi/indox/sisalto.jsp?year=2026&lang=fi&maindoc=/2026/tae/hallituksenEsitys/hallituksenEsitys.xml&id=/2026/tae/hallituksenEsitys/YksityiskohtaisetPerustelut/33/70/22/22.html,33. SOSIAALI- JA TERVEYSMINISTERIÖN HALLINNONALA,70. Terveyden ja toimintakyvyn edistäminen,22. Tartuntatautien valvonta (siirtomääräraha 2 v),22. Tartuntatautien valvonta (siirtomääräraha 2&nbsp;v),,460 000,460 000,0,Tärkeä / Tehokas,Tartuntatautien ehkäisy ja yllättävien epidenioiden selvittämisen ja seurannan tehtävä on perusteltu ja aiheellinen tehtävä valtiolle. Tämän toteuttaminen muulla tavoin tehokkaasti olisi vaikeaa.,"0,00%",
meno,3,33.70.50.,https://budjetti.vm.fi/indox/sisalto.jsp?year=2026&lang=fi&maindoc=/2026/tae/hallituksenEsitys/hallituksenEsitys.xml&id=/2026/tae/hallituksenEsitys/YksityiskohtaisetPerustelut/33/70/50/50.html,33. SOSIAALI- JA TERVEYSMINISTERIÖN HALLINNONALA,70. Terveyden ja toimintakyvyn edistäminen,50. Terveyden edistäminen (siirtomääräraha 3 v),50. Terveyden edistäminen (siirtomääräraha 3&nbsp;v),,9 650 000,0,−9 650 000,Leikataan / Tehoton,"Jalolta kuuluvasta momentin nimestä huolimatta sisätlää järjestörahoitusta, yritystukia, sekä piilotettua aluetukea.","−100,00%",
meno,3,33.70.51.,https://budjetti.vm.fi/indox/sisalto.jsp?year=2026&lang=fi&maindoc=/2026/tae/hallituksenEsitys/hallituksenEsitys.xml&id=/2026/tae/hallituksenEsitys/YksityiskohtaisetPerustelut/33/70/51/51.html,33. SOSIAALI- JA TERVEYSMINISTERIÖN HALLINNONALA,70. Terveyden ja toimintakyvyn edistäminen,51. Valtion korvaus työterveyshuollon erikoislääkärikoulutuksesta aiheutuviin kustannuksiin (siirtomääräraha 3 v),51. Valtion korvaus työterveyshuollon erikoislääkärikoulutuksesta aiheutuviin kustannuksiin (siirtomääräraha 3&nbsp;v),,2 900 000,0,−2 900 000,Leikataan / Tehoton,Yritystuki oman työvoiman kouluttamiseen. Verorahoituksen rooli työterveysjärjestelmän rahoituksessa on aiheellista leikata. Työsuhteessa olevat opiskelijat maksavat jatkossa lukukausimaksuilla myös itse osuuden.,"−100,00%",
meno,3,33.70.52.,https://budjetti.vm.fi/indox/sisalto.jsp?year=2026&lang=fi&maindoc=/2026/tae/hallituksenEsitys/hallituksenEsitys.xml&id=/2026/tae/hallituksenEsitys/YksityiskohtaisetPerustelut/33/70/52/52.html,33. SOSIAALI- JA TERVEYSMINISTERIÖN HALLINNONALA,70. Terveyden ja toimintakyvyn edistäminen,52. Valtionavustus UKK-instituutin toimintaan (kiinteä määräraha),52. Valtionavustus UKK-instituutin toimintaan (kiinteä määräraha),,918 000,0,−918 000,Leikataan / Tehoton,"UKK-instituutin toiminnan tukeminen ei ole valtion tehtävä. Instituutti työllistää myös huomattavan määrän kansanedustajia, mikä asettaa rahankäytön tarkoituksenmukaisuuden ja tehokkuuden kyseenalaiseksi. Myös tämän takia verorahoitus tulee päättää.","−100,00%",
meno,3,33.70.53.,https://budjetti.vm.fi/indox/sisalto.jsp?year=2026&lang=fi&maindoc=/2026/tae/hallituksenEsitys/hallituksenEsitys.xml&id=/2026/tae/hallituksenEsitys/YksityiskohtaisetPerustelut/33/70/53/53.html,33. SOSIAALI- JA TERVEYSMINISTERIÖN HALLINNONALA,70. Terveyden ja toimintakyvyn edistäminen,53. Valtion rahoitus pelihaittojen ehkäisyyn ja vähentämiseen (siirtomääräraha 2 v),53. Valtion rahoitus pelihaittojen ehkäisyyn ja vähentämiseen (siirtomääräraha 2&nbsp;v),lisäys hallituksen esityksessä,1 500 000,0,−1 500 000,Leikataan / Tehoton,"Järjestöavustusta lakisääteisen palvelun lisäksi. Pelihaittoja ehkäistään parhaiten rahapelimarkkinoita reguloimalla lisenssimallilla, jonka edellytyksenä on pitävät pelikiellot joita henkilöt voivat itselleen asettaa, ja jotka pätevät kaikille sivuille samalla kertaa.","−100,00%",
meno,3,33.70.54.,https://budjetti.vm.fi/indox/sisalto.jsp?year=2026&lang=fi&maindoc=/2026/tae/hallituksenEsitys/hallituksenEsitys.xml&id=/2026/tae/hallituksenEsitys/YksityiskohtaisetPerustelut/33/70/54/54.html,33. SOSIAALI- JA TERVEYSMINISTERIÖN HALLINNONALA,70. Terveyden ja toimintakyvyn edistäminen,54. Valtionavustukset ruoka-aputoiminnan tukeen (siirtomääräraha 3 v),54. Valtionavustukset ruoka-aputoiminnan tukeen (siirtomääräraha 3&nbsp;v),,3 000 000,0,−3 000 000,Leikataan / Tehoton,"Valtion tehtäviin kuuluva sosiaaliturva on rahamuotoista. Ruoka-apua annetaan nykyisellään toimeentulotuessa maksatusperusteisesti tai Kelan maksusitoumuksella ihan normaaleista kaupoista. Tämä on esimerkki Orpon hallituksen synnyttämästä lisähallinnosta, kun 3 miljoonan jakamiseen avataan uusi virka arviolta 100 000 €. Tämä on konkreettinen esimerkki hyvinvointitappiosta kun raha kiertää valtion kautta.","−100,00%",
meno,2,33.80.,https://budjetti.vm.fi/indox/sisalto.jsp?year=2026&lang=fi&maindoc=/2026/tae/hallituksenEsitys/hallituksenEsitys.xml&id=/2026/tae/hallituksenEsitys/YksityiskohtaisetPerustelut/33/80/80.html,33. SOSIAALI- JA TERVEYSMINISTERIÖN HALLINNONALA,80. Maatalousyrittäjien ja turkistuottajien lomitustoiminta,,80. Maatalousyrittäjien ja turkistuottajien lomitustoiminta,,128 400 000,0,−128 400 000,Leikataan / Tehoton,Yrittäjät maksavat omat lomansa.,"−100,00%",Yritystuet
meno,3,33.80.40.,https://budjetti.vm.fi/indox/sisalto.jsp?year=2026&lang=fi&maindoc=/2026/tae/hallituksenEsitys/hallituksenEsitys.xml&id=/2026/tae/hallituksenEsitys/YksityiskohtaisetPerustelut/33/80/40/40.html,33. SOSIAALI- JA TERVEYSMINISTERIÖN HALLINNONALA,80. Maatalousyrittäjien ja turkistuottajien lomitustoiminta,40. Valtion korvaus maatalousyrittäjien lomituspalvelujen kustannuksiin (arviomääräraha),40. Valtion korvaus maatalousyrittäjien lomituspalvelujen kustannuksiin (arviomääräraha),,112 600 000,0,−112 600 000,Leikataan / Tehoton,Yrittäjät maksavat omat lomansa.,"−100,00%",
meno,3,33.80.41.,https://budjetti.vm.fi/indox/sisalto.jsp?year=2026&lang=fi&maindoc=/2026/tae/hallituksenEsitys/hallituksenEsitys.xml&id=/2026/tae/hallituksenEsitys/YksityiskohtaisetPerustelut/33/80/41/41.html,33. SOSIAALI- JA TERVEYSMINISTERIÖN HALLINNONALA,80. Maatalousyrittäjien ja turkistuottajien lomitustoiminta,41. Valtion korvaus turkistuottajien lomituspalvelujen kustannuksiin (siirtomääräraha 2 v),41. Valtion korvaus turkistuottajien lomituspalvelujen kustannuksiin (siirtomääräraha 2&nbsp;v),,1 300 000,0,−1 300 000,Leikataan / Tehoton,Yrittäjät maksavat omat lomansa.,"−100,00%",
meno,3,33.80.42.,https://budjetti.vm.fi/indox/sisalto.jsp?year=2026&lang=fi&maindoc=/2026/tae/hallituksenEsitys/hallituksenEsitys.xml&id=/2026/tae/hallituksenEsitys/YksityiskohtaisetPerustelut/33/80/42/42.html,33. SOSIAALI- JA TERVEYSMINISTERIÖN HALLINNONALA,80. Maatalousyrittäjien ja turkistuottajien lomitustoiminta,42. Valtion korvaus poronhoitajien sijaisavun kustannuksiin (siirtomääräraha 2 v),42. Valtion korvaus poronhoitajien sijaisavun kustannuksiin (siirtomääräraha 2&nbsp;v),,500 000,0,−500 000,Leikataan / Tehoton,Yrittäjät maksavat omat lomansa.,"−100,00%",
meno,3,33.80.50.,https://budjetti.vm.fi/indox/sisalto.jsp?year=2026&lang=fi&maindoc=/2026/tae/hallituksenEsitys/hallituksenEsitys.xml&id=/2026/tae/hallituksenEsitys/YksityiskohtaisetPerustelut/33/80/50/50.html,33. SOSIAALI- JA TERVEYSMINISTERIÖN HALLINNONALA,80. Maatalousyrittäjien ja turkistuottajien lomitustoiminta,50. Valtion korvaus maatalousyrittäjien ja turkistuottajien lomituspalvelujen hallintomenoihin (siirtomääräraha 2 v),50. Valtion korvaus maatalousyrittäjien ja turkistuottajien lomituspalvelujen hallintomenoihin (siirtomääräraha 2&nbsp;v),,14 000 000,0,−14 000 000,Leikataan / Tehoton,Yrittäjät maksavat omat lomansa.,"−100,00%",
meno,2,33.90.,https://budjetti.vm.fi/indox/sisalto.jsp?year=2026&lang=fi&maindoc=/2026/tae/hallituksenEsitys/hallituksenEsitys.xml&id=/2026/tae/hallituksenEsitys/YksityiskohtaisetPerustelut/33/90/90.html,33. SOSIAALI- JA TERVEYSMINISTERIÖN HALLINNONALA,90. Avustukset terveyden ja sosiaalisen hyvinvoinnin edistämiseen,,90. Avustukset terveyden ja sosiaalisen hyvinvoinnin edistämiseen,,268 588 000,0,−268 588 000,Leikataan / Tehoton,Veikkauksen peruja olevat edunsaajajärjestöjen tuet poistetaan budjetista.,"−100,00%",Järjestörälssi
meno,3,33.90.50.,https://budjetti.vm.fi/indox/sisalto.jsp?year=2026&lang=fi&maindoc=/2026/tae/hallituksenEsitys/hallituksenEsitys.xml&id=/2026/tae/hallituksenEsitys/YksityiskohtaisetPerustelut/33/90/50/50.html,33. SOSIAALI- JA TERVEYSMINISTERIÖN HALLINNONALA,90. Avustukset terveyden ja sosiaalisen hyvinvoinnin edistämiseen,50. Avustukset yhdistyksille ja säätiöille terveyden ja sosiaalisen hyvinvoinnin edistämiseen (arviomääräraha),50. Avustukset yhdistyksille ja säätiöille terveyden ja sosiaalisen hyvinvoinnin edistämiseen (arviomääräraha),,268 588 000,0,−268 588 000,Leikataan / Tehoton,"Yhdistysten taloudellinen ylläpito ei ole valtion tehtävä eikä järkevä käyttökohde verorahoille. Se myös vie elintilan kansalaisyhteiskunnalta, kun yhdistyskenttä on täynnä valtion taloudellisessa kontrollissa olevia yhdistyksiä ja vain harva merkittävä yhdistys on aidosti osa kansalaisyhteiskuntaa.","−100,00%",
meno,2,33.lib.,,33. SOSIAALI- JA TERVEYSMINISTERIÖN HALLINNONALA,lib. Sosiaaliturva,,lib. Sosiaaliturva,lib,,250 300 000,250 300 000,Tärkeä / Tehokas,Perustuloon siirtymisen jälkeen sosiaaliturva olisi paljon yksinkertaisempi kokonaisuus myös valtion budjetissa.,"0,00%",Sosiaaliturva
meno,3,33.lib.52.,,33. SOSIAALI- JA TERVEYSMINISTERIÖN HALLINNONALA,lib. Sosiaaliturva,52. Opintolainojen valtiontakaus,52. Opintolainojen valtiontakaus,lib,,250 300 000,250 300 000,Tärkeä / Tehokas,Siirtyy tähän momentilta 29.70.52,"0,00%",
meno,3,33.lib.lib.,,33. SOSIAALI- JA TERVEYSMINISTERIÖN HALLINNONALA,lib. Sosiaaliturva,lib. Perustulo,lib. Perustulo,lib,,0,0,Tärkeä / Tehokas,"Liberaalipuolue ajaa sosiaaliturvan muuttamista perustulomalliseksi. Tästä julkaistaan ohjelmapaperi 2026 aikana, mutta tässä vaiheessa on valtion budjetista on tunnistettu perustuloksi käytettävissä olevat määrärahat. Perustulo muodostuu myös tuloverotuksen uudistuksesta, jossa mallista saadaan kannustava ja realistinen.","0,00%",
meno,1,35.,https://budjetti.vm.fi/indox/sisalto.jsp?year=2026&lang=fi&maindoc=/2026/tae/hallituksenEsitys/hallituksenEsitys.xml&id=/2026/tae/hallituksenEsitys/YksityiskohtaisetPerustelut/35/35.html,35. YMPÄRISTÖMINISTERIÖN HALLINNONALA,,,35. YMPÄRISTÖMINISTERIÖN HALLINNONALA,,493 514 000,192 566 800,−300 947 200,Liikkumavaraa,,"−60,98%",
meno,2,35.01.,https://budjetti.vm.fi/indox/sisalto.jsp?year=2026&lang=fi&maindoc=/2026/tae/hallituksenEsitys/hallituksenEsitys.xml&id=/2026/tae/hallituksenEsitys/YksityiskohtaisetPerustelut/35/01/01.html,35. YMPÄRISTÖMINISTERIÖN HALLINNONALA,01. Ympäristöhallinnon toimintamenot,,01. Ympäristöhallinnon toimintamenot,,86 171 000,73 327 700,−12 843 300,Liikkumavaraa,,"−14,90%",Hallinto
meno,3,35.01.01.,https://budjetti.vm.fi/indox/sisalto.jsp?year=2026&lang=fi&maindoc=/2026/tae/hallituksenEsitys/hallituksenEsitys.xml&id=/2026/tae/hallituksenEsitys/YksityiskohtaisetPerustelut/35/01/01/01.html,35. YMPÄRISTÖMINISTERIÖN HALLINNONALA,01. Ympäristöhallinnon toimintamenot,01. Ympäristöministeriön toimintamenot (siirtomääräraha 2 v),01. Ympäristöministeriön toimintamenot (siirtomääräraha 2&nbsp;v),,38 451 000,34 605 900,−3 845 100,Liikkumavaraa,Ministeriön toimintamenoista leikataan 10 % toiminnan tehostamiseksi.,"−10,00%",
meno,3,35.01.04.,https://budjetti.vm.fi/indox/sisalto.jsp?year=2026&lang=fi&maindoc=/2026/tae/hallituksenEsitys/hallituksenEsitys.xml&id=/2026/tae/hallituksenEsitys/YksityiskohtaisetPerustelut/35/01/04/04.html,35. YMPÄRISTÖMINISTERIÖN HALLINNONALA,01. Ympäristöhallinnon toimintamenot,04. Suomen ympäristökeskuksen toimintamenot (siirtomääräraha 2 v),04. Suomen ympäristökeskuksen toimintamenot (siirtomääräraha 2&nbsp;v),,34 260 000,34 260 000,0,Tärkeä / Tehokas,Valtion osuus Suomen ympäristökeskuksen toimintamenoista säilytetään ennallaan,"0,00%",
meno,3,35.01.29.,https://budjetti.vm.fi/indox/sisalto.jsp?year=2026&lang=fi&maindoc=/2026/tae/hallituksenEsitys/hallituksenEsitys.xml&id=/2026/tae/hallituksenEsitys/YksityiskohtaisetPerustelut/35/01/29/29.html,35. YMPÄRISTÖMINISTERIÖN HALLINNONALA,01. Ympäristöhallinnon toimintamenot,29. Ympäristöministeriön hallinnonalan arvonlisäveromenot (arviomääräraha),29. Ympäristöministeriön hallinnonalan arvonlisäveromenot (arviomääräraha),,11 435 000,4 461 800,−6 973 200,Liikkumavaraa,Ministeriön kokonaismenojen muutoksesta arvioimalla.,"−60,98%",
meno,3,35.01.65.,https://budjetti.vm.fi/indox/sisalto.jsp?year=2026&lang=fi&maindoc=/2026/tae/hallituksenEsitys/hallituksenEsitys.xml&id=/2026/tae/hallituksenEsitys/YksityiskohtaisetPerustelut/35/01/65/65.html,35. YMPÄRISTÖMINISTERIÖN HALLINNONALA,01. Ympäristöhallinnon toimintamenot,65. Avustukset järjestöille ja ympäristönhoitoon (siirtomääräraha 3 v),65. Avustukset järjestöille ja ympäristönhoitoon (siirtomääräraha 3&nbsp;v),,2 025 000,0,−2 025 000,Leikataan / Tehoton,"Järjestöjen tukeminen ei ole valtion tehtävä. Jos valtio tarvitsee joitain toimintoja niin ne on hankittava kilpailutettuna ostopalveluna, ei tämän momentin kaltaisina yleisavustuksina.","−100,00%",
meno,2,35.10.,https://budjetti.vm.fi/indox/sisalto.jsp?year=2026&lang=fi&maindoc=/2026/tae/hallituksenEsitys/hallituksenEsitys.xml&id=/2026/tae/hallituksenEsitys/YksityiskohtaisetPerustelut/35/10/10.html,35. YMPÄRISTÖMINISTERIÖN HALLINNONALA,10. Ympäristön- ja luonnonsuojelu,,10. Ympäristön- ja luonnonsuojelu,,135 778 000,119 239 100,−16 538 900,Liikkumavaraa,,"−12,18%",Hallinto
meno,3,35.10.20.,https://budjetti.vm.fi/indox/sisalto.jsp?year=2026&lang=fi&maindoc=/2026/tae/hallituksenEsitys/hallituksenEsitys.xml&id=/2026/tae/hallituksenEsitys/YksityiskohtaisetPerustelut/35/10/20/20.html,35. YMPÄRISTÖMINISTERIÖN HALLINNONALA,10. Ympäristön- ja luonnonsuojelu,20. Ympäristövahinkojen ehkäiseminen ja jälkihoito (siirtomääräraha 3 v),20. Ympäristövahinkojen ehkäiseminen ja jälkihoito (siirtomääräraha 3&nbsp;v),,3 040 000,3 040 000,0,Tärkeä / Tehokas,"Ympäristövahinkojen ehkäiseminen ja jälkihoito ovat perusteltuja valtion tehtäviä. Ehdotamme, että kaivosten vakuusmaksua konkurssien myötä korvaamatta jäävistä ympäristövahinkojen hoitamisesta on korotettava.","0,00%",
meno,3,35.10.21.,https://budjetti.vm.fi/indox/sisalto.jsp?year=2026&lang=fi&maindoc=/2026/tae/hallituksenEsitys/hallituksenEsitys.xml&id=/2026/tae/hallituksenEsitys/YksityiskohtaisetPerustelut/35/10/21/21.html,35. YMPÄRISTÖMINISTERIÖN HALLINNONALA,10. Ympäristön- ja luonnonsuojelu,21. Eräät luonnonsuojelun menot (siirtomääräraha 3 v),21. Eräät luonnonsuojelun menot (siirtomääräraha 3&nbsp;v),,15 540 000,10 878 000,−4 662 000,Liikkumavaraa,Kiinnitämme huomiota henkilöstökulujen määrään suhteessa itse suojelualueiden hankinnan momentin 35.10.63. kokoon. Henkilöstökuluihin ja hankkeisiin tehdään 30 % leikkaus toiminnan tehostamiseksi ja priorisoimiseksi.,"−30,00%",
meno,3,35.10.22.,https://budjetti.vm.fi/indox/sisalto.jsp?year=2026&lang=fi&maindoc=/2026/tae/hallituksenEsitys/hallituksenEsitys.xml&id=/2026/tae/hallituksenEsitys/YksityiskohtaisetPerustelut/35/10/22/22.html,35. YMPÄRISTÖMINISTERIÖN HALLINNONALA,10. Ympäristön- ja luonnonsuojelu,22. Eräät ympäristömenot (siirtomääräraha 3 v),22. Eräät ympäristömenot (siirtomääräraha 3&nbsp;v),,4 830 000,2 415 000,−2 415 000,Liikkumavaraa,"Momentista rahoitetaan sekä yritystukia, että perusteltua maaperän- ja ympäristönsuojelua sekä -kunnostamista. Momentin rahoitus puolitetaan, jotta rahankäyttöä voidaan priorisoida vain perusteltuihin tehtäviin. ","−50,00%",
meno,3,35.10.23.,https://budjetti.vm.fi/indox/sisalto.jsp?year=2026&lang=fi&maindoc=/2026/tae/hallituksenEsitys/hallituksenEsitys.xml&id=/2026/tae/hallituksenEsitys/YksityiskohtaisetPerustelut/35/10/23/23.html,35. YMPÄRISTÖMINISTERIÖN HALLINNONALA,10. Ympäristön- ja luonnonsuojelu,23. Itämeren ja vesien suojelun edistäminen (siirtomääräraha 3 v),23. Itämeren ja vesien suojelun edistäminen (siirtomääräraha 3&nbsp;v),,12 235 000,12 235 000,0,Tärkeä / Tehokas,"Aihepiirikeskeinen momentti selkeyttää budjettia, eikä siihen ollut sijoitettu yritystukia kuten muihin momentteihin.","0,00%",
meno,3,35.10.52.,https://budjetti.vm.fi/indox/sisalto.jsp?year=2026&lang=fi&maindoc=/2026/tae/hallituksenEsitys/hallituksenEsitys.xml&id=/2026/tae/hallituksenEsitys/YksityiskohtaisetPerustelut/35/10/52/52.html,35. YMPÄRISTÖMINISTERIÖN HALLINNONALA,10. Ympäristön- ja luonnonsuojelu,52. Metsähallituksen julkiset hallintotehtävät (siirtomääräraha 3 v),52. Metsähallituksen julkiset hallintotehtävät (siirtomääräraha 3&nbsp;v),,47 649 000,42 884 100,−4 764 900,Liikkumavaraa,Kansallispuistojen ja luonnonsuojelualueiden ylläpidon kulut katetaan. Kehityshankkeiden määrää karsitaan.,"−10,00%",
meno,3,35.10.61.,https://budjetti.vm.fi/indox/sisalto.jsp?year=2026&lang=fi&maindoc=/2026/tae/hallituksenEsitys/hallituksenEsitys.xml&id=/2026/tae/hallituksenEsitys/YksityiskohtaisetPerustelut/35/10/61/61.html,35. YMPÄRISTÖMINISTERIÖN HALLINNONALA,10. Ympäristön- ja luonnonsuojelu,61. Vesien- ja ympäristönhoidon tukeminen (siirtomääräraha 3 v),61. Vesien- ja ympäristönhoidon tukeminen (siirtomääräraha 3&nbsp;v),,8 042 000,8 042 000,0,Tärkeä / Tehokas,Ravinne- ja energiaomavaraisuuden parantamisen TKI-hankerahoituksen sijaan voidaan vain sallia lopunkin ihmislietteen käyttö viljelyssä. ,"0,00%",
meno,3,35.10.63.,https://budjetti.vm.fi/indox/sisalto.jsp?year=2026&lang=fi&maindoc=/2026/tae/hallituksenEsitys/hallituksenEsitys.xml&id=/2026/tae/hallituksenEsitys/YksityiskohtaisetPerustelut/35/10/63/63.html,35. YMPÄRISTÖMINISTERIÖN HALLINNONALA,10. Ympäristön- ja luonnonsuojelu,63. Luonnonsuojelualueiden hankinta- ja korvausmenot (siirtomääräraha 3 v),63. Luonnonsuojelualueiden hankinta- ja korvausmenot (siirtomääräraha 3&nbsp;v),,39 380 000,39 380 000,0,Tärkeä / Tehokas,Luonnonsuojelualueista kuuluu maksaa maanomistajille. Suomen luontoa ja luonnonsuojelualueita voidaan laajentaa.,"0,00%",
meno,3,35.10.66.,https://budjetti.vm.fi/indox/sisalto.jsp?year=2026&lang=fi&maindoc=/2026/tae/hallituksenEsitys/hallituksenEsitys.xml&id=/2026/tae/hallituksenEsitys/YksityiskohtaisetPerustelut/35/10/66/66.html,35. YMPÄRISTÖMINISTERIÖN HALLINNONALA,10. Ympäristön- ja luonnonsuojelu,66. Kansainvälisen yhteistyön jäsenmaksut ja rahoitusosuudet (siirtomääräraha 2 v),66. Kansainvälisen yhteistyön jäsenmaksut ja rahoitusosuudet (siirtomääräraha 2&nbsp;v),,2 062 000,365 000,−1 697 000,Liikkumavaraa,"Suomen rahoitusosuudet ilmastojärjestöihin menevät jo EU:n budjetista, eikä tarvetta kansalliselle maksulle ei ole. Itämeren hankkeiden lukumäärää pitää tarkastella ja yhdistää, jotta päällekkäistä toimintaa karsitaan. Momentille jää puolet Itämeren kansainvälisten järjestöjen jäsenmaksuista.","−82,30%",
meno,3,35.10.67.,https://budjetti.vm.fi/indox/sisalto.jsp?year=2026&lang=fi&maindoc=/2026/tae/hallituksenEsitys/hallituksenEsitys.xml&id=/2026/tae/hallituksenEsitys/YksityiskohtaisetPerustelut/35/10/67/67.html,35. YMPÄRISTÖMINISTERIÖN HALLINNONALA,10. Ympäristön- ja luonnonsuojelu,67. Siirto Ympäristövahinkorahastolle (siirtomääräraha 3 v),67. Siirto Ympäristövahinkorahastolle (siirtomääräraha 3&nbsp;v),,3 000 000,0,−3 000 000,Leikataan / Tehoton,Tämä kuuluu hv-alueiden itsensä kokonaan kustannettavaksi maakuntaveron kautta.,"−100,00%",
meno,2,35.20.,https://budjetti.vm.fi/indox/sisalto.jsp?year=2026&lang=fi&maindoc=/2026/tae/hallituksenEsitys/hallituksenEsitys.xml&id=/2026/tae/hallituksenEsitys/YksityiskohtaisetPerustelut/35/20/20.html,35. YMPÄRISTÖMINISTERIÖN HALLINNONALA,"20. Yhdyskunnat, rakentaminen ja asuminen",,"20. Yhdyskunnat, rakentaminen ja asuminen",,271 565 000,0,−271 565 000,Leikataan / Tehoton,,"−100,00%",Markkinahäiriköinti
meno,3,35.20.01.,https://budjetti.vm.fi/indox/sisalto.jsp?year=2026&lang=fi&maindoc=/2026/tae/hallituksenEsitys/hallituksenEsitys.xml&id=/2026/tae/hallituksenEsitys/YksityiskohtaisetPerustelut/35/20/01poistettava/01poistettava.html,35. YMPÄRISTÖMINISTERIÖN HALLINNONALA,"20. Yhdyskunnat, rakentaminen ja asuminen",01. Asumisen rahoitus- ja kehittämiskeskuksen toimintamenot (siirtomääräraha 2 v),01. Asumisen rahoitus- ja kehittämiskeskuksen toimintamenot (siirtomääräraha 2&nbsp;v),poistettava momentti hallituksen esityksessä,0,0,0,Leikataan / Tehoton,Momentti poistuu,"0,00%",
meno,3,35.20.31.,https://budjetti.vm.fi/indox/sisalto.jsp?year=2026&lang=fi&maindoc=/2026/tae/hallituksenEsitys/hallituksenEsitys.xml&id=/2026/tae/hallituksenEsitys/YksityiskohtaisetPerustelut/35/20/31/31.html,35. YMPÄRISTÖMINISTERIÖN HALLINNONALA,"20. Yhdyskunnat, rakentaminen ja asuminen",31. Asumisneuvonnan kehittäminen ja laajentaminen (siirtomääräraha 3 v),31. Asumisneuvonnan kehittäminen ja laajentaminen (siirtomääräraha 3&nbsp;v),,2 000 000,0,−2 000 000,Leikataan / Tehoton,Ympäristöministeriön alle ei kuulu sosiaalityö. Asumisneuvonta täytyy ottaa mukaan muuhun sosiaaliturvan turvaverkkoon.,"−100,00%",
meno,3,35.20.33.,https://budjetti.vm.fi/indox/sisalto.jsp?year=2026&lang=fi&maindoc=/2026/tae/hallituksenEsitys/hallituksenEsitys.xml&id=/2026/tae/hallituksenEsitys/YksityiskohtaisetPerustelut/35/20/33/33.html,35. YMPÄRISTÖMINISTERIÖN HALLINNONALA,"20. Yhdyskunnat, rakentaminen ja asuminen",33. Ohjelma pitkäaikaisasunnottomuuden poistamiseen (siirtomääräraha 3 v),33. Ohjelma pitkäaikaisasunnottomuuden poistamiseen (siirtomääräraha 3&nbsp;v),,4 650 000,0,−4 650 000,Leikataan / Tehoton,Tämä kuuluu hv-alueiden ja kuntien itsensä kustannettavaksi verotuksen kautta.,"−100,00%",
meno,3,35.20.35.,https://budjetti.vm.fi/indox/sisalto.jsp?year=2026&lang=fi&maindoc=/2026/tae/hallituksenEsitys/hallituksenEsitys.xml&id=/2026/tae/hallituksenEsitys/YksityiskohtaisetPerustelut/35/20/35/35.html,35. YMPÄRISTÖMINISTERIÖN HALLINNONALA,"20. Yhdyskunnat, rakentaminen ja asuminen",35. Avustukset alueiden käytön ja rakentamisen digitalisaatioon (siirtomääräraha 3 v),35. Avustukset alueiden käytön ja rakentamisen digitalisaatioon (siirtomääräraha 3&nbsp;v),,3 700 000,0,−3 700 000,Leikataan / Tehoton,Rakentamisen säätelyä kevennetään ja samalla poistuu tarve kalliille tietojärjestelmähankkeille.,"−100,00%",
meno,3,35.20.55.,https://budjetti.vm.fi/indox/sisalto.jsp?year=2026&lang=fi&maindoc=/2026/tae/hallituksenEsitys/hallituksenEsitys.xml&id=/2026/tae/hallituksenEsitys/YksityiskohtaisetPerustelut/35/20/55/55.html,35. YMPÄRISTÖMINISTERIÖN HALLINNONALA,"20. Yhdyskunnat, rakentaminen ja asuminen",55. Avustukset korjaustoimintaan (siirtomääräraha 3 v),55. Avustukset korjaustoimintaan (siirtomääräraha 3&nbsp;v),,6 985 000,0,−6 985 000,Leikataan / Tehoton,"Ei ole mitään tarvetta kannustaa remontteihin, jotka tehdään joka tapauksessa.","−100,00%",
meno,3,35.20.57.,https://budjetti.vm.fi/indox/sisalto.jsp?year=2026&lang=fi&maindoc=/2026/tae/hallituksenEsitys/hallituksenEsitys.xml&id=/2026/tae/hallituksenEsitys/YksityiskohtaisetPerustelut/35/20/57/57.html,35. YMPÄRISTÖMINISTERIÖN HALLINNONALA,"20. Yhdyskunnat, rakentaminen ja asuminen",57. Valtion tukeman asuntokannan avustukset (siirtomääräraha 2 v),57. Valtion tukeman asuntokannan avustukset (siirtomääräraha 2&nbsp;v),lisäys hallituksen esityksessä,80 600 000,0,−80 600 000,Liikkumavaraa,Siirretään 15000000 erityisryhmien kunnostuksiin momentille 33.10.lib,"−100,00%",
meno,3,35.20.58.,https://budjetti.vm.fi/indox/sisalto.jsp?year=2026&lang=fi&maindoc=/2026/tae/hallituksenEsitys/hallituksenEsitys.xml&id=/2026/tae/hallituksenEsitys/YksityiskohtaisetPerustelut/35/20/58/58.html,35. YMPÄRISTÖMINISTERIÖN HALLINNONALA,"20. Yhdyskunnat, rakentaminen ja asuminen",58. Valtion tukeman asuntotuotannon valtuudet (arviomääräraha),58. Valtion tukeman asuntotuotannon valtuudet (arviomääräraha),lisäys hallituksen esityksessä,152 020 000,0,−152 020 000,Leikataan / Tehoton,Valtion ydintehtäviin ei kuulu asuntotuotanto,"−100,00%",
meno,3,35.20.60.,https://budjetti.vm.fi/indox/sisalto.jsp?year=2026&lang=fi&maindoc=/2026/tae/hallituksenEsitys/hallituksenEsitys.xml&id=/2026/tae/hallituksenEsitys/YksityiskohtaisetPerustelut/35/20/60poistettava/60poistettava.html,35. YMPÄRISTÖMINISTERIÖN HALLINNONALA,"20. Yhdyskunnat, rakentaminen ja asuminen",60. Siirto Valtion asuntorahastoon,60. Siirto Valtion asuntorahastoon,poistettava momentti hallituksen esityksessä,0,0,0,Leikataan / Tehoton,Momentti poistuu,"0,00%",
meno,3,35.20.64.,https://budjetti.vm.fi/indox/sisalto.jsp?year=2026&lang=fi&maindoc=/2026/tae/hallituksenEsitys/hallituksenEsitys.xml&id=/2026/tae/hallituksenEsitys/YksityiskohtaisetPerustelut/35/20/64/64.html,35. YMPÄRISTÖMINISTERIÖN HALLINNONALA,"20. Yhdyskunnat, rakentaminen ja asuminen",64. Avustukset rakennusperinnön hoitoon (siirtomääräraha 3 v),64. Avustukset rakennusperinnön hoitoon (siirtomääräraha 3&nbsp;v),,1 700 000,0,−1 700 000,Leikataan / Tehoton,Momentti on yhdistetty kokonaisuudessa OKM:n alaiseen 29.80.95 momenttiin. Muinaismuistojen suojelu ja avustukset rakennusperinnön hoitoon kuuluvat samaan kokonaisuuteen ja yhden ministeriön alle.,"−100,00%",
meno,3,35.20.95.,https://budjetti.vm.fi/indox/sisalto.jsp?year=2026&lang=fi&maindoc=/2026/tae/hallituksenEsitys/hallituksenEsitys.xml&id=/2026/tae/hallituksenEsitys/YksityiskohtaisetPerustelut/35/20/95/95.html,35. YMPÄRISTÖMINISTERIÖN HALLINNONALA,"20. Yhdyskunnat, rakentaminen ja asuminen",95. InvestEU-ohjelman kansallinen rahoitusosuus (arviomääräraha),95. InvestEU-ohjelman kansallinen rahoitusosuus (arviomääräraha),,19 910 000,0,−19 910 000,Leikataan / Tehoton,"EU:n ja valtion rahoittamia alue- ja yritystukia, joita ei pitäisi jakaa. Valtion täytyy pitäytyä erossa yritystuista. ","−100,00%",
meno,1,36.,https://budjetti.vm.fi/indox/sisalto.jsp?year=2026&lang=fi&maindoc=/2026/tae/hallituksenEsitys/hallituksenEsitys.xml&id=/2026/tae/hallituksenEsitys/YksityiskohtaisetPerustelut/36/36.html,36. VALTIONVELAN KOROT,,,36. VALTIONVELAN KOROT,,3 246 066 000,3 116 223 300,−129 842 700,Liikkumavaraa,,"−4,00%",
meno,2,36.01.,https://budjetti.vm.fi/indox/sisalto.jsp?year=2026&lang=fi&maindoc=/2026/tae/hallituksenEsitys/hallituksenEsitys.xml&id=/2026/tae/hallituksenEsitys/YksityiskohtaisetPerustelut/36/01/01.html,36. VALTIONVELAN KOROT,01. Valtionvelan korko,,01. Valtionvelan korko,,3 223 632 000,3 094 686 700,−128 945 300,Liikkumavaraa,,"−4,00%",Velka
meno,3,36.01.90.,https://budjetti.vm.fi/indox/sisalto.jsp?year=2026&lang=fi&maindoc=/2026/tae/hallituksenEsitys/hallituksenEsitys.xml&id=/2026/tae/hallituksenEsitys/YksityiskohtaisetPerustelut/36/01/90/90.html,36. VALTIONVELAN KOROT,01. Valtionvelan korko,90. Valtionvelan korko (arviomääräraha),90. Valtionvelan korko (arviomääräraha),,3 223 632 000,3 094 686 700,−128 945 300,Liikkumavaraa,"Suomi velkaantuu Liberaalipuolueen vaihtoehdossa 8 659 220 000 € vähemmän kuin hallituksen esityksessä. Se on 4 % kokonaisvelan määrästä, jota uusitaan vuosittain. Tästä syystä valtion velan Liikkeeseenlasku-, myynti- ja markkinointikustannukset sekä muut kustannukset ovat arviolta 4 % pienemmät.","−4,00%",
meno,2,36.09.,https://budjetti.vm.fi/indox/sisalto.jsp?year=2026&lang=fi&maindoc=/2026/tae/hallituksenEsitys/hallituksenEsitys.xml&id=/2026/tae/hallituksenEsitys/YksityiskohtaisetPerustelut/36/09/09.html,36. VALTIONVELAN KOROT,09. Muut menot valtionvelasta,,09. Muut menot valtionvelasta,,22 434 000,21 536 600,−897 400,Liikkumavaraa,,"−4,00%",Velka
meno,3,36.09.20.,https://budjetti.vm.fi/indox/sisalto.jsp?year=2026&lang=fi&maindoc=/2026/tae/hallituksenEsitys/hallituksenEsitys.xml&id=/2026/tae/hallituksenEsitys/YksityiskohtaisetPerustelut/36/09/20/20.html,36. VALTIONVELAN KOROT,09. Muut menot valtionvelasta,20. Palkkiot ja muut menot valtionvelasta (arviomääräraha),20. Palkkiot ja muut menot valtionvelasta (arviomääräraha),,22 434 000,21 536 600,−897 400,Liikkumavaraa,"Suomi velkaantuu Liberaalipuolueen vaihtoehdossa 8 659 220 000 € vähemmän kuin hallituksen esityksessä. Se on 4 % kokonaisvelan määrästä, jota uusitaan vuosittain. Tästä syystä valtion velan Liikkeeseenlasku-, myynti- ja markkinointikustannukset sekä muut kustannukset ovat arviolta 4 % pienemmät.","−4,00%",
meno,1,37.,,37. VALTIONVELAN VÄHENTÄMINEN,,,37. VALTIONVELAN VÄHENTÄMINEN,lib,,1 000 000,1 000 000,Tärkeä / Tehokas,Liberaalipuolueen 2026 vaihtoehtobudjetti on ylijäämäinen ja siinä lyhennetään absoluuttista valtion velkaa. Kuitenkin tärkeintä ja hyvää talouspolitiikkaa on laskea työn verotusta. Valtion tuloveron laskuun kohdistetaan kaikki muut kuin tässä käytetyt säästöt.,"0,00%",
meno,2,37.01.,,37. VALTIONVELAN VÄHENTÄMINEN,01. Valtionvelan nettokuoletukset ja velanhallinta,,01. Valtionvelan nettokuoletukset ja velanhallinta,lib,,1 000 000,1 000 000,Tärkeä / Tehokas,Liberaalipuolueen 2026 vaihtoehtobudjetti on ylijäämäinen ja siinä lyhennetään absoluuttista valtion velkaa. Kuitenkin tärkeintä ja hyvää talouspolitiikkaa on laskea työn verotusta. Valtion tuloveron laskuun kohdistetaan kaikki muut kuin tässä käytetyt säästöt.,"0,00%",Velka
meno,3,37.01.94.,,37. VALTIONVELAN VÄHENTÄMINEN,01. Valtionvelan nettokuoletukset ja velanhallinta,94. Nettokuoletukset ja velanhallinta (arviomääräraha),94. Nettokuoletukset ja velanhallinta (arviomääräraha),lib,,1 000 000,1 000 000,Tärkeä / Tehokas,Liberaalipuolueen 2026 vaihtoehtobudjetti on ylijäämäinen ja siinä lyhennetään absoluuttista valtion velkaa. Kuitenkin tärkeintä ja hyvää talouspolitiikkaa on laskea työn verotusta. Valtion tuloveron laskuun kohdistetaan kaikki muut kuin tässä käytetyt säästöt.,"0,00%",