business_id,reporting_package,reporting_period,approval_stage,document_url,fetch_status,content_sha256,document_row_count,core_row_count,validation_finding_count,validation_max_severity,error_message,fetched_at
0101263-6,KTAS,2023,lopullinen,https://prodkuntarest.westeurope.cloudapp.azure.com/rest/v1/json/dokumentti/lopullinen/KTAS/0101263-6/2023,ok,6eb5b2c260891460c3c8b98a593786158e046df987ce6b5b4e7695a74a7e82df,158,32,0,0,,2026-08-18T16:46:35Z
0103166-9,KTAS,2023,lopullinen,https://prodkuntarest.westeurope.cloudapp.azure.com/rest/v1/json/dokumentti/lopullinen/KTAS/0103166-9/2023,ok,9731e9d98d940b533732b7eff4cb8c00047fa228d7e922e8089849f5ef42e582,158,32,0,0,,2026-08-18T16:46:35Z
0124610-9,KTAS,2023,lopullinen,https://prodkuntarest.westeurope.cloudapp.azure.com/rest/v1/json/dokumentti/lopullinen/KTAS/0124610-9/2023,ok,e68679696bc39d98f1b2506f6de9c447b3522fd4bb96581e48342260370cee44,158,32,0,0,,2026-08-18T16:46:35Z
0125866-0,KTAS,2023,lopullinen,https://prodkuntarest.westeurope.cloudapp.azure.com/rest/v1/json/dokumentti/lopullinen/KTAS/0125866-0/2023,ok,7dc72bbd4ea90c80dbe54004611d8d31815ad6d86b9afc3a32dde00634a57e41,158,32,0,0,,2026-08-18T16:46:35Z
0125920-9,KTAS,2023,lopullinen,https://prodkuntarest.westeurope.cloudapp.azure.com/rest/v1/json/dokumentti/lopullinen/KTAS/0125920-9/2023,ok,89ff58b3071cd43a3e7bbc47efb7a40410bd68dbee4f652074979f93b6a7475f,158,32,0,0,,2026-08-18T16:46:35Z
0126293-4,KTAS,2023,lopullinen,https://prodkuntarest.westeurope.cloudapp.azure.com/rest/v1/json/dokumentti/lopullinen/KTAS/0126293-4/2023,ok,6d1c03497e620094e5c2583c6d06f49c4c9d79e280b4f41c2884700952147c37,160,32,0,0,,2026-08-18T16:46:35Z
0126541-4,KTAS,2023,lopullinen,https://prodkuntarest.westeurope.cloudapp.azure.com/rest/v1/json/dokumentti/lopullinen/KTAS/0126541-4/2023,ok,d1309e64d20f909f7712c7480b8bcfaa92166ae4dad1d663b5f0bbeaa886fe9c,158,32,0,0,,2026-08-18T16:46:35Z
0127046-7,KTAS,2023,lopullinen,https://prodkuntarest.westeurope.cloudapp.azure.com/rest/v1/json/dokumentti/lopullinen/KTAS/0127046-7/2023,ok,f396dfb374f5435185f3820778e73b0612fd81956de513b44cf9697afbcd6bc0,158,32,0,0,,2026-08-18T16:46:35Z
0127485-5,KTAS,2023,lopullinen,https://prodkuntarest.westeurope.cloudapp.azure.com/rest/v1/json/dokumentti/lopullinen/KTAS/0127485-5/2023,ok,68a5451ba7bfcdd75ba2187c2e2b78780a52e9836121fae38ad8adb20d79fb4b,160,32,0,0,,2026-08-18T16:46:35Z
0129261-5,KTAS,2023,lopullinen,https://prodkuntarest.westeurope.cloudapp.azure.com/rest/v1/json/dokumentti/lopullinen/KTAS/0129261-5/2023,ok,ea2d0a130a9b1d2a488b793463ea4724d1104e0a6296bee55e66a3ccc0413107,160,32,0,0,,2026-08-18T16:46:35Z
0129920-0,KTAS,2023,lopullinen,https://prodkuntarest.westeurope.cloudapp.azure.com/rest/v1/json/dokumentti/lopullinen/KTAS/0129920-0/2023,ok,624a3c6761ecd6d56f069bdeaa33bb1ac08f56768086050da7a08faa120702f0,160,32,0,0,,2026-08-18T16:46:35Z
0130095-3,KTAS,2023,lopullinen,https://prodkuntarest.westeurope.cloudapp.azure.com/rest/v1/json/dokumentti/lopullinen/KTAS/0130095-3/2023,ok,8a36c69c9684b6ef566bf692915d044a49764cc8f2945b62e43f0fc8f9a9a13c,158,32,0,0,,2026-08-18T16:46:35Z
0130729-0,KTAS,2023,lopullinen,https://prodkuntarest.westeurope.cloudapp.azure.com/rest/v1/json/dokumentti/lopullinen/KTAS/0130729-0/2023,ok,d77b9f76ecdc20e3cc5d43b53d580cccfd3263ad03063b0ef3723d4655b15004,158,32,0,0,,2026-08-18T16:46:35Z
0131156-4,KTAS,2023,lopullinen,https://prodkuntarest.westeurope.cloudapp.azure.com/rest/v1/json/dokumentti/lopullinen/KTAS/0131156-4/2023,ok,c48698f1751fe36a546f4450cfb75263ffa633774e3e7ec4a17110b25fa5f90c,160,32,0,0,,2026-08-18T16:46:35Z
0131297-0,KTAS,2023,lopullinen,https://prodkuntarest.westeurope.cloudapp.azure.com/rest/v1/json/dokumentti/lopullinen/KTAS/0131297-0/2023,ok,8fe7114361cbbedefa5391bb9045ccc7ed55aa374d90aae7c73d9dbb79fb7ab8,158,32,0,0,,2026-08-18T16:46:35Z
0131661-3,KTAS,2023,lopullinen,https://prodkuntarest.westeurope.cloudapp.azure.com/rest/v1/json/dokumentti/lopullinen/KTAS/0131661-3/2023,ok,71d4c3cc991e2e57ed1f626c13e547dc532cdc762963982b6d8509cb9bb477a2,158,32,0,0,,2026-08-18T16:46:35Z
0131665-6,KTAS,2023,lopullinen,https://prodkuntarest.westeurope.cloudapp.azure.com/rest/v1/json/dokumentti/lopullinen/KTAS/0131665-6/2023,ok,674489b34336cc58e5f72ef620d6c1ae0f10e9a006647c4d57db957e887088b5,158,32,0,0,,2026-08-18T16:46:35Z
0131905-6,KTAS,2023,lopullinen,https://prodkuntarest.westeurope.cloudapp.azure.com/rest/v1/json/dokumentti/lopullinen/KTAS/0131905-6/2023,ok,986ea871be8326d2b2a94a259b1afa3acc3be29fe0b00a10647198b507f61115,160,32,0,0,,2026-08-18T16:46:35Z
0132103-3,KTAS,2023,lopullinen,https://prodkuntarest.westeurope.cloudapp.azure.com/rest/v1/json/dokumentti/lopullinen/KTAS/0132103-3/2023,ok,0ebac2ab90428cc808e070992f8ce52389f48ad0cbaf763f2d52b122d9dbc85a,158,32,0,0,,2026-08-18T16:46:35Z
0132239-4,KTAS,2023,lopullinen,https://prodkuntarest.westeurope.cloudapp.azure.com/rest/v1/json/dokumentti/lopullinen/KTAS/0132239-4/2023,ok,d35787fecbbe42b6f85957bd870b79c2152c4fe1cafc55d56ff9442179fb64db,160,32,0,0,,2026-08-18T16:46:35Z
0132322-3,KTAS,2023,lopullinen,https://prodkuntarest.westeurope.cloudapp.azure.com/rest/v1/json/dokumentti/lopullinen/KTAS/0132322-3/2023,ok,0300755b51118982ba7ebcf12eb923bda3dbcc78d02e3aad4eef13b60ba9fe8d,158,32,0,0,,2026-08-18T16:46:35Z
0132585-1,KTAS,2023,lopullinen,https://prodkuntarest.westeurope.cloudapp.azure.com/rest/v1/json/dokumentti/lopullinen/KTAS/0132585-1/2023,ok,ab00d67c2a78886920bf3e14d028d2990047702500344b26b83be2b63cdaecd9,160,32,0,0,,2026-08-18T16:46:35Z
0132947-3,KTAS,2023,lopullinen,https://prodkuntarest.westeurope.cloudapp.azure.com/rest/v1/json/dokumentti/lopullinen/KTAS/0132947-3/2023,ok,596bb06364aac97b02e87fc38334760a03ad62663b37f4899aad52743d549b2f,158,32,0,0,,2026-08-18T16:46:35Z
0133127-4,KTAS,2023,lopullinen,https://prodkuntarest.westeurope.cloudapp.azure.com/rest/v1/json/dokumentti/lopullinen/KTAS/0133127-4/2023,ok,41f5cfabc9181177ab7b577b2a4feaa7d60230f637c41fa4a681bdeeddea27c0,158,32,0,0,,2026-08-18T16:46:35Z
0133226-9,KTAS,2023,lopullinen,https://prodkuntarest.westeurope.cloudapp.azure.com/rest/v1/json/dokumentti/lopullinen/KTAS/0133226-9/2023,ok,b4f30437cf91dad396f802f44313210f94b0454009ab8991fe1d871b3d1fa162,158,32,0,0,,2026-08-18T16:46:35Z
0133596-1,KTAS,2023,lopullinen,https://prodkuntarest.westeurope.cloudapp.azure.com/rest/v1/json/dokumentti/lopullinen/KTAS/0133596-1/2023,ok,4a8c0e72f5e3c3a7cc50e38f063b7b3f1776125978c90a377cd351e696b89728,158,32,0,0,,2026-08-18T16:46:35Z
0133625-1,KTAS,2023,lopullinen,https://prodkuntarest.westeurope.cloudapp.azure.com/rest/v1/json/dokumentti/lopullinen/KTAS/0133625-1/2023,ok,9cb206691cd5b6693384755679384c6ab1caedbb8e8d04a14ec53ce615c32e6d,158,32,0,0,,2026-08-18T16:46:35Z
0133735-0,KTAS,2023,lopullinen,https://prodkuntarest.westeurope.cloudapp.azure.com/rest/v1/json/dokumentti/lopullinen/KTAS/0133735-0/2023,ok,70077db56bfd2096d9b9be576e54961748ae5474fd104921d744971b3a4b0a36,158,32,0,0,,2026-08-18T16:46:35Z
0133833-7,KTAS,2023,lopullinen,https://prodkuntarest.westeurope.cloudapp.azure.com/rest/v1/json/dokumentti/lopullinen/KTAS/0133833-7/2023,ok,8d792b0375fe496a3c3ed1392a6124525ade76db4742c87209d84831ba49346e,158,32,0,0,,2026-08-18T16:46:35Z
0133862-8,KTAS,2023,lopullinen,https://prodkuntarest.westeurope.cloudapp.azure.com/rest/v1/json/dokumentti/lopullinen/KTAS/0133862-8/2023,ok,17fd132d5e8d6eb011fe7a5bd8a10993e46daa10864b28cdddf969d7836453e8,158,32,0,0,,2026-08-18T16:46:35Z
0134199-0,KTAS,2023,lopullinen,https://prodkuntarest.westeurope.cloudapp.azure.com/rest/v1/json/dokumentti/lopullinen/KTAS/0134199-0/2023,ok,d22574ada03ee47e17867b56b16e5a7be495698b978421c8bad124add4aa189c,158,32,0,0,,2026-08-18T16:46:35Z
0134349-4,KTAS,2023,lopullinen,https://prodkuntarest.westeurope.cloudapp.azure.com/rest/v1/json/dokumentti/lopullinen/KTAS/0134349-4/2023,ok,a17ca4895220cafbcdd8e69debd7a3d3ee22c2871809d9d51b508007c2c59ee1,158,32,0,0,,2026-08-18T16:46:35Z
0134480-9,KTAS,2023,lopullinen,https://prodkuntarest.westeurope.cloudapp.azure.com/rest/v1/json/dokumentti/lopullinen/KTAS/0134480-9/2023,ok,fafce5b04cad2245ffa9454b2a2a0cf73ce935f8bd27f947133650c4061cdcd2,158,32,0,0,,2026-08-18T16:46:35Z
0134698-6,KTAS,2023,lopullinen,https://prodkuntarest.westeurope.cloudapp.azure.com/rest/v1/json/dokumentti/lopullinen/KTAS/0134698-6/2023,ok,08e9a402dca6c81cb96c194ab879be28543cadd320db5f1efbbae44479eaefa5,158,32,0,0,,2026-08-18T16:46:35Z
0135086-2,KTAS,2023,lopullinen,https://prodkuntarest.westeurope.cloudapp.azure.com/rest/v1/json/dokumentti/lopullinen/KTAS/0135086-2/2023,ok,3ba92fac63079dcfd4e406192a8002b934dc4ff5c53bb99cc93e1a41a0fb2143,160,32,0,0,,2026-08-18T16:46:35Z
0135202-4,KTAS,2023,lopullinen,https://prodkuntarest.westeurope.cloudapp.azure.com/rest/v1/json/dokumentti/lopullinen/KTAS/0135202-4/2023,ok,955875136db58866b8b49961c2aeae7814ac11af90e9489f990bd831863033e0,158,32,0,0,,2026-08-18T16:46:35Z
0135457-2,KTAS,2023,lopullinen,https://prodkuntarest.westeurope.cloudapp.azure.com/rest/v1/json/dokumentti/lopullinen/KTAS/0135457-2/2023,ok,a6429fcae8333e2cfc209c1e8fa3f5adc47b41bc44121ddbf6c87d12e79f74eb,158,32,0,0,,2026-08-18T16:46:35Z
0135662-3,KTAS,2023,lopullinen,https://prodkuntarest.westeurope.cloudapp.azure.com/rest/v1/json/dokumentti/lopullinen/KTAS/0135662-3/2023,ok,691b05ce2cfd006326f46242d6afac24efc75c299e8653e1044980daaa47f63d,158,32,0,0,,2026-08-18T16:46:35Z
0135821-5,KTAS,2023,lopullinen,https://prodkuntarest.westeurope.cloudapp.azure.com/rest/v1/json/dokumentti/lopullinen/KTAS/0135821-5/2023,ok,97b26fa8ac6388f6fb499028912ca1812cb37836b5ef0ce00dc068c1b43f9cd4,160,32,0,0,,2026-08-18T16:46:35Z
0135869-6,KTAS,2023,lopullinen,https://prodkuntarest.westeurope.cloudapp.azure.com/rest/v1/json/dokumentti/lopullinen/KTAS/0135869-6/2023,ok,f84c7523856587c04b833b8a04254ed211cff71f2b45b7114afc6473151cd12d,158,32,0,0,,2026-08-18T16:46:35Z
0136082-5,KTAS,2023,lopullinen,https://prodkuntarest.westeurope.cloudapp.azure.com/rest/v1/json/dokumentti/lopullinen/KTAS/0136082-5/2023,ok,38ca39e052dc82e9fbf8ca3484f765b25c9d308a33b5dfc5ad1afa5ad59a7737,160,32,0,0,,2026-08-18T16:46:35Z
0136169-2,KTAS,2023,lopullinen,https://prodkuntarest.westeurope.cloudapp.azure.com/rest/v1/json/dokumentti/lopullinen/KTAS/0136169-2/2023,ok,44f2705e22e44309fc7a39b2bea1ba03cb78cc7cec3ba65e3f0b3f082308c198,158,32,0,0,,2026-08-18T16:46:35Z
0136311-0,KTAS,2023,lopullinen,https://prodkuntarest.westeurope.cloudapp.azure.com/rest/v1/json/dokumentti/lopullinen/KTAS/0136311-0/2023,ok,1004a349d139b8ebd17b805d89242d779de1ba9b1d083aa959dd700e5a3cf2a0,158,32,0,0,,2026-08-18T16:46:35Z
0136610-0,KTAS,2023,lopullinen,https://prodkuntarest.westeurope.cloudapp.azure.com/rest/v1/json/dokumentti/lopullinen/KTAS/0136610-0/2023,ok,86e16a264ec5d7db64a66cf4028ce3519fcbd86b445687b8677a80f1d4099a5e,158,32,0,0,,2026-08-18T16:46:35Z
0137323-9,KTAS,2023,lopullinen,https://prodkuntarest.westeurope.cloudapp.azure.com/rest/v1/json/dokumentti/lopullinen/KTAS/0137323-9/2023,ok,56f902e5f1a67fd1822c5ab63a35591c0e7cd526edcf56808ad03280aa718dca,158,32,0,0,,2026-08-18T16:46:35Z
0138037-5,KTAS,2023,lopullinen,https://prodkuntarest.westeurope.cloudapp.azure.com/rest/v1/json/dokumentti/lopullinen/KTAS/0138037-5/2023,ok,97a683f511ee6a4751a0e60c3ffea2fc8a5c97a6977b4acf0a9e4976f3c482a9,158,32,0,0,,2026-08-18T16:46:35Z
0138780-9,KTAS,2023,lopullinen,https://prodkuntarest.westeurope.cloudapp.azure.com/rest/v1/json/dokumentti/lopullinen/KTAS/0138780-9/2023,ok,86e7da6e5b0bc1eb54d2748eba65e1286ad8e72b3cbb7500b21205ed3a6d4d98,160,32,0,0,,2026-08-18T16:46:35Z
0139533-1,KTAS,2023,lopullinen,https://prodkuntarest.westeurope.cloudapp.azure.com/rest/v1/json/dokumentti/lopullinen/KTAS/0139533-1/2023,ok,01891763cb45119cfb80ad30cbfc7be7e37fab28b91066624adf099a3a7a3f93,160,32,0,0,,2026-08-18T16:46:35Z
0139545-4,KTAS,2023,lopullinen,https://prodkuntarest.westeurope.cloudapp.azure.com/rest/v1/json/dokumentti/lopullinen/KTAS/0139545-4/2023,ok,906ed553d217e158a0ea7789175fb81af24fc19449b7aeb6fde8bb8c82a41a64,160,32,0,0,,2026-08-18T16:46:35Z
0139842-8,KTAS,2023,lopullinen,https://prodkuntarest.westeurope.cloudapp.azure.com/rest/v1/json/dokumentti/lopullinen/KTAS/0139842-8/2023,ok,de8080791467325cdc4091675f0207be1ccc5424518f9b19e9615b4aeac2367a,158,32,0,0,,2026-08-18T16:46:35Z
0139937-5,KTAS,2023,lopullinen,https://prodkuntarest.westeurope.cloudapp.azure.com/rest/v1/json/dokumentti/lopullinen/KTAS/0139937-5/2023,ok,fdba031c60abd3a9b8fcfe7b2e8446816c194a01d36c486a48af4de90f37aac6,158,32,0,0,,2026-08-18T16:46:35Z
0139991-4,KTAS,2023,lopullinen,https://prodkuntarest.westeurope.cloudapp.azure.com/rest/v1/json/dokumentti/lopullinen/KTAS/0139991-4/2023,ok,4ecef9a4b9d60bd062089c825daedf545264d153fc2286091a530445e155c6a8,160,32,0,0,,2026-08-18T16:46:35Z
0144036-6,KTAS,2023,lopullinen,https://prodkuntarest.westeurope.cloudapp.azure.com/rest/v1/json/dokumentti/lopullinen/KTAS/0144036-6/2023,ok,f321536271cb61bfee22e117fc52fcc815bef324b9be6848d143de80637e3046,158,32,0,0,,2026-08-18T16:46:35Z
0144411-3,KTAS,2023,lopullinen,https://prodkuntarest.westeurope.cloudapp.azure.com/rest/v1/json/dokumentti/lopullinen/KTAS/0144411-3/2023,ok,5181664ed083c01f3a93697224f434eb6f316ea6052acec3bca83c4698f8742e,158,32,0,0,,2026-08-18T16:46:35Z
0144561-8,KTAS,2023,lopullinen,https://prodkuntarest.westeurope.cloudapp.azure.com/rest/v1/json/dokumentti/lopullinen/KTAS/0144561-8/2023,ok,a1b3d4013494f8e38d36480cc30e440724ca3ccdc56ff076772b28366ced780e,158,32,0,0,,2026-08-18T16:46:35Z
0145208-4,KTAS,2023,lopullinen,https://prodkuntarest.westeurope.cloudapp.azure.com/rest/v1/json/dokumentti/lopullinen/KTAS/0145208-4/2023,ok,9c9fee9494addea49c2653c606a88a978a8074aa54394ca012dbfac974820a03,160,32,0,0,,2026-08-18T16:46:35Z
0145626-1,KTAS,2023,lopullinen,https://prodkuntarest.westeurope.cloudapp.azure.com/rest/v1/json/dokumentti/lopullinen/KTAS/0145626-1/2023,ok,7f72ded9c09d0a24ba461398d090a7b9f427075e21fb9d0418773e6e5d89b090,158,32,0,0,,2026-08-18T16:46:35Z
0145801-3,KTAS,2023,lopullinen,https://prodkuntarest.westeurope.cloudapp.azure.com/rest/v1/json/dokumentti/lopullinen/KTAS/0145801-3/2023,ok,1810ea91aea46d59ee3e53dceca0c02b39c3c091df54f6075ec295f0ebebdd82,158,32,0,0,,2026-08-18T16:46:35Z
0145997-2,KTAS,2023,lopullinen,https://prodkuntarest.westeurope.cloudapp.azure.com/rest/v1/json/dokumentti/lopullinen/KTAS/0145997-2/2023,ok,e985c8c0a7318efed49f4a7fc6e22e4604f10656f0b3e0a6e65ba4633b28da46,158,32,0,0,,2026-08-18T16:46:35Z
0146248-5,KTAS,2023,lopullinen,https://prodkuntarest.westeurope.cloudapp.azure.com/rest/v1/json/dokumentti/lopullinen/KTAS/0146248-5/2023,ok,fd6cb0687327f8d0abb26e0c13e925f8c1ac1622be65eaeee68733dcb2905bb6,160,32,0,0,,2026-08-18T16:46:35Z
0146456-0,KTAS,2023,lopullinen,https://prodkuntarest.westeurope.cloudapp.azure.com/rest/v1/json/dokumentti/lopullinen/KTAS/0146456-0/2023,ok,d87169ab927ec3e7d2adfdb41a005a033997ec69371ad498eca30c9a0f377851,158,32,0,0,,2026-08-18T16:46:35Z
0146921-4,KTAS,2023,lopullinen,https://prodkuntarest.westeurope.cloudapp.azure.com/rest/v1/json/dokumentti/lopullinen/KTAS/0146921-4/2023,ok,a476802d3c79ab4e334bb7460788e26819f0629baa4513ddf07cc84647660d8c,158,32,0,0,,2026-08-18T16:46:35Z
0147510-4,KTAS,2023,lopullinen,https://prodkuntarest.westeurope.cloudapp.azure.com/rest/v1/json/dokumentti/lopullinen/KTAS/0147510-4/2023,ok,72e2a0c642c8861ea12fa4b737c6de806743db960b07b340ba92b5a956d68f8a,158,32,0,0,,2026-08-18T16:46:35Z
0147645-7,KTAS,2023,lopullinen,https://prodkuntarest.westeurope.cloudapp.azure.com/rest/v1/json/dokumentti/lopullinen/KTAS/0147645-7/2023,ok,7efa28baab3a991144960d27d40cc7d29d5f485c994eb79273717d929e295475,158,32,0,0,,2026-08-18T16:46:35Z
0147705-4,KTAS,2023,lopullinen,https://prodkuntarest.westeurope.cloudapp.azure.com/rest/v1/json/dokumentti/lopullinen/KTAS/0147705-4/2023,ok,075b09894cf102fb0433735db8c6524b461fc2a05c18603c2ccf6017aa8bea47,158,32,0,0,,2026-08-18T16:46:35Z
0148268-9,KTAS,2023,lopullinen,https://prodkuntarest.westeurope.cloudapp.azure.com/rest/v1/json/dokumentti/lopullinen/KTAS/0148268-9/2023,ok,038f363e4ed8e614f17bbe89e50abcfa2e84379c6732456fe474a8428ab77b19,160,32,0,0,,2026-08-18T16:46:35Z
0149669-3,KTAS,2023,lopullinen,https://prodkuntarest.westeurope.cloudapp.azure.com/rest/v1/json/dokumentti/lopullinen/KTAS/0149669-3/2023,ok,18fad772e66f76514139854f940299ccd92753daf2507eb8a58a826f3923d328,160,32,0,0,,2026-08-18T16:46:35Z
0150783-1,KTAS,2023,lopullinen,https://prodkuntarest.westeurope.cloudapp.azure.com/rest/v1/json/dokumentti/lopullinen/KTAS/0150783-1/2023,ok,18c12c2a7cfec42445e3bfb88f2e26115210bb8c7fa05a691e5bd4d85c2271ff,158,32,0,0,,2026-08-18T16:46:35Z
0150919-1,KTAS,2023,lopullinen,https://prodkuntarest.westeurope.cloudapp.azure.com/rest/v1/json/dokumentti/lopullinen/KTAS/0150919-1/2023,ok,8dd4e824aca0e776899c82212e72357a46fcbc3516706b71d2b2ef68e615a4d9,158,32,0,0,,2026-08-18T16:46:35Z
0151789-6,KTAS,2023,lopullinen,https://prodkuntarest.westeurope.cloudapp.azure.com/rest/v1/json/dokumentti/lopullinen/KTAS/0151789-6/2023,ok,a51bd18d81d65f28e97afbd0e51cea140d4d9bf5000422a0d14993443f15b2ac,158,32,0,0,,2026-08-18T16:46:35Z
0151924-2,KTAS,2023,lopullinen,https://prodkuntarest.westeurope.cloudapp.azure.com/rest/v1/json/dokumentti/lopullinen/KTAS/0151924-2/2023,ok,11f69aa33f24f7b3077ce373f7ded109c7f138ccdea463be353f5981ddbff45b,160,32,0,0,,2026-08-18T16:46:35Z
0152084-1,KTAS,2023,lopullinen,https://prodkuntarest.westeurope.cloudapp.azure.com/rest/v1/json/dokumentti/lopullinen/KTAS/0152084-1/2023,ok,3fecfb87ab76c794af629cd070441ed6229b8a271892e864796ac20203138764,160,32,0,0,,2026-08-18T16:46:35Z
0152563-4,KTAS,2023,lopullinen,https://prodkuntarest.westeurope.cloudapp.azure.com/rest/v1/json/dokumentti/lopullinen/KTAS/0152563-4/2023,ok,d1033c670fd4494a13c637f0e1355ca55ee32cce27f16e4dbac7e11bc08f3b05,158,32,0,0,,2026-08-18T16:46:35Z
0152842-1,KTAS,2023,lopullinen,https://prodkuntarest.westeurope.cloudapp.azure.com/rest/v1/json/dokumentti/lopullinen/KTAS/0152842-1/2023,ok,a1801c6367390cfb0906be25288d53a51246b8ac3fa08e27a5417b4cfc52a382,158,32,0,0,,2026-08-18T16:46:35Z
0153082-0,KTAS,2023,lopullinen,https://prodkuntarest.westeurope.cloudapp.azure.com/rest/v1/json/dokumentti/lopullinen/KTAS/0153082-0/2023,ok,f8fd7cede82ba496b9bbfc15a2b8958a3707ad3b915fc4817c01ef0cae95e177,160,32,0,0,,2026-08-18T16:46:35Z
0153179-4,KTAS,2023,lopullinen,https://prodkuntarest.westeurope.cloudapp.azure.com/rest/v1/json/dokumentti/lopullinen/KTAS/0153179-4/2023,ok,bf0602f0676b496571d3809d87cf1416339ed1207f8f7964da951104359c9769,158,32,0,0,,2026-08-18T16:46:35Z
0157323-0,KTAS,2023,lopullinen,https://prodkuntarest.westeurope.cloudapp.azure.com/rest/v1/json/dokumentti/lopullinen/KTAS/0157323-0/2023,ok,82085ae82a60039a3bccbb55048a6c9bc7cc8f3235ec042fe611ae4aacf24a03,160,32,0,0,,2026-08-18T16:46:35Z
0157568-2,KTAS,2023,lopullinen,https://prodkuntarest.westeurope.cloudapp.azure.com/rest/v1/json/dokumentti/lopullinen/KTAS/0157568-2/2023,ok,5725dfd037eeb134741965c50ff5874e70162274c0c71c51295da433c5bb12a6,160,32,0,0,,2026-08-18T16:46:35Z
0157711-9,KTAS,2023,lopullinen,https://prodkuntarest.westeurope.cloudapp.azure.com/rest/v1/json/dokumentti/lopullinen/KTAS/0157711-9/2023,ok,9541a27750b1828fcdbc7779ef499a19941c8e6aaed9a77f3a991df47a9a78cf,158,32,0,0,,2026-08-18T16:46:35Z
0157867-2,KTAS,2023,lopullinen,https://prodkuntarest.westeurope.cloudapp.azure.com/rest/v1/json/dokumentti/lopullinen/KTAS/0157867-2/2023,ok,94d5ba969c98bfc870753125f1f294d5a9b2f2026645e3aee281c60ea0f16dc5,158,32,0,0,,2026-08-18T16:46:35Z
0158221-7,KTAS,2023,lopullinen,https://prodkuntarest.westeurope.cloudapp.azure.com/rest/v1/json/dokumentti/lopullinen/KTAS/0158221-7/2023,ok,0a5c970b235e5908fbcc30c6e81acfc46e61d4534d6f59744427f00d4232ff37,160,32,0,0,,2026-08-18T16:46:35Z
0158301-7,KTAS,2023,lopullinen,https://prodkuntarest.westeurope.cloudapp.azure.com/rest/v1/json/dokumentti/lopullinen/KTAS/0158301-7/2023,ok,366f9e1b7727e7d5864e21efda2eee71bff8fe917f0b394c3df655bce7ec9a85,158,32,0,0,,2026-08-18T16:46:35Z
0158766-7,KTAS,2023,lopullinen,https://prodkuntarest.westeurope.cloudapp.azure.com/rest/v1/json/dokumentti/lopullinen/KTAS/0158766-7/2023,ok,83b4921bbe61bb33f0a6d3af681f85fb2d661529966cc35cfec87bc9543defc1,158,32,0,0,,2026-08-18T16:46:35Z
0159216-7,KTAS,2023,lopullinen,https://prodkuntarest.westeurope.cloudapp.azure.com/rest/v1/json/dokumentti/lopullinen/KTAS/0159216-7/2023,ok,af311db9a0be24389613a28628f9199b68f7e8d36ad77f998a2a376cf9fb8f52,158,32,0,0,,2026-08-18T16:46:35Z
0160225-7,KTAS,2023,lopullinen,https://prodkuntarest.westeurope.cloudapp.azure.com/rest/v1/json/dokumentti/lopullinen/KTAS/0160225-7/2023,ok,a6ac1f0cd242c63392bbf466d61b18824d6ba2ade800c1e0124a24d9b7ea9e17,158,32,0,0,,2026-08-18T16:46:35Z
0161075-9,KTAS,2023,lopullinen,https://prodkuntarest.westeurope.cloudapp.azure.com/rest/v1/json/dokumentti/lopullinen/KTAS/0161075-9/2023,ok,e43d92bc2a6febf6bc8bea46f25f73ab08e65bb0ddf12eef10a9e5b633ccf0a8,160,32,0,0,,2026-08-18T16:46:35Z
0162193-3,KTAS,2023,lopullinen,https://prodkuntarest.westeurope.cloudapp.azure.com/rest/v1/json/dokumentti/lopullinen/KTAS/0162193-3/2023,ok,e65cb0305e5236cbec8625f44c8e624d0f92cb7dc0cb22b74042ad8e91466529,158,32,0,0,,2026-08-18T16:46:35Z
0162576-6,KTAS,2023,lopullinen,https://prodkuntarest.westeurope.cloudapp.azure.com/rest/v1/json/dokumentti/lopullinen/KTAS/0162576-6/2023,ok,5ec60e31b0bc9c31295d4a253fd49cdf3d9b46a5b2c3dfd803482a9d9ad288fb,158,32,0,0,,2026-08-18T16:46:35Z
0162631-2,KTAS,2023,lopullinen,https://prodkuntarest.westeurope.cloudapp.azure.com/rest/v1/json/dokumentti/lopullinen/KTAS/0162631-2/2023,ok,b1d411cad771471d57f29c05248603213ee7e8998c2b8d1c76ffeefa664a7af9,158,32,0,0,,2026-08-18T16:46:35Z
0162675-0,KTAS,2023,lopullinen,https://prodkuntarest.westeurope.cloudapp.azure.com/rest/v1/json/dokumentti/lopullinen/KTAS/0162675-0/2023,ok,83526584caace981be541f0bfd93145d99fc03342b5ca84d4945743267539c75,158,32,0,0,,2026-08-18T16:46:35Z
0162798-0,KTAS,2023,lopullinen,https://prodkuntarest.westeurope.cloudapp.azure.com/rest/v1/json/dokumentti/lopullinen/KTAS/0162798-0/2023,ok,52bea12dad625f139a3b0092bf3577fbb1826fb1e93067c52c8f98efb47422fa,158,32,0,0,,2026-08-18T16:46:35Z
0163013-5,KTAS,2023,lopullinen,https://prodkuntarest.westeurope.cloudapp.azure.com/rest/v1/json/dokumentti/lopullinen/KTAS/0163013-5/2023,ok,2a758c8e99ae0a380947db915d76f1d401c17d0b4d15643a8fc63baa55880571,158,32,0,0,,2026-08-18T16:46:35Z
0163109-0,KTAS,2023,lopullinen,https://prodkuntarest.westeurope.cloudapp.azure.com/rest/v1/json/dokumentti/lopullinen/KTAS/0163109-0/2023,ok,ec951f949ff8b4de74dffa661c6c38fdb6c71ce2966c5a1bccd0ba31a4b7cbf5,158,32,0,0,,2026-08-18T16:46:35Z
0163320-5,KTAS,2023,lopullinen,https://prodkuntarest.westeurope.cloudapp.azure.com/rest/v1/json/dokumentti/lopullinen/KTAS/0163320-5/2023,ok,c7ea4109f01a97a15e2f907019a02dadba14888c6a8279890164010b6f74e8cc,158,32,0,0,,2026-08-18T16:46:35Z
0163687-9,KTAS,2023,lopullinen,https://prodkuntarest.westeurope.cloudapp.azure.com/rest/v1/json/dokumentti/lopullinen/KTAS/0163687-9/2023,ok,436b6af4ca8bc6e418e02c740533e737b29da1b4e6cc6fa3ff320194bf799860,160,32,0,0,,2026-08-18T16:46:35Z
0163734-5,KTAS,2023,lopullinen,https://prodkuntarest.westeurope.cloudapp.azure.com/rest/v1/json/dokumentti/lopullinen/KTAS/0163734-5/2023,ok,db7e501d34b880ead99510826ce6a4e2221e4dde3c92ac8e055090401b818bdd,158,32,0,0,,2026-08-18T16:46:35Z
0164308-3,KTAS,2023,lopullinen,https://prodkuntarest.westeurope.cloudapp.azure.com/rest/v1/json/dokumentti/lopullinen/KTAS/0164308-3/2023,ok,3419ad14d7452253c141fa7ad2da52adffd876395a8658f9bf6f8d5211667978,158,32,0,0,,2026-08-18T16:46:35Z
0164384-1,KTAS,2023,lopullinen,https://prodkuntarest.westeurope.cloudapp.azure.com/rest/v1/json/dokumentti/lopullinen/KTAS/0164384-1/2023,ok,a7998784a05c77be745ff8e0ed704657428364d5ecf5a98194baba24e30c40df,160,32,0,0,,2026-08-18T16:46:35Z
0164551-3,KTAS,2023,lopullinen,https://prodkuntarest.westeurope.cloudapp.azure.com/rest/v1/json/dokumentti/lopullinen/KTAS/0164551-3/2023,ok,bf9fc6372774d59eaef82b1aefc65a4ea8e75a2f2a5237870b8daa55cc04b67d,160,32,0,0,,2026-08-18T16:46:35Z
0164690-3,KTAS,2023,lopullinen,https://prodkuntarest.westeurope.cloudapp.azure.com/rest/v1/json/dokumentti/lopullinen/KTAS/0164690-3/2023,ok,c91812293079e5a20819c88fabf4287a3b24390f0846072415bad1cb2aedbb72,158,32,0,0,,2026-08-18T16:46:35Z
0165116-3,KTAS,2023,lopullinen,https://prodkuntarest.westeurope.cloudapp.azure.com/rest/v1/json/dokumentti/lopullinen/KTAS/0165116-3/2023,ok,67fba30823a30a6ec94804a661d7d2b5c534f0ad48975343dab1017aee088f0f,158,32,0,0,,2026-08-18T16:46:35Z
0165761-0,KTAS,2023,lopullinen,https://prodkuntarest.westeurope.cloudapp.azure.com/rest/v1/json/dokumentti/lopullinen/KTAS/0165761-0/2023,ok,ae1f2a02bf6ad2b43d198953046fd4ab2bfb226cba37e25a029baf5244a0d429,158,32,0,0,,2026-08-18T16:46:35Z
0165867-2,KTAS,2023,lopullinen,https://prodkuntarest.westeurope.cloudapp.azure.com/rest/v1/json/dokumentti/lopullinen/KTAS/0165867-2/2023,ok,37a1ec8f60a99f76d11c9847a1f5b9c40be2c94a4ac1ddc20f31340d1a827a74,158,32,0,0,,2026-08-18T16:46:35Z
0166400-1,KTAS,2023,lopullinen,https://prodkuntarest.westeurope.cloudapp.azure.com/rest/v1/json/dokumentti/lopullinen/KTAS/0166400-1/2023,ok,0a24324d215635903f748007253b2b56ac8000efd6e9fb4331316114162fdfc1,158,32,0,0,,2026-08-18T16:46:35Z
0166507-1,KTAS,2023,lopullinen,https://prodkuntarest.westeurope.cloudapp.azure.com/rest/v1/json/dokumentti/lopullinen/KTAS/0166507-1/2023,ok,605388961a024169901d4a4c36a39ae367725bf068a54618ab86751475919cd9,160,32,0,0,,2026-08-18T16:46:35Z
0166906-4,KTAS,2023,lopullinen,https://prodkuntarest.westeurope.cloudapp.azure.com/rest/v1/json/dokumentti/lopullinen/KTAS/0166906-4/2023,ok,0aedf7cf2aa79b2b618d7b414ebfa27dff7988253b6fb694b364bccb17c1216f,158,32,0,0,,2026-08-18T16:46:35Z
0167265-0,KTAS,2023,lopullinen,https://prodkuntarest.westeurope.cloudapp.azure.com/rest/v1/json/dokumentti/lopullinen/KTAS/0167265-0/2023,ok,efc24827c9fdb46a6ab87b31b31b826ff9e49830c8268e1a0759c69bf67e2973,158,32,0,0,,2026-08-18T16:46:35Z
0167352-2,KTAS,2023,lopullinen,https://prodkuntarest.westeurope.cloudapp.azure.com/rest/v1/json/dokumentti/lopullinen/KTAS/0167352-2/2023,ok,42f141e46771c669b90cac42e2ac9e91623704b77f4a9009a07d62f3017d4f70,158,32,0,0,,2026-08-18T16:46:35Z
0167589-4,KTAS,2023,lopullinen,https://prodkuntarest.westeurope.cloudapp.azure.com/rest/v1/json/dokumentti/lopullinen/KTAS/0167589-4/2023,ok,19199f9896e4682500997ab3966f5021dc37548bad475e41a35b0ff93fd64a87,160,32,0,0,,2026-08-18T16:46:35Z
0168654-2,KTAS,2023,lopullinen,https://prodkuntarest.westeurope.cloudapp.azure.com/rest/v1/json/dokumentti/lopullinen/KTAS/0168654-2/2023,ok,3fada63c459bacabd38e6627940e4b62c8f52e5aaad38fd38d8a1f51316f65c2,160,32,0,0,,2026-08-18T16:46:35Z
0168900-6,KTAS,2023,lopullinen,https://prodkuntarest.westeurope.cloudapp.azure.com/rest/v1/json/dokumentti/lopullinen/KTAS/0168900-6/2023,ok,bbe067f0b29a97573021806d391fa193689b289440e3359d9568ff47457e7bb2,160,32,0,0,,2026-08-18T16:46:35Z
0169048-8,KTAS,2023,lopullinen,https://prodkuntarest.westeurope.cloudapp.azure.com/rest/v1/json/dokumentti/lopullinen/KTAS/0169048-8/2023,ok,6983617ca4ff15a36b651ce58f1a4454b44c5ec8217aeba3b7ee0b4dd7f275c6,160,32,0,0,,2026-08-18T16:46:35Z
0169321-6,KTAS,2023,lopullinen,https://prodkuntarest.westeurope.cloudapp.azure.com/rest/v1/json/dokumentti/lopullinen/KTAS/0169321-6/2023,ok,4179d4fb04a783f2417e962ec7d38b2c34d13fd3e41562d7a5b5cfbb4f3d8bd2,160,32,0,0,,2026-08-18T16:46:35Z
0169583-6,KTAS,2023,lopullinen,https://prodkuntarest.westeurope.cloudapp.azure.com/rest/v1/json/dokumentti/lopullinen/KTAS/0169583-6/2023,ok,9ec88bd8c10574ad3132636bad7b82f636a74856225136a4fe16908c392acd3a,160,32,0,0,,2026-08-18T16:46:35Z
0169823-6,KTAS,2023,lopullinen,https://prodkuntarest.westeurope.cloudapp.azure.com/rest/v1/json/dokumentti/lopullinen/KTAS/0169823-6/2023,ok,d59ccc1d6dff8d8a8048aac19a92114043b201c8c792902618fb663aca28c8a7,158,32,0,0,,2026-08-18T16:46:35Z
0169967-7,KTAS,2023,lopullinen,https://prodkuntarest.westeurope.cloudapp.azure.com/rest/v1/json/dokumentti/lopullinen/KTAS/0169967-7/2023,ok,c2227a6314de9372fe542c56c9a439f6327258784e42b4617c6d22d70fb0ddde,160,32,0,0,,2026-08-18T16:46:35Z
0170664-6,KTAS,2023,lopullinen,https://prodkuntarest.westeurope.cloudapp.azure.com/rest/v1/json/dokumentti/lopullinen/KTAS/0170664-6/2023,ok,95abda46b998f6317c537f269ee17190b56f82b13931f512dc43445598d10e95,158,32,0,0,,2026-08-18T16:46:35Z
0170773-7,KTAS,2023,lopullinen,https://prodkuntarest.westeurope.cloudapp.azure.com/rest/v1/json/dokumentti/lopullinen/KTAS/0170773-7/2023,ok,8f5a90500f66066154718fa8c76667d3960453af4c2af3a49ee5478ddbc9221d,160,32,0,0,,2026-08-18T16:46:35Z
0170843-0,KTAS,2023,lopullinen,https://prodkuntarest.westeurope.cloudapp.azure.com/rest/v1/json/dokumentti/lopullinen/KTAS/0170843-0/2023,ok,08c711194a23a3d638519a04a13cd93190662d110536366074ace8bd9e5cc7f6,160,32,0,0,,2026-08-18T16:46:35Z
0171450-7,KTAS,2023,lopullinen,https://prodkuntarest.westeurope.cloudapp.azure.com/rest/v1/json/dokumentti/lopullinen/KTAS/0171450-7/2023,ok,9a6cc3af7c32b4520d3053ac485f04f1f0c04e9af62f31093e737e012394fc5e,158,32,0,0,,2026-08-18T16:46:35Z
0172127-2,KTAS,2023,lopullinen,https://prodkuntarest.westeurope.cloudapp.azure.com/rest/v1/json/dokumentti/lopullinen/KTAS/0172127-2/2023,ok,bef4b6c4380ba171e9678a6a3f9d5ef63337b3f7a470135ae13a56edeab6b60c,158,32,0,0,,2026-08-18T16:46:35Z
0172446-5,KTAS,2023,lopullinen,https://prodkuntarest.westeurope.cloudapp.azure.com/rest/v1/json/dokumentti/lopullinen/KTAS/0172446-5/2023,ok,7e868c4677a86632ea1e4b6bcbb05f6c0c0ef6d729f509c65f2920bb4bf2c187,160,32,0,0,,2026-08-18T16:46:35Z
0172586-3,KTAS,2023,lopullinen,https://prodkuntarest.westeurope.cloudapp.azure.com/rest/v1/json/dokumentti/lopullinen/KTAS/0172586-3/2023,ok,96b209840bd6ba9bd77e791ab09585b6d696bf2941d6d6556d0d18acbe53ecf7,158,32,0,0,,2026-08-18T16:46:35Z
0172646-0,KTAS,2023,lopullinen,https://prodkuntarest.westeurope.cloudapp.azure.com/rest/v1/json/dokumentti/lopullinen/KTAS/0172646-0/2023,ok,ec5ab8119802ca762c0b6612d3f502634c5ca6492bbd10c13faf1bb7835c8731,158,32,0,0,,2026-08-18T16:46:35Z
0172718-0,KTAS,2023,lopullinen,https://prodkuntarest.westeurope.cloudapp.azure.com/rest/v1/json/dokumentti/lopullinen/KTAS/0172718-0/2023,ok,5b3608082d6a12331c7dd1ef58227e5a8ad942e6d82280c844774fafadc2924a,158,32,0,0,,2026-08-18T16:46:35Z
0173081-4,KTAS,2023,lopullinen,https://prodkuntarest.westeurope.cloudapp.azure.com/rest/v1/json/dokumentti/lopullinen/KTAS/0173081-4/2023,ok,aaab653ca43042bd77a02f9b9243a581cb887b52759cb06dbe48221328c889bc,158,32,0,0,,2026-08-18T16:46:35Z
0173128-6,KTAS,2023,lopullinen,https://prodkuntarest.westeurope.cloudapp.azure.com/rest/v1/json/dokumentti/lopullinen/KTAS/0173128-6/2023,ok,286eb82f3d123c3b74b8fa3cc166241d34e1d12bbd3b9098f5f703791a9e38a5,158,32,0,0,,2026-08-18T16:46:35Z
0173416-1,KTAS,2023,lopullinen,https://prodkuntarest.westeurope.cloudapp.azure.com/rest/v1/json/dokumentti/lopullinen/KTAS/0173416-1/2023,ok,266d180557a58b220aacb75debff85a4d67f46b877ffd09f59ef848382d97822,160,32,0,0,,2026-08-18T16:46:35Z
0173787-2,KTAS,2023,lopullinen,https://prodkuntarest.westeurope.cloudapp.azure.com/rest/v1/json/dokumentti/lopullinen/KTAS/0173787-2/2023,ok,e579712842f451192f33e60d965730c98c24c30cfda1671752284fdf5cb41c49,158,32,0,0,,2026-08-18T16:46:35Z
0173835-7,KTAS,2023,lopullinen,https://prodkuntarest.westeurope.cloudapp.azure.com/rest/v1/json/dokumentti/lopullinen/KTAS/0173835-7/2023,ok,ddf9d63f57882fbf7021951c4105728e297786775400b0e26c8496c960b8b8db,160,32,0,0,,2026-08-18T16:46:35Z
0174035-0,KTAS,2023,lopullinen,https://prodkuntarest.westeurope.cloudapp.azure.com/rest/v1/json/dokumentti/lopullinen/KTAS/0174035-0/2023,ok,469425f6515030c4e0c55bea5cb2804909678290d8ff0e00c6d126fbde9db710,158,32,0,0,,2026-08-18T16:46:35Z
0174108-9,KTAS,2023,lopullinen,https://prodkuntarest.westeurope.cloudapp.azure.com/rest/v1/json/dokumentti/lopullinen/KTAS/0174108-9/2023,ok,2c717e2fbc50fc17c81431dc81acba384dd80ad250cc7ec48c4df26d4ff99bb9,158,32,0,0,,2026-08-18T16:46:35Z
0174666-4,KTAS,2023,lopullinen,https://prodkuntarest.westeurope.cloudapp.azure.com/rest/v1/json/dokumentti/lopullinen/KTAS/0174666-4/2023,ok,aaf25b0af6119b57c3f2cbbd6bdf8cbd0a7dd4fbc8edd28d6923246aebafb823,158,32,0,0,,2026-08-18T16:46:35Z
0175622-1,KTAS,2023,lopullinen,https://prodkuntarest.westeurope.cloudapp.azure.com/rest/v1/json/dokumentti/lopullinen/KTAS/0175622-1/2023,ok,448dca88747b3c931ec60b9a2fef2f698ab123fd873994b959a22e62b10c62f6,158,32,0,0,,2026-08-18T16:46:35Z
0175798-8,KTAS,2023,lopullinen,https://prodkuntarest.westeurope.cloudapp.azure.com/rest/v1/json/dokumentti/lopullinen/KTAS/0175798-8/2023,ok,ca72d56142c69ba596afe6a8d560fef37611328533fc65a88d088dc576e76a4c,158,32,0,0,,2026-08-18T16:46:35Z
0176150-6,KTAS,2023,jalkikorjattu,https://prodkuntarest.westeurope.cloudapp.azure.com/rest/v1/json/dokumentti/jalkikorjattu/KTAS/0176150-6/2023,ok,8b5b5c3a3dbcc23c4ddc6086f6f7c9fc5f31978d4dfc91b18b87c7cf2ef513ee,160,32,0,0,,2026-08-18T16:46:35Z
0176227-7,KTAS,2023,lopullinen,https://prodkuntarest.westeurope.cloudapp.azure.com/rest/v1/json/dokumentti/lopullinen/KTAS/0176227-7/2023,ok,812a2132895074d83b3059bb62a541643c54eb8557807681e22572556589ff70,158,32,0,0,,2026-08-18T16:46:35Z
0176357-9,KTAS,2023,lopullinen,https://prodkuntarest.westeurope.cloudapp.azure.com/rest/v1/json/dokumentti/lopullinen/KTAS/0176357-9/2023,ok,2feac6269a263bbec3915b87f80889bf43624cf46a98875e3692245004ff84e5,158,32,0,0,,2026-08-18T16:46:35Z
0176410-9,KTAS,2023,lopullinen,https://prodkuntarest.westeurope.cloudapp.azure.com/rest/v1/json/dokumentti/lopullinen/KTAS/0176410-9/2023,ok,9adc11805f9cad3969ee5e784e6a58f78a3c28698c45ecd99721744bada7c5a7,160,32,0,0,,2026-08-18T16:46:35Z
0176478-2,KTAS,2023,lopullinen,https://prodkuntarest.westeurope.cloudapp.azure.com/rest/v1/json/dokumentti/lopullinen/KTAS/0176478-2/2023,ok,e2055065b5c6f323d365d83dd7d2d44afc2b577595609f52c9abdf606f7352a7,158,32,0,0,,2026-08-18T16:46:35Z
0176592-9,KTAS,2023,lopullinen,https://prodkuntarest.westeurope.cloudapp.azure.com/rest/v1/json/dokumentti/lopullinen/KTAS/0176592-9/2023,ok,e780eff250844a09995c9a7d60a0d96bea443bd953d0600f12f3e9c1c3f3f1fa,158,32,0,0,,2026-08-18T16:46:35Z
0176699-9,KTAS,2023,lopullinen,https://prodkuntarest.westeurope.cloudapp.azure.com/rest/v1/json/dokumentti/lopullinen/KTAS/0176699-9/2023,ok,1197a5c1f353f13be572d726767a7bb935b2a96ad17c1c5b01a61050d4d7eb44,158,32,0,0,,2026-08-18T16:46:35Z
0176769-2,KTAS,2023,lopullinen,https://prodkuntarest.westeurope.cloudapp.azure.com/rest/v1/json/dokumentti/lopullinen/KTAS/0176769-2/2023,ok,6d8f1b11acaee2572bcdaccb0470689ddf8a1422a1f29be7cf54b5a2ee23abad,160,32,0,0,,2026-08-18T16:46:35Z
0176975-1,KTAS,2023,lopullinen,https://prodkuntarest.westeurope.cloudapp.azure.com/rest/v1/json/dokumentti/lopullinen/KTAS/0176975-1/2023,ok,130c40e2bdc16eeb4b039d02071a31fcfcef746b7c652516633a84f33ab6edc8,158,32,0,0,,2026-08-18T16:46:35Z
0177201-0,KTAS,2023,lopullinen,https://prodkuntarest.westeurope.cloudapp.azure.com/rest/v1/json/dokumentti/lopullinen/KTAS/0177201-0/2023,ok,14381dc040a3d13d1728e702952fb412453377b49b6ebcb5384ac0bade0d3377,160,32,0,0,,2026-08-18T16:46:35Z
0177224-8,KTAS,2023,lopullinen,https://prodkuntarest.westeurope.cloudapp.azure.com/rest/v1/json/dokumentti/lopullinen/KTAS/0177224-8/2023,ok,396853a498abcd193cb364feb18d900aea45aa13f2cf04b1ff728125ca93d97c,158,32,0,0,,2026-08-18T16:46:35Z
0177619-3,KTAS,2023,lopullinen,https://prodkuntarest.westeurope.cloudapp.azure.com/rest/v1/json/dokumentti/lopullinen/KTAS/0177619-3/2023,ok,7828a464aef008dbf20d8c183fc4bcdbd3fd299ff5a148677dffa936a8c4c67a,160,32,0,0,,2026-08-18T16:46:35Z
0177736-4,KTAS,2023,lopullinen,https://prodkuntarest.westeurope.cloudapp.azure.com/rest/v1/json/dokumentti/lopullinen/KTAS/0177736-4/2023,ok,378c473d1bb789b6fd2b82fcfbad2fa50711689c96c778e8b69cdb88b91569f2,158,32,0,0,,2026-08-18T16:46:35Z
0177804-1,KTAS,2023,lopullinen,https://prodkuntarest.westeurope.cloudapp.azure.com/rest/v1/json/dokumentti/lopullinen/KTAS/0177804-1/2023,ok,5d55ed44f06003431f1444378a2940edaa42bbaecbda32f740bf8d8faf9afbdd,158,32,0,0,,2026-08-18T16:46:35Z
0177826-0,KTAS,2023,lopullinen,https://prodkuntarest.westeurope.cloudapp.azure.com/rest/v1/json/dokumentti/lopullinen/KTAS/0177826-0/2023,ok,0e1980a58988782197567be58b7c6bea05978d3a013418c60bc0660df3203930,158,32,0,0,,2026-08-18T16:46:35Z
0178008-8,KTAS,2023,lopullinen,https://prodkuntarest.westeurope.cloudapp.azure.com/rest/v1/json/dokumentti/lopullinen/KTAS/0178008-8/2023,ok,b5f1e32544a3c4d42c23d9c69ca62a6e74a68b5e244dbabd1433e495d1fafd93,158,32,0,0,,2026-08-18T16:46:35Z
0178071-5,KTAS,2023,lopullinen,https://prodkuntarest.westeurope.cloudapp.azure.com/rest/v1/json/dokumentti/lopullinen/KTAS/0178071-5/2023,ok,ba671ceb8ee51d051f1a546a7535f2dfc17d524a641ee3b4982df11f82de6362,158,32,0,0,,2026-08-18T16:46:35Z
0178131-2,KTAS,2023,lopullinen,https://prodkuntarest.westeurope.cloudapp.azure.com/rest/v1/json/dokumentti/lopullinen/KTAS/0178131-2/2023,ok,692068d4f88d37195144277a61da47fea3e4816912b0310061a0e73c77ec54cc,158,32,0,0,,2026-08-18T16:46:35Z
0178455-6,KTAS,2023,lopullinen,https://prodkuntarest.westeurope.cloudapp.azure.com/rest/v1/json/dokumentti/lopullinen/KTAS/0178455-6/2023,ok,527bfb3bbd4d02dc084f1be31b8b1734cd98815b00599188584a0291c2066130,158,32,0,0,,2026-08-18T16:46:35Z
0178464-4,KTAS,2023,lopullinen,https://prodkuntarest.westeurope.cloudapp.azure.com/rest/v1/json/dokumentti/lopullinen/KTAS/0178464-4/2023,ok,cac8e14cff57300111f7e2f316136c85e0d1770ee7c25bcdee08fb3b1400c00f,158,32,0,0,,2026-08-18T16:46:35Z
0178498-6,KTAS,2023,lopullinen,https://prodkuntarest.westeurope.cloudapp.azure.com/rest/v1/json/dokumentti/lopullinen/KTAS/0178498-6/2023,ok,810d69e336b6405fda07359fe72943b3ec9aea7b67ed00f54f292184ebc2c656,158,32,0,0,,2026-08-18T16:46:35Z
0178718-3,KTAS,2023,lopullinen,https://prodkuntarest.westeurope.cloudapp.azure.com/rest/v1/json/dokumentti/lopullinen/KTAS/0178718-3/2023,ok,c2d9d5379a6e207bef3af979683806a240822dbad2a8b48e1e06fdfeee8d5e26,158,32,0,0,,2026-08-18T16:46:35Z
0178981-6,KTAS,2023,lopullinen,https://prodkuntarest.westeurope.cloudapp.azure.com/rest/v1/json/dokumentti/lopullinen/KTAS/0178981-6/2023,ok,04d02953a2ad463f0073180a3d95cea54bedc53f84c5697448e51849f8b8dd18,158,32,0,0,,2026-08-18T16:46:35Z
0179377-8,KTAS,2023,lopullinen,https://prodkuntarest.westeurope.cloudapp.azure.com/rest/v1/json/dokumentti/lopullinen/KTAS/0179377-8/2023,ok,d4b43dfcfdaa2c27123cce5a86dc7ab69853dffdf9257c8503f483d4dde221f9,158,32,0,0,,2026-08-18T16:46:35Z
0179699-5,KTAS,2023,lopullinen,https://prodkuntarest.westeurope.cloudapp.azure.com/rest/v1/json/dokumentti/lopullinen/KTAS/0179699-5/2023,ok,513b96a230833907a471a538adbde20a94e2aafb0059174b4b14990a63e9cf97,158,32,0,0,,2026-08-18T16:46:35Z
0180065-9,KTAS,2023,jalkikorjattu,https://prodkuntarest.westeurope.cloudapp.azure.com/rest/v1/json/dokumentti/jalkikorjattu/KTAS/0180065-9/2023,ok,c4843ff8a374044e12d15a7d9c46f4bfbdc9548b3c6b7c46711ea56f797eb942,160,32,0,0,,2026-08-18T16:46:35Z
0180117-6,KTAS,2023,lopullinen,https://prodkuntarest.westeurope.cloudapp.azure.com/rest/v1/json/dokumentti/lopullinen/KTAS/0180117-6/2023,ok,c2f5e09382292cc8cad17be23e900a49c0a8215dd7ee0a43ffa50828d9a6245b,158,32,0,0,,2026-08-18T16:46:35Z
0180451-0,KTAS,2023,lopullinen,https://prodkuntarest.westeurope.cloudapp.azure.com/rest/v1/json/dokumentti/lopullinen/KTAS/0180451-0/2023,ok,c0a3b70238183bb600a02ba7c5ee7679fa79063750fe16718ee50afd5ad04d26,158,32,0,0,,2026-08-18T16:46:35Z
0180516-9,KTAS,2023,lopullinen,https://prodkuntarest.westeurope.cloudapp.azure.com/rest/v1/json/dokumentti/lopullinen/KTAS/0180516-9/2023,ok,8af4658428855018b9fe5de9512d4d6b298134bdb4e9fcd4f8030d54f15a6e64,158,32,0,0,,2026-08-18T16:46:35Z
0180774-6,KTAS,2023,lopullinen,https://prodkuntarest.westeurope.cloudapp.azure.com/rest/v1/json/dokumentti/lopullinen/KTAS/0180774-6/2023,ok,f7180fe0df4c9891fa285aef871898976b42cba262d4575b3932d88f06fe7f5e,158,32,0,0,,2026-08-18T16:46:35Z
0180857-0,KTAS,2023,lopullinen,https://prodkuntarest.westeurope.cloudapp.azure.com/rest/v1/json/dokumentti/lopullinen/KTAS/0180857-0/2023,ok,f918b3ca0a70bd6dea5f0d02e3b6fef41ae557c5ced47e1669e02b55d19a8461,160,32,0,0,,2026-08-18T16:46:35Z
0180948-5,KTAS,2023,lopullinen,https://prodkuntarest.westeurope.cloudapp.azure.com/rest/v1/json/dokumentti/lopullinen/KTAS/0180948-5/2023,ok,bb8756246ff850ce782f43273f06f3c54b9dbd966dc48dcf0e75e48788ef064f,160,32,0,0,,2026-08-18T16:46:35Z
0181101-6,KTAS,2023,lopullinen,https://prodkuntarest.westeurope.cloudapp.azure.com/rest/v1/json/dokumentti/lopullinen/KTAS/0181101-6/2023,ok,c0294fd797c8581d2d95a8cd30729e31f57592aacfeebc35b349a8443963cf00,158,32,0,0,,2026-08-18T16:46:35Z
0181367-9,KTAS,2023,lopullinen,https://prodkuntarest.westeurope.cloudapp.azure.com/rest/v1/json/dokumentti/lopullinen/KTAS/0181367-9/2023,ok,4826f78817cfc216093666ff12002def6307f0efaee44e55d107243f40dc349e,158,32,0,0,,2026-08-18T16:46:35Z
0181464-7,KTAS,2023,lopullinen,https://prodkuntarest.westeurope.cloudapp.azure.com/rest/v1/json/dokumentti/lopullinen/KTAS/0181464-7/2023,ok,40be1704d0e705c4513d7805b84d2a6122c893f2d0fcc23fd2543084cf8fb297,158,32,0,0,,2026-08-18T16:46:35Z
0182637-3,KTAS,2023,lopullinen,https://prodkuntarest.westeurope.cloudapp.azure.com/rest/v1/json/dokumentti/lopullinen/KTAS/0182637-3/2023,ok,9fc303d5858dc50775afc42f6d3cbbb27735fa02575564fade29616d93887f7c,158,32,0,0,,2026-08-18T16:46:35Z
0182734-1,KTAS,2023,lopullinen,https://prodkuntarest.westeurope.cloudapp.azure.com/rest/v1/json/dokumentti/lopullinen/KTAS/0182734-1/2023,ok,401def77bd2294a3eb856334f043705971032591af78e735f2ee91c20001741b,158,32,0,0,,2026-08-18T16:46:35Z
0182779-8,KTAS,2023,lopullinen,https://prodkuntarest.westeurope.cloudapp.azure.com/rest/v1/json/dokumentti/lopullinen/KTAS/0182779-8/2023,ok,47f7dafde94420a675e780567312008e26f5a6e5fb118b3fa716bfda0d53a25a,158,32,0,0,,2026-08-18T16:46:35Z
0183077-8,KTAS,2023,lopullinen,https://prodkuntarest.westeurope.cloudapp.azure.com/rest/v1/json/dokumentti/lopullinen/KTAS/0183077-8/2023,ok,3fba3851a54060add2b0cef18a7f5b390b5b9511e72e40fd528717d0b5feae84,158,32,0,0,,2026-08-18T16:46:35Z
0184278-7,KTAS,2023,lopullinen,https://prodkuntarest.westeurope.cloudapp.azure.com/rest/v1/json/dokumentti/lopullinen/KTAS/0184278-7/2023,ok,aa994093fed90002fdee4f13a6bd26ba0c055738afedb2196cb22cbfde3ab478,158,32,0,0,,2026-08-18T16:46:35Z
0184318-1,KTAS,2023,lopullinen,https://prodkuntarest.westeurope.cloudapp.azure.com/rest/v1/json/dokumentti/lopullinen/KTAS/0184318-1/2023,ok,1bd951242143524d8eec8c6bc03165e2683c032cd8feb999f9b774cf238b3d90,158,32,0,0,,2026-08-18T16:46:35Z
0184622-7,KTAS,2023,lopullinen,https://prodkuntarest.westeurope.cloudapp.azure.com/rest/v1/json/dokumentti/lopullinen/KTAS/0184622-7/2023,ok,c5afe136cbbffa70baf30dc567eae64e2b8243695e3d0c8f923966d2dcb4f918,158,32,0,0,,2026-08-18T16:46:35Z
0184674-5,KTAS,2023,lopullinen,https://prodkuntarest.westeurope.cloudapp.azure.com/rest/v1/json/dokumentti/lopullinen/KTAS/0184674-5/2023,ok,21ebdb1a5e21c82cb6e8f713027f036710ebcd9732feabe06e0f69cd7ebd3e5b,158,32,0,0,,2026-08-18T16:46:35Z
0184872-4,KTAS,2023,lopullinen,https://prodkuntarest.westeurope.cloudapp.azure.com/rest/v1/json/dokumentti/lopullinen/KTAS/0184872-4/2023,ok,43b11624f7fb35f4eeec3259eef05f28786f38ff304014790bce3b7a839b7224,158,32,0,0,,2026-08-18T16:46:35Z
0184918-8,KTAS,2023,lopullinen,https://prodkuntarest.westeurope.cloudapp.azure.com/rest/v1/json/dokumentti/lopullinen/KTAS/0184918-8/2023,ok,f0120ebb4dc9671c941a115e5e4e937acbb0d3732019aa9b9b553085ccb51110,158,32,0,0,,2026-08-18T16:46:35Z
0185075-2,KTAS,2023,lopullinen,https://prodkuntarest.westeurope.cloudapp.azure.com/rest/v1/json/dokumentti/lopullinen/KTAS/0185075-2/2023,ok,9594eefc888151a2a0ad21912bf002cb452362ee9efb9eef93f7e460e0af33f3,158,32,0,0,,2026-08-18T16:46:35Z
0185924-7,KTAS,2023,lopullinen,https://prodkuntarest.westeurope.cloudapp.azure.com/rest/v1/json/dokumentti/lopullinen/KTAS/0185924-7/2023,ok,468bc20792166cee014e4ca06167380d0358346d1feefe887b1c1b4129805253,158,32,0,0,,2026-08-18T16:46:35Z
0186002-9,KTAS,2023,lopullinen,https://prodkuntarest.westeurope.cloudapp.azure.com/rest/v1/json/dokumentti/lopullinen/KTAS/0186002-9/2023,ok,e9f42ada4dc280f98097ea749b0dde35159828bb98722ee8f1d21affaec7fa74,158,32,0,0,,2026-08-18T16:46:35Z
0186204-0,KTAS,2023,lopullinen,https://prodkuntarest.westeurope.cloudapp.azure.com/rest/v1/json/dokumentti/lopullinen/KTAS/0186204-0/2023,ok,c599c359eb8324a6ae1048ff9b6db3b8c13d0a26b892143c7421f3c4c5b98017,158,32,0,0,,2026-08-18T16:46:35Z
0186418-5,KTAS,2023,lopullinen,https://prodkuntarest.westeurope.cloudapp.azure.com/rest/v1/json/dokumentti/lopullinen/KTAS/0186418-5/2023,ok,1b0a5ba9739d4966b28c91a36dabbc0ebc81fe6e234190d472f2e920344ca604,158,32,0,0,,2026-08-18T16:46:35Z
0186511-0,KTAS,2023,lopullinen,https://prodkuntarest.westeurope.cloudapp.azure.com/rest/v1/json/dokumentti/lopullinen/KTAS/0186511-0/2023,ok,c2c4b77a4f392c4c39366ee17a1f86234ea41936edadce6e10e9c412cb1ca572,158,32,0,0,,2026-08-18T16:46:35Z
0186553-2,KTAS,2023,lopullinen,https://prodkuntarest.westeurope.cloudapp.azure.com/rest/v1/json/dokumentti/lopullinen/KTAS/0186553-2/2023,ok,d999cd582ba6a247ce690a8b17a39918e7ec07b5df12fa37b7bcc84b2e34f69f,160,32,0,0,,2026-08-18T16:46:35Z
0186580-7,KTAS,2023,lopullinen,https://prodkuntarest.westeurope.cloudapp.azure.com/rest/v1/json/dokumentti/lopullinen/KTAS/0186580-7/2023,ok,3223087e8f908b17cc2ba17085b72c952ed1fe3bb7195e676017f606665a54b8,158,32,0,0,,2026-08-18T16:46:35Z
0186588-2,KTAS,2023,lopullinen,https://prodkuntarest.westeurope.cloudapp.azure.com/rest/v1/json/dokumentti/lopullinen/KTAS/0186588-2/2023,ok,15784863c067c0bd495689f3ba754651baf3842aed404ca8b52ea2cbe63d4416,158,32,0,0,,2026-08-18T16:46:35Z
0186646-3,KTAS,2023,lopullinen,https://prodkuntarest.westeurope.cloudapp.azure.com/rest/v1/json/dokumentti/lopullinen/KTAS/0186646-3/2023,ok,2720b8731bde32a34f42c07253f808973f5c11fb6fa8c42f6cc7533c5e56922e,158,32,0,0,,2026-08-18T16:46:35Z
0186757-0,KTAS,2023,lopullinen,https://prodkuntarest.westeurope.cloudapp.azure.com/rest/v1/json/dokumentti/lopullinen/KTAS/0186757-0/2023,ok,b849ff70cb8c109b7333814fad534ab099689f045087ae345ff820696171dea7,158,32,0,0,,2026-08-18T16:46:35Z
0186852-2,KTAS,2023,lopullinen,https://prodkuntarest.westeurope.cloudapp.azure.com/rest/v1/json/dokumentti/lopullinen/KTAS/0186852-2/2023,ok,166d4fa6cacff0f5c2ec9aac7569a226ef408de6d32fc8cdcbfca5c7b461913f,160,32,0,0,,2026-08-18T16:46:35Z
0187690-1,KTAS,2023,lopullinen,https://prodkuntarest.westeurope.cloudapp.azure.com/rest/v1/json/dokumentti/lopullinen/KTAS/0187690-1/2023,ok,bd27d048df4921b1d43324fdc6d5cbdc09ca9cd3cf8819d698c0092ab1666fd2,158,32,0,0,,2026-08-18T16:46:35Z
0188808-0,KTAS,2023,lopullinen,https://prodkuntarest.westeurope.cloudapp.azure.com/rest/v1/json/dokumentti/lopullinen/KTAS/0188808-0/2023,ok,bd9d86d74400719a6cac04befd880fcd6dbd0fe15405de149125d3219e3af1e8,158,32,0,0,,2026-08-18T16:46:35Z
0188962-2,KTAS,2023,lopullinen,https://prodkuntarest.westeurope.cloudapp.azure.com/rest/v1/json/dokumentti/lopullinen/KTAS/0188962-2/2023,ok,163cb0eddf44a522e076a1b2a528b38becae3ef42c95c9af33331583f3b14dbd,158,32,0,0,,2026-08-18T16:46:35Z
0189019-9,KTAS,2023,lopullinen,https://prodkuntarest.westeurope.cloudapp.azure.com/rest/v1/json/dokumentti/lopullinen/KTAS/0189019-9/2023,ok,3b428fdd785ee65689c17fde6dce104fa81c3d386e79be34435c23a4f99b7d3f,158,32,0,0,,2026-08-18T16:46:35Z
0189081-8,KTAS,2023,lopullinen,https://prodkuntarest.westeurope.cloudapp.azure.com/rest/v1/json/dokumentti/lopullinen/KTAS/0189081-8/2023,ok,4aba7c0219a1f942adc18e043cd355f1d70712696ebd1d04900235a3ff317636,158,32,0,0,,2026-08-18T16:46:35Z
0189127-1,KTAS,2023,lopullinen,https://prodkuntarest.westeurope.cloudapp.azure.com/rest/v1/json/dokumentti/lopullinen/KTAS/0189127-1/2023,ok,3967b608e0fc366d2bbb10d04595cd5b3ad1ef684da5e3125ee1702cb25168d0,160,32,0,0,,2026-08-18T16:46:35Z
0189226-6,KTAS,2023,lopullinen,https://prodkuntarest.westeurope.cloudapp.azure.com/rest/v1/json/dokumentti/lopullinen/KTAS/0189226-6/2023,ok,aee6ded72ebe8cb6ce384b74c4a263590345029582ab03a260fb7d1c2a100c33,158,32,0,0,,2026-08-18T16:46:35Z
0189548-3,KTAS,2023,lopullinen,https://prodkuntarest.westeurope.cloudapp.azure.com/rest/v1/json/dokumentti/lopullinen/KTAS/0189548-3/2023,ok,b31e5abe8beadc9b9616c5b6f305720d9d0cf95d532ea805f77d57e328db665a,158,32,0,0,,2026-08-18T16:46:35Z
0189576-6,KTAS,2023,lopullinen,https://prodkuntarest.westeurope.cloudapp.azure.com/rest/v1/json/dokumentti/lopullinen/KTAS/0189576-6/2023,ok,ed5f3730ccf9c3e4e603cd76c366bcffd4db07aade1811f31168c764aa27198b,158,32,0,0,,2026-08-18T16:46:35Z
0189615-2,KTAS,2023,lopullinen,https://prodkuntarest.westeurope.cloudapp.azure.com/rest/v1/json/dokumentti/lopullinen/KTAS/0189615-2/2023,ok,5aec51935f0f0aa5d75e9d54b3e8ad7ec29866f9067c8fde365df9070750590c,158,32,0,0,,2026-08-18T16:46:35Z
0189766-5,KTAS,2023,lopullinen,https://prodkuntarest.westeurope.cloudapp.azure.com/rest/v1/json/dokumentti/lopullinen/KTAS/0189766-5/2023,ok,d6c9769aee708209e45c6a358721cdd9fd9e0576e8e8b1131dfa60374a006f2f,158,32,0,0,,2026-08-18T16:46:35Z
0189925-7,KTAS,2023,lopullinen,https://prodkuntarest.westeurope.cloudapp.azure.com/rest/v1/json/dokumentti/lopullinen/KTAS/0189925-7/2023,ok,70faf48e91f85673447ab343c15c0ac3a2acb25c959052c2061504d671e98f24,158,32,0,0,,2026-08-18T16:46:35Z
0190027-0,KTAS,2023,lopullinen,https://prodkuntarest.westeurope.cloudapp.azure.com/rest/v1/json/dokumentti/lopullinen/KTAS/0190027-0/2023,ok,4f572c9d8b7814df9f6807c7876b860ff958f5d322c93a77e2642e78d2b9d61e,158,32,0,0,,2026-08-18T16:46:35Z
0190100-3,KTAS,2023,lopullinen,https://prodkuntarest.westeurope.cloudapp.azure.com/rest/v1/json/dokumentti/lopullinen/KTAS/0190100-3/2023,ok,10a7073b6e47afe163e749bdc62773cca49943db6a68d57914bda9e29c852b62,158,32,0,0,,2026-08-18T16:46:35Z
0190140-9,KTAS,2023,lopullinen,https://prodkuntarest.westeurope.cloudapp.azure.com/rest/v1/json/dokumentti/lopullinen/KTAS/0190140-9/2023,ok,be3603be7e718d712a94511f39f774ba31de0dc7bf7566e9e513065b88c5b1d9,158,32,0,0,,2026-08-18T16:46:35Z
0190224-1,KTAS,2023,lopullinen,https://prodkuntarest.westeurope.cloudapp.azure.com/rest/v1/json/dokumentti/lopullinen/KTAS/0190224-1/2023,ok,1533b6cc40da1558dbb8d7f0cb10c844c167bab127f12e5e3c2d622ad921844d,158,32,0,0,,2026-08-18T16:46:35Z
0190557-3,KTAS,2023,lopullinen,https://prodkuntarest.westeurope.cloudapp.azure.com/rest/v1/json/dokumentti/lopullinen/KTAS/0190557-3/2023,ok,3693523d21dbfc5e07e010b065ea972701267102c367ea4ca12eb36cac282fdd,158,32,0,0,,2026-08-18T16:46:35Z
0190662-1,KTAS,2023,lopullinen,https://prodkuntarest.westeurope.cloudapp.azure.com/rest/v1/json/dokumentti/lopullinen/KTAS/0190662-1/2023,ok,48a2f009f9aad3120f2bfb897bfc95db9c46327fa9af40be941fbfd352c52eb1,158,32,0,0,,2026-08-18T16:46:35Z
0190758-7,KTAS,2023,lopullinen,https://prodkuntarest.westeurope.cloudapp.azure.com/rest/v1/json/dokumentti/lopullinen/KTAS/0190758-7/2023,ok,38a7e766d7251784e30c7c53793923f2403c8ccb7f5e2ea811b404a459b60cdd,158,32,0,0,,2026-08-18T16:46:35Z
0191406-6,KTAS,2023,lopullinen,https://prodkuntarest.westeurope.cloudapp.azure.com/rest/v1/json/dokumentti/lopullinen/KTAS/0191406-6/2023,ok,f005aad3c54b03a5b0ed52059573a202d5dffb971539c231de1aa61f1e85a7b8,158,32,0,0,,2026-08-18T16:46:35Z
0191528-8,KTAS,2023,lopullinen,https://prodkuntarest.westeurope.cloudapp.azure.com/rest/v1/json/dokumentti/lopullinen/KTAS/0191528-8/2023,ok,55c992cbec447eacf4742982790f6ac0faa9c5768a30432f0ae5a8ff7f4d92c1,158,32,0,0,,2026-08-18T16:46:35Z
0191717-9,KTAS,2023,lopullinen,https://prodkuntarest.westeurope.cloudapp.azure.com/rest/v1/json/dokumentti/lopullinen/KTAS/0191717-9/2023,ok,35b1df04d7bbe8196246dec8ee587b6d6d9f02694cbb6e8f22f26bc7f91d7c19,158,32,0,0,,2026-08-18T16:46:35Z
0191824-3,KTAS,2023,lopullinen,https://prodkuntarest.westeurope.cloudapp.azure.com/rest/v1/json/dokumentti/lopullinen/KTAS/0191824-3/2023,ok,719f702b222e305d37f649a08bc5472b175c4a5a27f2d6a831a79da763681ecf,158,32,0,0,,2026-08-18T16:46:35Z
0191866-5,KTAS,2023,lopullinen,https://prodkuntarest.westeurope.cloudapp.azure.com/rest/v1/json/dokumentti/lopullinen/KTAS/0191866-5/2023,ok,a30672b3f07030d333a2276a132e781ff807d424d9870ad186cba130d0daad66,158,32,0,0,,2026-08-18T16:46:35Z
0191908-6,KTAS,2023,lopullinen,https://prodkuntarest.westeurope.cloudapp.azure.com/rest/v1/json/dokumentti/lopullinen/KTAS/0191908-6/2023,ok,04806615261c1da6758effe2471b52a71290ca6d461669dbd883aaf631b5dbcd,158,32,0,0,,2026-08-18T16:46:35Z
0191974-8,KTAS,2023,lopullinen,https://prodkuntarest.westeurope.cloudapp.azure.com/rest/v1/json/dokumentti/lopullinen/KTAS/0191974-8/2023,ok,e3a1d414a82f1133e62d6815d1f8824059e3fc780fb7c3c8aa35bf1b082b211d,158,32,0,0,,2026-08-18T16:46:35Z
0192936-4,KTAS,2023,lopullinen,https://prodkuntarest.westeurope.cloudapp.azure.com/rest/v1/json/dokumentti/lopullinen/KTAS/0192936-4/2023,ok,fd9eb81a6cafe44b39943b91abc0a8ccffa746affb6f0842cce7b5eef8fa8741,158,32,0,0,,2026-08-18T16:46:35Z
0193015-4,KTAS,2023,lopullinen,https://prodkuntarest.westeurope.cloudapp.azure.com/rest/v1/json/dokumentti/lopullinen/KTAS/0193015-4/2023,ok,1e20eb0423fd2e0b42728ca7a030d50b20178b80191761af8faf1cf1713ee97b,158,32,0,0,,2026-08-18T16:46:35Z
0193169-1,KTAS,2023,lopullinen,https://prodkuntarest.westeurope.cloudapp.azure.com/rest/v1/json/dokumentti/lopullinen/KTAS/0193169-1/2023,ok,978138bf4ff831efd3a6868385ada7dbccfde9bae6f8ebce43ceee64854d2c39,158,32,0,0,,2026-08-18T16:46:35Z
0193249-1,KTAS,2023,lopullinen,https://prodkuntarest.westeurope.cloudapp.azure.com/rest/v1/json/dokumentti/lopullinen/KTAS/0193249-1/2023,ok,e93c9bc0242521a0e6a34de66c3e0554323c25617a52d942d53160338d838ab5,158,32,0,0,,2026-08-18T16:46:35Z
0193524-6,KTAS,2023,lopullinen,https://prodkuntarest.westeurope.cloudapp.azure.com/rest/v1/json/dokumentti/lopullinen/KTAS/0193524-6/2023,ok,82ddce2ef2ccc19d9f048de54a9e6698519014e9793ac9dd6f5d4233fa3f8065,160,32,0,0,,2026-08-18T16:46:35Z
0193729-2,KTAS,2023,lopullinen,https://prodkuntarest.westeurope.cloudapp.azure.com/rest/v1/json/dokumentti/lopullinen/KTAS/0193729-2/2023,ok,083070f61934e8ae9690265442064998d97cef6c442ac5f3334c69594566991a,158,32,0,0,,2026-08-18T16:46:35Z
0198517-1,KTAS,2023,lopullinen,https://prodkuntarest.westeurope.cloudapp.azure.com/rest/v1/json/dokumentti/lopullinen/KTAS/0198517-1/2023,ok,5a6499eec90647f5abcadbbd9436d50a3c16562c6ec2150319dfefe46051a045,160,32,0,0,,2026-08-18T16:46:35Z
0201256-6,KTAS,2023,lopullinen,https://prodkuntarest.westeurope.cloudapp.azure.com/rest/v1/json/dokumentti/lopullinen/KTAS/0201256-6/2023,ok,d03f9dbce24d74da18f293e30e1e7aedfeae81440fe592dc865fdc0bf137c624,158,32,0,0,,2026-08-18T16:46:35Z
0201296-1,KTAS,2023,lopullinen,https://prodkuntarest.westeurope.cloudapp.azure.com/rest/v1/json/dokumentti/lopullinen/KTAS/0201296-1/2023,ok,beb1a20e10a350ba277184f15fcc93bd7df72dbf34c4a6508f9eaa531b88bb62,158,32,0,0,,2026-08-18T16:46:35Z
0202691-7,KTAS,2023,lopullinen,https://prodkuntarest.westeurope.cloudapp.azure.com/rest/v1/json/dokumentti/lopullinen/KTAS/0202691-7/2023,ok,ee3f8f8e1f672f84fada0e6f6d569e586f62e52037b349679bb9916983305ab2,158,32,0,0,,2026-08-18T16:46:35Z
0203026-2,KTAS,2023,lopullinen,https://prodkuntarest.westeurope.cloudapp.azure.com/rest/v1/json/dokumentti/lopullinen/KTAS/0203026-2/2023,ok,e14c99b252e123c5ff9b4d800ca38efe0e178fabf6f28a62ee04a244f0ac75f4,158,32,0,0,,2026-08-18T16:46:35Z
0203107-0,KTAS,2023,lopullinen,https://prodkuntarest.westeurope.cloudapp.azure.com/rest/v1/json/dokumentti/lopullinen/KTAS/0203107-0/2023,ok,f4a2a099c81addfa923b4cfd1a59f1cb259de1ad3a27399876af9ade696229fd,160,32,0,0,,2026-08-18T16:46:35Z
0203135-3,KTAS,2023,lopullinen,https://prodkuntarest.westeurope.cloudapp.azure.com/rest/v1/json/dokumentti/lopullinen/KTAS/0203135-3/2023,ok,e720fcb12c28ae20706f64735cb4744407146647dc2743e6f5f26d457f11c266,160,32,0,0,,2026-08-18T16:46:35Z
0203167-9,KTAS,2023,lopullinen,https://prodkuntarest.westeurope.cloudapp.azure.com/rest/v1/json/dokumentti/lopullinen/KTAS/0203167-9/2023,ok,b7793948c77cd8bb163e9c3fea90ca63466e0a6861122e42126279cd26a037d2,160,32,0,0,,2026-08-18T16:46:35Z
0203263-9,KTAS,2023,lopullinen,https://prodkuntarest.westeurope.cloudapp.azure.com/rest/v1/json/dokumentti/lopullinen/KTAS/0203263-9/2023,ok,9c63a808fb467249716aad11a0f745941040ae1e6112b2c129e34b2c35d7de3e,158,32,0,0,,2026-08-18T16:46:35Z
0203282-3,KTAS,2023,lopullinen,https://prodkuntarest.westeurope.cloudapp.azure.com/rest/v1/json/dokumentti/lopullinen/KTAS/0203282-3/2023,ok,e28510cae2a5a84005ad0c7fbad5dfbd39579352881d72e0e62e5ee341ca77a2,158,32,0,0,,2026-08-18T16:46:35Z
0203394-9,KTAS,2023,lopullinen,https://prodkuntarest.westeurope.cloudapp.azure.com/rest/v1/json/dokumentti/lopullinen/KTAS/0203394-9/2023,ok,11dde3a5f96d0d4bfc855d07edf9951a8f47336a5946b78cc75e86b8c02ab9de,158,32,0,0,,2026-08-18T16:46:35Z
0203533-8,KTAS,2023,lopullinen,https://prodkuntarest.westeurope.cloudapp.azure.com/rest/v1/json/dokumentti/lopullinen/KTAS/0203533-8/2023,ok,e36ede108bfec9d8da6098b81a9ede1137779e8d34e744fca1db6a9ff01ad0a1,160,32,0,0,,2026-08-18T16:46:35Z
0203762-4,KTAS,2023,lopullinen,https://prodkuntarest.westeurope.cloudapp.azure.com/rest/v1/json/dokumentti/lopullinen/KTAS/0203762-4/2023,ok,e03d989fd04d947b9e43279c2baa61b94641ed15a0360c21492154b4403342b2,160,32,0,0,,2026-08-18T16:46:35Z
0203797-4,KTAS,2023,lopullinen,https://prodkuntarest.westeurope.cloudapp.azure.com/rest/v1/json/dokumentti/lopullinen/KTAS/0203797-4/2023,ok,b21d79475d7a7120f2c0fdac582dc1cfdfc83f3aa4b033f2cb46539729e84e23,158,32,0,0,,2026-08-18T16:46:35Z
0203925-9,KTAS,2023,lopullinen,https://prodkuntarest.westeurope.cloudapp.azure.com/rest/v1/json/dokumentti/lopullinen/KTAS/0203925-9/2023,ok,d91b572e821ce2f3224742595a6d825fe2bc4e327fb83c0f82e9318f6596afce,158,32,0,0,,2026-08-18T16:46:35Z
0203929-1,KTAS,2023,lopullinen,https://prodkuntarest.westeurope.cloudapp.azure.com/rest/v1/json/dokumentti/lopullinen/KTAS/0203929-1/2023,ok,a6edad63107ec21c11e6624a080d91e992a8319db6d38f5ff2a0a292ce08f31e,158,32,0,0,,2026-08-18T16:46:35Z
0204023-3,KTAS,2023,lopullinen,https://prodkuntarest.westeurope.cloudapp.azure.com/rest/v1/json/dokumentti/lopullinen/KTAS/0204023-3/2023,ok,3eb4c6ab5fb6a3569a2642f1e7b8760bf5df15ae4119c56024df9b7d24edfd8c,158,32,0,0,,2026-08-18T16:46:35Z
0204064-7,KTAS,2023,lopullinen,https://prodkuntarest.westeurope.cloudapp.azure.com/rest/v1/json/dokumentti/lopullinen/KTAS/0204064-7/2023,ok,543663f3bb3cede4bd77ee869fd3589d8c23a3247d1cd26e7ac8093dd1d2d369,158,32,0,0,,2026-08-18T16:46:35Z
0204213-2,KTAS,2023,lopullinen,https://prodkuntarest.westeurope.cloudapp.azure.com/rest/v1/json/dokumentti/lopullinen/KTAS/0204213-2/2023,ok,f3bb2c96c988451b990f06eaf076fc70414657454a890b66b6c675c9318a0134,158,32,0,0,,2026-08-18T16:46:35Z
0204403-1,KTAS,2023,lopullinen,https://prodkuntarest.westeurope.cloudapp.azure.com/rest/v1/json/dokumentti/lopullinen/KTAS/0204403-1/2023,ok,efeffaa08389bd6eb07cf4dcee0f1aac7d48a248ea12ad10dbc33d3f3e005a0b,160,32,0,0,,2026-08-18T16:46:35Z
0204411-1,KTAS,2023,lopullinen,https://prodkuntarest.westeurope.cloudapp.azure.com/rest/v1/json/dokumentti/lopullinen/KTAS/0204411-1/2023,ok,b9fd1a6050c567d41d199d7deb31640a2bd21637435a1038ef0399774f5864c1,158,32,0,0,,2026-08-18T16:46:35Z
0204419-7,KTAS,2023,lopullinen,https://prodkuntarest.westeurope.cloudapp.azure.com/rest/v1/json/dokumentti/lopullinen/KTAS/0204419-7/2023,ok,55ed58b0c0ba7faaaa63c9a9a2bcf7bc33af3f4a8678e79fd11988de3926528d,158,32,0,0,,2026-08-18T16:46:35Z
0204427-7,KTAS,2023,lopullinen,https://prodkuntarest.westeurope.cloudapp.azure.com/rest/v1/json/dokumentti/lopullinen/KTAS/0204427-7/2023,ok,74ddf3eeb7ff2ef49b24ca0b689ab9dfeca34b1036ab624306364acd767e8b0a,158,32,0,0,,2026-08-18T16:46:35Z
0204428-5,KTAS,2023,lopullinen,https://prodkuntarest.westeurope.cloudapp.azure.com/rest/v1/json/dokumentti/lopullinen/KTAS/0204428-5/2023,ok,ef854163d42d6d5a14173e0524753cec14cc86cca84f5082832e0484d88e42b2,158,32,0,0,,2026-08-18T16:46:35Z
0204524-5,KTAS,2023,lopullinen,https://prodkuntarest.westeurope.cloudapp.azure.com/rest/v1/json/dokumentti/lopullinen/KTAS/0204524-5/2023,ok,289f95319fbfa468dc9357ef13c7ce339191791d8431b45e715650f0aec51ca6,160,32,0,0,,2026-08-18T16:46:35Z
0204819-8,KTAS,2023,lopullinen,https://prodkuntarest.westeurope.cloudapp.azure.com/rest/v1/json/dokumentti/lopullinen/KTAS/0204819-8/2023,ok,da91d4e171fa7e18dc60a3bea2f22d785e400a2d7d5d99fb06a3c029bdf05948,158,32,0,0,,2026-08-18T16:46:35Z
0204910-7,KTAS,2023,lopullinen,https://prodkuntarest.westeurope.cloudapp.azure.com/rest/v1/json/dokumentti/lopullinen/KTAS/0204910-7/2023,ok,9c8d1d93d78dd0a9bb160e5a771d4777205f62f73fcab1749ef7284f9a312b09,158,32,0,0,,2026-08-18T16:46:35Z
0204964-1,KTAS,2023,lopullinen,https://prodkuntarest.westeurope.cloudapp.azure.com/rest/v1/json/dokumentti/lopullinen/KTAS/0204964-1/2023,ok,1d893cc6b3872e829037355228051138102e7288f680bbb2e8b45530dfc47b01,158,32,0,0,,2026-08-18T16:46:35Z
0205303-4,KTAS,2023,lopullinen,https://prodkuntarest.westeurope.cloudapp.azure.com/rest/v1/json/dokumentti/lopullinen/KTAS/0205303-4/2023,ok,661a22c4c4e1bdb190310c53bbfccf092c1439fd262fc94578970f1b81e0528f,158,32,0,0,,2026-08-18T16:46:35Z
0205717-4,KTAS,2023,lopullinen,https://prodkuntarest.westeurope.cloudapp.azure.com/rest/v1/json/dokumentti/lopullinen/KTAS/0205717-4/2023,ok,1c9ee836daadb17c2b330db204603b61939bd4201182c5997e7a1c64e4c5aeeb,160,32,0,0,,2026-08-18T16:46:35Z
0205809-7,KTAS,2023,lopullinen,https://prodkuntarest.westeurope.cloudapp.azure.com/rest/v1/json/dokumentti/lopullinen/KTAS/0205809-7/2023,ok,522250e7e6d48499c3819eb6218c3edd5613d95395626d36dd6c4f38c6499a76,158,32,0,0,,2026-08-18T16:46:35Z
0206289-7,KTAS,2023,lopullinen,https://prodkuntarest.westeurope.cloudapp.azure.com/rest/v1/json/dokumentti/lopullinen/KTAS/0206289-7/2023,ok,16bb92a556de4c5c446d6708e2a284594d35cd074f6ab3029374ce8af93e9993,160,32,0,0,,2026-08-18T16:46:35Z
0206333-9,KTAS,2023,lopullinen,https://prodkuntarest.westeurope.cloudapp.azure.com/rest/v1/json/dokumentti/lopullinen/KTAS/0206333-9/2023,ok,33e1c5e1e46074f14a49bfa76cb322125245d9c98ccec2ce664c26ce3761c14c,158,32,0,0,,2026-08-18T16:46:35Z
0206714-5,KTAS,2023,lopullinen,https://prodkuntarest.westeurope.cloudapp.azure.com/rest/v1/json/dokumentti/lopullinen/KTAS/0206714-5/2023,ok,7d7305bb86611fa15810f16600ef07a6e0c8df12e71c5a40388930dcc7cd5469,158,32,0,0,,2026-08-18T16:46:35Z
0206951-1,KTAS,2023,lopullinen,https://prodkuntarest.westeurope.cloudapp.azure.com/rest/v1/json/dokumentti/lopullinen/KTAS/0206951-1/2023,ok,490a367e4a148b0e62dd30ed50fcc6d81b53cf3fdd8a18f61ab299e7f939871b,158,32,0,0,,2026-08-18T16:46:35Z
0207033-6,KTAS,2023,lopullinen,https://prodkuntarest.westeurope.cloudapp.azure.com/rest/v1/json/dokumentti/lopullinen/KTAS/0207033-6/2023,ok,764593911de4282ac74099b0230c3f7ae42304080428a17cd90db8d24e123cbb,158,32,0,0,,2026-08-18T16:46:35Z
0207112-8,KTAS,2023,lopullinen,https://prodkuntarest.westeurope.cloudapp.azure.com/rest/v1/json/dokumentti/lopullinen/KTAS/0207112-8/2023,ok,effadc4cb65a08b8ab63784454deb50e2b8525d4a85bec7190f0e88d58f46ddf,158,32,0,0,,2026-08-18T16:46:35Z
0207390-8,KTAS,2023,lopullinen,https://prodkuntarest.westeurope.cloudapp.azure.com/rest/v1/json/dokumentti/lopullinen/KTAS/0207390-8/2023,ok,24561ac3476f2518ab6839137ce582f6e3b966b58b40f89c547c5acead2c5ffb,158,32,0,0,,2026-08-18T16:46:35Z
0207604-1,KTAS,2023,lopullinen,https://prodkuntarest.westeurope.cloudapp.azure.com/rest/v1/json/dokumentti/lopullinen/KTAS/0207604-1/2023,ok,e1570763211f5f9a31d1cc896145f8edd11ce47e5011d3d77fe4ed127f435d54,160,32,0,0,,2026-08-18T16:46:35Z
0207669-0,KTAS,2023,lopullinen,https://prodkuntarest.westeurope.cloudapp.azure.com/rest/v1/json/dokumentti/lopullinen/KTAS/0207669-0/2023,ok,c874157bbc8cfdd2f327dc8d8b3693b9a6a391ce551f4913f3375eda949b03fe,160,32,0,0,,2026-08-18T16:46:35Z
0208061-4,KTAS,2023,lopullinen,https://prodkuntarest.westeurope.cloudapp.azure.com/rest/v1/json/dokumentti/lopullinen/KTAS/0208061-4/2023,ok,fb890cd41c8cb17a31c2ca7cbc40e8b98e5767b4dcc9a9c6aa5418e3772a3e72,158,32,0,0,,2026-08-18T16:46:35Z
0208201-1,KTAS,2023,lopullinen,https://prodkuntarest.westeurope.cloudapp.azure.com/rest/v1/json/dokumentti/lopullinen/KTAS/0208201-1/2023,ok,d95184083d0f8b821652093a873e2695ef6f6d9785b18f51faf1f407d0356c1c,156,32,0,0,,2026-08-18T16:46:35Z
0208388-2,KTAS,2023,lopullinen,https://prodkuntarest.westeurope.cloudapp.azure.com/rest/v1/json/dokumentti/lopullinen/KTAS/0208388-2/2023,ok,9f08aa7b2a3535b103a0880c1ba571805d4bf4c8f9e09abf783f2853932cab10,158,32,0,0,,2026-08-18T16:46:35Z
0208471-1,KTAS,2023,lopullinen,https://prodkuntarest.westeurope.cloudapp.azure.com/rest/v1/json/dokumentti/lopullinen/KTAS/0208471-1/2023,ok,0624d992132d6c53085a61082b92d142a289c467de6d39df2c995a9943d0aef7,158,32,0,0,,2026-08-18T16:46:35Z
0208573-0,KTAS,2023,lopullinen,https://prodkuntarest.westeurope.cloudapp.azure.com/rest/v1/json/dokumentti/lopullinen/KTAS/0208573-0/2023,ok,c5b6b6f3c6c84a8034ac18a195a0197b1662f378707478bf8f0dbb34a0565e2c,158,32,0,0,,2026-08-18T16:46:35Z
0208589-6,KTAS,2023,lopullinen,https://prodkuntarest.westeurope.cloudapp.azure.com/rest/v1/json/dokumentti/lopullinen/KTAS/0208589-6/2023,ok,e239ff2489b4cb4639ac0f812dce1e25902914b43ab322f9d7815bef51cc80c6,158,32,0,0,,2026-08-18T16:46:35Z
0208787-5,KTAS,2023,lopullinen,https://prodkuntarest.westeurope.cloudapp.azure.com/rest/v1/json/dokumentti/lopullinen/KTAS/0208787-5/2023,ok,ec7221e98dd86954d3d3b1c77bfc45de672252225603d157d8cf608f17899c6c,158,32,0,0,,2026-08-18T16:46:35Z
0208852-8,KTAS,2023,lopullinen,https://prodkuntarest.westeurope.cloudapp.azure.com/rest/v1/json/dokumentti/lopullinen/KTAS/0208852-8/2023,ok,dcaed45d13a21a2d48da9019d8ae7ef201c93aadc39cdf4b5b33f21412a8fb6f,158,32,0,0,,2026-08-18T16:46:35Z
0208916-8,KTAS,2023,lopullinen,https://prodkuntarest.westeurope.cloudapp.azure.com/rest/v1/json/dokumentti/lopullinen/KTAS/0208916-8/2023,ok,95b66dc102900b5b144fe7928f05fb34bd60771118ed5e4a8634f701785331d1,160,32,0,0,,2026-08-18T16:46:35Z
0209021-4,KTAS,2023,lopullinen,https://prodkuntarest.westeurope.cloudapp.azure.com/rest/v1/json/dokumentti/lopullinen/KTAS/0209021-4/2023,ok,ff8d612fc1ff8f5c5eaea7a0d2a69c79464b6fa70294b969e5df2fdc56789318,160,32,0,0,,2026-08-18T16:46:35Z
0209046-8,KTAS,2023,lopullinen,https://prodkuntarest.westeurope.cloudapp.azure.com/rest/v1/json/dokumentti/lopullinen/KTAS/0209046-8/2023,ok,2df704b9556c7620b7c76965b30984d0be315376cbc7a5bbe4c3d2ad345d200d,158,32,0,0,,2026-08-18T16:46:35Z
0209113-7,KTAS,2023,lopullinen,https://prodkuntarest.westeurope.cloudapp.azure.com/rest/v1/json/dokumentti/lopullinen/KTAS/0209113-7/2023,ok,b3eb816ecf8a85913a68b9a1163042f1f46bab0073961285ba0d087da4d7e167,158,32,0,0,,2026-08-18T16:46:35Z
0209242-0,KTAS,2023,lopullinen,https://prodkuntarest.westeurope.cloudapp.azure.com/rest/v1/json/dokumentti/lopullinen/KTAS/0209242-0/2023,ok,9a873725a0c52588e2604b3f3a61cb476c4e12fc09768b5e8e2733faf8cbb02a,158,32,0,0,,2026-08-18T16:46:35Z
0209271-1,KTAS,2023,jalkikorjattu,https://prodkuntarest.westeurope.cloudapp.azure.com/rest/v1/json/dokumentti/jalkikorjattu/KTAS/0209271-1/2023,ok,5d91dcd492e51ae0995a3c22c119a9afb9554a4d12fa90e780cbea3e398d5b5a,158,32,0,0,,2026-08-18T16:46:35Z
0209602-6,KTAS,2023,lopullinen,https://prodkuntarest.westeurope.cloudapp.azure.com/rest/v1/json/dokumentti/lopullinen/KTAS/0209602-6/2023,ok,9f4d074e954b8fdca22d3142cae115a45387a36d47f3929c61db9c8884e7c805,158,32,0,0,,2026-08-18T16:46:35Z
0209756-3,KTAS,2023,lopullinen,https://prodkuntarest.westeurope.cloudapp.azure.com/rest/v1/json/dokumentti/lopullinen/KTAS/0209756-3/2023,ok,b91d260dbeac9c9430979ce0ec505b5c775e42467ac5ae596894cba575f0cf8a,158,32,0,0,,2026-08-18T16:46:35Z
0210007-2,KTAS,2023,lopullinen,https://prodkuntarest.westeurope.cloudapp.azure.com/rest/v1/json/dokumentti/lopullinen/KTAS/0210007-2/2023,ok,fb9c36435506e419f3951c9030ae25555cdbb16d0abd6ee885a08606a0966ad0,158,32,0,0,,2026-08-18T16:46:35Z
0210010-1,KTAS,2023,lopullinen,https://prodkuntarest.westeurope.cloudapp.azure.com/rest/v1/json/dokumentti/lopullinen/KTAS/0210010-1/2023,ok,0b48bca80121217789b15109649b5924ec89632e0bbf35bfda1e186a680f434a,158,32,0,0,,2026-08-18T16:46:35Z
0210261-7,KTAS,2023,lopullinen,https://prodkuntarest.westeurope.cloudapp.azure.com/rest/v1/json/dokumentti/lopullinen/KTAS/0210261-7/2023,ok,c7f25f361fd3637b6edaa7b5a83995414e5b42610572073153b0ed471c209a73,160,32,0,0,,2026-08-18T16:46:35Z
0210286-0,KTAS,2023,lopullinen,https://prodkuntarest.westeurope.cloudapp.azure.com/rest/v1/json/dokumentti/lopullinen/KTAS/0210286-0/2023,ok,6079307035d58b0f0ea96d950b7158d8e42d9a5d5a8641f369d34f018e748352,158,32,0,0,,2026-08-18T16:46:35Z
0210287-9,KTAS,2023,lopullinen,https://prodkuntarest.westeurope.cloudapp.azure.com/rest/v1/json/dokumentti/lopullinen/KTAS/0210287-9/2023,ok,bd1e66f955c875e03aacf49ddb561e8bb8223d476e1b13ea549e0c33fcc44cec,156,32,0,0,,2026-08-18T16:46:35Z
0210427-6,KTAS,2023,lopullinen,https://prodkuntarest.westeurope.cloudapp.azure.com/rest/v1/json/dokumentti/lopullinen/KTAS/0210427-6/2023,ok,bbc6c65daccae5397fc2d12aa8029e3c8007a59924894d73faea6b8aa84c9357,158,32,0,0,,2026-08-18T16:46:35Z
0210469-8,KTAS,2023,lopullinen,https://prodkuntarest.westeurope.cloudapp.azure.com/rest/v1/json/dokumentti/lopullinen/KTAS/0210469-8/2023,ok,a50dc1d188411e90be8fa26c0625d9885aba37f159ec43e6cd03cdc047fc5996,158,32,0,0,,2026-08-18T16:46:35Z
0210526-0,KTAS,2023,lopullinen,https://prodkuntarest.westeurope.cloudapp.azure.com/rest/v1/json/dokumentti/lopullinen/KTAS/0210526-0/2023,ok,b976aff88144c782540fc3692f9e66b61b5b4aa35544f38de1dd9f5fed989d24,158,32,0,0,,2026-08-18T16:46:35Z
0210704-7,KTAS,2023,lopullinen,https://prodkuntarest.westeurope.cloudapp.azure.com/rest/v1/json/dokumentti/lopullinen/KTAS/0210704-7/2023,ok,dc0001fe6475793f541cd408e3ae9bd20f6e9f5ca947c053a843e776202d4955,158,32,0,0,,2026-08-18T16:46:35Z
0210826-9,KTAS,2023,lopullinen,https://prodkuntarest.westeurope.cloudapp.azure.com/rest/v1/json/dokumentti/lopullinen/KTAS/0210826-9/2023,ok,b41074b3b94c05ec63632ebb847c46d69d3844d80eeda49046d143d1320634f6,158,32,0,0,,2026-08-18T16:46:35Z
0211675-2,KTAS,2023,lopullinen,https://prodkuntarest.westeurope.cloudapp.azure.com/rest/v1/json/dokumentti/lopullinen/KTAS/0211675-2/2023,ok,f25b86fdfb0ce9e8b865fb87c9b0bcda01cdbdbcf1cb51e53b16c603a413e3cf,158,32,0,0,,2026-08-18T16:46:35Z
0212371-7,KTAS,2023,lopullinen,https://prodkuntarest.westeurope.cloudapp.azure.com/rest/v1/json/dokumentti/lopullinen/KTAS/0212371-7/2023,ok,91044c89430c62a492de021a7ebb4c7522a69e3d96a8049b226cd4bcbae15697,158,32,0,0,,2026-08-18T16:46:35Z
0213007-9,KTAS,2023,lopullinen,https://prodkuntarest.westeurope.cloudapp.azure.com/rest/v1/json/dokumentti/lopullinen/KTAS/0213007-9/2023,ok,b42133e3c7a088e18bbd718dbe674f72bc215546fa7115613314ee08764e8a16,158,32,0,0,,2026-08-18T16:46:35Z
0213834-5,KTAS,2023,lopullinen,https://prodkuntarest.westeurope.cloudapp.azure.com/rest/v1/json/dokumentti/lopullinen/KTAS/0213834-5/2023,ok,6a7b736121d382f69c635804b403043e811526898a5916782c5bdd540f1bdf75,158,32,0,0,,2026-08-18T16:46:35Z
0214295-0,KTAS,2023,lopullinen,https://prodkuntarest.westeurope.cloudapp.azure.com/rest/v1/json/dokumentti/lopullinen/KTAS/0214295-0/2023,ok,6db3be4dee877f0154573bc6b0c7c79c71ec739de560767e0a6b2e2a4551fc74,158,32,0,0,,2026-08-18T16:46:35Z
0214765-5,KTAS,2023,lopullinen,https://prodkuntarest.westeurope.cloudapp.azure.com/rest/v1/json/dokumentti/lopullinen/KTAS/0214765-5/2023,ok,9eb83bd5e7a67f8ee0be1211b91fca27b5b4fb3156e882215afbf0c0c8312788,160,32,0,0,,2026-08-18T16:46:35Z
0214958-9,KTAS,2023,lopullinen,https://prodkuntarest.westeurope.cloudapp.azure.com/rest/v1/json/dokumentti/lopullinen/KTAS/0214958-9/2023,ok,73e758742e2e5824bc57a473547fed4714639979a4498b306175c811d06f958a,158,32,0,0,,2026-08-18T16:46:35Z
0215610-5,KTAS,2023,lopullinen,https://prodkuntarest.westeurope.cloudapp.azure.com/rest/v1/json/dokumentti/lopullinen/KTAS/0215610-5/2023,ok,84c86cbe846f143e7f00ede4c35283cb7efbe41521195fea7106cb003ad59857,158,32,0,0,,2026-08-18T16:46:35Z
0215839-7,KTAS,2023,lopullinen,https://prodkuntarest.westeurope.cloudapp.azure.com/rest/v1/json/dokumentti/lopullinen/KTAS/0215839-7/2023,ok,45dd87e4b2dcc5008adcd1fb2588fc148c1f2899aa27339a7458170a9042a0ce,158,32,0,0,,2026-08-18T16:46:35Z
0216509-5,KTAS,2023,lopullinen,https://prodkuntarest.westeurope.cloudapp.azure.com/rest/v1/json/dokumentti/lopullinen/KTAS/0216509-5/2023,ok,1695da000a1f595326e96f52693568ffadbf324574067effefb7405b0da51125,158,32,0,0,,2026-08-18T16:46:35Z
0217865-4,KTAS,2023,lopullinen,https://prodkuntarest.westeurope.cloudapp.azure.com/rest/v1/json/dokumentti/lopullinen/KTAS/0217865-4/2023,ok,3c3c2568997a0707c2ec3266bca045295997ccf60a60d610370d0d72b2cbeb52,156,32,0,0,,2026-08-18T16:46:35Z
0242496-6,KTAS,2023,lopullinen,https://prodkuntarest.westeurope.cloudapp.azure.com/rest/v1/json/dokumentti/lopullinen/KTAS/0242496-6/2023,ok,5a0e6235d925fdad1339f65b9c1674d103601a91adbbd319991cec3ffe6985cf,158,32,0,0,,2026-08-18T16:46:35Z
0242746-2,KTAS,2023,lopullinen,https://prodkuntarest.westeurope.cloudapp.azure.com/rest/v1/json/dokumentti/lopullinen/KTAS/0242746-2/2023,ok,deca62478ca99b56ede198e86f5ff1737e25b44ba6eeb5287aaf95550d0bf9c0,160,32,0,0,,2026-08-18T16:46:35Z
0242816-6,KTAS,2023,lopullinen,https://prodkuntarest.westeurope.cloudapp.azure.com/rest/v1/json/dokumentti/lopullinen/KTAS/0242816-6/2023,ok,f85554023fc7e6a633a26574bd8ddcd9e16c588b065140a5c516245d3da9dfea,160,32,0,0,,2026-08-18T16:46:35Z
0243027-4,KTAS,2023,lopullinen,https://prodkuntarest.westeurope.cloudapp.azure.com/rest/v1/json/dokumentti/lopullinen/KTAS/0243027-4/2023,ok,ae0f8b17e7f645a17a8bd15176f44c86da4702dc323fb8d319179bfdcf5ee3c6,158,32,0,0,,2026-08-18T16:46:35Z
0502454-6,KTAS,2023,lopullinen,https://prodkuntarest.westeurope.cloudapp.azure.com/rest/v1/json/dokumentti/lopullinen/KTAS/0502454-6/2023,ok,23e8bba9d2a7e5a95c609156f7aa0ca7afbb724ffdd7b9357f7808c7919455c7,158,32,0,0,,2026-08-18T16:46:35Z
0626288-8,KTAS,2023,lopullinen,https://prodkuntarest.westeurope.cloudapp.azure.com/rest/v1/json/dokumentti/lopullinen/KTAS/0626288-8/2023,ok,48f8b5a9ab226604ab9bcae94b48c1c03b185fea0cfa0a7f94808c88ac35cc71,158,32,0,0,,2026-08-18T16:46:35Z
0796234-1,KTAS,2023,lopullinen,https://prodkuntarest.westeurope.cloudapp.azure.com/rest/v1/json/dokumentti/lopullinen/KTAS/0796234-1/2023,ok,7c6c33ae5affa1b808a5ec2d6677ed295153722ff41c1f613ff8c2acec0771a9,160,32,0,0,,2026-08-18T16:46:35Z
0823246-3,KTAS,2023,lopullinen,https://prodkuntarest.westeurope.cloudapp.azure.com/rest/v1/json/dokumentti/lopullinen/KTAS/0823246-3/2023,ok,ac830bde5b44fe39362860bd58ab069eb49f9fa320f1254a761c4011e02150ed,160,32,0,0,,2026-08-18T16:46:35Z
0826048-0,KTAS,2023,lopullinen,https://prodkuntarest.westeurope.cloudapp.azure.com/rest/v1/json/dokumentti/lopullinen/KTAS/0826048-0/2023,ok,75878f3f1eebeb963f928cf6394c3612b1ca0fb7155998cd311cec885228ca85,158,32,0,0,,2026-08-18T16:46:35Z
0827616-7,KTAS,2023,lopullinen,https://prodkuntarest.westeurope.cloudapp.azure.com/rest/v1/json/dokumentti/lopullinen/KTAS/0827616-7/2023,ok,64171eacbc31ce8d3e14143c105d44b3aee9e260ab3a30baa35a4d98f5044420,158,32,0,0,,2026-08-18T16:46:35Z
0828308-4,KTAS,2023,lopullinen,https://prodkuntarest.westeurope.cloudapp.azure.com/rest/v1/json/dokumentti/lopullinen/KTAS/0828308-4/2023,ok,0c9c5c7d7fc3fc82968954c93d9fca13c50beef231f340f6ae0124ce1868af26,158,32,0,0,,2026-08-18T16:46:35Z
0830155-3,KTAS,2023,lopullinen,https://prodkuntarest.westeurope.cloudapp.azure.com/rest/v1/json/dokumentti/lopullinen/KTAS/0830155-3/2023,ok,0193ee57eafbe4f9c4d12385cbb7d177abe4301f31a984267475bf071570e508,158,32,0,0,,2026-08-18T16:46:35Z
0830322-5,KTAS,2023,lopullinen,https://prodkuntarest.westeurope.cloudapp.azure.com/rest/v1/json/dokumentti/lopullinen/KTAS/0830322-5/2023,ok,311a8c8486396befca9f0489e21170139ec52518331a5102f32740bff0c97846,156,32,0,0,,2026-08-18T16:46:35Z
0869462-5,KTAS,2023,lopullinen,https://prodkuntarest.westeurope.cloudapp.azure.com/rest/v1/json/dokumentti/lopullinen/KTAS/0869462-5/2023,ok,10a4e8b5d8de6a111864edb709505e416cf1438f4dc959bc8687a3edc357f22c,158,32,0,0,,2026-08-18T16:46:35Z
0922305-9,KTAS,2023,lopullinen,https://prodkuntarest.westeurope.cloudapp.azure.com/rest/v1/json/dokumentti/lopullinen/KTAS/0922305-9/2023,ok,37a7eda4ae1cf1f171298edec9cb1b220fe628794f312bc2b84cb99a21aed5c1,158,32,0,0,,2026-08-18T16:46:35Z
0922484-4,KTAS,2023,lopullinen,https://prodkuntarest.westeurope.cloudapp.azure.com/rest/v1/json/dokumentti/lopullinen/KTAS/0922484-4/2023,ok,e66c06793a91ede95b62b7aa7fd49fd7ec5d33f0a3b7d64a55f5969ca49c3453,156,32,0,0,,2026-08-18T16:46:35Z
0927140-5,KTAS,2023,lopullinen,https://prodkuntarest.westeurope.cloudapp.azure.com/rest/v1/json/dokumentti/lopullinen/KTAS/0927140-5/2023,ok,b11633e66a06edda1eec456fbdb8870f017b5374c1066b0b3da0fba19ad102aa,158,32,0,0,,2026-08-18T16:46:35Z
0937073-7,KTAS,2023,lopullinen,https://prodkuntarest.westeurope.cloudapp.azure.com/rest/v1/json/dokumentti/lopullinen/KTAS/0937073-7/2023,ok,5fe88cf85b77a421b5b36f55a85e3d7f8e9eec989724c38ae7130eac4a9f3226,158,32,0,0,,2026-08-18T16:46:35Z
0955281-3,KTAS,2023,lopullinen,https://prodkuntarest.westeurope.cloudapp.azure.com/rest/v1/json/dokumentti/lopullinen/KTAS/0955281-3/2023,ok,9ab5eadc171d42859f1d9f7386db46468ca0b7daff37214d60ab45baadb1b85f,158,32,0,0,,2026-08-18T16:46:35Z
0959806-1,KTAS,2023,lopullinen,https://prodkuntarest.westeurope.cloudapp.azure.com/rest/v1/json/dokumentti/lopullinen/KTAS/0959806-1/2023,ok,90aad0e37330d38f633e44a90ef7092c1a0c055b314171038667697a3dd810d8,156,32,0,0,,2026-08-18T16:46:35Z
0970063-6,KTAS,2023,lopullinen,https://prodkuntarest.westeurope.cloudapp.azure.com/rest/v1/json/dokumentti/lopullinen/KTAS/0970063-6/2023,ok,a522432edb9ec58aef4ad147a35a3699dbec48a2e17a187e1b940b0ba2ae4ce4,158,32,0,0,,2026-08-18T16:46:35Z
0973110-9,KTAS,2023,lopullinen,https://prodkuntarest.westeurope.cloudapp.azure.com/rest/v1/json/dokumentti/lopullinen/KTAS/0973110-9/2023,ok,f811dc59089508f8e8c6f91d4496e27b601c713e73800d278b02a2ba30e14378,158,32,0,0,,2026-08-18T16:46:35Z
0973712-1,KTAS,2023,jalkikorjattu,https://prodkuntarest.westeurope.cloudapp.azure.com/rest/v1/json/dokumentti/jalkikorjattu/KTAS/0973712-1/2023,ok,68ab9a3df5613b1ca51ea055567fbc46aee530d6fbb84776fc0de47c8add0519,158,32,0,0,,2026-08-18T16:46:35Z
0988182-8,KTAS,2023,lopullinen,https://prodkuntarest.westeurope.cloudapp.azure.com/rest/v1/json/dokumentti/lopullinen/KTAS/0988182-8/2023,ok,5ed3b0db81110a24438ddad014c549eb8be8f9958a14b1eae77ce6c49df31644,156,32,0,0,,2026-08-18T16:46:35Z
0992445-3,KTAS,2023,lopullinen,https://prodkuntarest.westeurope.cloudapp.azure.com/rest/v1/json/dokumentti/lopullinen/KTAS/0992445-3/2023,ok,23be0e5051637a6847d360b745a08cf2e9b55741f61fa87e5a2fcee7556f8040,158,32,0,0,,2026-08-18T16:46:35Z
0993644-6,KTAS,2023,lopullinen,https://prodkuntarest.westeurope.cloudapp.azure.com/rest/v1/json/dokumentti/lopullinen/KTAS/0993644-6/2023,ok,a2179591d596dbb23e16156585de68a243877f76f5f056dc4661cbeec6264c67,160,32,0,0,,2026-08-18T16:46:35Z
1006538-5,KTAS,2023,lopullinen,https://prodkuntarest.westeurope.cloudapp.azure.com/rest/v1/json/dokumentti/lopullinen/KTAS/1006538-5/2023,ok,8e7fd0a908806dc3074ceecd335629d3f7bb0a887313402ac582225e992e279a,158,32,0,0,,2026-08-18T16:46:35Z
1007629-5,KTAS,2023,lopullinen,https://prodkuntarest.westeurope.cloudapp.azure.com/rest/v1/json/dokumentti/lopullinen/KTAS/1007629-5/2023,ok,df3491691e67ae52ff3b5926f2417346c8aa2e746541e1884a079201a171434a,158,32,0,0,,2026-08-18T16:46:35Z
1013321-0,KTAS,2023,lopullinen,https://prodkuntarest.westeurope.cloudapp.azure.com/rest/v1/json/dokumentti/lopullinen/KTAS/1013321-0/2023,ok,131193ca3983e6180854de5c81627719412d9d99ecafdf6ceb25b9079cd13683,158,32,0,0,,2026-08-18T16:46:35Z
1025565-6,KTAS,2023,lopullinen,https://prodkuntarest.westeurope.cloudapp.azure.com/rest/v1/json/dokumentti/lopullinen/KTAS/1025565-6/2023,ok,079ce1e54076651ae0be38a59433dfb3ce7c8be2b080b5b428b2fe5f039b7092,160,32,0,0,,2026-08-18T16:46:35Z
1027740-9,KTAS,2023,lopullinen,https://prodkuntarest.westeurope.cloudapp.azure.com/rest/v1/json/dokumentti/lopullinen/KTAS/1027740-9/2023,ok,8b1af0b00535a8a11b110fa04225a0fde4c0ad530213a54645b41dea7184bcd5,158,32,0,0,,2026-08-18T16:46:35Z
1044651-6,KTAS,2023,lopullinen,https://prodkuntarest.westeurope.cloudapp.azure.com/rest/v1/json/dokumentti/lopullinen/KTAS/1044651-6/2023,ok,f497eac3e16dd659159aed30cee6edd9c71604d3bc8a2a9d440d1b39712f7b2c,158,32,0,0,,2026-08-18T16:46:35Z
1059660-2,KTAS,2023,lopullinen,https://prodkuntarest.westeurope.cloudapp.azure.com/rest/v1/json/dokumentti/lopullinen/KTAS/1059660-2/2023,ok,9ea63374b73e6a7dc443744a4c9042215b47a7f0c16d4836456fccb01e819eba,158,32,0,0,,2026-08-18T16:46:35Z
1061512-1,KTAS,2023,lopullinen,https://prodkuntarest.westeurope.cloudapp.azure.com/rest/v1/json/dokumentti/lopullinen/KTAS/1061512-1/2023,ok,ba6c9e325d5746cdf965cc071f80471daef02c5cde538dd3e89f4e55f921775f,158,32,0,0,,2026-08-18T16:46:35Z
1068322-0,KTAS,2023,lopullinen,https://prodkuntarest.westeurope.cloudapp.azure.com/rest/v1/json/dokumentti/lopullinen/KTAS/1068322-0/2023,ok,379717deb3c15ba0a7ac0455577cae0e338bf68325a378b7b260ebf90c9435e9,160,32,0,0,,2026-08-18T16:46:35Z
1068892-9,KTAS,2023,lopullinen,https://prodkuntarest.westeurope.cloudapp.azure.com/rest/v1/json/dokumentti/lopullinen/KTAS/1068892-9/2023,ok,8283b2ade8f50cbc6db3f2176727f2c51de2ba9e7d371183dc68d478f473dd22,158,32,0,0,,2026-08-18T16:46:35Z
1744356-1,KTAS,2023,jalkikorjattu,https://prodkuntarest.westeurope.cloudapp.azure.com/rest/v1/json/dokumentti/jalkikorjattu/KTAS/1744356-1/2023,ok,6a82bb67e686d04bfe1950ac0b369aa100b4f21345addd6543c253824da3f1bc,159,32,0,0,,2026-08-18T16:46:35Z
1791817-6,KTAS,2023,lopullinen,https://prodkuntarest.westeurope.cloudapp.azure.com/rest/v1/json/dokumentti/lopullinen/KTAS/1791817-6/2023,ok,12d7340965c8b7d70b0732d73e4da1e3c3ecf2c9ab6802a3859187b4d72868a7,158,32,0,0,,2026-08-18T16:46:35Z
1807931-9,KTAS,2023,lopullinen,https://prodkuntarest.westeurope.cloudapp.azure.com/rest/v1/json/dokumentti/lopullinen/KTAS/1807931-9/2023,ok,c8b904dbb0343ab46dd96545ed0229846af3e356cfb3e509c9bfb5ed5bb50a4e,158,32,0,0,,2026-08-18T16:46:35Z
1828127-7,KTAS,2023,lopullinen,https://prodkuntarest.westeurope.cloudapp.azure.com/rest/v1/json/dokumentti/lopullinen/KTAS/1828127-7/2023,ok,2bb8a642e7b6c3bea8b4c7d1f94b69bd933a4168976c9d25eefb5507a9602248,158,32,0,0,,2026-08-18T16:46:35Z
1852679-9,KTAS,2023,lopullinen,https://prodkuntarest.westeurope.cloudapp.azure.com/rest/v1/json/dokumentti/lopullinen/KTAS/1852679-9/2023,ok,bd141be6de2d2685c07b1f90be997b815542940599fd34ca69f374c49f6478ec,160,32,0,0,,2026-08-18T16:46:35Z
1913642-6,KTAS,2023,lopullinen,https://prodkuntarest.westeurope.cloudapp.azure.com/rest/v1/json/dokumentti/lopullinen/KTAS/1913642-6/2023,ok,c81677beeb5202dcc5b33804d66dcb45ee19b0dd27fad94fe65fa8d88d9e929f,158,32,0,0,,2026-08-18T16:46:35Z
1919717-3,KTAS,2023,lopullinen,https://prodkuntarest.westeurope.cloudapp.azure.com/rest/v1/json/dokumentti/lopullinen/KTAS/1919717-3/2023,ok,da726d45f9a7815e08855deda5deae89cd9060b70ae0ee8e9df4ebc1c190e0e6,158,32,0,0,,2026-08-18T16:46:35Z
1923299-5,KTAS,2023,jalkikorjattu,https://prodkuntarest.westeurope.cloudapp.azure.com/rest/v1/json/dokumentti/jalkikorjattu/KTAS/1923299-5/2023,ok,c3d42f63ab61f50e5e36beedcbcb22be915775cc6082672b17a9be30631777b9,158,32,0,0,,2026-08-18T16:46:35Z
1928736-3,KTAS,2023,lopullinen,https://prodkuntarest.westeurope.cloudapp.azure.com/rest/v1/json/dokumentti/lopullinen/KTAS/1928736-3/2023,ok,0cff352b8b2bf063402d86a49134e8d046a6a8864f0691538acb501da1b79486,158,32,0,0,,2026-08-18T16:46:35Z
1929519-5,KTAS,2023,lopullinen,https://prodkuntarest.westeurope.cloudapp.azure.com/rest/v1/json/dokumentti/lopullinen/KTAS/1929519-5/2023,ok,bef4ef4d62f87689b0da50e444fe18f9c00c10ad3a687d51f9b184f83dd6ed10,158,32,0,0,,2026-08-18T16:46:35Z
1958694-5,KTAS,2023,lopullinen,https://prodkuntarest.westeurope.cloudapp.azure.com/rest/v1/json/dokumentti/lopullinen/KTAS/1958694-5/2023,ok,b133c55a6f0fc380cd838d11191deee35ed9d0b177570304a25810c791f572e7,158,32,0,0,,2026-08-18T16:46:35Z
1978283-1,KTAS,2023,lopullinen,https://prodkuntarest.westeurope.cloudapp.azure.com/rest/v1/json/dokumentti/lopullinen/KTAS/1978283-1/2023,ok,b44b6bf549b5d13f270f956689c3973de6dc56cd51959fb781eeb17f8e931826,158,32,0,0,,2026-08-18T16:46:35Z
2008197-9,KTAS,2023,lopullinen,https://prodkuntarest.westeurope.cloudapp.azure.com/rest/v1/json/dokumentti/lopullinen/KTAS/2008197-9/2023,ok,6cbdb3dbb1c1eddfb2e0dffc66b64283c7791c4ebff7fff674a99918bd8ab45c,158,32,0,0,,2026-08-18T16:46:35Z
2014682-4,KTAS,2023,lopullinen,https://prodkuntarest.westeurope.cloudapp.azure.com/rest/v1/json/dokumentti/lopullinen/KTAS/2014682-4/2023,ok,9e66df918c3a26e0f16622a953567e6a702875153c3d5ed472216e5f4b1826db,158,32,0,0,,2026-08-18T16:46:35Z
2045520-5,KTAS,2023,lopullinen,https://prodkuntarest.westeurope.cloudapp.azure.com/rest/v1/json/dokumentti/lopullinen/KTAS/2045520-5/2023,ok,7e98093e753c632932091643467ca538dc2e391be42bee2ef0c86b2cdf5f11b6,158,32,0,0,,2026-08-18T16:46:35Z
2047359-3,KTAS,2023,lopullinen,https://prodkuntarest.westeurope.cloudapp.azure.com/rest/v1/json/dokumentti/lopullinen/KTAS/2047359-3/2023,ok,26f9582a1181b4cb3bc12fc76b5aa4134cc877a91a08cd8c4d007a1df1f81404,158,32,0,0,,2026-08-18T16:46:35Z
2048364-4,KTAS,2023,lopullinen,https://prodkuntarest.westeurope.cloudapp.azure.com/rest/v1/json/dokumentti/lopullinen/KTAS/2048364-4/2023,ok,2763369da2496b065d90562e48e78433435d5899208afe2916354ffb3f7fe91c,158,32,0,0,,2026-08-18T16:46:35Z
2048903-4,KTAS,2023,lopullinen,https://prodkuntarest.westeurope.cloudapp.azure.com/rest/v1/json/dokumentti/lopullinen/KTAS/2048903-4/2023,ok,6e935ac3925f9815a3a18b7267428f8ab9c381ba5ddb6e92a5e46e821fedf327,158,32,0,0,,2026-08-18T16:46:35Z
2050514-5,KTAS,2023,lopullinen,https://prodkuntarest.westeurope.cloudapp.azure.com/rest/v1/json/dokumentti/lopullinen/KTAS/2050514-5/2023,ok,9ad836075075d81f653573fc1c2a07bf8274e6d2131b47285a3274b598320ee4,158,32,0,0,,2026-08-18T16:46:35Z
2050864-5,KTAS,2023,lopullinen,https://prodkuntarest.westeurope.cloudapp.azure.com/rest/v1/json/dokumentti/lopullinen/KTAS/2050864-5/2023,ok,0791b3131c6a2bbaaef57b65041d6610cc42a5eb428527095d8438b030345143,160,32,0,0,,2026-08-18T16:46:35Z
2050961-3,KTAS,2023,lopullinen,https://prodkuntarest.westeurope.cloudapp.azure.com/rest/v1/json/dokumentti/lopullinen/KTAS/2050961-3/2023,ok,d8d5aed0df78ae34872f17bb37df3f2c760a6a796bf8eacfc4018c15b96da356,158,32,0,0,,2026-08-18T16:46:35Z
2054621-1,KTAS,2023,lopullinen,https://prodkuntarest.westeurope.cloudapp.azure.com/rest/v1/json/dokumentti/lopullinen/KTAS/2054621-1/2023,ok,6d7b32efbdba5b9cd8ba4b075d08636b3bd0a5c14008747ea68c9baf413d1569,158,32,0,0,,2026-08-18T16:46:35Z
2109309-0,KTAS,2023,lopullinen,https://prodkuntarest.westeurope.cloudapp.azure.com/rest/v1/json/dokumentti/lopullinen/KTAS/2109309-0/2023,ok,50590b48a81f44b23b826c99aba403006ea67d68b076d74cdede9db6dcc1fac4,160,32,0,0,,2026-08-18T16:46:35Z
2125690-2,KTAS,2023,lopullinen,https://prodkuntarest.westeurope.cloudapp.azure.com/rest/v1/json/dokumentti/lopullinen/KTAS/2125690-2/2023,ok,a234216cbe7915cc4566ca59cfe2c2bc30a5ce92d7248111b019ed91ec7ae9e0,158,32,0,0,,2026-08-18T16:46:35Z
2220682-7,KTAS,2023,lopullinen,https://prodkuntarest.westeurope.cloudapp.azure.com/rest/v1/json/dokumentti/lopullinen/KTAS/2220682-7/2023,ok,36b3901b33d25ff7ff8d07e744ece98e682d51ab9d1e886f7b945afbd32adbd4,158,32,0,0,,2026-08-18T16:46:35Z
2265415-2,KTAS,2023,lopullinen,https://prodkuntarest.westeurope.cloudapp.azure.com/rest/v1/json/dokumentti/lopullinen/KTAS/2265415-2/2023,ok,80ca4a2e0a2a35a13fd37a670664cd7768913925726f35dce188a5c2abfdcc8c,158,32,0,0,,2026-08-18T16:46:35Z
2265875-1,KTAS,2023,lopullinen,https://prodkuntarest.westeurope.cloudapp.azure.com/rest/v1/json/dokumentti/lopullinen/KTAS/2265875-1/2023,ok,1e9e0a20572c6b766513f5135950aa9ec8697f5ce69aace7a8c9ba6c35cdea60,160,32,0,0,,2026-08-18T16:46:35Z
2274241-9,KTAS,2023,lopullinen,https://prodkuntarest.westeurope.cloudapp.azure.com/rest/v1/json/dokumentti/lopullinen/KTAS/2274241-9/2023,ok,f9dc58879f2d748afedc4b872de25696e6edeb19b7cbe1a2f58a592a91ea7b78,158,32,0,0,,2026-08-18T16:46:35Z
2274586-3,KTAS,2023,lopullinen,https://prodkuntarest.westeurope.cloudapp.azure.com/rest/v1/json/dokumentti/lopullinen/KTAS/2274586-3/2023,ok,882428dc1a04891d4f8e617c1db662355c04e49e484d6beb11ee1386cd02416a,156,32,0,0,,2026-08-18T16:46:35Z
2367681-2,KTAS,2023,lopullinen,https://prodkuntarest.westeurope.cloudapp.azure.com/rest/v1/json/dokumentti/lopullinen/KTAS/2367681-2/2023,ok,f6022826760ce750e31bf18fa3554ec28c3505190eb43f1bfc45d91c6e52a370,158,32,0,0,,2026-08-18T16:46:35Z
2496992-4,KTAS,2023,lopullinen,https://prodkuntarest.westeurope.cloudapp.azure.com/rest/v1/json/dokumentti/lopullinen/KTAS/2496992-4/2023,ok,7d31396f1fd87934d1f41ca3f07cafb507fcb7cff3804a5c11147572e876744e,158,32,0,0,,2026-08-18T16:46:35Z
2844969-4,KTAS,2023,jalkikorjattu,https://prodkuntarest.westeurope.cloudapp.azure.com/rest/v1/json/dokumentti/jalkikorjattu/KTAS/2844969-4/2023,ok,26c5ee2130c9221f982eb543a4923a2771af03d7779f5bb74e0123107f061576,158,32,0,0,,2026-08-18T16:46:35Z
3320660-3,KTAS,2023,lopullinen,https://prodkuntarest.westeurope.cloudapp.azure.com/rest/v1/json/dokumentti/lopullinen/KTAS/3320660-3/2023,ok,278a28f90827dd258195e0c4fd248e4adbb35439a7bd4b170965795ec23c706d,158,32,0,0,,2026-08-18T16:46:35Z
9000162-0,KTAS,2023,lopullinen,https://prodkuntarest.westeurope.cloudapp.azure.com/rest/v1/json/dokumentti/lopullinen/KTAS/9000162-0/2023,ok,5f2196cf538a351d59a84a966d0a52ef732e57f54e1e7c2225ebcef9fe9c4242,158,32,0,0,,2026-08-18T16:46:35Z
9014643-2,KTAS,2023,lopullinen,https://prodkuntarest.westeurope.cloudapp.azure.com/rest/v1/json/dokumentti/lopullinen/KTAS/9014643-2/2023,ok,455a696dcba69d0ba8e95ea7777870b3c721b1452b69d9deca5543f494401e9b,158,32,0,0,,2026-08-18T16:46:35Z
9038213-6,KTAS,2023,lopullinen,https://prodkuntarest.westeurope.cloudapp.azure.com/rest/v1/json/dokumentti/lopullinen/KTAS/9038213-6/2023,ok,935c9ee5e186f1e0af827fc73a11af3b9f63631bcc0964440592434cf7cd7ced,158,32,0,0,,2026-08-18T16:46:35Z
9086071-6,KTAS,2023,lopullinen,https://prodkuntarest.westeurope.cloudapp.azure.com/rest/v1/json/dokumentti/lopullinen/KTAS/9086071-6/2023,ok,596a48aae859775b85e0c61e7bf629e54ebc29196c3233836523b4b516a30e04,160,32,0,0,,2026-08-18T16:46:35Z
9090160-2,KTAS,2023,lopullinen,https://prodkuntarest.westeurope.cloudapp.azure.com/rest/v1/json/dokumentti/lopullinen/KTAS/9090160-2/2023,ok,fc0972979ef91ed214578eb21b207e66cb31fb454ce74ae995d4dcc3e77f5b41,160,32,0,0,,2026-08-18T16:46:35Z
9094917-1,KTAS,2023,lopullinen,https://prodkuntarest.westeurope.cloudapp.azure.com/rest/v1/json/dokumentti/lopullinen/KTAS/9094917-1/2023,ok,0b1936cfe8ce7f828409357d24833a0fb2885c240dd72c855e08ca6b24b15798,158,32,0,0,,2026-08-18T16:46:35Z
9129466-4,KTAS,2023,lopullinen,https://prodkuntarest.westeurope.cloudapp.azure.com/rest/v1/json/dokumentti/lopullinen/KTAS/9129466-4/2023,ok,0f2535aa2ebe9c2bc065c11705a4cccddd52e3f3a9b8e4a9cd84f7061c3b4c78,158,32,0,0,,2026-08-18T16:46:35Z
0101263-6,KTAS,2024,lopullinen,https://prodkuntarest.westeurope.cloudapp.azure.com/rest/v1/json/dokumentti/lopullinen/KTAS/0101263-6/2024,ok,9991a22976e8da44c9f19ae24f4d2d5ada5f18e26294f0d937f56da39da53b78,158,32,3,20,,2026-08-18T16:46:35Z
0103166-9,KTAS,2024,lopullinen,https://prodkuntarest.westeurope.cloudapp.azure.com/rest/v1/json/dokumentti/lopullinen/KTAS/0103166-9/2024,ok,a0f112749eafec10f1cf7e36d1ba7f12fd21482f887791fad97d1382b1be42c6,158,32,2,20,,2026-08-18T16:46:35Z
0124610-9,KTAS,2024,lopullinen,https://prodkuntarest.westeurope.cloudapp.azure.com/rest/v1/json/dokumentti/lopullinen/KTAS/0124610-9/2024,ok,c0dfe8a96c792038e7fd7045390bf01efb8018751c617c33491149840ae8095e,158,32,3,20,,2026-08-18T16:46:35Z
0125866-0,KTAS,2024,lopullinen,https://prodkuntarest.westeurope.cloudapp.azure.com/rest/v1/json/dokumentti/lopullinen/KTAS/0125866-0/2024,ok,81974c20e7fe78460834d84c71d09791ba6a7c068a126c99517c9e346fda5968,158,32,2,20,,2026-08-18T16:46:35Z
0125920-9,KTAS,2024,lopullinen,https://prodkuntarest.westeurope.cloudapp.azure.com/rest/v1/json/dokumentti/lopullinen/KTAS/0125920-9/2024,ok,d325b53248bdfc9eca3425308f4beed94381e9e54f4ab8e3886399927f3c5146,158,32,0,0,,2026-08-18T16:46:35Z
0126293-4,KTAS,2024,lopullinen,https://prodkuntarest.westeurope.cloudapp.azure.com/rest/v1/json/dokumentti/lopullinen/KTAS/0126293-4/2024,ok,d0c9d31b76a0d04e0a5d1878542e18e6e1feaf8eb2411d826ac50dba7e51d9a6,160,32,5,20,,2026-08-18T16:46:35Z
0126541-4,KTAS,2024,jalkikorjattu,https://prodkuntarest.westeurope.cloudapp.azure.com/rest/v1/json/dokumentti/jalkikorjattu/KTAS/0126541-4/2024,ok,d56151bc9ac579a702da5462231776556614ede2c6904d1be78b8878e6c0f6ae,158,32,3,20,,2026-08-18T16:46:35Z
0127046-7,KTAS,2024,lopullinen,https://prodkuntarest.westeurope.cloudapp.azure.com/rest/v1/json/dokumentti/lopullinen/KTAS/0127046-7/2024,ok,8df605042e4804c975120600e64faa09129061fb743f5108151e6d65eaccf2ba,158,32,4,20,,2026-08-18T16:46:35Z
0127485-5,KTAS,2024,lopullinen,https://prodkuntarest.westeurope.cloudapp.azure.com/rest/v1/json/dokumentti/lopullinen/KTAS/0127485-5/2024,ok,9b3585054f602a0d7ed5764d9a74bd2d405bb9bcb0d30da8090ac6a46976a36f,160,32,5,20,,2026-08-18T16:46:35Z
0129261-5,KTAS,2024,lopullinen,https://prodkuntarest.westeurope.cloudapp.azure.com/rest/v1/json/dokumentti/lopullinen/KTAS/0129261-5/2024,ok,a7f6567f4a28af92f1bb56897c69cf5573d8c0952422ee643993dceff555dfbf,158,32,4,20,,2026-08-18T16:46:35Z
0129920-0,KTAS,2024,lopullinen,https://prodkuntarest.westeurope.cloudapp.azure.com/rest/v1/json/dokumentti/lopullinen/KTAS/0129920-0/2024,ok,ad3e032cde55157ec8a65baeba15a5a13a6c4c06facca8dfb75bd6171ca7a0bf,160,32,3,20,,2026-08-18T16:46:35Z
0130095-3,KTAS,2024,jalkikorjattu,https://prodkuntarest.westeurope.cloudapp.azure.com/rest/v1/json/dokumentti/jalkikorjattu/KTAS/0130095-3/2024,ok,8df69cf8cd05a7c740f11345233534d9d0c37ef31cef64695babec3e56cc2480,158,32,3,20,,2026-08-18T16:46:35Z
0130729-0,KTAS,2024,lopullinen,https://prodkuntarest.westeurope.cloudapp.azure.com/rest/v1/json/dokumentti/lopullinen/KTAS/0130729-0/2024,ok,bf8105909779b80ccf8afa22c3d1eee81c8522d29be68eb3a5d0b68822822f6b,158,32,6,20,,2026-08-18T16:46:35Z
0131156-4,KTAS,2024,lopullinen,https://prodkuntarest.westeurope.cloudapp.azure.com/rest/v1/json/dokumentti/lopullinen/KTAS/0131156-4/2024,ok,0390ec01b6ed80dbd3d7770609eb3c794765d49568747bfd629ac85529e6e763,160,32,10,20,,2026-08-18T16:46:35Z
0131297-0,KTAS,2024,lopullinen,https://prodkuntarest.westeurope.cloudapp.azure.com/rest/v1/json/dokumentti/lopullinen/KTAS/0131297-0/2024,ok,ce52f2e35e0a93d8e4a4ebfb592890020b86927bd2f72a7546f6a38584c4f61d,160,32,1,20,,2026-08-18T16:46:35Z
0131661-3,KTAS,2024,lopullinen,https://prodkuntarest.westeurope.cloudapp.azure.com/rest/v1/json/dokumentti/lopullinen/KTAS/0131661-3/2024,ok,15fd542a775333b691a69f2439dec81aa842a13ff05eac42c704834c1ffb3f55,158,32,2,20,,2026-08-18T16:46:35Z
0131665-6,KTAS,2024,lopullinen,https://prodkuntarest.westeurope.cloudapp.azure.com/rest/v1/json/dokumentti/lopullinen/KTAS/0131665-6/2024,ok,18e6f64c46dd6a502cd785204a2dca6e6546ae2b7c9ce3a85b65bd9d83e75348,158,32,5,20,,2026-08-18T16:46:35Z
0131905-6,KTAS,2024,lopullinen,https://prodkuntarest.westeurope.cloudapp.azure.com/rest/v1/json/dokumentti/lopullinen/KTAS/0131905-6/2024,ok,1bba4eb79818f3f9db6693983c3e200a34f4c8881ca10a6e83bd84e4d692fa20,160,32,2,20,,2026-08-18T16:46:35Z
0132103-3,KTAS,2024,lopullinen,https://prodkuntarest.westeurope.cloudapp.azure.com/rest/v1/json/dokumentti/lopullinen/KTAS/0132103-3/2024,ok,968412eb4e69db85861cdf4ed7733e1e2de3e81372c369bab8b0865e249cd6d4,158,32,5,20,,2026-08-18T16:46:35Z
0132239-4,KTAS,2024,lopullinen,https://prodkuntarest.westeurope.cloudapp.azure.com/rest/v1/json/dokumentti/lopullinen/KTAS/0132239-4/2024,ok,745600b496b69e51f6d7f7c80bb083fc07438658c0f7413e2866bfdc0d46ab9b,160,32,2,20,,2026-08-18T16:46:35Z
0132322-3,KTAS,2024,lopullinen,https://prodkuntarest.westeurope.cloudapp.azure.com/rest/v1/json/dokumentti/lopullinen/KTAS/0132322-3/2024,ok,0adc9b09687cbd0f7f9005228048c5dd280799602ddb562697d7d172ac455a97,158,32,3,20,,2026-08-18T16:46:35Z
0132585-1,KTAS,2024,lopullinen,https://prodkuntarest.westeurope.cloudapp.azure.com/rest/v1/json/dokumentti/lopullinen/KTAS/0132585-1/2024,ok,cecc924f02320f5e11ff7881b9139a49f755d9d3b113a2bd01eaba32a3f776a8,160,32,4,20,,2026-08-18T16:46:35Z
0132947-3,KTAS,2024,lopullinen,https://prodkuntarest.westeurope.cloudapp.azure.com/rest/v1/json/dokumentti/lopullinen/KTAS/0132947-3/2024,ok,fd6579f8daf1ab5cd9245716ff93ef84dd7226c4c27ee42a32ddd59506889a5a,158,32,3,20,,2026-08-18T16:46:35Z
0133127-4,KTAS,2024,lopullinen,https://prodkuntarest.westeurope.cloudapp.azure.com/rest/v1/json/dokumentti/lopullinen/KTAS/0133127-4/2024,ok,69a1e7e4f06dd660ceec667bb2f9a1a64dfbd29858d6d8f3e44fd470a43115ff,158,32,4,20,,2026-08-18T16:46:35Z
0133226-9,KTAS,2024,lopullinen,https://prodkuntarest.westeurope.cloudapp.azure.com/rest/v1/json/dokumentti/lopullinen/KTAS/0133226-9/2024,ok,c3afd9a1c8eedd0a26a261ce690cf93f903c2e87f0d293cd70ec85c81dc5a09e,158,32,3,20,,2026-08-18T16:46:35Z
0133596-1,KTAS,2024,lopullinen,https://prodkuntarest.westeurope.cloudapp.azure.com/rest/v1/json/dokumentti/lopullinen/KTAS/0133596-1/2024,ok,6982970a4d1c33e17ee81944aff498ed03cfddac9e494f493cb96cb1ca19ad0b,158,32,7,20,,2026-08-18T16:46:35Z
0133625-1,KTAS,2024,lopullinen,https://prodkuntarest.westeurope.cloudapp.azure.com/rest/v1/json/dokumentti/lopullinen/KTAS/0133625-1/2024,ok,a7e973cb83e1131fc75f21e4169550863f22011c370cb4cbf222604c823ce688,158,32,0,0,,2026-08-18T16:46:35Z
0133735-0,KTAS,2024,lopullinen,https://prodkuntarest.westeurope.cloudapp.azure.com/rest/v1/json/dokumentti/lopullinen/KTAS/0133735-0/2024,ok,0e205e8b29f392e77570e65703e8817b6d78f71d5db6be963061f0c0043e57f0,158,32,4,20,,2026-08-18T16:46:35Z
0133833-7,KTAS,2024,lopullinen,https://prodkuntarest.westeurope.cloudapp.azure.com/rest/v1/json/dokumentti/lopullinen/KTAS/0133833-7/2024,ok,444020f68d78c15708bc5d68b7cec2fec251e489d66ad6a119b0ca69e7bc86f0,158,32,4,20,,2026-08-18T16:46:35Z
0133862-8,KTAS,2024,lopullinen,https://prodkuntarest.westeurope.cloudapp.azure.com/rest/v1/json/dokumentti/lopullinen/KTAS/0133862-8/2024,ok,d181ba46f7311f29268c9b0da9c1cfa9d2394654e413a730e75e253242703eb4,158,32,3,20,,2026-08-18T16:46:35Z
0134349-4,KTAS,2024,lopullinen,https://prodkuntarest.westeurope.cloudapp.azure.com/rest/v1/json/dokumentti/lopullinen/KTAS/0134349-4/2024,ok,c5c34535cfd2725ef859cb2f4a82e5dfa68147b9130863cb86aa75e1dfb09ed0,160,32,6,20,,2026-08-18T16:46:35Z
0134480-9,KTAS,2024,lopullinen,https://prodkuntarest.westeurope.cloudapp.azure.com/rest/v1/json/dokumentti/lopullinen/KTAS/0134480-9/2024,ok,8c9a0ae25be9f7f39431ea557c4a333c6cb7458c69a0a3a4567b1779bcf85c28,158,32,1,20,,2026-08-18T16:46:35Z
0134698-6,KTAS,2024,lopullinen,https://prodkuntarest.westeurope.cloudapp.azure.com/rest/v1/json/dokumentti/lopullinen/KTAS/0134698-6/2024,ok,fdfab20533c06ed67baab6c2a209c115acf8c85b3aee63c80140e1b95eee802e,160,32,1,20,,2026-08-18T16:46:35Z
0135086-2,KTAS,2024,lopullinen,https://prodkuntarest.westeurope.cloudapp.azure.com/rest/v1/json/dokumentti/lopullinen/KTAS/0135086-2/2024,ok,61570c8ecb89d74aa4162535888041344edda4448788f38b4700eef19bd6ead4,158,32,0,0,,2026-08-18T16:46:35Z
0135202-4,KTAS,2024,lopullinen,https://prodkuntarest.westeurope.cloudapp.azure.com/rest/v1/json/dokumentti/lopullinen/KTAS/0135202-4/2024,ok,6c4d248b90501f1a803602cc2ebe49b08a47c34a6c3fc01ecab2e19c619d9401,158,32,2,20,,2026-08-18T16:46:35Z
0135457-2,KTAS,2024,lopullinen,https://prodkuntarest.westeurope.cloudapp.azure.com/rest/v1/json/dokumentti/lopullinen/KTAS/0135457-2/2024,ok,f555b7171ae1709c7d96fd166fa2ca0abf0df59709663d86194ebbcfbc367252,158,32,3,20,,2026-08-18T16:46:35Z
0135662-3,KTAS,2024,lopullinen,https://prodkuntarest.westeurope.cloudapp.azure.com/rest/v1/json/dokumentti/lopullinen/KTAS/0135662-3/2024,ok,7ff9e2c2b2079b7cc5356868646ffade5c9b1f0f610c69b2680a9b61392e4b89,158,32,8,20,,2026-08-18T16:46:35Z
0135821-5,KTAS,2024,lopullinen,https://prodkuntarest.westeurope.cloudapp.azure.com/rest/v1/json/dokumentti/lopullinen/KTAS/0135821-5/2024,ok,cc1b13963165c3d609bda0130ad823ff277b20e5302ae8b7ee2bed06159db04a,160,32,6,20,,2026-08-18T16:46:35Z
0135869-6,KTAS,2024,lopullinen,https://prodkuntarest.westeurope.cloudapp.azure.com/rest/v1/json/dokumentti/lopullinen/KTAS/0135869-6/2024,ok,5f4a61a87bdce04370012f6a7c6efe48c10fe55f613488f28446acf6fa09f81c,158,32,4,20,,2026-08-18T16:46:35Z
0136082-5,KTAS,2024,lopullinen,https://prodkuntarest.westeurope.cloudapp.azure.com/rest/v1/json/dokumentti/lopullinen/KTAS/0136082-5/2024,ok,b6018424aade6b84bbb595c5abe28340d88a94a8c1b84679073eaf24ad009406,160,32,4,20,,2026-08-18T16:46:35Z
0136169-2,KTAS,2024,lopullinen,https://prodkuntarest.westeurope.cloudapp.azure.com/rest/v1/json/dokumentti/lopullinen/KTAS/0136169-2/2024,ok,31dc6e502079b49d5ca4a41ef00d284a3ca501779ac7093bd2c3b0370806b302,158,32,5,20,,2026-08-18T16:46:35Z
0136311-0,KTAS,2024,lopullinen,https://prodkuntarest.westeurope.cloudapp.azure.com/rest/v1/json/dokumentti/lopullinen/KTAS/0136311-0/2024,ok,802ff2f645a72521220fc12a13fce4cf5734c25a96fbf46c55df5c2bf29fdb1b,158,32,3,20,,2026-08-18T16:46:35Z
0136610-0,KTAS,2024,lopullinen,https://prodkuntarest.westeurope.cloudapp.azure.com/rest/v1/json/dokumentti/lopullinen/KTAS/0136610-0/2024,ok,cd3a5d0a697946f42797758127a22563133fed550cc7c38065bdee0ac0ea513a,158,32,3,20,,2026-08-18T16:46:35Z
0137323-9,KTAS,2024,lopullinen,https://prodkuntarest.westeurope.cloudapp.azure.com/rest/v1/json/dokumentti/lopullinen/KTAS/0137323-9/2024,ok,d4fd3b03c8f137074440ae67ee8d86074a181e6cd8bdc52dd1571df3e97ccb32,158,32,4,20,,2026-08-18T16:46:35Z
0138037-5,KTAS,2024,lopullinen,https://prodkuntarest.westeurope.cloudapp.azure.com/rest/v1/json/dokumentti/lopullinen/KTAS/0138037-5/2024,ok,e4e561cdb6e7d2e91ee992fd06aa1e163681e95f74e1ceda0114b235a516cbf8,158,32,2,20,,2026-08-18T16:46:35Z
0138780-9,KTAS,2024,lopullinen,https://prodkuntarest.westeurope.cloudapp.azure.com/rest/v1/json/dokumentti/lopullinen/KTAS/0138780-9/2024,ok,59fb3e5d50bf4944290f4ac47ca13809e8900a459e54034b03be7025b4d3f537,160,32,5,20,,2026-08-18T16:46:35Z
0139533-1,KTAS,2024,lopullinen,https://prodkuntarest.westeurope.cloudapp.azure.com/rest/v1/json/dokumentti/lopullinen/KTAS/0139533-1/2024,ok,2606fde3a4e5a168eda04008d20d436e0c45c806257b99bbbb959b68b0a53f21,160,32,3,20,,2026-08-18T16:46:35Z
0139545-4,KTAS,2024,lopullinen,https://prodkuntarest.westeurope.cloudapp.azure.com/rest/v1/json/dokumentti/lopullinen/KTAS/0139545-4/2024,ok,8e146bc128f48f74e81928322fc49573df24a638b6e27c5b170e119dae93a71a,160,32,5,20,,2026-08-18T16:46:35Z
0139842-8,KTAS,2024,lopullinen,https://prodkuntarest.westeurope.cloudapp.azure.com/rest/v1/json/dokumentti/lopullinen/KTAS/0139842-8/2024,ok,529838d1fd2074634c148150587a8d60b6295097b487864b826b1860c112439f,158,32,5,20,,2026-08-18T16:46:35Z
0139937-5,KTAS,2024,lopullinen,https://prodkuntarest.westeurope.cloudapp.azure.com/rest/v1/json/dokumentti/lopullinen/KTAS/0139937-5/2024,ok,1e3dc26d46e4df9a9bf8ae09d546b988db45adad99189fcc733197e8970c29d5,158,32,2,20,,2026-08-18T16:46:35Z
0139991-4,KTAS,2024,lopullinen,https://prodkuntarest.westeurope.cloudapp.azure.com/rest/v1/json/dokumentti/lopullinen/KTAS/0139991-4/2024,ok,29b814390349453472b5125ab75653d1bfad8b3c8d7e6855132b2a007a76f355,160,32,3,20,,2026-08-18T16:46:35Z
0144036-6,KTAS,2024,lopullinen,https://prodkuntarest.westeurope.cloudapp.azure.com/rest/v1/json/dokumentti/lopullinen/KTAS/0144036-6/2024,ok,243b4f0934b74cceda774ceb363f90c9bd9f8110aeb104643cd6302272e27a33,158,32,3,20,,2026-08-18T16:46:35Z
0144411-3,KTAS,2024,lopullinen,https://prodkuntarest.westeurope.cloudapp.azure.com/rest/v1/json/dokumentti/lopullinen/KTAS/0144411-3/2024,ok,509f926c922cc02a113732e955ad55a5ae828ad5f9f84f93d2a5cf5335daa213,158,32,5,20,,2026-08-18T16:46:35Z
0144561-8,KTAS,2024,lopullinen,https://prodkuntarest.westeurope.cloudapp.azure.com/rest/v1/json/dokumentti/lopullinen/KTAS/0144561-8/2024,ok,6dfa9a5eb2c8f5e150800abe651d1d8f1e1c893b959a5c4a75e59d0c744c9d99,158,32,5,20,,2026-08-18T16:46:35Z
0145208-4,KTAS,2024,lopullinen,https://prodkuntarest.westeurope.cloudapp.azure.com/rest/v1/json/dokumentti/lopullinen/KTAS/0145208-4/2024,ok,b16804eab09af584126849be3c19248d0b3c2cb52a46888fda1385ed7f4ab4e6,160,32,4,20,,2026-08-18T16:46:35Z
0145626-1,KTAS,2024,lopullinen,https://prodkuntarest.westeurope.cloudapp.azure.com/rest/v1/json/dokumentti/lopullinen/KTAS/0145626-1/2024,ok,6c19cf99d8f04b45d73604d02336f2b4fdf97bed2d4f29f316800f342ae651d7,158,32,4,20,,2026-08-18T16:46:35Z
0145801-3,KTAS,2024,lopullinen,https://prodkuntarest.westeurope.cloudapp.azure.com/rest/v1/json/dokumentti/lopullinen/KTAS/0145801-3/2024,ok,46d9585e1c141cab0f1ac5e5b712a25fb7ed52b1122a1969788f0ea11fe5b939,158,32,3,20,,2026-08-18T16:46:35Z
0145997-2,KTAS,2024,lopullinen,https://prodkuntarest.westeurope.cloudapp.azure.com/rest/v1/json/dokumentti/lopullinen/KTAS/0145997-2/2024,ok,63de95118857d5b4be7314247d9c7311c47354188894605f0e9cf7fbfdb196a8,158,32,5,20,,2026-08-18T16:46:35Z
0146248-5,KTAS,2024,lopullinen,https://prodkuntarest.westeurope.cloudapp.azure.com/rest/v1/json/dokumentti/lopullinen/KTAS/0146248-5/2024,ok,4fd069e88e64d0172bc6026422aa3f952701a81c4625732be076d2a2a8915a8b,160,32,4,20,,2026-08-18T16:46:35Z
0146456-0,KTAS,2024,lopullinen,https://prodkuntarest.westeurope.cloudapp.azure.com/rest/v1/json/dokumentti/lopullinen/KTAS/0146456-0/2024,ok,57691e4bc58f0123c9a4fc8f913c8fbed9c3fb6775a89cc8adab78e06ac302c7,158,32,2,20,,2026-08-18T16:46:35Z
0146921-4,KTAS,2024,lopullinen,https://prodkuntarest.westeurope.cloudapp.azure.com/rest/v1/json/dokumentti/lopullinen/KTAS/0146921-4/2024,ok,472613db13bd0a046e89a08e27e12c5f3a62a08d4db6e653982800804e57bb81,158,32,8,20,,2026-08-18T16:46:35Z
0147510-4,KTAS,2024,lopullinen,https://prodkuntarest.westeurope.cloudapp.azure.com/rest/v1/json/dokumentti/lopullinen/KTAS/0147510-4/2024,ok,41a3aa69da7c90c9b3bf8a87a06e1654ce2e25525f7a56f92d0e35d9e75ceb9e,158,32,4,20,,2026-08-18T16:46:35Z
0147645-7,KTAS,2024,lopullinen,https://prodkuntarest.westeurope.cloudapp.azure.com/rest/v1/json/dokumentti/lopullinen/KTAS/0147645-7/2024,ok,5ac2500d5914aaf6b8be1dce8aa8840a79e5659fba8ebc988c379d0a3308d953,158,32,4,20,,2026-08-18T16:46:35Z
0147705-4,KTAS,2024,lopullinen,https://prodkuntarest.westeurope.cloudapp.azure.com/rest/v1/json/dokumentti/lopullinen/KTAS/0147705-4/2024,ok,d7ae8d08370d50d34bc68a55f58934f5279d5d1a90d983244ffd5ccf14820bfb,158,32,4,20,,2026-08-18T16:46:35Z
0148268-9,KTAS,2024,lopullinen,https://prodkuntarest.westeurope.cloudapp.azure.com/rest/v1/json/dokumentti/lopullinen/KTAS/0148268-9/2024,ok,72ef281c67b5853d71d0de78b64028be05c2da90b494c66061c722dd1bc46602,160,32,2,20,,2026-08-18T16:46:35Z
0149669-3,KTAS,2024,lopullinen,https://prodkuntarest.westeurope.cloudapp.azure.com/rest/v1/json/dokumentti/lopullinen/KTAS/0149669-3/2024,ok,8f4ee41ce3d4c19172f5d15fdc90d845ff592415fa05c06f1f6594b34d542b9f,160,32,3,20,,2026-08-18T16:46:35Z
0150783-1,KTAS,2024,lopullinen,https://prodkuntarest.westeurope.cloudapp.azure.com/rest/v1/json/dokumentti/lopullinen/KTAS/0150783-1/2024,ok,205cd314446c7d5c0f60fe0bc72c5fb5587e73f108788940a129a680c534f4bb,158,32,4,20,,2026-08-18T16:46:35Z
0150919-1,KTAS,2024,lopullinen,https://prodkuntarest.westeurope.cloudapp.azure.com/rest/v1/json/dokumentti/lopullinen/KTAS/0150919-1/2024,ok,31f49978b9f88c886eab82e9feb309a7f4da78f89f29c67ddee547f81093269e,158,32,3,20,,2026-08-18T16:46:35Z
0151789-6,KTAS,2024,lopullinen,https://prodkuntarest.westeurope.cloudapp.azure.com/rest/v1/json/dokumentti/lopullinen/KTAS/0151789-6/2024,ok,10495209c6b3782a044150901859425df0c971e50c407c49619b297094169630,158,32,3,20,,2026-08-18T16:46:35Z
0151924-2,KTAS,2024,lopullinen,https://prodkuntarest.westeurope.cloudapp.azure.com/rest/v1/json/dokumentti/lopullinen/KTAS/0151924-2/2024,ok,65a0a640245be5d1f5dd889b235f62898740a3492a7db9529ec0b677f119843c,160,32,5,20,,2026-08-18T16:46:35Z
0152084-1,KTAS,2024,lopullinen,https://prodkuntarest.westeurope.cloudapp.azure.com/rest/v1/json/dokumentti/lopullinen/KTAS/0152084-1/2024,ok,4418e3c20140553478c8bfa577066ff2c5052c6bd0f36dd03eadb5e7066689cc,160,32,7,20,,2026-08-18T16:46:35Z
0152563-4,KTAS,2024,lopullinen,https://prodkuntarest.westeurope.cloudapp.azure.com/rest/v1/json/dokumentti/lopullinen/KTAS/0152563-4/2024,ok,0876b242085d4a90d2cfa8dabfedced8e42dc199d867f21615bf9a36ca0a4db0,158,32,3,20,,2026-08-18T16:46:35Z
0152842-1,KTAS,2024,lopullinen,https://prodkuntarest.westeurope.cloudapp.azure.com/rest/v1/json/dokumentti/lopullinen/KTAS/0152842-1/2024,ok,ac1f804f74e00ae90c90383746ddd115443f46b0dd3c8a46cfc2a8c7ec3a5256,160,32,8,20,,2026-08-18T16:46:35Z
0153082-0,KTAS,2024,lopullinen,https://prodkuntarest.westeurope.cloudapp.azure.com/rest/v1/json/dokumentti/lopullinen/KTAS/0153082-0/2024,ok,5011ccc2223cf7182b1d5d07f76fa9f7cd6cfbe97ac0b6eaee4b887b39a865b6,160,32,2,20,,2026-08-18T16:46:35Z
0153179-4,KTAS,2024,lopullinen,https://prodkuntarest.westeurope.cloudapp.azure.com/rest/v1/json/dokumentti/lopullinen/KTAS/0153179-4/2024,ok,a801929df7a81c1a70a845c57211cc97763fdecd303ec7429ae21dbe58942b3d,158,32,5,20,,2026-08-18T16:46:35Z
0157323-0,KTAS,2024,lopullinen,https://prodkuntarest.westeurope.cloudapp.azure.com/rest/v1/json/dokumentti/lopullinen/KTAS/0157323-0/2024,ok,7f821a85d2d6cb8d194d7ac15342be43ea270ad3f5fe8dfdce2ad83a807bfb7f,160,32,2,20,,2026-08-18T16:46:35Z
0157568-2,KTAS,2024,lopullinen,https://prodkuntarest.westeurope.cloudapp.azure.com/rest/v1/json/dokumentti/lopullinen/KTAS/0157568-2/2024,ok,4c9097d14f82d1c95ff245264d05a4b064fec2517566c920c26d4f3ca85e6005,160,32,3,20,,2026-08-18T16:46:35Z
0157711-9,KTAS,2024,lopullinen,https://prodkuntarest.westeurope.cloudapp.azure.com/rest/v1/json/dokumentti/lopullinen/KTAS/0157711-9/2024,ok,f8bb7be70036df3f891d344717cf948e0fd4c140819e97758582a17b55ac1434,158,32,1,20,,2026-08-18T16:46:35Z
0157867-2,KTAS,2024,lopullinen,https://prodkuntarest.westeurope.cloudapp.azure.com/rest/v1/json/dokumentti/lopullinen/KTAS/0157867-2/2024,ok,fd7a27bbc98b9015425ce3782a42e4a3eaf14cbb130b220fbc16bf095343da9f,158,32,5,20,,2026-08-18T16:46:35Z
0158221-7,KTAS,2024,lopullinen,https://prodkuntarest.westeurope.cloudapp.azure.com/rest/v1/json/dokumentti/lopullinen/KTAS/0158221-7/2024,ok,1a434823ce4b12bdd84a44c14a799c3206101d9d2d9a16e3de155f7379b014b7,160,32,3,20,,2026-08-18T16:46:35Z
0158301-7,KTAS,2024,lopullinen,https://prodkuntarest.westeurope.cloudapp.azure.com/rest/v1/json/dokumentti/lopullinen/KTAS/0158301-7/2024,ok,a33cae4d004129a79da884bbcf828e6cd2bdb3d7dee4541c7d4ce468cbbc2419,158,32,4,20,,2026-08-18T16:46:35Z
0158766-7,KTAS,2024,lopullinen,https://prodkuntarest.westeurope.cloudapp.azure.com/rest/v1/json/dokumentti/lopullinen/KTAS/0158766-7/2024,ok,3fccd3707502cc3f2ad1169910d7139c93a3b299d8445b5a7be84af18ae98b9a,158,32,6,20,,2026-08-18T16:46:35Z
0159216-7,KTAS,2024,lopullinen,https://prodkuntarest.westeurope.cloudapp.azure.com/rest/v1/json/dokumentti/lopullinen/KTAS/0159216-7/2024,ok,c954b5b9ddc7e9c698762a9df41d96f30abf96efd492dc040cc3e858f5919d5d,158,32,3,20,,2026-08-18T16:46:35Z
0160225-7,KTAS,2024,lopullinen,https://prodkuntarest.westeurope.cloudapp.azure.com/rest/v1/json/dokumentti/lopullinen/KTAS/0160225-7/2024,ok,2dfe5c50cea58dd8a3973217ae5c567385e01b6535a1345d1c0a98201694373b,158,32,7,20,,2026-08-18T16:46:35Z
0161075-9,KTAS,2024,lopullinen,https://prodkuntarest.westeurope.cloudapp.azure.com/rest/v1/json/dokumentti/lopullinen/KTAS/0161075-9/2024,ok,ddf22926236a41746c41d99843375d6dcd83dab1390d65c60a5c3e8f90c0b838,160,32,7,20,,2026-08-18T16:46:35Z
0162193-3,KTAS,2024,lopullinen,https://prodkuntarest.westeurope.cloudapp.azure.com/rest/v1/json/dokumentti/lopullinen/KTAS/0162193-3/2024,ok,0abeda4ccc72906fc0958e555b80465ab8c5d621570557d3ede04044c8e333a9,158,32,2,20,,2026-08-18T16:46:35Z
0162576-6,KTAS,2024,lopullinen,https://prodkuntarest.westeurope.cloudapp.azure.com/rest/v1/json/dokumentti/lopullinen/KTAS/0162576-6/2024,ok,1266dcf2e8ad46b67290045d908ac34aa911cb1d4ade065d7b2ebab1739c0b9a,160,32,4,20,,2026-08-18T16:46:35Z
0162631-2,KTAS,2024,lopullinen,https://prodkuntarest.westeurope.cloudapp.azure.com/rest/v1/json/dokumentti/lopullinen/KTAS/0162631-2/2024,ok,6eff47219fa532d9ed554ee5e3f26e64d08f9469f8ec4e2238b06f50574c23f0,158,32,5,20,,2026-08-18T16:46:35Z
0162675-0,KTAS,2024,lopullinen,https://prodkuntarest.westeurope.cloudapp.azure.com/rest/v1/json/dokumentti/lopullinen/KTAS/0162675-0/2024,ok,e1b326d1bb95bce992f07de609bbcb6669b25477bc1b6af39df02b20ef04529f,158,32,3,20,,2026-08-18T16:46:35Z
0162798-0,KTAS,2024,lopullinen,https://prodkuntarest.westeurope.cloudapp.azure.com/rest/v1/json/dokumentti/lopullinen/KTAS/0162798-0/2024,ok,480279c08c859495f8177eeb76f3e57c82f5eb085dbdb312504adfa43b71b043,158,32,4,20,,2026-08-18T16:46:35Z
0163013-5,KTAS,2024,lopullinen,https://prodkuntarest.westeurope.cloudapp.azure.com/rest/v1/json/dokumentti/lopullinen/KTAS/0163013-5/2024,ok,9689e344230751b0783fd5c36ce176259f4e6decf626f702b681c00cc9c236df,158,32,5,20,,2026-08-18T16:46:35Z
0163109-0,KTAS,2024,lopullinen,https://prodkuntarest.westeurope.cloudapp.azure.com/rest/v1/json/dokumentti/lopullinen/KTAS/0163109-0/2024,ok,9c01edf8d07d69c012eb9ec81ba63749a1257a5b6430d031067545e7befd3bdb,158,32,1,20,,2026-08-18T16:46:35Z
0163320-5,KTAS,2024,lopullinen,https://prodkuntarest.westeurope.cloudapp.azure.com/rest/v1/json/dokumentti/lopullinen/KTAS/0163320-5/2024,ok,92f3f30bde10ecdc033f002fbc14044fead1cd30155b80150eb277dd118972b9,158,32,3,20,,2026-08-18T16:46:35Z
0163687-9,KTAS,2024,lopullinen,https://prodkuntarest.westeurope.cloudapp.azure.com/rest/v1/json/dokumentti/lopullinen/KTAS/0163687-9/2024,ok,3cf7b001fab9151d864123774d669e012d4318c81e62d4e9b38bffea223a7256,160,32,1,20,,2026-08-18T16:46:35Z
0163734-5,KTAS,2024,lopullinen,https://prodkuntarest.westeurope.cloudapp.azure.com/rest/v1/json/dokumentti/lopullinen/KTAS/0163734-5/2024,ok,036b44a63ee6493945c3c830ed709ecff26dffa5a1e95823d3dbb063a2090c10,160,32,7,20,,2026-08-18T16:46:35Z
0164308-3,KTAS,2024,lopullinen,https://prodkuntarest.westeurope.cloudapp.azure.com/rest/v1/json/dokumentti/lopullinen/KTAS/0164308-3/2024,ok,b9dfc102cec0fe936c5f9d494ebdf64241446906f95dd447dedb5818f6acf869,158,32,2,20,,2026-08-18T16:46:35Z
0164384-1,KTAS,2024,lopullinen,https://prodkuntarest.westeurope.cloudapp.azure.com/rest/v1/json/dokumentti/lopullinen/KTAS/0164384-1/2024,ok,69a1f3c1e1efebb3de1058ee1d8a06b6988b08f0c13fcf8e0bff8da45e863ecc,160,32,3,20,,2026-08-18T16:46:35Z
0164551-3,KTAS,2024,lopullinen,https://prodkuntarest.westeurope.cloudapp.azure.com/rest/v1/json/dokumentti/lopullinen/KTAS/0164551-3/2024,ok,2fbc28372a43c67ef61b536e90bb74964543b3fa73ffc81efb69a92fd478033d,160,32,4,20,,2026-08-18T16:46:35Z
0164690-3,KTAS,2024,lopullinen,https://prodkuntarest.westeurope.cloudapp.azure.com/rest/v1/json/dokumentti/lopullinen/KTAS/0164690-3/2024,ok,008eef3a8fad4aa47c058bf0e7b07584cfbdd51c28c99557274619bba7f09ed4,158,32,10,20,,2026-08-18T16:46:35Z
0165116-3,KTAS,2024,lopullinen,https://prodkuntarest.westeurope.cloudapp.azure.com/rest/v1/json/dokumentti/lopullinen/KTAS/0165116-3/2024,ok,01f0c94a6be3b6d403229ed02f9368ce2bb83d13ef026187e11fb2d3a45a52fd,158,32,11,20,,2026-08-18T16:46:35Z
0165761-0,KTAS,2024,lopullinen,https://prodkuntarest.westeurope.cloudapp.azure.com/rest/v1/json/dokumentti/lopullinen/KTAS/0165761-0/2024,ok,71ce3263ff164b84afd498da1af9c839ab3181d9744b6b0b006464dee6e458fa,158,32,3,20,,2026-08-18T16:46:35Z
0165867-2,KTAS,2024,lopullinen,https://prodkuntarest.westeurope.cloudapp.azure.com/rest/v1/json/dokumentti/lopullinen/KTAS/0165867-2/2024,ok,2ff5d0e285eef8f428f6aa4a573a39b28197a060ca2d8f4bea469718732fad10,158,32,6,20,,2026-08-18T16:46:35Z
0166400-1,KTAS,2024,lopullinen,https://prodkuntarest.westeurope.cloudapp.azure.com/rest/v1/json/dokumentti/lopullinen/KTAS/0166400-1/2024,ok,e23ce3d998468f35af58ece6968f6da6655f54a34307ba023219a095f4ad4251,158,32,2,20,,2026-08-18T16:46:35Z
0166507-1,KTAS,2024,lopullinen,https://prodkuntarest.westeurope.cloudapp.azure.com/rest/v1/json/dokumentti/lopullinen/KTAS/0166507-1/2024,ok,d06a012df28fefb8c2c068abbd1b5bdf1a2f529661c39dcd664e5cc5a6e12f86,158,32,3,20,,2026-08-18T16:46:35Z
0166906-4,KTAS,2024,lopullinen,https://prodkuntarest.westeurope.cloudapp.azure.com/rest/v1/json/dokumentti/lopullinen/KTAS/0166906-4/2024,ok,17d4ddd311d7790928267a383b2f6784750785f933e00416825e54ff6dd6d25a,158,32,4,20,,2026-08-18T16:46:35Z
0167265-0,KTAS,2024,lopullinen,https://prodkuntarest.westeurope.cloudapp.azure.com/rest/v1/json/dokumentti/lopullinen/KTAS/0167265-0/2024,ok,03c621109db41070ae6ceafc31f49cf347acdeacb589b608cfc18fc271f5613b,158,32,3,20,,2026-08-18T16:46:35Z
0167352-2,KTAS,2024,lopullinen,https://prodkuntarest.westeurope.cloudapp.azure.com/rest/v1/json/dokumentti/lopullinen/KTAS/0167352-2/2024,ok,0b1bd276995849eeda4966fefb876df420e8a1986933cc41b09648e73194184d,158,32,10,20,,2026-08-18T16:46:35Z
0167589-4,KTAS,2024,lopullinen,https://prodkuntarest.westeurope.cloudapp.azure.com/rest/v1/json/dokumentti/lopullinen/KTAS/0167589-4/2024,ok,e9620f466e1f396f16d6f973cfdf96fcb5c90c00c9263f6cb31e9a5c61b1239a,160,32,3,20,,2026-08-18T16:46:35Z
0168654-2,KTAS,2024,lopullinen,https://prodkuntarest.westeurope.cloudapp.azure.com/rest/v1/json/dokumentti/lopullinen/KTAS/0168654-2/2024,ok,b73219d638f73f5111c27b9187fbedafc0b57385fdcb95c97b47b691d1178da4,160,32,3,20,,2026-08-18T16:46:35Z
0168900-6,KTAS,2024,lopullinen,https://prodkuntarest.westeurope.cloudapp.azure.com/rest/v1/json/dokumentti/lopullinen/KTAS/0168900-6/2024,ok,dc646b6c86f4557e91db40bb210995b85596d8345f2aab35be21fa8fd5c9fbf3,160,32,4,20,,2026-08-18T16:46:35Z
0169048-8,KTAS,2024,lopullinen,https://prodkuntarest.westeurope.cloudapp.azure.com/rest/v1/json/dokumentti/lopullinen/KTAS/0169048-8/2024,ok,bd624cc7e2fe783ad4757167590a331a5ddee4a0b6bbaa125a6db5fe664b3b5d,160,32,2,20,,2026-08-18T16:46:35Z
0169321-6,KTAS,2024,lopullinen,https://prodkuntarest.westeurope.cloudapp.azure.com/rest/v1/json/dokumentti/lopullinen/KTAS/0169321-6/2024,ok,4c3e42d583c9f5771fae55c84386420998e7c5537e11d984fa09390b23600164,160,32,7,20,,2026-08-18T16:46:35Z
0169583-6,KTAS,2024,lopullinen,https://prodkuntarest.westeurope.cloudapp.azure.com/rest/v1/json/dokumentti/lopullinen/KTAS/0169583-6/2024,ok,70df213c57b61b2d6dee73890a40e44f8fd1854d727c0c8907d914c73c7c024a,160,32,3,20,,2026-08-18T16:46:35Z
0169823-6,KTAS,2024,lopullinen,https://prodkuntarest.westeurope.cloudapp.azure.com/rest/v1/json/dokumentti/lopullinen/KTAS/0169823-6/2024,ok,e8aebc78e140577ffc4c0512795b0719d44ddb57a2bb26dea9db80705f01b7c6,158,32,6,20,,2026-08-18T16:46:35Z
0169967-7,KTAS,2024,lopullinen,https://prodkuntarest.westeurope.cloudapp.azure.com/rest/v1/json/dokumentti/lopullinen/KTAS/0169967-7/2024,ok,a06a92ed953f7d57753c9a897c62b629853e83c4b1c4b1651c01b1a0efe68081,160,32,6,20,,2026-08-18T16:46:35Z
0170664-6,KTAS,2024,lopullinen,https://prodkuntarest.westeurope.cloudapp.azure.com/rest/v1/json/dokumentti/lopullinen/KTAS/0170664-6/2024,ok,248bd949017620c834355b6abaef1788de743f7668188982a1011c66c02f5c12,158,32,4,20,,2026-08-18T16:46:35Z
0170773-7,KTAS,2024,lopullinen,https://prodkuntarest.westeurope.cloudapp.azure.com/rest/v1/json/dokumentti/lopullinen/KTAS/0170773-7/2024,ok,eabb6767c250e1e1ae78447c4f9f3a9f4095e65eaaef4d3b8781220ac378a3d0,160,32,5,20,,2026-08-18T16:46:35Z
0170843-0,KTAS,2024,lopullinen,https://prodkuntarest.westeurope.cloudapp.azure.com/rest/v1/json/dokumentti/lopullinen/KTAS/0170843-0/2024,ok,5277166cd17ce1fb0d1abcf8745f0d60841c984aabbf0468905f378c753ce753,160,32,3,20,,2026-08-18T16:46:35Z
0171450-7,KTAS,2024,lopullinen,https://prodkuntarest.westeurope.cloudapp.azure.com/rest/v1/json/dokumentti/lopullinen/KTAS/0171450-7/2024,ok,3013a96488eb6a9e62a3ad7e200391b302f2de59eb3176111afecaaec307ae03,158,32,3,20,,2026-08-18T16:46:35Z
0172127-2,KTAS,2024,lopullinen,https://prodkuntarest.westeurope.cloudapp.azure.com/rest/v1/json/dokumentti/lopullinen/KTAS/0172127-2/2024,ok,7373c1e6e990d9704924c85ab516ea98e26b2b1c37f04612912c5603a2d57de0,158,32,4,20,,2026-08-18T16:46:35Z
0172231-2,KTAS,2024,lopullinen,https://prodkuntarest.westeurope.cloudapp.azure.com/rest/v1/json/dokumentti/lopullinen/KTAS/0172231-2/2024,ok,9d679c0fbf079ea235b68d9267ecca6efa77c929ddffb3e902adb8c6da1b083a,158,32,2,20,,2026-08-18T16:46:35Z
0172446-5,KTAS,2024,lopullinen,https://prodkuntarest.westeurope.cloudapp.azure.com/rest/v1/json/dokumentti/lopullinen/KTAS/0172446-5/2024,ok,c4d5b00204b9233ee5985d045d017354229a99610658a5e606b0801f8014e6dd,160,32,4,20,,2026-08-18T16:46:35Z
0172586-3,KTAS,2024,jalkikorjattu,https://prodkuntarest.westeurope.cloudapp.azure.com/rest/v1/json/dokumentti/jalkikorjattu/KTAS/0172586-3/2024,ok,e593387348b159990e9d547a363a24b94149eda3171a543cd5e06b150dd4dbbf,158,32,3,20,,2026-08-18T16:46:35Z
0172646-0,KTAS,2024,lopullinen,https://prodkuntarest.westeurope.cloudapp.azure.com/rest/v1/json/dokumentti/lopullinen/KTAS/0172646-0/2024,ok,25c85f4fd4c725b5c025575f88c6283a7e1759a51976d2bbf90c848f9024e8ea,158,32,5,20,,2026-08-18T16:46:35Z
0172718-0,KTAS,2024,lopullinen,https://prodkuntarest.westeurope.cloudapp.azure.com/rest/v1/json/dokumentti/lopullinen/KTAS/0172718-0/2024,ok,5492501c4c81e67db704730af2cdee2f247bceb71e32f9b558f236d29fdc0753,158,32,3,20,,2026-08-18T16:46:35Z
0173081-4,KTAS,2024,lopullinen,https://prodkuntarest.westeurope.cloudapp.azure.com/rest/v1/json/dokumentti/lopullinen/KTAS/0173081-4/2024,ok,15278a7050de96776d35e653f60db25f711a2d6c885aaa9173274ba7093bac1f,158,32,5,20,,2026-08-18T16:46:35Z
0173128-6,KTAS,2024,lopullinen,https://prodkuntarest.westeurope.cloudapp.azure.com/rest/v1/json/dokumentti/lopullinen/KTAS/0173128-6/2024,ok,92691e5560509e9b62f76a56bd9929aa383b129f036ce66dd95d5e6deb4d5fdc,158,32,5,20,,2026-08-18T16:46:35Z
0173416-1,KTAS,2024,lopullinen,https://prodkuntarest.westeurope.cloudapp.azure.com/rest/v1/json/dokumentti/lopullinen/KTAS/0173416-1/2024,ok,ec37644f3ea197ec1cacfaa297576da39f1e4cb5511c64a85441dda937281e72,160,32,2,20,,2026-08-18T16:46:35Z
0173787-2,KTAS,2024,lopullinen,https://prodkuntarest.westeurope.cloudapp.azure.com/rest/v1/json/dokumentti/lopullinen/KTAS/0173787-2/2024,ok,8d4b7f0697864a266560232dd3de4e8cb92ac56af1505bbe3be03046fd06374f,158,32,3,20,,2026-08-18T16:46:35Z
0173835-7,KTAS,2024,lopullinen,https://prodkuntarest.westeurope.cloudapp.azure.com/rest/v1/json/dokumentti/lopullinen/KTAS/0173835-7/2024,ok,d43f7b7a3f589ccb955e669dc8825bb2cbf47dfcbc2293a2a22937d3666f9214,160,32,4,20,,2026-08-18T16:46:35Z
0174035-0,KTAS,2024,lopullinen,https://prodkuntarest.westeurope.cloudapp.azure.com/rest/v1/json/dokumentti/lopullinen/KTAS/0174035-0/2024,ok,c2fbbcd25a731aa9c5decca2cd069a3344c1853f27af28c905fcf939f346ef8b,158,32,5,20,,2026-08-18T16:46:35Z
0174108-9,KTAS,2024,lopullinen,https://prodkuntarest.westeurope.cloudapp.azure.com/rest/v1/json/dokumentti/lopullinen/KTAS/0174108-9/2024,ok,09c22ca854692f0a56915804e0e873d02b1634413dcc4b147a819c64cb9c502f,158,32,1,20,,2026-08-18T16:46:35Z
0174666-4,KTAS,2024,lopullinen,https://prodkuntarest.westeurope.cloudapp.azure.com/rest/v1/json/dokumentti/lopullinen/KTAS/0174666-4/2024,ok,7ab1d7d6d336e36fe2b6c2664d1c67e3278751a55c7217bdf538e2df239ec2fe,158,32,2,20,,2026-08-18T16:46:35Z
0175622-1,KTAS,2024,lopullinen,https://prodkuntarest.westeurope.cloudapp.azure.com/rest/v1/json/dokumentti/lopullinen/KTAS/0175622-1/2024,ok,72b7831762a361e13ffd108472b345bf47c522677572db35258c2f75fa3b5a1b,158,32,5,20,,2026-08-18T16:46:35Z
0175798-8,KTAS,2024,lopullinen,https://prodkuntarest.westeurope.cloudapp.azure.com/rest/v1/json/dokumentti/lopullinen/KTAS/0175798-8/2024,ok,de3e76bb6218eb9c572627e97b3783d9f11611f8f509f9b63b310f41569a9b90,158,32,3,20,,2026-08-18T16:46:35Z
0176150-6,KTAS,2024,lopullinen,https://prodkuntarest.westeurope.cloudapp.azure.com/rest/v1/json/dokumentti/lopullinen/KTAS/0176150-6/2024,ok,601c809f806f27e6114646996e54bb3ff61bea0834386971938ff8a9aa339c4c,158,32,5,20,,2026-08-18T16:46:35Z
0176227-7,KTAS,2024,lopullinen,https://prodkuntarest.westeurope.cloudapp.azure.com/rest/v1/json/dokumentti/lopullinen/KTAS/0176227-7/2024,ok,beb4c02f393ce4b76c5c12773995e0379fbbc9f9ee9229e7a6ee3f5da43a5280,158,32,7,20,,2026-08-18T16:46:35Z
0176357-9,KTAS,2024,lopullinen,https://prodkuntarest.westeurope.cloudapp.azure.com/rest/v1/json/dokumentti/lopullinen/KTAS/0176357-9/2024,ok,b37f711f25d7dd5b969586502f97366af968b354f75ef05c8e9b1d7bba4bc9ec,158,32,4,20,,2026-08-18T16:46:35Z
0176410-9,KTAS,2024,lopullinen,https://prodkuntarest.westeurope.cloudapp.azure.com/rest/v1/json/dokumentti/lopullinen/KTAS/0176410-9/2024,ok,f9ba8340b438b84a9a128892c41c9811808b7451e4d27a2f8f806ee037a174b8,158,32,3,20,,2026-08-18T16:46:35Z
0176478-2,KTAS,2024,lopullinen,https://prodkuntarest.westeurope.cloudapp.azure.com/rest/v1/json/dokumentti/lopullinen/KTAS/0176478-2/2024,ok,c78acf10efe166c0df39b6fb1bfd86d5899fc3c2211d08ebffd72474643d869f,158,32,5,20,,2026-08-18T16:46:35Z
0176592-9,KTAS,2024,lopullinen,https://prodkuntarest.westeurope.cloudapp.azure.com/rest/v1/json/dokumentti/lopullinen/KTAS/0176592-9/2024,ok,c99770704b8260f67a533543bdad6f3c99333a63346d247045f64bb78b1eb0e2,158,32,6,20,,2026-08-18T16:46:35Z
0176699-9,KTAS,2024,lopullinen,https://prodkuntarest.westeurope.cloudapp.azure.com/rest/v1/json/dokumentti/lopullinen/KTAS/0176699-9/2024,ok,d42a403081756d6ed8a278fe5fa43f3602368c1785f3987b275e210fa15d6c86,158,32,4,20,,2026-08-18T16:46:35Z
0176769-2,KTAS,2024,lopullinen,https://prodkuntarest.westeurope.cloudapp.azure.com/rest/v1/json/dokumentti/lopullinen/KTAS/0176769-2/2024,ok,6a052428e7ac1d9e76d869d4765a446de9279b25635027dcf49eb95547a5f1c8,158,32,4,20,,2026-08-18T16:46:35Z
0176975-1,KTAS,2024,lopullinen,https://prodkuntarest.westeurope.cloudapp.azure.com/rest/v1/json/dokumentti/lopullinen/KTAS/0176975-1/2024,ok,6ff6e226edf278bc11b180969656a70bd1bc706965357ff9b66e770bea66989e,158,32,5,20,,2026-08-18T16:46:35Z
0177201-0,KTAS,2024,lopullinen,https://prodkuntarest.westeurope.cloudapp.azure.com/rest/v1/json/dokumentti/lopullinen/KTAS/0177201-0/2024,ok,ea83598ae9b003ce9c630a588de122984ba6b9178aa1c51991c8eaf627820742,160,32,3,20,,2026-08-18T16:46:35Z
0177224-8,KTAS,2024,lopullinen,https://prodkuntarest.westeurope.cloudapp.azure.com/rest/v1/json/dokumentti/lopullinen/KTAS/0177224-8/2024,ok,e18882352024f50de56a4dfd06817d21fc87a70fe96e4b897456be47196f0e85,160,32,3,20,,2026-08-18T16:46:35Z
0177619-3,KTAS,2024,lopullinen,https://prodkuntarest.westeurope.cloudapp.azure.com/rest/v1/json/dokumentti/lopullinen/KTAS/0177619-3/2024,ok,c24d85f3cacfa2295b86c91ccd2fe76343fbe27d2be2507374a6b2e692e5aeaa,160,32,6,20,,2026-08-18T16:46:35Z
0177736-4,KTAS,2024,lopullinen,https://prodkuntarest.westeurope.cloudapp.azure.com/rest/v1/json/dokumentti/lopullinen/KTAS/0177736-4/2024,ok,18f7c1168621442a27826500b65ea86638f520490b7ed604a73e55771545d5c5,158,32,2,20,,2026-08-18T16:46:35Z
0177804-1,KTAS,2024,lopullinen,https://prodkuntarest.westeurope.cloudapp.azure.com/rest/v1/json/dokumentti/lopullinen/KTAS/0177804-1/2024,ok,b31b4b3f604423ee256c9815bef033b7accaf106129eeb6de3b5cadaf5bb58dd,158,32,3,20,,2026-08-18T16:46:35Z
0177826-0,KTAS,2024,lopullinen,https://prodkuntarest.westeurope.cloudapp.azure.com/rest/v1/json/dokumentti/lopullinen/KTAS/0177826-0/2024,ok,7097d3db203249b01494a10f3252dbd00fd78d1a903d995cf711b0014e1d5cf6,158,32,3,20,,2026-08-18T16:46:35Z
0178008-8,KTAS,2024,lopullinen,https://prodkuntarest.westeurope.cloudapp.azure.com/rest/v1/json/dokumentti/lopullinen/KTAS/0178008-8/2024,ok,f52afcaa3673eb12ac8d93167b09e35d884726e562e0eed2172db1d7b9c640ef,158,32,3,20,,2026-08-18T16:46:35Z
0178071-5,KTAS,2024,lopullinen,https://prodkuntarest.westeurope.cloudapp.azure.com/rest/v1/json/dokumentti/lopullinen/KTAS/0178071-5/2024,ok,fc9a07008af22eb5d264c252f6ca0a1f8d529c333fb09804ff5fc08f50d17802,158,32,2,20,,2026-08-18T16:46:35Z
0178131-2,KTAS,2024,lopullinen,https://prodkuntarest.westeurope.cloudapp.azure.com/rest/v1/json/dokumentti/lopullinen/KTAS/0178131-2/2024,ok,236a2a859a60fc1055fae5fdf419ada237cefec1a5043af6f4b56b13ecd90500,158,32,3,20,,2026-08-18T16:46:35Z
0178455-6,KTAS,2024,lopullinen,https://prodkuntarest.westeurope.cloudapp.azure.com/rest/v1/json/dokumentti/lopullinen/KTAS/0178455-6/2024,ok,cb2bd434aa5f0648fea564cad409cab5ba935eb949ce01f9d13d51fc3f8e2ee1,158,32,3,20,,2026-08-18T16:46:35Z
0178464-4,KTAS,2024,lopullinen,https://prodkuntarest.westeurope.cloudapp.azure.com/rest/v1/json/dokumentti/lopullinen/KTAS/0178464-4/2024,ok,70d208eeb2328391b5028e64efce55eaf66acc3daefe1bfa0b8e7ff47a204179,158,32,3,20,,2026-08-18T16:46:35Z
0178498-6,KTAS,2024,lopullinen,https://prodkuntarest.westeurope.cloudapp.azure.com/rest/v1/json/dokumentti/lopullinen/KTAS/0178498-6/2024,ok,be0d90f748426e4448a389ec23dbf0f96b00f71b723e432c89db74cacd75b483,158,32,5,20,,2026-08-18T16:46:35Z
0178718-3,KTAS,2024,lopullinen,https://prodkuntarest.westeurope.cloudapp.azure.com/rest/v1/json/dokumentti/lopullinen/KTAS/0178718-3/2024,ok,1734aa24725d4eb474ba3b7f6acc895e5b030e1fc982db926d650266a28a0eab,158,32,4,20,,2026-08-18T16:46:35Z
0178981-6,KTAS,2024,lopullinen,https://prodkuntarest.westeurope.cloudapp.azure.com/rest/v1/json/dokumentti/lopullinen/KTAS/0178981-6/2024,ok,26a5aa8cc5eb0cce517cad5f8a1c65fe13de276d7302933448fb0773a96f7bc4,158,32,4,20,,2026-08-18T16:46:35Z
0179377-8,KTAS,2024,lopullinen,https://prodkuntarest.westeurope.cloudapp.azure.com/rest/v1/json/dokumentti/lopullinen/KTAS/0179377-8/2024,ok,1bf43b591fb0e0b02d9f35eb890d580fb33fac9fe0eb5fb06ee08b1f23e60822,158,32,3,20,,2026-08-18T16:46:35Z
0179699-5,KTAS,2024,lopullinen,https://prodkuntarest.westeurope.cloudapp.azure.com/rest/v1/json/dokumentti/lopullinen/KTAS/0179699-5/2024,ok,2e11654f98b0913de080e1af1315ed29cf007e9c4c70d7225a3bc2fc7eafd062,158,32,5,20,,2026-08-18T16:46:35Z
0180065-9,KTAS,2024,lopullinen,https://prodkuntarest.westeurope.cloudapp.azure.com/rest/v1/json/dokumentti/lopullinen/KTAS/0180065-9/2024,ok,e406a339e3d562fe1b086715401edccbd8921074cc89a85f6ca8f8907ff3de82,160,32,2,20,,2026-08-18T16:46:35Z
0180117-6,KTAS,2024,lopullinen,https://prodkuntarest.westeurope.cloudapp.azure.com/rest/v1/json/dokumentti/lopullinen/KTAS/0180117-6/2024,ok,de9b188e9aa9685c83bbdbf7021545b46f476d98e6000bb1f68446059c5867da,158,32,5,20,,2026-08-18T16:46:35Z
0180451-0,KTAS,2024,lopullinen,https://prodkuntarest.westeurope.cloudapp.azure.com/rest/v1/json/dokumentti/lopullinen/KTAS/0180451-0/2024,ok,a34357ee0f9ad75dd2a2bc8bc81bf386eef0f181ca70fb4876c7a13ebd09e28b,158,32,8,20,,2026-08-18T16:46:35Z
0180516-9,KTAS,2024,lopullinen,https://prodkuntarest.westeurope.cloudapp.azure.com/rest/v1/json/dokumentti/lopullinen/KTAS/0180516-9/2024,ok,df0ca8c9f50080b4ed013ccbb6d23c3c03fc6fc2be5aae038eadc3e235d9d31c,158,32,6,20,,2026-08-18T16:46:35Z
0180774-6,KTAS,2024,lopullinen,https://prodkuntarest.westeurope.cloudapp.azure.com/rest/v1/json/dokumentti/lopullinen/KTAS/0180774-6/2024,ok,00bfec2182451846350e5a529798328e643efb0b8f2bfbdcd936c654bf17a130,158,32,2,20,,2026-08-18T16:46:35Z
0180857-0,KTAS,2024,lopullinen,https://prodkuntarest.westeurope.cloudapp.azure.com/rest/v1/json/dokumentti/lopullinen/KTAS/0180857-0/2024,ok,86e07b4fba585d2c2a4f852c05496d78f5aa951b757d1d2bb7af68b662fe9db5,160,32,5,20,,2026-08-18T16:46:35Z
0180948-5,KTAS,2024,lopullinen,https://prodkuntarest.westeurope.cloudapp.azure.com/rest/v1/json/dokumentti/lopullinen/KTAS/0180948-5/2024,ok,c67396165358b47f9d3a09d529cfb21ca8108601c0abc156d24a561b02f5c912,160,32,5,20,,2026-08-18T16:46:35Z
0181101-6,KTAS,2024,lopullinen,https://prodkuntarest.westeurope.cloudapp.azure.com/rest/v1/json/dokumentti/lopullinen/KTAS/0181101-6/2024,ok,3742cfd1a16bebaefde3e083845eca2f5604a9f83d8b79682abeb929f91b27d8,160,32,3,20,,2026-08-18T16:46:35Z
0181367-9,KTAS,2024,lopullinen,https://prodkuntarest.westeurope.cloudapp.azure.com/rest/v1/json/dokumentti/lopullinen/KTAS/0181367-9/2024,ok,a6b46d6cdc1db1386bb0312ee2466f129e6fac665118f116c60f1bb098bbea31,158,32,3,20,,2026-08-18T16:46:35Z
0181464-7,KTAS,2024,lopullinen,https://prodkuntarest.westeurope.cloudapp.azure.com/rest/v1/json/dokumentti/lopullinen/KTAS/0181464-7/2024,ok,b4c266609d1321c7e5af99a2962e4c22c6cbeedf685f71d281034723e360c305,160,32,6,20,,2026-08-18T16:46:35Z
0182637-3,KTAS,2024,lopullinen,https://prodkuntarest.westeurope.cloudapp.azure.com/rest/v1/json/dokumentti/lopullinen/KTAS/0182637-3/2024,ok,9c292c07caf6791c5b5b1d9f49a192ca8f98e4d3738516c5105717869faaa9b1,160,32,3,20,,2026-08-18T16:46:35Z
0182734-1,KTAS,2024,lopullinen,https://prodkuntarest.westeurope.cloudapp.azure.com/rest/v1/json/dokumentti/lopullinen/KTAS/0182734-1/2024,ok,c1348a8a1c8d2e259b173570a7519a275b82123ff9bb0c0eafab221a97796f91,158,32,2,20,,2026-08-18T16:46:35Z
0182779-8,KTAS,2024,lopullinen,https://prodkuntarest.westeurope.cloudapp.azure.com/rest/v1/json/dokumentti/lopullinen/KTAS/0182779-8/2024,ok,f7c65819a8172fe5b3807036a5d1339012cef2a9bc8ae586dfa74d4581425fc4,158,32,4,20,,2026-08-18T16:46:35Z
0183077-8,KTAS,2024,jalkikorjattu,https://prodkuntarest.westeurope.cloudapp.azure.com/rest/v1/json/dokumentti/jalkikorjattu/KTAS/0183077-8/2024,ok,84b211022295338a9fcfbab86f23e8877c0101531a33be63ffbd3323c7e1d9c7,158,32,9,20,,2026-08-18T16:46:35Z
0184278-7,KTAS,2024,lopullinen,https://prodkuntarest.westeurope.cloudapp.azure.com/rest/v1/json/dokumentti/lopullinen/KTAS/0184278-7/2024,ok,3784f1ba864c8dc11195f197e5368916e43908aaf48fce0382f09ffe6acdfd2f,158,32,4,20,,2026-08-18T16:46:35Z
0184318-1,KTAS,2024,lopullinen,https://prodkuntarest.westeurope.cloudapp.azure.com/rest/v1/json/dokumentti/lopullinen/KTAS/0184318-1/2024,ok,5fc3bf328a48faa5f3c4a65d17f4bb6ddb80d6bd76556a0d499582e4f6945a5c,158,32,6,20,,2026-08-18T16:46:35Z
0184622-7,KTAS,2024,lopullinen,https://prodkuntarest.westeurope.cloudapp.azure.com/rest/v1/json/dokumentti/lopullinen/KTAS/0184622-7/2024,ok,7f712f185d16c62ab99ec62f5a72a49cfeeecf5a221ead44565fed0972abc6e3,158,32,2,20,,2026-08-18T16:46:35Z
0184674-5,KTAS,2024,lopullinen,https://prodkuntarest.westeurope.cloudapp.azure.com/rest/v1/json/dokumentti/lopullinen/KTAS/0184674-5/2024,ok,d8eb3a3c1dcc832b8bebff4b40fe50d1fc7ca07d3c557bee5e025b48f1d577f6,160,32,4,20,,2026-08-18T16:46:35Z
0184872-4,KTAS,2024,lopullinen,https://prodkuntarest.westeurope.cloudapp.azure.com/rest/v1/json/dokumentti/lopullinen/KTAS/0184872-4/2024,ok,cec207d079fe4778b912e656be15f086ed544cb4b6f9e9660724896694050d20,159,32,1,20,,2026-08-18T16:46:35Z
0184918-8,KTAS,2024,lopullinen,https://prodkuntarest.westeurope.cloudapp.azure.com/rest/v1/json/dokumentti/lopullinen/KTAS/0184918-8/2024,ok,6b0d2e618da43853b7220373a6c99210d6fd22a4a7c28d5acb3d1b350079b947,158,32,2,20,,2026-08-18T16:46:35Z
0185075-2,KTAS,2024,lopullinen,https://prodkuntarest.westeurope.cloudapp.azure.com/rest/v1/json/dokumentti/lopullinen/KTAS/0185075-2/2024,ok,845f5bc5d4fc23b30fadf8d7b8b4f4c56971283115a0dc4fa210683ff8fec8db,158,32,4,20,,2026-08-18T16:46:35Z
0185924-7,KTAS,2024,lopullinen,https://prodkuntarest.westeurope.cloudapp.azure.com/rest/v1/json/dokumentti/lopullinen/KTAS/0185924-7/2024,ok,24a2a8821fd3e54db4bbf01dbc746ef7ce063b2af92595765ff8f8bb84a3f36c,158,32,5,20,,2026-08-18T16:46:35Z
0186002-9,KTAS,2024,lopullinen,https://prodkuntarest.westeurope.cloudapp.azure.com/rest/v1/json/dokumentti/lopullinen/KTAS/0186002-9/2024,ok,6423f27c7731e20bbb4a6e93cc54161e93280c39ee98ab968b7cf28b5d345196,160,32,3,20,,2026-08-18T16:46:35Z
0186204-0,KTAS,2024,lopullinen,https://prodkuntarest.westeurope.cloudapp.azure.com/rest/v1/json/dokumentti/lopullinen/KTAS/0186204-0/2024,ok,cdbca1a653d3fcc451cc33aeeaadf891672093cec26990cd63d37a4b434ea870,158,32,6,20,,2026-08-18T16:46:35Z
0186418-5,KTAS,2024,lopullinen,https://prodkuntarest.westeurope.cloudapp.azure.com/rest/v1/json/dokumentti/lopullinen/KTAS/0186418-5/2024,ok,acc60401e1211eb21b96d26a835a4ba5a5a63cd740ed8bf5c926f4633487ef8b,158,32,3,20,,2026-08-18T16:46:35Z
0186511-0,KTAS,2024,lopullinen,https://prodkuntarest.westeurope.cloudapp.azure.com/rest/v1/json/dokumentti/lopullinen/KTAS/0186511-0/2024,ok,fa46b797cd202d2423e0541df74af93cb893bfe387742ef713a58fa326e8c480,158,32,5,20,,2026-08-18T16:46:35Z
0186553-2,KTAS,2024,lopullinen,https://prodkuntarest.westeurope.cloudapp.azure.com/rest/v1/json/dokumentti/lopullinen/KTAS/0186553-2/2024,ok,967f71109e080311425ca94b7e9571b5cd17710d25e05598e68d776913bbcfe2,158,32,6,20,,2026-08-18T16:46:35Z
0186580-7,KTAS,2024,lopullinen,https://prodkuntarest.westeurope.cloudapp.azure.com/rest/v1/json/dokumentti/lopullinen/KTAS/0186580-7/2024,ok,ca4cb3ed14a5c3be6137699c62e22a610f027729cf478c8113b50a90990d42cd,158,32,5,20,,2026-08-18T16:46:35Z
0186588-2,KTAS,2024,lopullinen,https://prodkuntarest.westeurope.cloudapp.azure.com/rest/v1/json/dokumentti/lopullinen/KTAS/0186588-2/2024,ok,f586a353a66594b74072fe3d8059ca5ad4f134d0450451fcb04bb018a194693c,158,32,7,20,,2026-08-18T16:46:35Z
0186646-3,KTAS,2024,lopullinen,https://prodkuntarest.westeurope.cloudapp.azure.com/rest/v1/json/dokumentti/lopullinen/KTAS/0186646-3/2024,ok,062f9d438a85b4fc399a55cbc63fe3bd177a0370c9c2911b27c3fb3eeb09e5ae,158,32,2,20,,2026-08-18T16:46:35Z
0186757-0,KTAS,2024,lopullinen,https://prodkuntarest.westeurope.cloudapp.azure.com/rest/v1/json/dokumentti/lopullinen/KTAS/0186757-0/2024,ok,cad41744c44043bf44b8f8ef269d3a95f73524d9b4a012e04a7072f064239091,158,32,3,20,,2026-08-18T16:46:35Z
0186852-2,KTAS,2024,lopullinen,https://prodkuntarest.westeurope.cloudapp.azure.com/rest/v1/json/dokumentti/lopullinen/KTAS/0186852-2/2024,ok,c37294919facdfefaad2da0bca25f25014d1c92a8e12026d290205e8f2c1c424,160,32,5,20,,2026-08-18T16:46:35Z
0187690-1,KTAS,2024,lopullinen,https://prodkuntarest.westeurope.cloudapp.azure.com/rest/v1/json/dokumentti/lopullinen/KTAS/0187690-1/2024,ok,a0b754bfad81c9878b3027e18527df7a7d813b96bcfe78cdd8d73aaa1eafb99d,158,32,5,20,,2026-08-18T16:46:35Z
0188808-0,KTAS,2024,lopullinen,https://prodkuntarest.westeurope.cloudapp.azure.com/rest/v1/json/dokumentti/lopullinen/KTAS/0188808-0/2024,ok,c1d96d5ae354c25ff06698967ed19d444cae7bb1bfb177dc643455c1e53a0d48,158,32,5,20,,2026-08-18T16:46:35Z
0188962-2,KTAS,2024,lopullinen,https://prodkuntarest.westeurope.cloudapp.azure.com/rest/v1/json/dokumentti/lopullinen/KTAS/0188962-2/2024,ok,a939dd7c80cceb1907f8a9162e157bc422b572702b23b3c5e5ca15f216ec5e4e,158,32,3,20,,2026-08-18T16:46:35Z
0189019-9,KTAS,2024,lopullinen,https://prodkuntarest.westeurope.cloudapp.azure.com/rest/v1/json/dokumentti/lopullinen/KTAS/0189019-9/2024,ok,b6cfd25ff214370a5bd65ad2f73de3b7c5fc7447f8c37c3eb0e863b480338466,158,32,5,20,,2026-08-18T16:46:35Z
0189081-8,KTAS,2024,lopullinen,https://prodkuntarest.westeurope.cloudapp.azure.com/rest/v1/json/dokumentti/lopullinen/KTAS/0189081-8/2024,ok,22f56522c1d5d15f1977e130ee59dbaf5bc58c7d83236c0df9577d197c7f0e5f,160,32,4,20,,2026-08-18T16:46:35Z
0189127-1,KTAS,2024,lopullinen,https://prodkuntarest.westeurope.cloudapp.azure.com/rest/v1/json/dokumentti/lopullinen/KTAS/0189127-1/2024,ok,72704c791592967fdb88626823765bf8d8be5bc24076ecd564d557ff5e8b8afb,158,32,5,20,,2026-08-18T16:46:35Z
0189226-6,KTAS,2024,lopullinen,https://prodkuntarest.westeurope.cloudapp.azure.com/rest/v1/json/dokumentti/lopullinen/KTAS/0189226-6/2024,ok,81716916da6792eefdf0fb821c94435e97201c9a3a40a4daf50cc5def30f35f0,158,32,7,20,,2026-08-18T16:46:35Z
0189548-3,KTAS,2024,lopullinen,https://prodkuntarest.westeurope.cloudapp.azure.com/rest/v1/json/dokumentti/lopullinen/KTAS/0189548-3/2024,ok,68387038a18ebfc30c14e7e6317618904b9e6b8d0aa6985bd562f12da9c13586,158,32,4,20,,2026-08-18T16:46:35Z
0189576-6,KTAS,2024,lopullinen,https://prodkuntarest.westeurope.cloudapp.azure.com/rest/v1/json/dokumentti/lopullinen/KTAS/0189576-6/2024,ok,d7b49d055fd63ea054390bce8e4160262c08b954344ff28a29f73f3e147ec59d,158,32,6,20,,2026-08-18T16:46:35Z
0189615-2,KTAS,2024,lopullinen,https://prodkuntarest.westeurope.cloudapp.azure.com/rest/v1/json/dokumentti/lopullinen/KTAS/0189615-2/2024,ok,57a783c69ee157b8e51215367886ed2025131d22112ffcf614b316fb27a32240,158,32,3,20,,2026-08-18T16:46:35Z
0189766-5,KTAS,2024,lopullinen,https://prodkuntarest.westeurope.cloudapp.azure.com/rest/v1/json/dokumentti/lopullinen/KTAS/0189766-5/2024,ok,aa7d554c15355ebec86bba34ebb81ff4c28ffa65f62ee92fde617e1d07264c3e,158,32,7,20,,2026-08-18T16:46:35Z
0189925-7,KTAS,2024,lopullinen,https://prodkuntarest.westeurope.cloudapp.azure.com/rest/v1/json/dokumentti/lopullinen/KTAS/0189925-7/2024,ok,b653606eeb1d88dd410666f2a6d25970cb077cdee151e4de7bbd0dd604eee3a8,160,32,3,20,,2026-08-18T16:46:35Z
0190027-0,KTAS,2024,lopullinen,https://prodkuntarest.westeurope.cloudapp.azure.com/rest/v1/json/dokumentti/lopullinen/KTAS/0190027-0/2024,ok,721b943a660c30e1dfd11be328a00533d29c794edd0fef7acca905619fd9454a,158,32,5,20,,2026-08-18T16:46:35Z
0190100-3,KTAS,2024,lopullinen,https://prodkuntarest.westeurope.cloudapp.azure.com/rest/v1/json/dokumentti/lopullinen/KTAS/0190100-3/2024,ok,f84787ba147d60173b8595aac57eaed5c0007b41fa14caa415736c85b0f49527,158,32,5,20,,2026-08-18T16:46:35Z
0190140-9,KTAS,2024,lopullinen,https://prodkuntarest.westeurope.cloudapp.azure.com/rest/v1/json/dokumentti/lopullinen/KTAS/0190140-9/2024,ok,b6535a4bf7f83b5b00ba8a146a40fbe3d6ebcb76c28f52a43531ab8950b616ef,158,32,3,20,,2026-08-18T16:46:35Z
0190224-1,KTAS,2024,lopullinen,https://prodkuntarest.westeurope.cloudapp.azure.com/rest/v1/json/dokumentti/lopullinen/KTAS/0190224-1/2024,ok,a05263abcea0593c03b0e686f5c7b91dddc384b069a0c286734ceff20b44e12c,158,32,6,20,,2026-08-18T16:46:35Z
0190557-3,KTAS,2024,lopullinen,https://prodkuntarest.westeurope.cloudapp.azure.com/rest/v1/json/dokumentti/lopullinen/KTAS/0190557-3/2024,ok,b365c8a82fc8a5c2e7d10cea0c34bbf359a8174849a67fcf96b0700c254bf21d,158,32,3,20,,2026-08-18T16:46:35Z
0190662-1,KTAS,2024,lopullinen,https://prodkuntarest.westeurope.cloudapp.azure.com/rest/v1/json/dokumentti/lopullinen/KTAS/0190662-1/2024,ok,bd929e3e724008af79595dca7ab2f1f3e10f392e9cb5fb079fdb5bb095bf588b,158,32,7,20,,2026-08-18T16:46:35Z
0190758-7,KTAS,2024,lopullinen,https://prodkuntarest.westeurope.cloudapp.azure.com/rest/v1/json/dokumentti/lopullinen/KTAS/0190758-7/2024,ok,340f93793e945c8a0827f8b6341bd152a9a01e0631654649c40904c9ddf0e858,158,32,5,20,,2026-08-18T16:46:35Z
0191406-6,KTAS,2024,lopullinen,https://prodkuntarest.westeurope.cloudapp.azure.com/rest/v1/json/dokumentti/lopullinen/KTAS/0191406-6/2024,ok,33f8aff655d9236358a19b1da4f750dd30a47044310b0b3b3bbc230d8047f916,158,32,5,20,,2026-08-18T16:46:35Z
0191528-8,KTAS,2024,lopullinen,https://prodkuntarest.westeurope.cloudapp.azure.com/rest/v1/json/dokumentti/lopullinen/KTAS/0191528-8/2024,ok,f01ec9c84df8f0fb45cecb324233212ecc65ec0a9864ca2c4433ee2ed584812b,158,32,7,20,,2026-08-18T16:46:35Z
0191717-9,KTAS,2024,lopullinen,https://prodkuntarest.westeurope.cloudapp.azure.com/rest/v1/json/dokumentti/lopullinen/KTAS/0191717-9/2024,ok,4de217778f460eed5053f1ea9aa9dd3eaacd430cdd1f945b3783caf28ad0ece3,158,32,5,20,,2026-08-18T16:46:35Z
0191824-3,KTAS,2024,lopullinen,https://prodkuntarest.westeurope.cloudapp.azure.com/rest/v1/json/dokumentti/lopullinen/KTAS/0191824-3/2024,ok,01595e171828f27c76ede8ff3255013919182de6d2aa791323ccf3f2042d4ad7,158,32,8,20,,2026-08-18T16:46:35Z
0191866-5,KTAS,2024,jalkikorjattu,https://prodkuntarest.westeurope.cloudapp.azure.com/rest/v1/json/dokumentti/jalkikorjattu/KTAS/0191866-5/2024,ok,d2b6026077f53c2401893322176203206ef431cfd3f47b6665abc49f2a24e51d,158,32,4,20,,2026-08-18T16:46:35Z
0191974-8,KTAS,2024,lopullinen,https://prodkuntarest.westeurope.cloudapp.azure.com/rest/v1/json/dokumentti/lopullinen/KTAS/0191974-8/2024,ok,fb185fa3b1da124f25c8f76a2016d45d62ed03aa942e127f3527a6b79ca6bf45,158,32,6,20,,2026-08-18T16:46:35Z
0192936-4,KTAS,2024,lopullinen,https://prodkuntarest.westeurope.cloudapp.azure.com/rest/v1/json/dokumentti/lopullinen/KTAS/0192936-4/2024,ok,6bdab0c96b491ab6b441c2f922dc5e9d4b6dff9c34883374fea53509a4f29bd8,158,32,2,20,,2026-08-18T16:46:35Z
0193015-4,KTAS,2024,lopullinen,https://prodkuntarest.westeurope.cloudapp.azure.com/rest/v1/json/dokumentti/lopullinen/KTAS/0193015-4/2024,ok,24eabcc66b5887e0693d0546461d71bccf85311a8f091b1c584abb5c8615984a,158,32,6,20,,2026-08-18T16:46:35Z
0193169-1,KTAS,2024,lopullinen,https://prodkuntarest.westeurope.cloudapp.azure.com/rest/v1/json/dokumentti/lopullinen/KTAS/0193169-1/2024,ok,774da1a99eb9272f169a30ee510a9851d20c0d19e5dd1afc533fe90536ad0f40,158,32,8,20,,2026-08-18T16:46:35Z
0193249-1,KTAS,2024,lopullinen,https://prodkuntarest.westeurope.cloudapp.azure.com/rest/v1/json/dokumentti/lopullinen/KTAS/0193249-1/2024,ok,31ef84e577b3310c1d3394f46e96af7a4e82b23b2f54420064a48dac2c3a9b53,160,32,7,20,,2026-08-18T16:46:35Z
0193524-6,KTAS,2024,lopullinen,https://prodkuntarest.westeurope.cloudapp.azure.com/rest/v1/json/dokumentti/lopullinen/KTAS/0193524-6/2024,ok,32502d1a1be137902a1166ccf473b59dfaa67b29b5ca1660034c80607d0aa7f5,160,32,2,20,,2026-08-18T16:46:35Z
0193729-2,KTAS,2024,lopullinen,https://prodkuntarest.westeurope.cloudapp.azure.com/rest/v1/json/dokumentti/lopullinen/KTAS/0193729-2/2024,ok,216476e0ea8efdd5807ea1e6b9c49ba3c57d488a390b906645936d2884e92662,158,32,6,20,,2026-08-18T16:46:35Z
0198517-1,KTAS,2024,lopullinen,https://prodkuntarest.westeurope.cloudapp.azure.com/rest/v1/json/dokumentti/lopullinen/KTAS/0198517-1/2024,ok,8c7eac9f13ff7c01e086eaf4b4f7dc4836265b837b920ba696adcf7d6774fd9d,160,32,4,20,,2026-08-18T16:46:35Z
0201256-6,KTAS,2024,lopullinen,https://prodkuntarest.westeurope.cloudapp.azure.com/rest/v1/json/dokumentti/lopullinen/KTAS/0201256-6/2024,ok,f6a6e14f241b8ca91b7531e332eaa308890b1a4c2e7d03b8890144e21b0d7302,158,32,3,20,,2026-08-18T16:46:35Z
0201296-1,KTAS,2024,lopullinen,https://prodkuntarest.westeurope.cloudapp.azure.com/rest/v1/json/dokumentti/lopullinen/KTAS/0201296-1/2024,ok,28ccfc185d7ad57b3e9b7166bc7b0185cf9edb0c5eb834e5c37dafc04ba74ea5,158,32,2,20,,2026-08-18T16:46:35Z
0202691-7,KTAS,2024,lopullinen,https://prodkuntarest.westeurope.cloudapp.azure.com/rest/v1/json/dokumentti/lopullinen/KTAS/0202691-7/2024,ok,c20389ca288a796f45e53f87e7ba6f08ab772667f4d1f07664efa28fb182605a,158,32,3,20,,2026-08-18T16:46:35Z
0203026-2,KTAS,2024,lopullinen,https://prodkuntarest.westeurope.cloudapp.azure.com/rest/v1/json/dokumentti/lopullinen/KTAS/0203026-2/2024,ok,ceff0c126d7fb849bfdbde790d738b528b463e7197ac15a7170cae286e46e77d,158,32,2,20,,2026-08-18T16:46:35Z
0203107-0,KTAS,2024,lopullinen,https://prodkuntarest.westeurope.cloudapp.azure.com/rest/v1/json/dokumentti/lopullinen/KTAS/0203107-0/2024,ok,0277cf8a62c287c2db370ca599f9418be4f3450ddf560a6350997fe3b98ec3e5,160,32,5,20,,2026-08-18T16:46:35Z
0203135-3,KTAS,2024,lopullinen,https://prodkuntarest.westeurope.cloudapp.azure.com/rest/v1/json/dokumentti/lopullinen/KTAS/0203135-3/2024,ok,3843a7d8370569554e7a3b179c8b18088ac1d06dae2759cea604028d086b1977,158,32,5,20,,2026-08-18T16:46:35Z
0203167-9,KTAS,2024,lopullinen,https://prodkuntarest.westeurope.cloudapp.azure.com/rest/v1/json/dokumentti/lopullinen/KTAS/0203167-9/2024,ok,3d60307fa031b793589b90062a73c3ef486327147019fe637aaf1c791c2c615e,160,32,2,20,,2026-08-18T16:46:35Z
0203263-9,KTAS,2024,lopullinen,https://prodkuntarest.westeurope.cloudapp.azure.com/rest/v1/json/dokumentti/lopullinen/KTAS/0203263-9/2024,ok,57fdd5e52a4a4035af7f5835fdc6315f9caeb88cc1dff40e0bb11c3765aced4f,158,32,10,20,,2026-08-18T16:46:35Z
0203282-3,KTAS,2024,lopullinen,https://prodkuntarest.westeurope.cloudapp.azure.com/rest/v1/json/dokumentti/lopullinen/KTAS/0203282-3/2024,ok,3283423d9bd1d354a11bcdaeb3f123e0a2857c54fd1bc7cd971e7ba66ebbc360,158,32,5,20,,2026-08-18T16:46:35Z
0203394-9,KTAS,2024,lopullinen,https://prodkuntarest.westeurope.cloudapp.azure.com/rest/v1/json/dokumentti/lopullinen/KTAS/0203394-9/2024,ok,2b3fffe0cb156d8f98ba5e02c0a820466e9987a024adcce0f5c1963c072340c5,158,32,3,20,,2026-08-18T16:46:35Z
0203533-8,KTAS,2024,lopullinen,https://prodkuntarest.westeurope.cloudapp.azure.com/rest/v1/json/dokumentti/lopullinen/KTAS/0203533-8/2024,ok,6f0c50debfffa169982bbdeaddc2e216bd3ae24e877786107c40eee231398c0d,160,32,2,20,,2026-08-18T16:46:35Z
0203762-4,KTAS,2024,lopullinen,https://prodkuntarest.westeurope.cloudapp.azure.com/rest/v1/json/dokumentti/lopullinen/KTAS/0203762-4/2024,ok,b05184ec716863f38a00d07c38da94cf840eb80e67870ab8ab4d05c089bf73d1,160,32,2,20,,2026-08-18T16:46:35Z
0203797-4,KTAS,2024,lopullinen,https://prodkuntarest.westeurope.cloudapp.azure.com/rest/v1/json/dokumentti/lopullinen/KTAS/0203797-4/2024,ok,3eb8446d97cfda74188a9d78612f582a10abf9f238c8ac5b53833d95eea9a3fb,158,32,3,20,,2026-08-18T16:46:35Z
0203925-9,KTAS,2024,lopullinen,https://prodkuntarest.westeurope.cloudapp.azure.com/rest/v1/json/dokumentti/lopullinen/KTAS/0203925-9/2024,ok,dfb5137fae2d382db89ff12bc8a9d1b941a8679312947192d3909069f6d3670f,158,32,2,20,,2026-08-18T16:46:35Z
0203929-1,KTAS,2024,lopullinen,https://prodkuntarest.westeurope.cloudapp.azure.com/rest/v1/json/dokumentti/lopullinen/KTAS/0203929-1/2024,ok,66fe033c1b7c77689f9aaf7eaf504ae7d8da1dac42ec128600f91795fb73c2af,158,32,3,20,,2026-08-18T16:46:35Z
0204023-3,KTAS,2024,lopullinen,https://prodkuntarest.westeurope.cloudapp.azure.com/rest/v1/json/dokumentti/lopullinen/KTAS/0204023-3/2024,ok,8603007f11e9a0d0b56a8ce860a3ad59b7eb63a6bc9b3054ca0298be226fe166,158,32,4,20,,2026-08-18T16:46:35Z
0204064-7,KTAS,2024,lopullinen,https://prodkuntarest.westeurope.cloudapp.azure.com/rest/v1/json/dokumentti/lopullinen/KTAS/0204064-7/2024,ok,66549432a8aecc84644da2ed217efcefaf218787a0c85310d8b99fb693207e7f,158,32,4,20,,2026-08-18T16:46:35Z
0204403-1,KTAS,2024,jalkikorjattu,https://prodkuntarest.westeurope.cloudapp.azure.com/rest/v1/json/dokumentti/jalkikorjattu/KTAS/0204403-1/2024,ok,b078507ed13d6051a8f483bfae6cb2f2637b7e21dd984f0c5e0b39bbc464a589,160,32,4,20,,2026-08-18T16:46:35Z
0204419-7,KTAS,2024,lopullinen,https://prodkuntarest.westeurope.cloudapp.azure.com/rest/v1/json/dokumentti/lopullinen/KTAS/0204419-7/2024,ok,638566330bc0c41382469ab75a402a2709c9c260451463d26594ad2ad7808501,158,32,1,20,,2026-08-18T16:46:35Z
0204427-7,KTAS,2024,lopullinen,https://prodkuntarest.westeurope.cloudapp.azure.com/rest/v1/json/dokumentti/lopullinen/KTAS/0204427-7/2024,ok,53c02acf2ea9aa2e6fc4dfdce2777793052ab452fb4c3523421ad5f4f3007a18,158,32,1,20,,2026-08-18T16:46:35Z
0204428-5,KTAS,2024,lopullinen,https://prodkuntarest.westeurope.cloudapp.azure.com/rest/v1/json/dokumentti/lopullinen/KTAS/0204428-5/2024,ok,6fae29a69a7bb0b8acb2bc9a9c304777e6837c39a0245b6b13c6247262e69679,158,32,3,20,,2026-08-18T16:46:35Z
0204524-5,KTAS,2024,lopullinen,https://prodkuntarest.westeurope.cloudapp.azure.com/rest/v1/json/dokumentti/lopullinen/KTAS/0204524-5/2024,ok,6923f2035feb2b66a2e25fb58174ac845182a52ea1eb42162a94b04ce6ba84b5,160,32,4,20,,2026-08-18T16:46:35Z
0204819-8,KTAS,2024,jalkikorjattu,https://prodkuntarest.westeurope.cloudapp.azure.com/rest/v1/json/dokumentti/jalkikorjattu/KTAS/0204819-8/2024,ok,6d0f9ff703bea6844dc49010dbf207b8f72999b8bab99854bcd8319fdf3a5c44,158,32,3,20,,2026-08-18T16:46:35Z
0204910-7,KTAS,2024,lopullinen,https://prodkuntarest.westeurope.cloudapp.azure.com/rest/v1/json/dokumentti/lopullinen/KTAS/0204910-7/2024,ok,258a112cec4bae724e03573b9de21e8ce4533bd1b8e9c948fd423f37b785f83f,158,32,6,20,,2026-08-18T16:46:35Z
0204964-1,KTAS,2024,lopullinen,https://prodkuntarest.westeurope.cloudapp.azure.com/rest/v1/json/dokumentti/lopullinen/KTAS/0204964-1/2024,ok,ec33ef3137f5b14d3604ee8444ef3e0a7fb7e8d8897b58ae3cd04f47de9aad4c,158,32,8,20,,2026-08-18T16:46:35Z
0205303-4,KTAS,2024,lopullinen,https://prodkuntarest.westeurope.cloudapp.azure.com/rest/v1/json/dokumentti/lopullinen/KTAS/0205303-4/2024,ok,6660ae6b6628021051b8ae6f88a3d59ae23c3401589ee5cfc28924b0532b30da,158,32,1,20,,2026-08-18T16:46:35Z
0205717-4,KTAS,2024,lopullinen,https://prodkuntarest.westeurope.cloudapp.azure.com/rest/v1/json/dokumentti/lopullinen/KTAS/0205717-4/2024,ok,f73f31ab09607e431a86a81c75f5c9fda1bb3af845f74f69ed0c30a1a283cd29,160,32,5,20,,2026-08-18T16:46:35Z
0206289-7,KTAS,2024,lopullinen,https://prodkuntarest.westeurope.cloudapp.azure.com/rest/v1/json/dokumentti/lopullinen/KTAS/0206289-7/2024,ok,698114f95867e5307db2926396f3f6aedbd720af2e5445c4b6d600bec15be255,160,32,2,20,,2026-08-18T16:46:35Z
0206333-9,KTAS,2024,lopullinen,https://prodkuntarest.westeurope.cloudapp.azure.com/rest/v1/json/dokumentti/lopullinen/KTAS/0206333-9/2024,ok,c690734d1a2aa1feea94e07661e39073d54e404892db96554b95fa5c94c1f37e,158,32,4,20,,2026-08-18T16:46:35Z
0206714-5,KTAS,2024,lopullinen,https://prodkuntarest.westeurope.cloudapp.azure.com/rest/v1/json/dokumentti/lopullinen/KTAS/0206714-5/2024,ok,fd618d5f95ce34971ed65193e8b9b8fe0f066c51cb9f929c2eb7637bffc64d62,158,32,0,0,,2026-08-18T16:46:35Z
0206951-1,KTAS,2024,lopullinen,https://prodkuntarest.westeurope.cloudapp.azure.com/rest/v1/json/dokumentti/lopullinen/KTAS/0206951-1/2024,ok,364c02287b9a1e67655713c912bb10bf0bfbfb93f9d71c7931f4748f312cf32e,158,32,3,20,,2026-08-18T16:46:35Z
0207033-6,KTAS,2024,lopullinen,https://prodkuntarest.westeurope.cloudapp.azure.com/rest/v1/json/dokumentti/lopullinen/KTAS/0207033-6/2024,ok,b42570c83121543ff09797e7ff1829a4e2057eb592ec3fd0bf932eb36a599916,158,32,5,20,,2026-08-18T16:46:35Z
0207112-8,KTAS,2024,lopullinen,https://prodkuntarest.westeurope.cloudapp.azure.com/rest/v1/json/dokumentti/lopullinen/KTAS/0207112-8/2024,ok,704ebb8a2f7f76bbe5b6bd4d2be7835bde131ddd02b205c51f6ae5b6e3414fb3,158,32,4,20,,2026-08-18T16:46:35Z
0207390-8,KTAS,2024,lopullinen,https://prodkuntarest.westeurope.cloudapp.azure.com/rest/v1/json/dokumentti/lopullinen/KTAS/0207390-8/2024,ok,93c9c15d5cdd108df8c31d081a8f89b06955fac0f5e1b95167045e865385a185,158,32,2,20,,2026-08-18T16:46:35Z
0207604-1,KTAS,2024,lopullinen,https://prodkuntarest.westeurope.cloudapp.azure.com/rest/v1/json/dokumentti/lopullinen/KTAS/0207604-1/2024,ok,d1bc5752283864bf95b598a95975775dd3c5720020d01eedd96cb0367c5255d3,160,32,7,20,,2026-08-18T16:46:35Z
0207669-0,KTAS,2024,lopullinen,https://prodkuntarest.westeurope.cloudapp.azure.com/rest/v1/json/dokumentti/lopullinen/KTAS/0207669-0/2024,ok,ac4aa77417a071527b1faabfcddb243f5adb6a7568030a31d3cc34c2b0e1df58,160,32,3,20,,2026-08-18T16:46:35Z
0208061-4,KTAS,2024,lopullinen,https://prodkuntarest.westeurope.cloudapp.azure.com/rest/v1/json/dokumentti/lopullinen/KTAS/0208061-4/2024,ok,50694e7b0fa158f8358d800907f2e5abf9b490d662648d106b75848c26213d10,158,32,2,20,,2026-08-18T16:46:35Z
0208201-1,KTAS,2024,lopullinen,https://prodkuntarest.westeurope.cloudapp.azure.com/rest/v1/json/dokumentti/lopullinen/KTAS/0208201-1/2024,ok,ed085f08ad1e279ab687fa5180611efbd54c7baa7a46922a27041008c0470922,158,32,1,20,,2026-08-18T16:46:35Z
0208388-2,KTAS,2024,lopullinen,https://prodkuntarest.westeurope.cloudapp.azure.com/rest/v1/json/dokumentti/lopullinen/KTAS/0208388-2/2024,ok,0ff40da151d2a93a84ef6a31a79fa29d9f686b1768cb8ff5796f3897e2557a3a,158,32,0,0,,2026-08-18T16:46:35Z
0208471-1,KTAS,2024,lopullinen,https://prodkuntarest.westeurope.cloudapp.azure.com/rest/v1/json/dokumentti/lopullinen/KTAS/0208471-1/2024,ok,6041318eed445263e92f8376ae8f51d729718e009c43a94a09db687736e4d78e,158,32,6,20,,2026-08-18T16:46:35Z
0208573-0,KTAS,2024,lopullinen,https://prodkuntarest.westeurope.cloudapp.azure.com/rest/v1/json/dokumentti/lopullinen/KTAS/0208573-0/2024,ok,a3cdde04deaeccde4fa939bc9359f9db7b65f24d65d80e2b20d15921a4a9ff55,158,32,4,20,,2026-08-18T16:46:35Z
0208589-6,KTAS,2024,lopullinen,https://prodkuntarest.westeurope.cloudapp.azure.com/rest/v1/json/dokumentti/lopullinen/KTAS/0208589-6/2024,ok,dfc23290cbc7b7a458788d5784dd2e62fa1941b85117e37316b18af65c4719ef,158,32,4,20,,2026-08-18T16:46:35Z
0208787-5,KTAS,2024,lopullinen,https://prodkuntarest.westeurope.cloudapp.azure.com/rest/v1/json/dokumentti/lopullinen/KTAS/0208787-5/2024,ok,10019f09237c31508dd60a9a398c5654927ab23ca2f8fb6ee814afb7f7d58f00,158,32,4,20,,2026-08-18T16:46:35Z
0208852-8,KTAS,2024,lopullinen,https://prodkuntarest.westeurope.cloudapp.azure.com/rest/v1/json/dokumentti/lopullinen/KTAS/0208852-8/2024,ok,ac597f66c2baadbd90ec2a651c58d12d88d669d6042933f39fcc9fb704f98ceb,158,32,4,20,,2026-08-18T16:46:35Z
0208916-8,KTAS,2024,lopullinen,https://prodkuntarest.westeurope.cloudapp.azure.com/rest/v1/json/dokumentti/lopullinen/KTAS/0208916-8/2024,ok,d97189f5838a063078ea0c15789199fc0ed7ed2b07f39084dddb1a3440cfaba3,160,32,3,20,,2026-08-18T16:46:35Z
0209021-4,KTAS,2024,lopullinen,https://prodkuntarest.westeurope.cloudapp.azure.com/rest/v1/json/dokumentti/lopullinen/KTAS/0209021-4/2024,ok,4f15463c1182abbf15bfbab3c0a3430876fe21b0196cb0ecdb6f59b483fa57cd,160,32,5,20,,2026-08-18T16:46:35Z
0209046-8,KTAS,2024,lopullinen,https://prodkuntarest.westeurope.cloudapp.azure.com/rest/v1/json/dokumentti/lopullinen/KTAS/0209046-8/2024,ok,c8aac139f4e8b1dd81ecd8f61447763e204e891ad506d8ff6a4763dceeddcdd5,158,32,2,20,,2026-08-18T16:46:35Z
0209113-7,KTAS,2024,lopullinen,https://prodkuntarest.westeurope.cloudapp.azure.com/rest/v1/json/dokumentti/lopullinen/KTAS/0209113-7/2024,ok,c83c3eb96f61b10583c324c8b99cb9d47dba2cb1df86c02d171b49c29eeae0c7,158,32,4,20,,2026-08-18T16:46:35Z
0209242-0,KTAS,2024,lopullinen,https://prodkuntarest.westeurope.cloudapp.azure.com/rest/v1/json/dokumentti/lopullinen/KTAS/0209242-0/2024,ok,9a18b520997525d338bbf1d1436334ab1d1a5d1162ae1ae3e3c47c59e500aae0,158,32,5,20,,2026-08-18T16:46:35Z
0209602-6,KTAS,2024,lopullinen,https://prodkuntarest.westeurope.cloudapp.azure.com/rest/v1/json/dokumentti/lopullinen/KTAS/0209602-6/2024,ok,34f34c8fdf689d95142c0d18ae9b74685b8d5771f7a0adf78cb30bcf74d0d975,158,32,3,20,,2026-08-18T16:46:35Z
0209756-3,KTAS,2024,lopullinen,https://prodkuntarest.westeurope.cloudapp.azure.com/rest/v1/json/dokumentti/lopullinen/KTAS/0209756-3/2024,ok,5a3f66c999d63ebf9542f37a7d62bda1dde0407374e18dd01a305d7f3847cea4,158,32,6,20,,2026-08-18T16:46:35Z
0210007-2,KTAS,2024,lopullinen,https://prodkuntarest.westeurope.cloudapp.azure.com/rest/v1/json/dokumentti/lopullinen/KTAS/0210007-2/2024,ok,b35495897bd9359e577a277cf64168cf902df0c2265f187bc5eb4db2bffe5db4,158,32,0,0,,2026-08-18T16:46:35Z
0210010-1,KTAS,2024,lopullinen,https://prodkuntarest.westeurope.cloudapp.azure.com/rest/v1/json/dokumentti/lopullinen/KTAS/0210010-1/2024,ok,627a07de49d024ebeae3a1d9c59a031e4dae21368a854e302155eca22256bc67,158,32,3,20,,2026-08-18T16:46:35Z
0210261-7,KTAS,2024,lopullinen,https://prodkuntarest.westeurope.cloudapp.azure.com/rest/v1/json/dokumentti/lopullinen/KTAS/0210261-7/2024,ok,2ccc777d2ad210e572465d68c4c5cfda5a44c1db2be2c04dd12fa71c47e70494,160,32,4,20,,2026-08-18T16:46:35Z
0210287-9,KTAS,2024,lopullinen,https://prodkuntarest.westeurope.cloudapp.azure.com/rest/v1/json/dokumentti/lopullinen/KTAS/0210287-9/2024,ok,0da1e9c5f74be9711360d68031ffa6670216fd484054ba14c51bf7aee6857493,158,32,6,20,,2026-08-18T16:46:35Z
0210427-6,KTAS,2024,lopullinen,https://prodkuntarest.westeurope.cloudapp.azure.com/rest/v1/json/dokumentti/lopullinen/KTAS/0210427-6/2024,ok,54c97edb715dacd4022f9085f545a906c05dfa4c2c6ec439467c1db90cbe946b,158,32,6,20,,2026-08-18T16:46:35Z
0210469-8,KTAS,2024,lopullinen,https://prodkuntarest.westeurope.cloudapp.azure.com/rest/v1/json/dokumentti/lopullinen/KTAS/0210469-8/2024,ok,3ebe1f2f5b7885d3e45beac73c5ab7b7003effc99a12f0690341c85311c9c20b,158,32,8,20,,2026-08-18T16:46:35Z
0210526-0,KTAS,2024,lopullinen,https://prodkuntarest.westeurope.cloudapp.azure.com/rest/v1/json/dokumentti/lopullinen/KTAS/0210526-0/2024,ok,1386658b72cd56c54644b199b2bbb1b8bd36159d93e39fd6feb92fb7f643a331,158,32,2,20,,2026-08-18T16:46:35Z
0210704-7,KTAS,2024,lopullinen,https://prodkuntarest.westeurope.cloudapp.azure.com/rest/v1/json/dokumentti/lopullinen/KTAS/0210704-7/2024,ok,319457488bea3d219cfeac9321bb0f2ad29d15fe4c9accba19c65658d701d852,158,32,8,20,,2026-08-18T16:46:35Z
0210826-9,KTAS,2024,lopullinen,https://prodkuntarest.westeurope.cloudapp.azure.com/rest/v1/json/dokumentti/lopullinen/KTAS/0210826-9/2024,ok,1ef6d89bdd26e7af6106e9fc490fb99c7c43296bc7d7b6e817fb117ce51c5f73,158,32,4,20,,2026-08-18T16:46:35Z
0211675-2,KTAS,2024,lopullinen,https://prodkuntarest.westeurope.cloudapp.azure.com/rest/v1/json/dokumentti/lopullinen/KTAS/0211675-2/2024,ok,f11279a83a1c1d81d80229e8990664489ff0d6ed042d07a13e2fb9edb7e36027,158,32,9,20,,2026-08-18T16:46:35Z
0212371-7,KTAS,2024,lopullinen,https://prodkuntarest.westeurope.cloudapp.azure.com/rest/v1/json/dokumentti/lopullinen/KTAS/0212371-7/2024,ok,503e5bcad0d94a49992f2d0cf4909730ec569b6e28db535c904ea26fe59513c0,158,32,3,20,,2026-08-18T16:46:35Z
0213007-9,KTAS,2024,lopullinen,https://prodkuntarest.westeurope.cloudapp.azure.com/rest/v1/json/dokumentti/lopullinen/KTAS/0213007-9/2024,ok,b6c0901fe0247f6421c2d63fd2016a7624236aa5d65ab54692e0495d18be6752,158,32,9,20,,2026-08-18T16:46:35Z
0213834-5,KTAS,2024,lopullinen,https://prodkuntarest.westeurope.cloudapp.azure.com/rest/v1/json/dokumentti/lopullinen/KTAS/0213834-5/2024,ok,78e1dae823985de257a0bb9de7ee9a42e7231566a3ea513a78822fb078a0b151,158,32,3,20,,2026-08-18T16:46:35Z
0214295-0,KTAS,2024,lopullinen,https://prodkuntarest.westeurope.cloudapp.azure.com/rest/v1/json/dokumentti/lopullinen/KTAS/0214295-0/2024,ok,6e9c71387b773e8a7e5fe8d784097ccc9eff047470ba8a6b71bb919f307a3f5c,158,32,0,0,,2026-08-18T16:46:35Z
0214765-5,KTAS,2024,lopullinen,https://prodkuntarest.westeurope.cloudapp.azure.com/rest/v1/json/dokumentti/lopullinen/KTAS/0214765-5/2024,ok,9953a07afe9a4327d48cb34e8f105ae5052b3a35f74e694f32a47230e974980a,160,32,3,20,,2026-08-18T16:46:35Z
0214958-9,KTAS,2024,lopullinen,https://prodkuntarest.westeurope.cloudapp.azure.com/rest/v1/json/dokumentti/lopullinen/KTAS/0214958-9/2024,ok,4e067b5e80f5725112289a31a4e65dec05c3151bc71aee7308f452a3798c8eeb,158,32,2,20,,2026-08-18T16:46:35Z
0215610-5,KTAS,2024,lopullinen,https://prodkuntarest.westeurope.cloudapp.azure.com/rest/v1/json/dokumentti/lopullinen/KTAS/0215610-5/2024,ok,4edd6eba648cb2dc8a07158faea40548ecfce4f05c592a231ea56e2b97434381,158,32,0,0,,2026-08-18T16:46:35Z
0215839-7,KTAS,2024,lopullinen,https://prodkuntarest.westeurope.cloudapp.azure.com/rest/v1/json/dokumentti/lopullinen/KTAS/0215839-7/2024,ok,bb686e0aca496d6e8fb99719805494758de3b055c0799ab45485d2fa251086de,158,32,0,0,,2026-08-18T16:46:35Z
0216509-5,KTAS,2024,lopullinen,https://prodkuntarest.westeurope.cloudapp.azure.com/rest/v1/json/dokumentti/lopullinen/KTAS/0216509-5/2024,ok,df65a14d4de7b572a3c60ca4de0353a0b07a83c12a8decef456b9a2940e1a8cd,158,32,4,20,,2026-08-18T16:46:35Z
0217865-4,KTAS,2024,lopullinen,https://prodkuntarest.westeurope.cloudapp.azure.com/rest/v1/json/dokumentti/lopullinen/KTAS/0217865-4/2024,ok,07fbb32bc12f534b275dd59527d19845932e241471639b4c5b80ec1d830a0e4f,158,32,6,20,,2026-08-18T16:46:35Z
0242496-6,KTAS,2024,lopullinen,https://prodkuntarest.westeurope.cloudapp.azure.com/rest/v1/json/dokumentti/lopullinen/KTAS/0242496-6/2024,ok,055a5cde8b216441ec4dc98967e49dc234cba0a1bc3f0917f18d01849a4853c5,158,32,5,20,,2026-08-18T16:46:35Z
0242746-2,KTAS,2024,lopullinen,https://prodkuntarest.westeurope.cloudapp.azure.com/rest/v1/json/dokumentti/lopullinen/KTAS/0242746-2/2024,ok,55324f9f7fea5f3ff802b64314bfdf64f37b3bcff15bc9cca29fd58ea3c5e365,160,32,8,20,,2026-08-18T16:46:35Z
0242816-6,KTAS,2024,lopullinen,https://prodkuntarest.westeurope.cloudapp.azure.com/rest/v1/json/dokumentti/lopullinen/KTAS/0242816-6/2024,ok,a6a4c45aee52fdfe22b1b1593e74bee8db5fe1ec7ba145db0c4fdb6ab50d6c93,160,32,5,20,,2026-08-18T16:46:35Z
0243027-4,KTAS,2024,lopullinen,https://prodkuntarest.westeurope.cloudapp.azure.com/rest/v1/json/dokumentti/lopullinen/KTAS/0243027-4/2024,ok,4a42a77adca2295fa7bf78147403531f16a3588d1629cab14e0377ae24d72b7a,158,32,4,20,,2026-08-18T16:46:35Z
0502454-6,KTAS,2024,lopullinen,https://prodkuntarest.westeurope.cloudapp.azure.com/rest/v1/json/dokumentti/lopullinen/KTAS/0502454-6/2024,ok,1fb95dba0819c0bb1df4bb4ce7c440f4249addc20f4866a1dcb9a8a7cf18e71c,158,32,4,20,,2026-08-18T16:46:35Z
0626288-8,KTAS,2024,lopullinen,https://prodkuntarest.westeurope.cloudapp.azure.com/rest/v1/json/dokumentti/lopullinen/KTAS/0626288-8/2024,ok,2a6dc4b1725694fae0ce91134ce34fc3ac046c0a158f73d986e326d4b0113745,158,32,1,20,,2026-08-18T16:46:35Z
0783597-5,KTAS,2024,lopullinen,https://prodkuntarest.westeurope.cloudapp.azure.com/rest/v1/json/dokumentti/lopullinen/KTAS/0783597-5/2024,ok,69167cd356aee78fd189554f12d0ad2b6fbc9f91ef3afa35b1a605150a34e5ce,158,32,0,0,,2026-08-18T16:46:35Z
0796234-1,KTAS,2024,lopullinen,https://prodkuntarest.westeurope.cloudapp.azure.com/rest/v1/json/dokumentti/lopullinen/KTAS/0796234-1/2024,ok,e791c6078f5f1b828c863f1512cafb91332ac3815257278c8733ad384c222c1b,160,32,2,20,,2026-08-18T16:46:35Z
0823246-3,KTAS,2024,lopullinen,https://prodkuntarest.westeurope.cloudapp.azure.com/rest/v1/json/dokumentti/lopullinen/KTAS/0823246-3/2024,ok,adb73f9ce36d8861d45f9904e9ffa93209f285d6282c46012d30acbe87160f8e,158,32,3,20,,2026-08-18T16:46:35Z
0826048-0,KTAS,2024,lopullinen,https://prodkuntarest.westeurope.cloudapp.azure.com/rest/v1/json/dokumentti/lopullinen/KTAS/0826048-0/2024,ok,d74e150f70d2368936f6b08bba3b3e596b7863c7c05b79587b6617fb577255c5,158,32,4,20,,2026-08-18T16:46:35Z
0827616-7,KTAS,2024,lopullinen,https://prodkuntarest.westeurope.cloudapp.azure.com/rest/v1/json/dokumentti/lopullinen/KTAS/0827616-7/2024,ok,d208ed878544356c9cd5753eddbb88241ca6abb1f79ad9c51c6d21a056ee9c24,158,32,2,20,,2026-08-18T16:46:35Z
0828308-4,KTAS,2024,lopullinen,https://prodkuntarest.westeurope.cloudapp.azure.com/rest/v1/json/dokumentti/lopullinen/KTAS/0828308-4/2024,ok,68a9dbeab7cb4ae871319a175502b5ffbd26193b3446ad63986fd0d64d32d0dc,158,32,1,20,,2026-08-18T16:46:35Z
0830155-3,KTAS,2024,lopullinen,https://prodkuntarest.westeurope.cloudapp.azure.com/rest/v1/json/dokumentti/lopullinen/KTAS/0830155-3/2024,ok,df6d2f4aafb9731f070262450bee43fcb8ec99f1aae99bc6cfb6f07934e1d35c,158,32,2,20,,2026-08-18T16:46:35Z
0830322-5,KTAS,2024,lopullinen,https://prodkuntarest.westeurope.cloudapp.azure.com/rest/v1/json/dokumentti/lopullinen/KTAS/0830322-5/2024,ok,c4abb66196229b6fa990db2eafa113768ffec3bab0a7b47699ebab0aa96f69bf,158,32,0,0,,2026-08-18T16:46:35Z
0869462-5,KTAS,2024,lopullinen,https://prodkuntarest.westeurope.cloudapp.azure.com/rest/v1/json/dokumentti/lopullinen/KTAS/0869462-5/2024,ok,2d7e6303c1962d3999eca2ac01530905c7f1c3536c78e8ffafd017ba0147c8af,158,32,0,0,,2026-08-18T16:46:35Z
0922305-9,KTAS,2024,lopullinen,https://prodkuntarest.westeurope.cloudapp.azure.com/rest/v1/json/dokumentti/lopullinen/KTAS/0922305-9/2024,ok,7fd598eaac4e91ba4b71ef6e6af4f5dbf4dfc77171bdec9f4cb8ca0bdca2410a,158,32,0,0,,2026-08-18T16:46:35Z
0922484-4,KTAS,2024,lopullinen,https://prodkuntarest.westeurope.cloudapp.azure.com/rest/v1/json/dokumentti/lopullinen/KTAS/0922484-4/2024,ok,fb47f82e89f960ecfcbecc5a35c4064a2bc00e0f3f7cc3089c608f022d0122f3,158,32,4,20,,2026-08-18T16:46:35Z
0927140-5,KTAS,2024,lopullinen,https://prodkuntarest.westeurope.cloudapp.azure.com/rest/v1/json/dokumentti/lopullinen/KTAS/0927140-5/2024,ok,e970314b5c23d92f517ff54433cf586df5f6e179657d35ae9f5572f013f30a6b,158,32,1,20,,2026-08-18T16:46:35Z
0937073-7,KTAS,2024,lopullinen,https://prodkuntarest.westeurope.cloudapp.azure.com/rest/v1/json/dokumentti/lopullinen/KTAS/0937073-7/2024,ok,de90e9e07139ca481b6699c9d066cd94d1f7b0354f73082a0f9c0575eae0febc,158,32,2,20,,2026-08-18T16:46:35Z
0955281-3,KTAS,2024,lopullinen,https://prodkuntarest.westeurope.cloudapp.azure.com/rest/v1/json/dokumentti/lopullinen/KTAS/0955281-3/2024,ok,a4b336c74fe4bf42d6a88abfb76ef85f2a2e83793e3c7a4dd585252e7650d44d,160,32,2,20,,2026-08-18T16:46:35Z
0959806-1,KTAS,2024,lopullinen,https://prodkuntarest.westeurope.cloudapp.azure.com/rest/v1/json/dokumentti/lopullinen/KTAS/0959806-1/2024,ok,19c09c0dee134d1ada7112331a1cc37a989b2f1b8092283f6c7b297f2481c191,158,32,0,0,,2026-08-18T16:46:35Z
0970063-6,KTAS,2024,lopullinen,https://prodkuntarest.westeurope.cloudapp.azure.com/rest/v1/json/dokumentti/lopullinen/KTAS/0970063-6/2024,ok,717eb20e254815380e72a898dc2ac3ba8d3abd082c94122434906dc2235eb6cb,158,32,2,20,,2026-08-18T16:46:35Z
0973110-9,KTAS,2024,lopullinen,https://prodkuntarest.westeurope.cloudapp.azure.com/rest/v1/json/dokumentti/lopullinen/KTAS/0973110-9/2024,ok,1cd5048d73f8e712fe0b5b79366e05247a3139ef3fdef82e9466b774b28fd31b,158,32,7,20,,2026-08-18T16:46:35Z
0973712-1,KTAS,2024,lopullinen,https://prodkuntarest.westeurope.cloudapp.azure.com/rest/v1/json/dokumentti/lopullinen/KTAS/0973712-1/2024,ok,3d1da9cf8314b5ebd3316e4651ffef9420927f5489773cae23dfddfba0af0dcc,158,32,1,20,,2026-08-18T16:46:35Z
0988182-8,KTAS,2024,lopullinen,https://prodkuntarest.westeurope.cloudapp.azure.com/rest/v1/json/dokumentti/lopullinen/KTAS/0988182-8/2024,ok,9e2afbb092c7e8e0186682fbb4a0c434b3b504e2cc04bdeb9fad4f9d61dc61f7,158,32,2,20,,2026-08-18T16:46:35Z
0992445-3,KTAS,2024,lopullinen,https://prodkuntarest.westeurope.cloudapp.azure.com/rest/v1/json/dokumentti/lopullinen/KTAS/0992445-3/2024,ok,d4504aca9310f8d629b810780c5543112720a45d9cb1e64ebc81bbffbcbf6143,158,32,5,20,,2026-08-18T16:46:35Z
0993644-6,KTAS,2024,lopullinen,https://prodkuntarest.westeurope.cloudapp.azure.com/rest/v1/json/dokumentti/lopullinen/KTAS/0993644-6/2024,ok,a41ed069a65d459f7c346c4c55163bcd86191f5409cf64a487d7f808f8c94004,160,32,2,20,,2026-08-18T16:46:35Z
1007629-5,KTAS,2024,lopullinen,https://prodkuntarest.westeurope.cloudapp.azure.com/rest/v1/json/dokumentti/lopullinen/KTAS/1007629-5/2024,ok,e03bd7363f4be232af6716a36ca81ff6eb8de8121120369f5b6a5046459009c8,158,32,2,20,,2026-08-18T16:46:35Z
1013321-0,KTAS,2024,lopullinen,https://prodkuntarest.westeurope.cloudapp.azure.com/rest/v1/json/dokumentti/lopullinen/KTAS/1013321-0/2024,ok,8beb1cd78ced43f4bbc40fe67720da3a3f0d1d75308a73292eab8ee50f9f0849,158,32,1,20,,2026-08-18T16:46:35Z
1025565-6,KTAS,2024,lopullinen,https://prodkuntarest.westeurope.cloudapp.azure.com/rest/v1/json/dokumentti/lopullinen/KTAS/1025565-6/2024,ok,c1cbae43f2f47e8794d9260f76e93eb1c032b7547a6a126faa1ad6c39de26595,158,32,3,20,,2026-08-18T16:46:35Z
1027740-9,KTAS,2024,lopullinen,https://prodkuntarest.westeurope.cloudapp.azure.com/rest/v1/json/dokumentti/lopullinen/KTAS/1027740-9/2024,ok,4aa68125d83dcc940391dddb3cb704b7d652284cff9b04457710a05dd2e9199f,158,32,5,20,,2026-08-18T16:46:35Z
1044651-6,KTAS,2024,lopullinen,https://prodkuntarest.westeurope.cloudapp.azure.com/rest/v1/json/dokumentti/lopullinen/KTAS/1044651-6/2024,ok,64f45711945ffc1b711f5442d81cf0b879971c3683547a3b2a0d7dc1227befb9,158,32,5,20,,2026-08-18T16:46:35Z
1059660-2,KTAS,2024,lopullinen,https://prodkuntarest.westeurope.cloudapp.azure.com/rest/v1/json/dokumentti/lopullinen/KTAS/1059660-2/2024,ok,fa9384b1abb781ccd59b493337a1be4fc21e56160cf1cc7b218136eef7a7ac05,158,32,2,20,,2026-08-18T16:46:35Z
1061512-1,KTAS,2024,lopullinen,https://prodkuntarest.westeurope.cloudapp.azure.com/rest/v1/json/dokumentti/lopullinen/KTAS/1061512-1/2024,ok,23f952e811127b3f62179482c635629049de9d5510f5aa6a7492170425531911,158,32,5,20,,2026-08-18T16:46:35Z
1068322-0,KTAS,2024,lopullinen,https://prodkuntarest.westeurope.cloudapp.azure.com/rest/v1/json/dokumentti/lopullinen/KTAS/1068322-0/2024,ok,b7edb8915b61550da0ff905805529ffc41f3aca39c1e7c1d833c1eb47e051e78,160,32,3,20,,2026-08-18T16:46:35Z
1068892-9,KTAS,2024,lopullinen,https://prodkuntarest.westeurope.cloudapp.azure.com/rest/v1/json/dokumentti/lopullinen/KTAS/1068892-9/2024,ok,58b1c250d94422fad8335bae881ef8ec430c2d0e6f8844584477df964f5c4335,160,32,2,20,,2026-08-18T16:46:35Z
1744356-1,KTAS,2024,lopullinen,https://prodkuntarest.westeurope.cloudapp.azure.com/rest/v1/json/dokumentti/lopullinen/KTAS/1744356-1/2024,ok,310ff40d9a7a74d96eb446749c8e726d9d4edebd5562a6461cdf16da139a2118,158,32,1,20,,2026-08-18T16:46:35Z
1791817-6,KTAS,2024,lopullinen,https://prodkuntarest.westeurope.cloudapp.azure.com/rest/v1/json/dokumentti/lopullinen/KTAS/1791817-6/2024,ok,548ec8c07e0bd94d6ef6001251e03797a5041b50c102fc476814b6458c55448e,158,32,5,20,,2026-08-18T16:46:35Z
1807931-9,KTAS,2024,lopullinen,https://prodkuntarest.westeurope.cloudapp.azure.com/rest/v1/json/dokumentti/lopullinen/KTAS/1807931-9/2024,ok,df6db54dac0707b6d2be733c41baf81b049978a50f918f3cf49163b3f85fbeff,158,32,3,20,,2026-08-18T16:46:35Z
1828127-7,KTAS,2024,lopullinen,https://prodkuntarest.westeurope.cloudapp.azure.com/rest/v1/json/dokumentti/lopullinen/KTAS/1828127-7/2024,ok,4c82bb4b550fb11f650dbb695f8d0a2ebf656a1b788c65e835f079543171a1a7,158,32,0,0,,2026-08-18T16:46:35Z
1852679-9,KTAS,2024,lopullinen,https://prodkuntarest.westeurope.cloudapp.azure.com/rest/v1/json/dokumentti/lopullinen/KTAS/1852679-9/2024,ok,a0da0aa2340a553d32e633087103ae1593f451572b73f546b68c5464f889989a,160,32,6,20,,2026-08-18T16:46:35Z
1913642-6,KTAS,2024,lopullinen,https://prodkuntarest.westeurope.cloudapp.azure.com/rest/v1/json/dokumentti/lopullinen/KTAS/1913642-6/2024,ok,6c8de888e107e6ba0651374e45dc0f270531e62db26b3cfcb6c3c5a95bb0730c,160,32,5,20,,2026-08-18T16:46:35Z
1919717-3,KTAS,2024,lopullinen,https://prodkuntarest.westeurope.cloudapp.azure.com/rest/v1/json/dokumentti/lopullinen/KTAS/1919717-3/2024,ok,ad2d6a29eb43285759ecc3c0bcd8361c6103b5d81e936d5a9d973ea21734ddf1,158,32,4,20,,2026-08-18T16:46:35Z
1923299-5,KTAS,2024,lopullinen,https://prodkuntarest.westeurope.cloudapp.azure.com/rest/v1/json/dokumentti/lopullinen/KTAS/1923299-5/2024,ok,d14aad221fe0260742b2f05bcc08778c09ae29ff8611bbf3268064f11e4b988e,158,32,2,20,,2026-08-18T16:46:35Z
1927453-8,KTAS,2024,lopullinen,https://prodkuntarest.westeurope.cloudapp.azure.com/rest/v1/json/dokumentti/lopullinen/KTAS/1927453-8/2024,ok,6fd58ef1f5fa75dcb36ecae8b54fec1bc75b1fbfa40baf3dac173901da6b0357,158,32,1,20,,2026-08-18T16:46:35Z
1928736-3,KTAS,2024,lopullinen,https://prodkuntarest.westeurope.cloudapp.azure.com/rest/v1/json/dokumentti/lopullinen/KTAS/1928736-3/2024,ok,a423c1c12636896fe82d7c4d3caea80d1c0e4023dbbbe90623ce940be5ca4b80,158,32,2,20,,2026-08-18T16:46:35Z
1929519-5,KTAS,2024,lopullinen,https://prodkuntarest.westeurope.cloudapp.azure.com/rest/v1/json/dokumentti/lopullinen/KTAS/1929519-5/2024,ok,dc69710fe0c9ac07a0c1b20cc4a0d4ec303e4b5d11afea8498ca39a323f52c7e,158,32,4,20,,2026-08-18T16:46:35Z
1958694-5,KTAS,2024,lopullinen,https://prodkuntarest.westeurope.cloudapp.azure.com/rest/v1/json/dokumentti/lopullinen/KTAS/1958694-5/2024,ok,60ebe3b5cbffbda29f479e00a7c540e19ed5fdd51c2f04cbfe112ec4645ee168,158,32,2,20,,2026-08-18T16:46:35Z
1978283-1,KTAS,2024,lopullinen,https://prodkuntarest.westeurope.cloudapp.azure.com/rest/v1/json/dokumentti/lopullinen/KTAS/1978283-1/2024,ok,3ec017baaa65d79ecea03a787bb180997d88406a8a01c53db9bdf989d78d5e3d,158,32,6,20,,2026-08-18T16:46:35Z
2008197-9,KTAS,2024,lopullinen,https://prodkuntarest.westeurope.cloudapp.azure.com/rest/v1/json/dokumentti/lopullinen/KTAS/2008197-9/2024,ok,d246ebd7a0d845215c34b85c68f4fad2e693bbf47e2fc54d3a0375394c7c36e9,158,32,3,20,,2026-08-18T16:46:35Z
2014682-4,KTAS,2024,lopullinen,https://prodkuntarest.westeurope.cloudapp.azure.com/rest/v1/json/dokumentti/lopullinen/KTAS/2014682-4/2024,ok,14417607ea4bfa55d5267d1b923714c825a60992075abdab6a2effa0bae8a46c,158,32,0,0,,2026-08-18T16:46:35Z
2045520-5,KTAS,2024,lopullinen,https://prodkuntarest.westeurope.cloudapp.azure.com/rest/v1/json/dokumentti/lopullinen/KTAS/2045520-5/2024,ok,17e9c11944cb86fdd2ab4185f7952dd6e7cfd01b645518558c92b5385b6d7563,158,32,3,20,,2026-08-18T16:46:35Z
2047359-3,KTAS,2024,lopullinen,https://prodkuntarest.westeurope.cloudapp.azure.com/rest/v1/json/dokumentti/lopullinen/KTAS/2047359-3/2024,ok,f3a893044d986fa8404a5a0354d1db8a2c7cc01894ab71b9429c44f33bab64b1,158,32,1,20,,2026-08-18T16:46:35Z
2048364-4,KTAS,2024,lopullinen,https://prodkuntarest.westeurope.cloudapp.azure.com/rest/v1/json/dokumentti/lopullinen/KTAS/2048364-4/2024,ok,43c864d3ac5940d9a7f76b2c4381622c666fbc6a4499ba20d4170bdf17517c2c,160,32,3,20,,2026-08-18T16:46:35Z
2048903-4,KTAS,2024,lopullinen,https://prodkuntarest.westeurope.cloudapp.azure.com/rest/v1/json/dokumentti/lopullinen/KTAS/2048903-4/2024,ok,3750a720bbd93aa1df30545ecb8342d5c5d0f50231571dfb8a1d7f2f678c1424,158,32,7,20,,2026-08-18T16:46:35Z
2050514-5,KTAS,2024,lopullinen,https://prodkuntarest.westeurope.cloudapp.azure.com/rest/v1/json/dokumentti/lopullinen/KTAS/2050514-5/2024,ok,0277861ed011b783644db6df748475b8cbffecce9c72eb7c06d3285fec4971b7,158,32,5,20,,2026-08-18T16:46:35Z
2050864-5,KTAS,2024,lopullinen,https://prodkuntarest.westeurope.cloudapp.azure.com/rest/v1/json/dokumentti/lopullinen/KTAS/2050864-5/2024,ok,2874d23673934b2139ce95f5fa2549be2b5bc5a6671b80e0dd79f00e2397f35f,158,32,8,20,,2026-08-18T16:46:35Z
2050961-3,KTAS,2024,lopullinen,https://prodkuntarest.westeurope.cloudapp.azure.com/rest/v1/json/dokumentti/lopullinen/KTAS/2050961-3/2024,ok,932605109a8ac80095c7d8bb0882753759166f909858119facac6fc3f5d35249,158,32,4,20,,2026-08-18T16:46:35Z
2054621-1,KTAS,2024,lopullinen,https://prodkuntarest.westeurope.cloudapp.azure.com/rest/v1/json/dokumentti/lopullinen/KTAS/2054621-1/2024,ok,ee348e1628bdaaccab8c8b8577d2995cd84039a95f62a081ffdc254112006ead,158,32,9,20,,2026-08-18T16:46:35Z
2109309-0,KTAS,2024,lopullinen,https://prodkuntarest.westeurope.cloudapp.azure.com/rest/v1/json/dokumentti/lopullinen/KTAS/2109309-0/2024,ok,2a831d1a64f914bfce3154bfe6c5571153eda1159aa271d4cc0fd91a2ffd021e,158,32,2,20,,2026-08-18T16:46:35Z
2274241-9,KTAS,2024,lopullinen,https://prodkuntarest.westeurope.cloudapp.azure.com/rest/v1/json/dokumentti/lopullinen/KTAS/2274241-9/2024,ok,d82566359614d739971ba1116e056abf2067c48ec6ba5de5e68b47fad25fc71a,158,32,1,20,,2026-08-18T16:46:35Z
2274586-3,KTAS,2024,lopullinen,https://prodkuntarest.westeurope.cloudapp.azure.com/rest/v1/json/dokumentti/lopullinen/KTAS/2274586-3/2024,ok,0159611b1aa3ff63ee304d7d53c1d422acda0da84b8005dcdb3f267104fd69ab,160,32,1,20,,2026-08-18T16:46:35Z
2367681-2,KTAS,2024,lopullinen,https://prodkuntarest.westeurope.cloudapp.azure.com/rest/v1/json/dokumentti/lopullinen/KTAS/2367681-2/2024,ok,afb4c64ca416b450065e9dc6f27a7a30278775a8b99d2004f164809a7bc520ec,158,32,6,20,,2026-08-18T16:46:35Z
2496992-4,KTAS,2024,lopullinen,https://prodkuntarest.westeurope.cloudapp.azure.com/rest/v1/json/dokumentti/lopullinen/KTAS/2496992-4/2024,ok,53405f398b75dc02a4c0aca4cedd237b54e2330610b25e7fd0c6f89a9693bce8,158,32,0,0,,2026-08-18T16:46:35Z
3298657-2,KTAS,2024,lopullinen,https://prodkuntarest.westeurope.cloudapp.azure.com/rest/v1/json/dokumentti/lopullinen/KTAS/3298657-2/2024,ok,1131e439a14998202dc84f5ccb46343e66d3fb7d4e1d5a72ca70ae69cccce2b8,158,32,0,0,,2026-08-18T16:46:35Z
3312874-8,KTAS,2024,lopullinen,https://prodkuntarest.westeurope.cloudapp.azure.com/rest/v1/json/dokumentti/lopullinen/KTAS/3312874-8/2024,ok,2f5d9303dddab41c42e9640b7a12f161801a18ab6b3f69ba6c82562d4c444227,160,32,0,0,,2026-08-18T16:46:35Z
3320660-3,KTAS,2024,lopullinen,https://prodkuntarest.westeurope.cloudapp.azure.com/rest/v1/json/dokumentti/lopullinen/KTAS/3320660-3/2024,ok,a549241e14fe15f10083e87cbb50acf57af7900ba93f5ac4c85c4b8a9544932d,158,32,3,20,,2026-08-18T16:46:35Z
9000162-0,KTAS,2024,lopullinen,https://prodkuntarest.westeurope.cloudapp.azure.com/rest/v1/json/dokumentti/lopullinen/KTAS/9000162-0/2024,ok,be725ea87b085bbd6401cf2e49eb69a4b71b9aa0e2e9e8b557b9c67015cd3ec6,158,32,6,20,,2026-08-18T16:46:35Z
9014643-2,KTAS,2024,lopullinen,https://prodkuntarest.westeurope.cloudapp.azure.com/rest/v1/json/dokumentti/lopullinen/KTAS/9014643-2/2024,ok,7468a6164c63c7e4011135a99891f18d70a20a40c358d8e1347fe4be91f6e3b0,158,32,7,20,,2026-08-18T16:46:35Z
9038213-6,KTAS,2024,lopullinen,https://prodkuntarest.westeurope.cloudapp.azure.com/rest/v1/json/dokumentti/lopullinen/KTAS/9038213-6/2024,ok,309bcfc4a2e605268c8c238b3754c18656214791a963dc07fc16358ddc3be8eb,158,32,8,20,,2026-08-18T16:46:35Z
9086071-6,KTAS,2024,lopullinen,https://prodkuntarest.westeurope.cloudapp.azure.com/rest/v1/json/dokumentti/lopullinen/KTAS/9086071-6/2024,ok,836646d4b2df4090385342651b1e540cd99d26179493b2010e364eb56a819aa3,160,32,5,20,,2026-08-18T16:46:35Z
9090160-2,KTAS,2024,lopullinen,https://prodkuntarest.westeurope.cloudapp.azure.com/rest/v1/json/dokumentti/lopullinen/KTAS/9090160-2/2024,ok,c88611658f2e49d9dce68f6b6098fa7d20e298ffd98e524402dde8daab606921,160,32,7,20,,2026-08-18T16:46:35Z
9094917-1,KTAS,2024,lopullinen,https://prodkuntarest.westeurope.cloudapp.azure.com/rest/v1/json/dokumentti/lopullinen/KTAS/9094917-1/2024,ok,eb0b44fae16f79a75f1ae75c81539b46c0b8d470b1d59462fec2f317755ad4a7,158,32,2,20,,2026-08-18T16:46:35Z
9129466-4,KTAS,2024,lopullinen,https://prodkuntarest.westeurope.cloudapp.azure.com/rest/v1/json/dokumentti/lopullinen/KTAS/9129466-4/2024,ok,db698f696231de9c9cb797b7cc08df62a504ec63e742aedd3e852308a0034732,158,32,3,20,,2026-08-18T16:46:35Z
0101263-6,KTAS,2025,lopullinen,https://prodkuntarest.westeurope.cloudapp.azure.com/rest/v1/json/dokumentti/lopullinen/KTAS/0101263-6/2025,ok,492b7c7d22221b0589eb7cc535a1dc2853c64e49dcef43f1ff702839c23117fc,158,32,1,20,,2026-08-18T16:46:35Z
0103166-9,KTAS,2025,lopullinen,https://prodkuntarest.westeurope.cloudapp.azure.com/rest/v1/json/dokumentti/lopullinen/KTAS/0103166-9/2025,ok,6d69d13fd3b6a0cc076d6abede23b2172f5b71dbace31f0904b6bb57b8ead499,158,32,1,20,,2026-08-18T16:46:35Z
0124610-9,KTAS,2025,lopullinen,https://prodkuntarest.westeurope.cloudapp.azure.com/rest/v1/json/dokumentti/lopullinen/KTAS/0124610-9/2025,ok,2b2dcfe12d83e1574c6c30a4d27482062ffa84694a6b80af3acedd3ffa520eba,160,32,7,20,,2026-08-18T16:46:35Z
0125866-0,KTAS,2025,lopullinen,https://prodkuntarest.westeurope.cloudapp.azure.com/rest/v1/json/dokumentti/lopullinen/KTAS/0125866-0/2025,ok,a492e9d563656134a527d58eeefb4991f39641e68ac62929a0c30d8e38b25d62,158,32,3,20,,2026-08-18T16:46:35Z
0126293-4,KTAS,2025,lopullinen,https://prodkuntarest.westeurope.cloudapp.azure.com/rest/v1/json/dokumentti/lopullinen/KTAS/0126293-4/2025,ok,74b60348cfedde01ce8b987557157baa58c5ab91640f1a4d4a5254a5e6eefa7d,160,32,4,20,,2026-08-18T16:46:35Z
0126541-4,KTAS,2025,lopullinen,https://prodkuntarest.westeurope.cloudapp.azure.com/rest/v1/json/dokumentti/lopullinen/KTAS/0126541-4/2025,ok,227cb15dfd4350bd2918afd877c047bc7130ff6e62a9cd31ce8ff0db6de80723,158,32,9,20,,2026-08-18T16:46:35Z
0127046-7,KTAS,2025,jalkikorjattu,https://prodkuntarest.westeurope.cloudapp.azure.com/rest/v1/json/dokumentti/jalkikorjattu/KTAS/0127046-7/2025,ok,e405446be51fda40d45688a460700df955dd2ef7f87420bec8dc599015e73684,158,32,1,20,,2026-08-18T16:46:35Z
0127485-5,KTAS,2025,lopullinen,https://prodkuntarest.westeurope.cloudapp.azure.com/rest/v1/json/dokumentti/lopullinen/KTAS/0127485-5/2025,ok,366323cdb9697700aa623836c17a40e4df49eb0353a369aea41031f2f0701839,160,32,8,20,,2026-08-18T16:46:35Z
0129261-5,KTAS,2025,lopullinen,https://prodkuntarest.westeurope.cloudapp.azure.com/rest/v1/json/dokumentti/lopullinen/KTAS/0129261-5/2025,ok,3c1d0c0011fd3cdc52575416f075ff64d0335eccf7c4f102ea817815e61fe720,160,32,5,20,,2026-08-18T16:46:35Z
0129920-0,KTAS,2025,lopullinen,https://prodkuntarest.westeurope.cloudapp.azure.com/rest/v1/json/dokumentti/lopullinen/KTAS/0129920-0/2025,ok,1080b0d8e0b6317bb61a6d531d97ae9dd173832d82e644fc0b6154ca36b06ecc,160,32,10,20,,2026-08-18T16:46:35Z
0130095-3,KTAS,2025,lopullinen,https://prodkuntarest.westeurope.cloudapp.azure.com/rest/v1/json/dokumentti/lopullinen/KTAS/0130095-3/2025,ok,89d56bc3576c2717b4a7c16cd831d180e0c29af9181baab0221c6d78294a7afe,158,32,6,20,,2026-08-18T16:46:35Z
0130729-0,KTAS,2025,lopullinen,https://prodkuntarest.westeurope.cloudapp.azure.com/rest/v1/json/dokumentti/lopullinen/KTAS/0130729-0/2025,ok,590f367adf7a6d7b630c1859b2a8000855110874a20d79b5f8a4c96dfd403c4c,158,32,8,20,,2026-08-18T16:46:35Z
0131156-4,KTAS,2025,lopullinen,https://prodkuntarest.westeurope.cloudapp.azure.com/rest/v1/json/dokumentti/lopullinen/KTAS/0131156-4/2025,ok,34166f0232594effa7044030c2b8e4aa58ca0b2d9565375f85bdd736eb82b1f2,160,32,9,20,,2026-08-18T16:46:35Z
0131297-0,KTAS,2025,lopullinen,https://prodkuntarest.westeurope.cloudapp.azure.com/rest/v1/json/dokumentti/lopullinen/KTAS/0131297-0/2025,ok,b1d2fcd7daa88b49761659a3d0ed79a1b4df20048b4671ec93d779d73307248f,160,32,1,20,,2026-08-18T16:46:35Z
0131661-3,KTAS,2025,lopullinen,https://prodkuntarest.westeurope.cloudapp.azure.com/rest/v1/json/dokumentti/lopullinen/KTAS/0131661-3/2025,ok,ea4e5818b8b6e6588fe91f7333269d1d3df8a66667be8208246916b6a1895724,160,32,17,20,,2026-08-18T16:46:35Z
0131665-6,KTAS,2025,lopullinen,https://prodkuntarest.westeurope.cloudapp.azure.com/rest/v1/json/dokumentti/lopullinen/KTAS/0131665-6/2025,ok,e17cb51c65839564fe03a8d37867082cc5d731189d54938def4aa57acdae7a62,158,32,4,20,,2026-08-18T16:46:35Z
0131905-6,KTAS,2025,lopullinen,https://prodkuntarest.westeurope.cloudapp.azure.com/rest/v1/json/dokumentti/lopullinen/KTAS/0131905-6/2025,ok,7d338923af95692bf8ea2c59c485aaeb50a4801c53c9f61e240d994129666c76,160,32,5,20,,2026-08-18T16:46:35Z
0132103-3,KTAS,2025,lopullinen,https://prodkuntarest.westeurope.cloudapp.azure.com/rest/v1/json/dokumentti/lopullinen/KTAS/0132103-3/2025,ok,d1458da4ec20b5085156e3e852302717feafaa76d675d417ee8beb01c8c6413a,158,32,5,20,,2026-08-18T16:46:35Z
0132239-4,KTAS,2025,lopullinen,https://prodkuntarest.westeurope.cloudapp.azure.com/rest/v1/json/dokumentti/lopullinen/KTAS/0132239-4/2025,ok,f55b702725fe442d2228de2b343ec4d7f85ea81eef931cb93e8f5a26bddfaeed,160,32,2,20,,2026-08-18T16:46:35Z
0132322-3,KTAS,2025,lopullinen,https://prodkuntarest.westeurope.cloudapp.azure.com/rest/v1/json/dokumentti/lopullinen/KTAS/0132322-3/2025,ok,a5e97f374e914d43457f0b110485460f2cd80fa466146df2c2fd137dce1563a7,158,32,4,20,,2026-08-18T16:46:35Z
0132585-1,KTAS,2025,lopullinen,https://prodkuntarest.westeurope.cloudapp.azure.com/rest/v1/json/dokumentti/lopullinen/KTAS/0132585-1/2025,ok,650e450d81a4e9a7a1cf6ac8498f5732b74c9f2794ad7f62acf8ade76fa1b95c,160,32,5,20,,2026-08-18T16:46:35Z
0132947-3,KTAS,2025,lopullinen,https://prodkuntarest.westeurope.cloudapp.azure.com/rest/v1/json/dokumentti/lopullinen/KTAS/0132947-3/2025,ok,f3fa91ab3fc762a5f6839565b4950e4ba133c061114d530d5ea4a229c5dc498c,158,32,10,20,,2026-08-18T16:46:35Z
0133127-4,KTAS,2025,lopullinen,https://prodkuntarest.westeurope.cloudapp.azure.com/rest/v1/json/dokumentti/lopullinen/KTAS/0133127-4/2025,ok,3cc95c5cbb243b9a6b0b86705231cb06e72054e458febeb7f43a30d2ef16b8fc,158,32,1,20,,2026-08-18T16:46:35Z
0133226-9,KTAS,2025,lopullinen,https://prodkuntarest.westeurope.cloudapp.azure.com/rest/v1/json/dokumentti/lopullinen/KTAS/0133226-9/2025,ok,55c02f484ab8542076c82bc9e1a4eb83ae4a43b280b510e6054458159743ab23,158,32,8,20,,2026-08-18T16:46:35Z
0133596-1,KTAS,2025,lopullinen,https://prodkuntarest.westeurope.cloudapp.azure.com/rest/v1/json/dokumentti/lopullinen/KTAS/0133596-1/2025,ok,638982daeb0402f54691071f967fb8bd3f0ad140a06a76e4bf2714553de92b74,160,32,6,20,,2026-08-18T16:46:35Z
0133625-1,KTAS,2025,lopullinen,https://prodkuntarest.westeurope.cloudapp.azure.com/rest/v1/json/dokumentti/lopullinen/KTAS/0133625-1/2025,ok,7f82cf557dace77f5a88ff31be89bf114697db5ab416671897310494043fb9cb,158,32,0,0,,2026-08-18T16:46:35Z
0133735-0,KTAS,2025,lopullinen,https://prodkuntarest.westeurope.cloudapp.azure.com/rest/v1/json/dokumentti/lopullinen/KTAS/0133735-0/2025,ok,1ef52a06a5fb4b8a8938b06927e159314d36f82f5b9e86d7d8ccd3231fbcfdf0,158,32,2,20,,2026-08-18T16:46:35Z
0133833-7,KTAS,2025,lopullinen,https://prodkuntarest.westeurope.cloudapp.azure.com/rest/v1/json/dokumentti/lopullinen/KTAS/0133833-7/2025,ok,18e7cc113375e2e3cea532e343e7e35e6f1719cae5d0628870f56eedccac8c7e,158,32,6,20,,2026-08-18T16:46:35Z
0133862-8,KTAS,2025,lopullinen,https://prodkuntarest.westeurope.cloudapp.azure.com/rest/v1/json/dokumentti/lopullinen/KTAS/0133862-8/2025,ok,d356e32003942016f3b5cd17184770abcc409e4fdfa6b7c45472dc3bbdd13e08,158,32,3,20,,2026-08-18T16:46:35Z
0134349-4,KTAS,2025,lopullinen,https://prodkuntarest.westeurope.cloudapp.azure.com/rest/v1/json/dokumentti/lopullinen/KTAS/0134349-4/2025,ok,d37f28ad20fe297240cbb992a1d6519307284a7b3af340970886c591b094e979,158,32,2,20,,2026-08-18T16:46:35Z
0134480-9,KTAS,2025,lopullinen,https://prodkuntarest.westeurope.cloudapp.azure.com/rest/v1/json/dokumentti/lopullinen/KTAS/0134480-9/2025,ok,a0354992e2ed832cbf3e3d69a857e780f8ad6d366e36846c741d1c2afc824d45,158,32,5,20,,2026-08-18T16:46:35Z
0134698-6,KTAS,2025,lopullinen,https://prodkuntarest.westeurope.cloudapp.azure.com/rest/v1/json/dokumentti/lopullinen/KTAS/0134698-6/2025,ok,516a57ce50d552c6f58032f1e8bf5ab15891575a7d102016849210a36ed0d054,160,32,3,20,,2026-08-18T16:46:35Z
0135086-2,KTAS,2025,lopullinen,https://prodkuntarest.westeurope.cloudapp.azure.com/rest/v1/json/dokumentti/lopullinen/KTAS/0135086-2/2025,ok,33189f904c2e6a40f1fa7c9057bd83b2f3a1e6ef7064c6be4c1d19d879448f01,158,32,5,20,,2026-08-18T16:46:35Z
0135202-4,KTAS,2025,lopullinen,https://prodkuntarest.westeurope.cloudapp.azure.com/rest/v1/json/dokumentti/lopullinen/KTAS/0135202-4/2025,ok,c9efe6e61551831c271e8458ccf7ef95f77978ab097ba543a8b8e08462cd06ef,158,32,6,20,,2026-08-18T16:46:35Z
0135457-2,KTAS,2025,lopullinen,https://prodkuntarest.westeurope.cloudapp.azure.com/rest/v1/json/dokumentti/lopullinen/KTAS/0135457-2/2025,ok,34703345203f7c47e36ccdf48cbf36d6dcb90290d93114c792fbf6c868f480be,158,32,7,20,,2026-08-18T16:46:35Z
0135662-3,KTAS,2025,lopullinen,https://prodkuntarest.westeurope.cloudapp.azure.com/rest/v1/json/dokumentti/lopullinen/KTAS/0135662-3/2025,ok,a0e617b0b40e39ee7e37dcd37d9d7175dc671f6d8b95ca1597c7607d3c9c4cde,158,32,9,20,,2026-08-18T16:46:35Z
0135821-5,KTAS,2025,lopullinen,https://prodkuntarest.westeurope.cloudapp.azure.com/rest/v1/json/dokumentti/lopullinen/KTAS/0135821-5/2025,ok,375aadceaffdbb231d03b691b3dbd76c1670b1c06b94761902931a18970ede84,160,32,5,20,,2026-08-18T16:46:35Z
0135869-6,KTAS,2025,lopullinen,https://prodkuntarest.westeurope.cloudapp.azure.com/rest/v1/json/dokumentti/lopullinen/KTAS/0135869-6/2025,ok,738b97f075b25d4546fbf87df252b7186f47a9b88a582848c25b2a0540639cdd,158,32,0,0,,2026-08-18T16:46:35Z
0136082-5,KTAS,2025,lopullinen,https://prodkuntarest.westeurope.cloudapp.azure.com/rest/v1/json/dokumentti/lopullinen/KTAS/0136082-5/2025,ok,c015420b2795264a7157eb7dd0d273f00a0d05e8d1a85fd71e2581ccdb5261ad,160,32,5,20,,2026-08-18T16:46:35Z
0136169-2,KTAS,2025,lopullinen,https://prodkuntarest.westeurope.cloudapp.azure.com/rest/v1/json/dokumentti/lopullinen/KTAS/0136169-2/2025,ok,930ac5b6fe0c5a98928ec97040e1f17e42764c6f43fc2c95e3d7caae20c89a17,158,32,3,20,,2026-08-18T16:46:35Z
0136311-0,KTAS,2025,lopullinen,https://prodkuntarest.westeurope.cloudapp.azure.com/rest/v1/json/dokumentti/lopullinen/KTAS/0136311-0/2025,ok,576bda68422a8a0ea0002d7bb72f4f570f987dae2b6c5c7dc07f7a9d740e8e8b,158,32,1,20,,2026-08-18T16:46:35Z
0136610-0,KTAS,2025,lopullinen,https://prodkuntarest.westeurope.cloudapp.azure.com/rest/v1/json/dokumentti/lopullinen/KTAS/0136610-0/2025,ok,6a8fe22bdafdbc8275d47ee31d7d7e5cfd22a8aa8d67f45dc2d2320e69d3d70c,158,32,2,20,,2026-08-18T16:46:35Z
0137323-9,KTAS,2025,lopullinen,https://prodkuntarest.westeurope.cloudapp.azure.com/rest/v1/json/dokumentti/lopullinen/KTAS/0137323-9/2025,ok,27d4cb3ed9b0c962a0fda6ffa6dde816fa140ef207af0e307d3d58087c7482be,158,32,4,20,,2026-08-18T16:46:35Z
0138037-5,KTAS,2025,lopullinen,https://prodkuntarest.westeurope.cloudapp.azure.com/rest/v1/json/dokumentti/lopullinen/KTAS/0138037-5/2025,ok,bc8a5ab0f0d05beb3503a4d82786a78fe71554ddd6ad902e00da36845f146377,158,32,3,20,,2026-08-18T16:46:35Z
0138780-9,KTAS,2025,lopullinen,https://prodkuntarest.westeurope.cloudapp.azure.com/rest/v1/json/dokumentti/lopullinen/KTAS/0138780-9/2025,ok,f04dcefbc407fde037deff34ec1b9079303f2a3d99e73a6422bd076b21f3da6e,160,32,5,20,,2026-08-18T16:46:35Z
0139533-1,KTAS,2025,lopullinen,https://prodkuntarest.westeurope.cloudapp.azure.com/rest/v1/json/dokumentti/lopullinen/KTAS/0139533-1/2025,ok,97684586dee6fe7fa7f03916feb87ef166f3d9d139d64de649014a5e1da504dd,160,32,6,20,,2026-08-18T16:46:35Z
0139545-4,KTAS,2025,lopullinen,https://prodkuntarest.westeurope.cloudapp.azure.com/rest/v1/json/dokumentti/lopullinen/KTAS/0139545-4/2025,ok,f10b67ff223b3bd0fb19d9a418b42ff12c44b36d002b2f7867f3b4ad9ac4c563,160,32,3,20,,2026-08-18T16:46:35Z
0139842-8,KTAS,2025,lopullinen,https://prodkuntarest.westeurope.cloudapp.azure.com/rest/v1/json/dokumentti/lopullinen/KTAS/0139842-8/2025,ok,e78e07ff3fb69ab59b88c4ac57fb7e4f0402bbdb1244382b03dabd0c0cae31cf,158,32,0,0,,2026-08-18T16:46:35Z
0139937-5,KTAS,2025,lopullinen,https://prodkuntarest.westeurope.cloudapp.azure.com/rest/v1/json/dokumentti/lopullinen/KTAS/0139937-5/2025,ok,faca4c277a258300a0861c4441ab697a36a421f025328c8fcea998653457ffac,158,32,0,0,,2026-08-18T16:46:35Z
0139991-4,KTAS,2025,lopullinen,https://prodkuntarest.westeurope.cloudapp.azure.com/rest/v1/json/dokumentti/lopullinen/KTAS/0139991-4/2025,ok,8961e5e10dcaf548e8f3431f7a62cdb9c3d0c15d7c2443d951db0de7288fd272,160,32,1,20,,2026-08-18T16:46:35Z
0144036-6,KTAS,2025,lopullinen,https://prodkuntarest.westeurope.cloudapp.azure.com/rest/v1/json/dokumentti/lopullinen/KTAS/0144036-6/2025,ok,fd4c4bdd30a786c5f12d3e99e22c37055ac7d2a7728e9347696f86949b93fc03,158,32,7,20,,2026-08-18T16:46:35Z
0144411-3,KTAS,2025,lopullinen,https://prodkuntarest.westeurope.cloudapp.azure.com/rest/v1/json/dokumentti/lopullinen/KTAS/0144411-3/2025,ok,ddb00477ee5d752671aa643c8c1ee42812b459b69e4fa13eb11bccff09bd442d,158,32,4,20,,2026-08-18T16:46:35Z
0144561-8,KTAS,2025,lopullinen,https://prodkuntarest.westeurope.cloudapp.azure.com/rest/v1/json/dokumentti/lopullinen/KTAS/0144561-8/2025,ok,37ac39a119155610a85f818edd4a2c71a02efdce4091bc6a49bf02488c0213e9,158,32,2,20,,2026-08-18T16:46:35Z
0145208-4,KTAS,2025,lopullinen,https://prodkuntarest.westeurope.cloudapp.azure.com/rest/v1/json/dokumentti/lopullinen/KTAS/0145208-4/2025,ok,28d040bda8b9bf381c7d0715e9b2ad6b56c0c6a65ac3bd78e9faf2384145dc82,160,32,8,20,,2026-08-18T16:46:35Z
0145626-1,KTAS,2025,lopullinen,https://prodkuntarest.westeurope.cloudapp.azure.com/rest/v1/json/dokumentti/lopullinen/KTAS/0145626-1/2025,ok,d2b19439b391cffb68fcfe065fc03a35bd939f0c2cd51cc5e6f4d7a5b9a30c87,158,32,4,20,,2026-08-18T16:46:35Z
0145801-3,KTAS,2025,lopullinen,https://prodkuntarest.westeurope.cloudapp.azure.com/rest/v1/json/dokumentti/lopullinen/KTAS/0145801-3/2025,ok,1007aef535ebf6f484f9e92af1777db76ef3d64a98a2bab1f6d5a1d43dac8a56,158,32,10,20,,2026-08-18T16:46:35Z
0145997-2,KTAS,2025,lopullinen,https://prodkuntarest.westeurope.cloudapp.azure.com/rest/v1/json/dokumentti/lopullinen/KTAS/0145997-2/2025,ok,227b4046209cde86a161b1097ecbee64f423e8a652c96f4e1c476fc82b7960df,158,32,6,20,,2026-08-18T16:46:35Z
0146248-5,KTAS,2025,lopullinen,https://prodkuntarest.westeurope.cloudapp.azure.com/rest/v1/json/dokumentti/lopullinen/KTAS/0146248-5/2025,ok,7ff1799967d0d3c6a1cea1932aca56fb5b81d6b4459b187d6253d3139183c215,160,32,9,20,,2026-08-18T16:46:35Z
0146456-0,KTAS,2025,lopullinen,https://prodkuntarest.westeurope.cloudapp.azure.com/rest/v1/json/dokumentti/lopullinen/KTAS/0146456-0/2025,ok,ac3cf09ef357062588235ca0d1f88365d7596db28d0c755727ed42233f79195a,158,32,3,20,,2026-08-18T16:46:35Z
0146921-4,KTAS,2025,lopullinen,https://prodkuntarest.westeurope.cloudapp.azure.com/rest/v1/json/dokumentti/lopullinen/KTAS/0146921-4/2025,ok,c82e58889aa744bf5c920b9cbed8ff9edb3058bc7a0b67eb60aa55a0ee7d0fa7,160,32,6,20,,2026-08-18T16:46:35Z
0147510-4,KTAS,2025,lopullinen,https://prodkuntarest.westeurope.cloudapp.azure.com/rest/v1/json/dokumentti/lopullinen/KTAS/0147510-4/2025,ok,58c36f7e6d9ed0e3efd4843f0c27aa0bcafce3b82c650248d13ab15902ed061b,158,32,8,20,,2026-08-18T16:46:35Z
0147645-7,KTAS,2025,lopullinen,https://prodkuntarest.westeurope.cloudapp.azure.com/rest/v1/json/dokumentti/lopullinen/KTAS/0147645-7/2025,ok,648388f81eff18b2a2245620d1a8997da09f5252fb6028a9d16e7bb22f6b1469,158,32,5,20,,2026-08-18T16:46:35Z
0147705-4,KTAS,2025,lopullinen,https://prodkuntarest.westeurope.cloudapp.azure.com/rest/v1/json/dokumentti/lopullinen/KTAS/0147705-4/2025,ok,1363dd67304d86a4688ba8f069e2b0109675388e4752d56eb2d07fc3dfe104b4,158,32,3,20,,2026-08-18T16:46:35Z
0148268-9,KTAS,2025,lopullinen,https://prodkuntarest.westeurope.cloudapp.azure.com/rest/v1/json/dokumentti/lopullinen/KTAS/0148268-9/2025,ok,00836c71dfedc12c17ad0723e5120b0c0e9375e3d4f1cf236fd8c47625876cb4,160,32,1,20,,2026-08-18T16:46:35Z
0149669-3,KTAS,2025,lopullinen,https://prodkuntarest.westeurope.cloudapp.azure.com/rest/v1/json/dokumentti/lopullinen/KTAS/0149669-3/2025,ok,242df72afa6e913106f192a8083920733fe6ed03cca03c7c0ed47dd7b0af182b,160,32,3,20,,2026-08-18T16:46:35Z
0150783-1,KTAS,2025,lopullinen,https://prodkuntarest.westeurope.cloudapp.azure.com/rest/v1/json/dokumentti/lopullinen/KTAS/0150783-1/2025,ok,076c5d0cf0dfec9cccd232436d4c4e0f43458fde78a9717403c86ba67ed22e51,158,32,9,20,,2026-08-18T16:46:35Z
0150919-1,KTAS,2025,lopullinen,https://prodkuntarest.westeurope.cloudapp.azure.com/rest/v1/json/dokumentti/lopullinen/KTAS/0150919-1/2025,ok,c9dce40c9926a9e3dcd991dc1cc65bc9b6d4ecae2d7c3532b5fd83f903b30b5e,158,32,6,20,,2026-08-18T16:46:35Z
0151789-6,KTAS,2025,lopullinen,https://prodkuntarest.westeurope.cloudapp.azure.com/rest/v1/json/dokumentti/lopullinen/KTAS/0151789-6/2025,ok,8d1bde95f424169528d57c97911ef6bc47bba391ba318c87e5016021570d28b1,158,32,4,20,,2026-08-18T16:46:35Z
0151924-2,KTAS,2025,lopullinen,https://prodkuntarest.westeurope.cloudapp.azure.com/rest/v1/json/dokumentti/lopullinen/KTAS/0151924-2/2025,ok,cbd54e55684c5f72e4ab2a07c22e7e545dba4ca403856d13e5e78e9ace2ebe62,160,32,5,20,,2026-08-18T16:46:35Z
0152084-1,KTAS,2025,lopullinen,https://prodkuntarest.westeurope.cloudapp.azure.com/rest/v1/json/dokumentti/lopullinen/KTAS/0152084-1/2025,ok,2a01bf5d27f278043644d0fe8aa8d46c2aafec5f5f15cfa1f80aa828f180be91,160,32,8,20,,2026-08-18T16:46:35Z
0152563-4,KTAS,2025,lopullinen,https://prodkuntarest.westeurope.cloudapp.azure.com/rest/v1/json/dokumentti/lopullinen/KTAS/0152563-4/2025,ok,45e3325dcd4ca9d285a51bec0d0ede75cef3e978c94081a086ece00b376fb2e3,160,32,7,20,,2026-08-18T16:46:35Z
0152842-1,KTAS,2025,lopullinen,https://prodkuntarest.westeurope.cloudapp.azure.com/rest/v1/json/dokumentti/lopullinen/KTAS/0152842-1/2025,ok,e7b4ced74c9509946c3101e387a7bc280dd01744d64616c89f3a49e80217d0c4,158,32,4,20,,2026-08-18T16:46:35Z
0153082-0,KTAS,2025,lopullinen,https://prodkuntarest.westeurope.cloudapp.azure.com/rest/v1/json/dokumentti/lopullinen/KTAS/0153082-0/2025,ok,0786c131c78e0f439f937ba2e698deacbb52ea9521e02ffdf8cb137b1cf75cba,160,32,4,20,,2026-08-18T16:46:35Z
0153179-4,KTAS,2025,lopullinen,https://prodkuntarest.westeurope.cloudapp.azure.com/rest/v1/json/dokumentti/lopullinen/KTAS/0153179-4/2025,ok,74645dbd846ac68e1075d21285c5c27db8ec8dc5d62cfb644dafc6d9fdd4ee2c,158,32,10,20,,2026-08-18T16:46:35Z
0157323-0,KTAS,2025,lopullinen,https://prodkuntarest.westeurope.cloudapp.azure.com/rest/v1/json/dokumentti/lopullinen/KTAS/0157323-0/2025,ok,62c196252ed8947e1d2da4327e0651102dd93e89fed875a188b927a9e2588bbf,160,32,5,20,,2026-08-18T16:46:35Z
0157568-2,KTAS,2025,lopullinen,https://prodkuntarest.westeurope.cloudapp.azure.com/rest/v1/json/dokumentti/lopullinen/KTAS/0157568-2/2025,ok,3d01750a3ea4439e7329e7f55cb8133799542b78652d5f8c8615f56820f78d2a,160,32,9,20,,2026-08-18T16:46:35Z
0157711-9,KTAS,2025,lopullinen,https://prodkuntarest.westeurope.cloudapp.azure.com/rest/v1/json/dokumentti/lopullinen/KTAS/0157711-9/2025,ok,cc93efb4451c4366e9bbdf92ba731b3a2a701023e7af926826b91ec90df7c10a,158,32,4,20,,2026-08-18T16:46:35Z
0157867-2,KTAS,2025,lopullinen,https://prodkuntarest.westeurope.cloudapp.azure.com/rest/v1/json/dokumentti/lopullinen/KTAS/0157867-2/2025,ok,4a50096871db66d6bd404d8b0e91154c7c30ea8ca3b85a7adf9985c26e5d135e,158,32,3,20,,2026-08-18T16:46:35Z
0158221-7,KTAS,2025,lopullinen,https://prodkuntarest.westeurope.cloudapp.azure.com/rest/v1/json/dokumentti/lopullinen/KTAS/0158221-7/2025,ok,9f5a5f203c5817349bb9706765beb65cd73e24f056e3bcd55dd6cd750aab311c,160,32,4,20,,2026-08-18T16:46:35Z
0158301-7,KTAS,2025,lopullinen,https://prodkuntarest.westeurope.cloudapp.azure.com/rest/v1/json/dokumentti/lopullinen/KTAS/0158301-7/2025,ok,8a07d0318f92997fe98a8b7f99dd5c1184c1d15d3ac16396bcbae2ce01ac1322,158,32,9,20,,2026-08-18T16:46:35Z
0158766-7,KTAS,2025,lopullinen,https://prodkuntarest.westeurope.cloudapp.azure.com/rest/v1/json/dokumentti/lopullinen/KTAS/0158766-7/2025,ok,f1c385b759a0ef738e028fe639aa1d9940de5501c21215103ff8ccfcc5c8dc55,158,32,7,20,,2026-08-18T16:46:35Z
0159216-7,KTAS,2025,lopullinen,https://prodkuntarest.westeurope.cloudapp.azure.com/rest/v1/json/dokumentti/lopullinen/KTAS/0159216-7/2025,ok,aa4897e7af8b357d688a0baf95380e29f10d2cd61cc966afb201f2f8d0522406,158,32,6,20,,2026-08-18T16:46:35Z
0160225-7,KTAS,2025,lopullinen,https://prodkuntarest.westeurope.cloudapp.azure.com/rest/v1/json/dokumentti/lopullinen/KTAS/0160225-7/2025,ok,5e4476c37bf3d5e6be33961d9644777d24e3198b423cfc9cf01280f01c8e3e07,158,32,4,20,,2026-08-18T16:46:35Z
0161075-9,KTAS,2025,lopullinen,https://prodkuntarest.westeurope.cloudapp.azure.com/rest/v1/json/dokumentti/lopullinen/KTAS/0161075-9/2025,ok,cec5f5e56fa7792efa7060c8f553f602759638e8de5e02699a7b150b10c49ce4,160,32,11,20,,2026-08-18T16:46:35Z
0162193-3,KTAS,2025,lopullinen,https://prodkuntarest.westeurope.cloudapp.azure.com/rest/v1/json/dokumentti/lopullinen/KTAS/0162193-3/2025,ok,837ab10eda98c6f178130e1e63ac07159bfb9476d1572b7cbbf8c858a0531e6f,158,32,7,20,,2026-08-18T16:46:35Z
0162576-6,KTAS,2025,lopullinen,https://prodkuntarest.westeurope.cloudapp.azure.com/rest/v1/json/dokumentti/lopullinen/KTAS/0162576-6/2025,ok,5abe659a6fcee4e6a8b51285bc9f35c2a7aaa81e457ef7392be6cca84ccbab28,160,32,5,20,,2026-08-18T16:46:35Z
0162631-2,KTAS,2025,jalkikorjattu,https://prodkuntarest.westeurope.cloudapp.azure.com/rest/v1/json/dokumentti/jalkikorjattu/KTAS/0162631-2/2025,ok,4f85e0c4af5125909c3988c3f9ddbab8070cc595e7709108868fcf0d9d45e1d0,158,32,9,20,,2026-08-18T16:46:35Z
0162675-0,KTAS,2025,lopullinen,https://prodkuntarest.westeurope.cloudapp.azure.com/rest/v1/json/dokumentti/lopullinen/KTAS/0162675-0/2025,ok,ae140f7c6486b63c1fa8b0b18991dec9bc631d82e62a8c36654f74a8a663a2c9,158,32,7,20,,2026-08-18T16:46:35Z
0162798-0,KTAS,2025,lopullinen,https://prodkuntarest.westeurope.cloudapp.azure.com/rest/v1/json/dokumentti/lopullinen/KTAS/0162798-0/2025,ok,a91f027101a288c73dfe238818b4335d4603248c5f897cff2fb91ad2433031af,158,32,4,20,,2026-08-18T16:46:35Z
0163013-5,KTAS,2025,lopullinen,https://prodkuntarest.westeurope.cloudapp.azure.com/rest/v1/json/dokumentti/lopullinen/KTAS/0163013-5/2025,ok,0bbddedaa5b5304b90c47446536c02346358faf31536c6a965a7de500f4e88ea,158,32,3,20,,2026-08-18T16:46:35Z
0163109-0,KTAS,2025,lopullinen,https://prodkuntarest.westeurope.cloudapp.azure.com/rest/v1/json/dokumentti/lopullinen/KTAS/0163109-0/2025,ok,e2ce2ec96744c0f3c23801d74687c7aabe379c4875185121f865ac14c6b2bc74,158,32,2,20,,2026-08-18T16:46:35Z
0163320-5,KTAS,2025,lopullinen,https://prodkuntarest.westeurope.cloudapp.azure.com/rest/v1/json/dokumentti/lopullinen/KTAS/0163320-5/2025,ok,f4ae385a01b3adc2f3842ceab8c262639a70879059b311ef2cd99fd76a7b9e2a,158,32,7,20,,2026-08-18T16:46:35Z
0163687-9,KTAS,2025,lopullinen,https://prodkuntarest.westeurope.cloudapp.azure.com/rest/v1/json/dokumentti/lopullinen/KTAS/0163687-9/2025,ok,7717f6dbc8f2aef87bdff7f7728ff3fa46ba9e2d74126e4fdbc372e6960a47a9,160,32,3,20,,2026-08-18T16:46:35Z
0163734-5,KTAS,2025,lopullinen,https://prodkuntarest.westeurope.cloudapp.azure.com/rest/v1/json/dokumentti/lopullinen/KTAS/0163734-5/2025,ok,5c536734547975f5996e756b8e16834e625c4b5791d8045d724c1a0c27ea2d05,160,32,7,20,,2026-08-18T16:46:35Z
0164308-3,KTAS,2025,lopullinen,https://prodkuntarest.westeurope.cloudapp.azure.com/rest/v1/json/dokumentti/lopullinen/KTAS/0164308-3/2025,ok,16efeec6250d6d568ba8fe6b12917d5a4deb377c00affdcdfaaa4b8f2a4c35c6,158,32,3,20,,2026-08-18T16:46:35Z
0164384-1,KTAS,2025,lopullinen,https://prodkuntarest.westeurope.cloudapp.azure.com/rest/v1/json/dokumentti/lopullinen/KTAS/0164384-1/2025,ok,5a5edfd221dda762d9cc2f72e4c3d6368c736149b33855a9fd5cc04c5b72d76e,158,32,1,20,,2026-08-18T16:46:35Z
0164551-3,KTAS,2025,lopullinen,https://prodkuntarest.westeurope.cloudapp.azure.com/rest/v1/json/dokumentti/lopullinen/KTAS/0164551-3/2025,ok,d5badf31fc80d732020e7207b9b0627d9b5eae8bbbbe5e92dec17275cbacc0aa,158,32,10,20,,2026-08-18T16:46:35Z
0164690-3,KTAS,2025,lopullinen,https://prodkuntarest.westeurope.cloudapp.azure.com/rest/v1/json/dokumentti/lopullinen/KTAS/0164690-3/2025,ok,e8ef7345c331a6a57cefbc77057d4cf795d9d789d1d547344b612810b8786d81,158,32,3,20,,2026-08-18T16:46:35Z
0165116-3,KTAS,2025,lopullinen,https://prodkuntarest.westeurope.cloudapp.azure.com/rest/v1/json/dokumentti/lopullinen/KTAS/0165116-3/2025,ok,3b6750b5ad0583ee2cafa27363e9d3b3894c11f7d871b7744dc7c8e73242138b,158,32,6,20,,2026-08-18T16:46:35Z
0165761-0,KTAS,2025,lopullinen,https://prodkuntarest.westeurope.cloudapp.azure.com/rest/v1/json/dokumentti/lopullinen/KTAS/0165761-0/2025,ok,44ebea8014623909cee17a86334c2b7e9529878f4701db35f6f335c9931c29dd,158,32,3,20,,2026-08-18T16:46:35Z
0166400-1,KTAS,2025,lopullinen,https://prodkuntarest.westeurope.cloudapp.azure.com/rest/v1/json/dokumentti/lopullinen/KTAS/0166400-1/2025,ok,7a2e024b530e2aa0cbd41f81387ec66b0f9929f7528fedc60075f2d20a2a41fc,158,32,3,20,,2026-08-18T16:46:35Z
0166507-1,KTAS,2025,lopullinen,https://prodkuntarest.westeurope.cloudapp.azure.com/rest/v1/json/dokumentti/lopullinen/KTAS/0166507-1/2025,ok,20e0538eb86b3a82a77af2090528309c0f124179b060b448e671b7a8c15adc07,158,32,6,20,,2026-08-18T16:46:35Z
0166906-4,KTAS,2025,lopullinen,https://prodkuntarest.westeurope.cloudapp.azure.com/rest/v1/json/dokumentti/lopullinen/KTAS/0166906-4/2025,ok,18d575a68847486d16757ffc156fcf7bf9877ac5b55c4e68e6e6fd3a54776586,158,32,9,20,,2026-08-18T16:46:35Z
0167265-0,KTAS,2025,lopullinen,https://prodkuntarest.westeurope.cloudapp.azure.com/rest/v1/json/dokumentti/lopullinen/KTAS/0167265-0/2025,ok,4d4504cec3d8147484e2bd6645901b194869de1d36c3a2d31628430e7ff6a6b8,158,32,11,20,,2026-08-18T16:46:35Z
0167352-2,KTAS,2025,lopullinen,https://prodkuntarest.westeurope.cloudapp.azure.com/rest/v1/json/dokumentti/lopullinen/KTAS/0167352-2/2025,ok,06c2ae1cfcc145d513afac9252972d5dc97aae1756b67d04f906eef63be7ea4f,158,32,1,20,,2026-08-18T16:46:35Z
0167589-4,KTAS,2025,lopullinen,https://prodkuntarest.westeurope.cloudapp.azure.com/rest/v1/json/dokumentti/lopullinen/KTAS/0167589-4/2025,ok,be353e3cc1cd2fa89eee1803d348a8e6e865631707ea9bc8be2619668d734266,160,32,6,20,,2026-08-18T16:46:35Z
0168654-2,KTAS,2025,lopullinen,https://prodkuntarest.westeurope.cloudapp.azure.com/rest/v1/json/dokumentti/lopullinen/KTAS/0168654-2/2025,ok,41522eb476ef61dd8aee9637f42aa3e41515eb701fbecc53949814532561f25b,160,32,6,20,,2026-08-18T16:46:35Z
0168900-6,KTAS,2025,lopullinen,https://prodkuntarest.westeurope.cloudapp.azure.com/rest/v1/json/dokumentti/lopullinen/KTAS/0168900-6/2025,ok,7b277e99661b0eb1fe57db61c1fe840e05951e141d128490746416ce6886a097,160,32,5,20,,2026-08-18T16:46:35Z
0169048-8,KTAS,2025,lopullinen,https://prodkuntarest.westeurope.cloudapp.azure.com/rest/v1/json/dokumentti/lopullinen/KTAS/0169048-8/2025,ok,42d0d0c595178abe03328fa38c151f000151906a389f46d8503ce82bcfeef877,160,32,5,20,,2026-08-18T16:46:35Z
0169321-6,KTAS,2025,lopullinen,https://prodkuntarest.westeurope.cloudapp.azure.com/rest/v1/json/dokumentti/lopullinen/KTAS/0169321-6/2025,ok,dc352d0641b271985304a62a527a7794802b8ed39ae111c1e37c7bff8a333b6c,160,32,6,20,,2026-08-18T16:46:35Z
0169583-6,KTAS,2025,lopullinen,https://prodkuntarest.westeurope.cloudapp.azure.com/rest/v1/json/dokumentti/lopullinen/KTAS/0169583-6/2025,ok,4a54cb06c7168d7b056080c6b203b832ff882f457b5fe42446cc2bcf3d033441,160,32,2,20,,2026-08-18T16:46:35Z
0169823-6,KTAS,2025,lopullinen,https://prodkuntarest.westeurope.cloudapp.azure.com/rest/v1/json/dokumentti/lopullinen/KTAS/0169823-6/2025,ok,0b4e849697508c416879f1d15d62483a1fb4e3ac31cd777932387d9d53c14fb8,158,32,2,20,,2026-08-18T16:46:35Z
0169967-7,KTAS,2025,lopullinen,https://prodkuntarest.westeurope.cloudapp.azure.com/rest/v1/json/dokumentti/lopullinen/KTAS/0169967-7/2025,ok,ef6774adf8d3c4854516d0ef5a3a64238c7c8eacd7d8195593ab7f531a970ff3,160,32,4,20,,2026-08-18T16:46:35Z
0170664-6,KTAS,2025,lopullinen,https://prodkuntarest.westeurope.cloudapp.azure.com/rest/v1/json/dokumentti/lopullinen/KTAS/0170664-6/2025,ok,80b898c03c87260110ede534a55e8e7fceb84ed9eeb7692776731297ed67ea02,158,32,5,20,,2026-08-18T16:46:35Z
0170773-7,KTAS,2025,lopullinen,https://prodkuntarest.westeurope.cloudapp.azure.com/rest/v1/json/dokumentti/lopullinen/KTAS/0170773-7/2025,ok,ab31b3ccf632cc3208c47efb0fd092ea4d3cd6d0565ac3574f86599d53d34906,160,32,2,20,,2026-08-18T16:46:35Z
0170843-0,KTAS,2025,lopullinen,https://prodkuntarest.westeurope.cloudapp.azure.com/rest/v1/json/dokumentti/lopullinen/KTAS/0170843-0/2025,ok,059312db499bb512a61eb1171ea42d91928dc2bec04e246e3507179dfa28b1c4,160,32,12,20,,2026-08-18T16:46:35Z
0171450-7,KTAS,2025,lopullinen,https://prodkuntarest.westeurope.cloudapp.azure.com/rest/v1/json/dokumentti/lopullinen/KTAS/0171450-7/2025,ok,7a579b6ba888527e211c0750a34f7e4e1a2492af49cc18b5eba7e7b35af5a959,158,32,5,20,,2026-08-18T16:46:35Z
0172127-2,KTAS,2025,lopullinen,https://prodkuntarest.westeurope.cloudapp.azure.com/rest/v1/json/dokumentti/lopullinen/KTAS/0172127-2/2025,ok,fb3fed7ec97cd2a88067734971b00a6658d880a28da92f801fa477c75734624b,158,32,10,20,,2026-08-18T16:46:35Z
0172231-2,KTAS,2025,lopullinen,https://prodkuntarest.westeurope.cloudapp.azure.com/rest/v1/json/dokumentti/lopullinen/KTAS/0172231-2/2025,ok,021e493bd078c09163a2c1ac4694f1a81bdd23a4ee27f13dcb932cdd22d7a779,158,32,4,20,,2026-08-18T16:46:35Z
0172446-5,KTAS,2025,lopullinen,https://prodkuntarest.westeurope.cloudapp.azure.com/rest/v1/json/dokumentti/lopullinen/KTAS/0172446-5/2025,ok,08881e3deaac120263dbf8ff2750319f3776699d2484b15f61ade0b0caf5088b,160,32,3,20,,2026-08-18T16:46:35Z
0172586-3,KTAS,2025,lopullinen,https://prodkuntarest.westeurope.cloudapp.azure.com/rest/v1/json/dokumentti/lopullinen/KTAS/0172586-3/2025,ok,8982f55482bd74eae683f1ea0e11a1d86d7bad9e4c71e8c53215d8f95148268e,158,32,7,20,,2026-08-18T16:46:35Z
0172646-0,KTAS,2025,lopullinen,https://prodkuntarest.westeurope.cloudapp.azure.com/rest/v1/json/dokumentti/lopullinen/KTAS/0172646-0/2025,ok,ada5fd9e864ac284556a5b376dff9258a97e79a19b085046df1751620564dc10,158,32,7,20,,2026-08-18T16:46:35Z
0172718-0,KTAS,2025,lopullinen,https://prodkuntarest.westeurope.cloudapp.azure.com/rest/v1/json/dokumentti/lopullinen/KTAS/0172718-0/2025,ok,cf86aeae08ed1b5202af0f1865a5647fb5f143d178c85a9d9ca3e7a07bd9b6f3,158,32,3,20,,2026-08-18T16:46:35Z
0173081-4,KTAS,2025,lopullinen,https://prodkuntarest.westeurope.cloudapp.azure.com/rest/v1/json/dokumentti/lopullinen/KTAS/0173081-4/2025,ok,3479f6a2bdb97bfdcb34373353981ff6ac958145655212c27601ef1acaee3dfb,158,32,3,20,,2026-08-18T16:46:35Z
0173128-6,KTAS,2025,lopullinen,https://prodkuntarest.westeurope.cloudapp.azure.com/rest/v1/json/dokumentti/lopullinen/KTAS/0173128-6/2025,ok,e62e4e61cb740c141ceb555ee2495e20c1c14f25b2c852e293d87bd763a0cc1d,158,32,5,20,,2026-08-18T16:46:35Z
0173416-1,KTAS,2025,lopullinen,https://prodkuntarest.westeurope.cloudapp.azure.com/rest/v1/json/dokumentti/lopullinen/KTAS/0173416-1/2025,ok,5ea264282ddb869b7d98cd4201230ef57277bab0a16b6d67a636afce2ac4b70e,160,32,3,20,,2026-08-18T16:46:35Z
0173787-2,KTAS,2025,lopullinen,https://prodkuntarest.westeurope.cloudapp.azure.com/rest/v1/json/dokumentti/lopullinen/KTAS/0173787-2/2025,ok,9e3fa3a2de15b6926b377eba240cb009e77ac1826c0075d7038ce7e6e055df34,158,32,4,20,,2026-08-18T16:46:35Z
0173835-7,KTAS,2025,lopullinen,https://prodkuntarest.westeurope.cloudapp.azure.com/rest/v1/json/dokumentti/lopullinen/KTAS/0173835-7/2025,ok,5ab8f65ac0e0f772383f1de5dc7eda75c12e4ec75602b9c4b075bae44115aba6,160,32,3,20,,2026-08-18T16:46:35Z
0174035-0,KTAS,2025,lopullinen,https://prodkuntarest.westeurope.cloudapp.azure.com/rest/v1/json/dokumentti/lopullinen/KTAS/0174035-0/2025,ok,dc8cddfe9746a0f79f398d53fce625ea7061537582665a021f56a56d1f904421,158,32,1,20,,2026-08-18T16:46:35Z
0174108-9,KTAS,2025,lopullinen,https://prodkuntarest.westeurope.cloudapp.azure.com/rest/v1/json/dokumentti/lopullinen/KTAS/0174108-9/2025,ok,7505e9f3251f63d2bae7a3b9fa6f87cdff4f90063403c2f62c0e1f9f244b2b41,158,32,5,20,,2026-08-18T16:46:35Z
0174666-4,KTAS,2025,lopullinen,https://prodkuntarest.westeurope.cloudapp.azure.com/rest/v1/json/dokumentti/lopullinen/KTAS/0174666-4/2025,ok,c202cdf9feadb38c2b1319ec626030e454266f47ab155d7439563e77ad0ef626,158,32,5,20,,2026-08-18T16:46:35Z
0175622-1,KTAS,2025,lopullinen,https://prodkuntarest.westeurope.cloudapp.azure.com/rest/v1/json/dokumentti/lopullinen/KTAS/0175622-1/2025,ok,b678a54bcfad94315dc0a073fda4e077b68c6fb36ba2f27b8d2252581de886c3,158,32,7,20,,2026-08-18T16:46:35Z
0175798-8,KTAS,2025,lopullinen,https://prodkuntarest.westeurope.cloudapp.azure.com/rest/v1/json/dokumentti/lopullinen/KTAS/0175798-8/2025,ok,b6eadd407e871a38d6688702777af9127eb493802ec6455df69a15adeb71bfca,158,32,0,0,,2026-08-18T16:46:35Z
0176150-6,KTAS,2025,lopullinen,https://prodkuntarest.westeurope.cloudapp.azure.com/rest/v1/json/dokumentti/lopullinen/KTAS/0176150-6/2025,ok,946670cfeb906af0e571ee3ada8b60393cad10c2bd2113fb7e0d435754d32ab9,160,32,0,0,,2026-08-18T16:46:35Z
0176227-7,KTAS,2025,lopullinen,https://prodkuntarest.westeurope.cloudapp.azure.com/rest/v1/json/dokumentti/lopullinen/KTAS/0176227-7/2025,ok,913eddc3b9e3a1d1f1db1b7b44999457f753adc828ef2297ba613726915700b1,158,32,4,20,,2026-08-18T16:46:35Z
0176357-9,KTAS,2025,lopullinen,https://prodkuntarest.westeurope.cloudapp.azure.com/rest/v1/json/dokumentti/lopullinen/KTAS/0176357-9/2025,ok,a3eed533fff656ba381f1c6d7e82b4b9f14da393bfdc78f2d921710737c7305d,158,32,3,20,,2026-08-18T16:46:35Z
0176410-9,KTAS,2025,lopullinen,https://prodkuntarest.westeurope.cloudapp.azure.com/rest/v1/json/dokumentti/lopullinen/KTAS/0176410-9/2025,ok,9df31fc10fd8d4d59bab71533ff9c84eae7bd00c3deec7476b4ff704cf902f5a,158,32,0,0,,2026-08-18T16:46:35Z
0176478-2,KTAS,2025,lopullinen,https://prodkuntarest.westeurope.cloudapp.azure.com/rest/v1/json/dokumentti/lopullinen/KTAS/0176478-2/2025,ok,424cb365a2d87b767ee1f39541bd814a2a4999fb9efb64a60929afd15094e2db,158,32,9,20,,2026-08-18T16:46:35Z
0176592-9,KTAS,2025,lopullinen,https://prodkuntarest.westeurope.cloudapp.azure.com/rest/v1/json/dokumentti/lopullinen/KTAS/0176592-9/2025,ok,388f82a91f1fa033e83d6000d5518069338f923938a51ade0c76443e43da7b85,158,32,0,0,,2026-08-18T16:46:35Z
0176699-9,KTAS,2025,lopullinen,https://prodkuntarest.westeurope.cloudapp.azure.com/rest/v1/json/dokumentti/lopullinen/KTAS/0176699-9/2025,ok,4826f588394ae0b99876baeb12e359bbe3d1d87c239397462aed823161aa6430,158,32,2,20,,2026-08-18T16:46:35Z
0176769-2,KTAS,2025,lopullinen,https://prodkuntarest.westeurope.cloudapp.azure.com/rest/v1/json/dokumentti/lopullinen/KTAS/0176769-2/2025,ok,0b9011145eac0e30f4adf6075cdf88d5049b6e9248250dd0b8f7281d85f8bcfb,158,32,9,20,,2026-08-18T16:46:35Z
0176975-1,KTAS,2025,lopullinen,https://prodkuntarest.westeurope.cloudapp.azure.com/rest/v1/json/dokumentti/lopullinen/KTAS/0176975-1/2025,ok,a9b5e5d796be8c8eb7806ddb4445280069a2580466b1d6e9868ce12f7412308f,158,32,6,20,,2026-08-18T16:46:35Z
0177201-0,KTAS,2025,lopullinen,https://prodkuntarest.westeurope.cloudapp.azure.com/rest/v1/json/dokumentti/lopullinen/KTAS/0177201-0/2025,ok,724ece0a009f68551f483a2e1016d36fff7e763e334002ffb54b27ec6ecb01a2,160,32,3,20,,2026-08-18T16:46:35Z
0177224-8,KTAS,2025,lopullinen,https://prodkuntarest.westeurope.cloudapp.azure.com/rest/v1/json/dokumentti/lopullinen/KTAS/0177224-8/2025,ok,07f4a58684ff7d9f0f2675c0f274d17fe25480096121e4e6febc71a9d6349497,158,32,8,20,,2026-08-18T16:46:35Z
0177619-3,KTAS,2025,lopullinen,https://prodkuntarest.westeurope.cloudapp.azure.com/rest/v1/json/dokumentti/lopullinen/KTAS/0177619-3/2025,ok,c493d39d5ff8212954be41eacf86b8e1e5c7b2964774f318fb8a666f815f760f,160,32,7,20,,2026-08-18T16:46:35Z
0177736-4,KTAS,2025,lopullinen,https://prodkuntarest.westeurope.cloudapp.azure.com/rest/v1/json/dokumentti/lopullinen/KTAS/0177736-4/2025,ok,bd2120df3d0a38427200e70569a443c32fb66d40f7be00d785c2256e542334b1,158,32,2,20,,2026-08-18T16:46:35Z
0177804-1,KTAS,2025,lopullinen,https://prodkuntarest.westeurope.cloudapp.azure.com/rest/v1/json/dokumentti/lopullinen/KTAS/0177804-1/2025,ok,be6e6fce787c518c96c5f0ab9399ef6fcdd8293ed3b810982d5e140df0bea90c,158,32,6,20,,2026-08-18T16:46:35Z
0177826-0,KTAS,2025,lopullinen,https://prodkuntarest.westeurope.cloudapp.azure.com/rest/v1/json/dokumentti/lopullinen/KTAS/0177826-0/2025,ok,915618bc2e005b93acbb0c60eb7cf3cef51efcbfa6d6f6a4de25e948cdb284f7,158,32,1,20,,2026-08-18T16:46:35Z
0178008-8,KTAS,2025,lopullinen,https://prodkuntarest.westeurope.cloudapp.azure.com/rest/v1/json/dokumentti/lopullinen/KTAS/0178008-8/2025,ok,5e756731f743b3819220e1a4a8722cf655e15c651ce2afaba31f907516f24313,158,32,3,20,,2026-08-18T16:46:35Z
0178071-5,KTAS,2025,lopullinen,https://prodkuntarest.westeurope.cloudapp.azure.com/rest/v1/json/dokumentti/lopullinen/KTAS/0178071-5/2025,ok,54724e0e6a2c793a45cecdea511fe4f99817b84180635e7485270116e5760e9e,158,32,5,20,,2026-08-18T16:46:35Z
0178131-2,KTAS,2025,lopullinen,https://prodkuntarest.westeurope.cloudapp.azure.com/rest/v1/json/dokumentti/lopullinen/KTAS/0178131-2/2025,ok,a434b62a4599e6ba3a618e6cc49bab6ba9e147a3248f903bdf75eaf093cddd4b,158,32,6,20,,2026-08-18T16:46:35Z
0178455-6,KTAS,2025,lopullinen,https://prodkuntarest.westeurope.cloudapp.azure.com/rest/v1/json/dokumentti/lopullinen/KTAS/0178455-6/2025,ok,e94e86f52b89ac6f45fa696455a85b0021308254125a46e900ce291faaaa6812,158,32,8,20,,2026-08-18T16:46:35Z
0178464-4,KTAS,2025,lopullinen,https://prodkuntarest.westeurope.cloudapp.azure.com/rest/v1/json/dokumentti/lopullinen/KTAS/0178464-4/2025,ok,a62c8c62ec1b8e01243ee4a34b1f07d53303c35efad966b2eefd9168af670a9b,158,32,1,20,,2026-08-18T16:46:35Z
0178498-6,KTAS,2025,lopullinen,https://prodkuntarest.westeurope.cloudapp.azure.com/rest/v1/json/dokumentti/lopullinen/KTAS/0178498-6/2025,ok,434ae6092f502259c71d83ceb794320a96ff342884ece6bc4edd7db81693ccbf,158,32,6,20,,2026-08-18T16:46:35Z
0178718-3,KTAS,2025,lopullinen,https://prodkuntarest.westeurope.cloudapp.azure.com/rest/v1/json/dokumentti/lopullinen/KTAS/0178718-3/2025,ok,209e12fc6ed303342a3dd81f7a211ee2fb01b4f60a5c8f8eb6abe637b7756c49,158,32,9,20,,2026-08-18T16:46:35Z
0178981-6,KTAS,2025,lopullinen,https://prodkuntarest.westeurope.cloudapp.azure.com/rest/v1/json/dokumentti/lopullinen/KTAS/0178981-6/2025,ok,46de31b235072e911b5a9bf15ec1da2d9d5156ae39c3a1f811876afa28ac5033,158,32,11,20,,2026-08-18T16:46:35Z
0179377-8,KTAS,2025,lopullinen,https://prodkuntarest.westeurope.cloudapp.azure.com/rest/v1/json/dokumentti/lopullinen/KTAS/0179377-8/2025,ok,53c9da45430b677d81bb151eee1e9558ab76b05903fc1b2e39824f2d337b0d0b,158,32,9,20,,2026-08-18T16:46:35Z
0179699-5,KTAS,2025,lopullinen,https://prodkuntarest.westeurope.cloudapp.azure.com/rest/v1/json/dokumentti/lopullinen/KTAS/0179699-5/2025,ok,94de057b77c1f985b327b22a59ea1b4d6ad8ffa370a57fbb522f137adb3bad3e,158,32,5,20,,2026-08-18T16:46:35Z
0180065-9,KTAS,2025,lopullinen,https://prodkuntarest.westeurope.cloudapp.azure.com/rest/v1/json/dokumentti/lopullinen/KTAS/0180065-9/2025,ok,6a30e89014816f41bbbb4b0a499be161e26e4bd665ea5f0d9e6f98dfe90657ce,160,32,3,20,,2026-08-18T16:46:35Z
0180117-6,KTAS,2025,lopullinen,https://prodkuntarest.westeurope.cloudapp.azure.com/rest/v1/json/dokumentti/lopullinen/KTAS/0180117-6/2025,ok,55a98c5e48c2e1d1b16663aa4f94bec68ad8ddc24abf5aae81f1fca91e2f2351,158,32,5,20,,2026-08-18T16:46:35Z
0180451-0,KTAS,2025,lopullinen,https://prodkuntarest.westeurope.cloudapp.azure.com/rest/v1/json/dokumentti/lopullinen/KTAS/0180451-0/2025,ok,53d38ee53a9fad3776c65551de59127235893e48b7545596e93a27cdf3303901,158,32,8,20,,2026-08-18T16:46:35Z
0180516-9,KTAS,2025,lopullinen,https://prodkuntarest.westeurope.cloudapp.azure.com/rest/v1/json/dokumentti/lopullinen/KTAS/0180516-9/2025,ok,2da584278427381c0a1ee8077eec1bb8790c6eaba64b17be9b2418235b3ad8e1,158,32,2,20,,2026-08-18T16:46:35Z
0180774-6,KTAS,2025,lopullinen,https://prodkuntarest.westeurope.cloudapp.azure.com/rest/v1/json/dokumentti/lopullinen/KTAS/0180774-6/2025,ok,62ef5f17a3c8a693236e8a566a76b7f747cceede185f9d44a9e37681cda2baa2,158,32,6,20,,2026-08-18T16:46:35Z
0180857-0,KTAS,2025,lopullinen,https://prodkuntarest.westeurope.cloudapp.azure.com/rest/v1/json/dokumentti/lopullinen/KTAS/0180857-0/2025,ok,1c4e3761f8f7e5afd4ff53a02ea66e0ddc3fbda4ed8f72fe532de06e03bcf07e,160,32,4,20,,2026-08-18T16:46:35Z
0180948-5,KTAS,2025,lopullinen,https://prodkuntarest.westeurope.cloudapp.azure.com/rest/v1/json/dokumentti/lopullinen/KTAS/0180948-5/2025,ok,68b760f857c0edd3dca3034e1635b04185264af76153b9b8e16f7cc68b70d106,160,32,11,20,,2026-08-18T16:46:35Z
0181101-6,KTAS,2025,lopullinen,https://prodkuntarest.westeurope.cloudapp.azure.com/rest/v1/json/dokumentti/lopullinen/KTAS/0181101-6/2025,ok,b8ba74de77e9a39d33b3313d8bd5d3709ac5ed950bfbbf306574596313b4d0e3,160,32,3,20,,2026-08-18T16:46:35Z
0181367-9,KTAS,2025,lopullinen,https://prodkuntarest.westeurope.cloudapp.azure.com/rest/v1/json/dokumentti/lopullinen/KTAS/0181367-9/2025,ok,f3f46090888a35dd6e44528d73e4b6b8e2941196098041bfa4f5f1f4f66971a5,158,32,3,20,,2026-08-18T16:46:35Z
0181464-7,KTAS,2025,lopullinen,https://prodkuntarest.westeurope.cloudapp.azure.com/rest/v1/json/dokumentti/lopullinen/KTAS/0181464-7/2025,ok,789433c6ff3472645f47d17ffe1f1e5690bc78004809fa8f5752556e723db097,160,32,2,20,,2026-08-18T16:46:35Z
0182637-3,KTAS,2025,lopullinen,https://prodkuntarest.westeurope.cloudapp.azure.com/rest/v1/json/dokumentti/lopullinen/KTAS/0182637-3/2025,ok,b91ca5ba7433b2ac4fc174a40b231dfccf7298c714adfc62475bce238cc02f34,158,32,6,20,,2026-08-18T16:46:35Z
0182734-1,KTAS,2025,lopullinen,https://prodkuntarest.westeurope.cloudapp.azure.com/rest/v1/json/dokumentti/lopullinen/KTAS/0182734-1/2025,ok,27aa080f44850c593f2c53e3879d329fa407386d1d6d853767db46033662d36f,158,32,6,20,,2026-08-18T16:46:35Z
0182779-8,KTAS,2025,lopullinen,https://prodkuntarest.westeurope.cloudapp.azure.com/rest/v1/json/dokumentti/lopullinen/KTAS/0182779-8/2025,ok,14b2c44629c065463bc7c6ab48848a457e246fd864563771a23f4e51bc940c40,158,32,3,20,,2026-08-18T16:46:35Z
0183077-8,KTAS,2025,lopullinen,https://prodkuntarest.westeurope.cloudapp.azure.com/rest/v1/json/dokumentti/lopullinen/KTAS/0183077-8/2025,ok,20a341d6f3601b4f8ef0ae6a5b294d208810aa249dadf69456cfa5542a07a9c1,158,32,7,20,,2026-08-18T16:46:35Z
0184278-7,KTAS,2025,lopullinen,https://prodkuntarest.westeurope.cloudapp.azure.com/rest/v1/json/dokumentti/lopullinen/KTAS/0184278-7/2025,ok,5fd3b6e59276fa554476d49087077a8dd1b96f39eec5ae08dc5be8f983bc2141,158,32,5,20,,2026-08-18T16:46:35Z
0184318-1,KTAS,2025,lopullinen,https://prodkuntarest.westeurope.cloudapp.azure.com/rest/v1/json/dokumentti/lopullinen/KTAS/0184318-1/2025,ok,ccd95ffb50bda230b2f3a07fd27621d273f0c14d5f0c5d08343c5d4c2e86a711,158,32,4,20,,2026-08-18T16:46:35Z
0184622-7,KTAS,2025,lopullinen,https://prodkuntarest.westeurope.cloudapp.azure.com/rest/v1/json/dokumentti/lopullinen/KTAS/0184622-7/2025,ok,629d60bf53bc10badbd11a3e38cbc3b1fdcdfc50cea93d829e7bb35d16f3b4a1,158,32,11,20,,2026-08-18T16:46:35Z
0184674-5,KTAS,2025,lopullinen,https://prodkuntarest.westeurope.cloudapp.azure.com/rest/v1/json/dokumentti/lopullinen/KTAS/0184674-5/2025,ok,bcc3de6619c7c138f3ed2099ef95c562a53c8707adbc3174c834e7d44a06d94d,158,32,1,20,,2026-08-18T16:46:35Z
0184872-4,KTAS,2025,lopullinen,https://prodkuntarest.westeurope.cloudapp.azure.com/rest/v1/json/dokumentti/lopullinen/KTAS/0184872-4/2025,ok,86268bc3e1080412de3f4eda93afe04cf11c2f1eff5fe299744800c06d81b552,160,32,3,20,,2026-08-18T16:46:35Z
0184918-8,KTAS,2025,lopullinen,https://prodkuntarest.westeurope.cloudapp.azure.com/rest/v1/json/dokumentti/lopullinen/KTAS/0184918-8/2025,ok,f58030585016f5558d3e146754296143f28e9039ed9fe2ba1313ad534cdd20d9,158,32,2,20,,2026-08-18T16:46:35Z
0185075-2,KTAS,2025,lopullinen,https://prodkuntarest.westeurope.cloudapp.azure.com/rest/v1/json/dokumentti/lopullinen/KTAS/0185075-2/2025,ok,541770831d837f4d4e843c77f6dd611f628b975f212df8ed4d388ae7efb2c738,158,32,1,20,,2026-08-18T16:46:35Z
0185924-7,KTAS,2025,lopullinen,https://prodkuntarest.westeurope.cloudapp.azure.com/rest/v1/json/dokumentti/lopullinen/KTAS/0185924-7/2025,ok,aa4793e8a2acd1c7c94cb019f04e666b7eb4b0e4f910667cd2f9a962e0ed977d,158,32,8,20,,2026-08-18T16:46:35Z
0186002-9,KTAS,2025,lopullinen,https://prodkuntarest.westeurope.cloudapp.azure.com/rest/v1/json/dokumentti/lopullinen/KTAS/0186002-9/2025,ok,b26c519814e1f2b09417123853b8e53b8faca2f7515699bd654fc7f3726b450b,158,32,4,20,,2026-08-18T16:46:35Z
0186204-0,KTAS,2025,lopullinen,https://prodkuntarest.westeurope.cloudapp.azure.com/rest/v1/json/dokumentti/lopullinen/KTAS/0186204-0/2025,ok,5e5550919b38d1bc4fcd59cb81c37f0fd7704dfb3aa95d1f302519377a616dc4,158,32,9,20,,2026-08-18T16:46:35Z
0186418-5,KTAS,2025,lopullinen,https://prodkuntarest.westeurope.cloudapp.azure.com/rest/v1/json/dokumentti/lopullinen/KTAS/0186418-5/2025,ok,a06e54a3a2664e1ca8c1341201e93cb0067f75e23ca367dcfdabef39e017e473,158,32,7,20,,2026-08-18T16:46:35Z
0186511-0,KTAS,2025,lopullinen,https://prodkuntarest.westeurope.cloudapp.azure.com/rest/v1/json/dokumentti/lopullinen/KTAS/0186511-0/2025,ok,0cd67ded50073633074115427505a0f225789c4ad269a53cf6c99241763949bf,158,32,3,20,,2026-08-18T16:46:35Z
0186553-2,KTAS,2025,lopullinen,https://prodkuntarest.westeurope.cloudapp.azure.com/rest/v1/json/dokumentti/lopullinen/KTAS/0186553-2/2025,ok,4c0853e3add0637789c606fa900651bf9194b0c60062f366373ec82986b937ad,158,32,8,20,,2026-08-18T16:46:35Z
0186580-7,KTAS,2025,lopullinen,https://prodkuntarest.westeurope.cloudapp.azure.com/rest/v1/json/dokumentti/lopullinen/KTAS/0186580-7/2025,ok,54f1b5e135c2d3ce096ed46c555929b68569f49e13a5c68eb41fd94c0f2f6950,158,32,2,20,,2026-08-18T16:46:35Z
0186588-2,KTAS,2025,lopullinen,https://prodkuntarest.westeurope.cloudapp.azure.com/rest/v1/json/dokumentti/lopullinen/KTAS/0186588-2/2025,ok,8b9e948dfcf87047468d30ad3c194afb962e7a4ee64bfe572dd65a4c903b46ad,158,32,0,0,,2026-08-18T16:46:35Z
0186646-3,KTAS,2025,lopullinen,https://prodkuntarest.westeurope.cloudapp.azure.com/rest/v1/json/dokumentti/lopullinen/KTAS/0186646-3/2025,ok,67375e5cf1e0c7aa659dc940943864290aaa51df368383883a84a83503d6c05c,158,32,6,20,,2026-08-18T16:46:35Z
0186757-0,KTAS,2025,lopullinen,https://prodkuntarest.westeurope.cloudapp.azure.com/rest/v1/json/dokumentti/lopullinen/KTAS/0186757-0/2025,ok,2557596e6650eebc634dd013a72a1d16aea4e822a6db86b9508195a48cf985fa,158,32,8,20,,2026-08-18T16:46:35Z
0186852-2,KTAS,2025,lopullinen,https://prodkuntarest.westeurope.cloudapp.azure.com/rest/v1/json/dokumentti/lopullinen/KTAS/0186852-2/2025,ok,041e33907a4c46cabcd0135b57022670e42971546f93bcdfe33aa1dccabac036,160,32,13,20,,2026-08-18T16:46:35Z
0187690-1,KTAS,2025,lopullinen,https://prodkuntarest.westeurope.cloudapp.azure.com/rest/v1/json/dokumentti/lopullinen/KTAS/0187690-1/2025,ok,9505c75f2a4db0ed3096f26e26cb7ef89ba99b2bcc20f9375aa25f1337caf7d3,158,32,6,20,,2026-08-18T16:46:35Z
0188808-0,KTAS,2025,lopullinen,https://prodkuntarest.westeurope.cloudapp.azure.com/rest/v1/json/dokumentti/lopullinen/KTAS/0188808-0/2025,ok,eab552a4c60eff981e1eba425cc7f89f014517163d245fed30c97818e398be49,158,32,3,20,,2026-08-18T16:46:35Z
0188962-2,KTAS,2025,lopullinen,https://prodkuntarest.westeurope.cloudapp.azure.com/rest/v1/json/dokumentti/lopullinen/KTAS/0188962-2/2025,ok,e29642d760573b897ad6a61fba3fc35a53ad0dc0dcbbc7084e52097c954b7813,158,32,6,20,,2026-08-18T16:46:35Z
0189019-9,KTAS,2025,lopullinen,https://prodkuntarest.westeurope.cloudapp.azure.com/rest/v1/json/dokumentti/lopullinen/KTAS/0189019-9/2025,ok,9eb9e99c53fdb73585c63c7ecaf54a8642f5f03cb36ab328d746d07703b79fec,158,32,9,20,,2026-08-18T16:46:35Z
0189081-8,KTAS,2025,lopullinen,https://prodkuntarest.westeurope.cloudapp.azure.com/rest/v1/json/dokumentti/lopullinen/KTAS/0189081-8/2025,ok,633ddab1481adf3fd53083bde5b6d923965f8bc600384784fe34d2d9abec9797,158,32,3,20,,2026-08-18T16:46:35Z
0189127-1,KTAS,2025,lopullinen,https://prodkuntarest.westeurope.cloudapp.azure.com/rest/v1/json/dokumentti/lopullinen/KTAS/0189127-1/2025,ok,147d63638d4149275e7b1a69dbcbfdcd182f34b6f3f63b2087b4c4ccf64c1e24,158,32,7,20,,2026-08-18T16:46:35Z
0189226-6,KTAS,2025,lopullinen,https://prodkuntarest.westeurope.cloudapp.azure.com/rest/v1/json/dokumentti/lopullinen/KTAS/0189226-6/2025,ok,4e7a067ce386157e28c5343db37c3a0dcde8c0549e1cc2b77c1be3d538fa129b,158,32,1,20,,2026-08-18T16:46:35Z
0189548-3,KTAS,2025,lopullinen,https://prodkuntarest.westeurope.cloudapp.azure.com/rest/v1/json/dokumentti/lopullinen/KTAS/0189548-3/2025,ok,1b0d1b7d9abd10c4d0f67b048bc0cd83eeb66323b97c5a07064cd3778542387c,158,32,1,20,,2026-08-18T16:46:35Z
0189576-6,KTAS,2025,lopullinen,https://prodkuntarest.westeurope.cloudapp.azure.com/rest/v1/json/dokumentti/lopullinen/KTAS/0189576-6/2025,ok,cedf34e779ecc5c8a186f4cec5ce03fbb3c6c28c380efe79b9f272ec4595360b,158,32,0,0,,2026-08-18T16:46:35Z
0189615-2,KTAS,2025,lopullinen,https://prodkuntarest.westeurope.cloudapp.azure.com/rest/v1/json/dokumentti/lopullinen/KTAS/0189615-2/2025,ok,5ece0675ec69afb898eb408dfb3eb176685eb7a9fa2d7c9a9a21daf00aac3b89,158,32,2,20,,2026-08-18T16:46:35Z
0189766-5,KTAS,2025,lopullinen,https://prodkuntarest.westeurope.cloudapp.azure.com/rest/v1/json/dokumentti/lopullinen/KTAS/0189766-5/2025,ok,535760259ee268a5f212544e660284a28a68203fff82f25741ce66c3a7bc8113,160,32,15,20,,2026-08-18T16:46:35Z
0189925-7,KTAS,2025,lopullinen,https://prodkuntarest.westeurope.cloudapp.azure.com/rest/v1/json/dokumentti/lopullinen/KTAS/0189925-7/2025,ok,1f274cdc3dae4a890bdb61baba11d3f5b65f76e8f132d01bbdb13689d27df95a,158,32,7,20,,2026-08-18T16:46:35Z
0190027-0,KTAS,2025,lopullinen,https://prodkuntarest.westeurope.cloudapp.azure.com/rest/v1/json/dokumentti/lopullinen/KTAS/0190027-0/2025,ok,ff26c4b5db3ed6b31e509f3df43b435f90d0c3b13925274264dd12622250b21b,158,32,0,0,,2026-08-18T16:46:35Z
0190100-3,KTAS,2025,lopullinen,https://prodkuntarest.westeurope.cloudapp.azure.com/rest/v1/json/dokumentti/lopullinen/KTAS/0190100-3/2025,ok,a3a81425705b92a973bbf84bb03813dfd7ba0eb3f2450683c6f21bf08d2d3c36,158,32,4,20,,2026-08-18T16:46:35Z
0190140-9,KTAS,2025,lopullinen,https://prodkuntarest.westeurope.cloudapp.azure.com/rest/v1/json/dokumentti/lopullinen/KTAS/0190140-9/2025,ok,3ddd340f6c22b6ee881a2845f6bacc789bd18f1b412f969b7c10cce982ac2fce,158,32,1,20,,2026-08-18T16:46:35Z
0190224-1,KTAS,2025,lopullinen,https://prodkuntarest.westeurope.cloudapp.azure.com/rest/v1/json/dokumentti/lopullinen/KTAS/0190224-1/2025,ok,b014f47e7b59509bcfc80fd3f5ac22967542871c5e0f1ab8855a39b774cfd33c,158,32,6,20,,2026-08-18T16:46:35Z
0190557-3,KTAS,2025,lopullinen,https://prodkuntarest.westeurope.cloudapp.azure.com/rest/v1/json/dokumentti/lopullinen/KTAS/0190557-3/2025,ok,5e4b38750a8cd42fc576169c416e092a54217e3f408bef6e1e6251d62e829153,158,32,10,20,,2026-08-18T16:46:35Z
0190662-1,KTAS,2025,lopullinen,https://prodkuntarest.westeurope.cloudapp.azure.com/rest/v1/json/dokumentti/lopullinen/KTAS/0190662-1/2025,ok,a77a7357ad63e25c2dfce7fd71527b03a3c946e6771ded58cd0b1bcf3223cadc,158,32,2,20,,2026-08-18T16:46:35Z
0190758-7,KTAS,2025,lopullinen,https://prodkuntarest.westeurope.cloudapp.azure.com/rest/v1/json/dokumentti/lopullinen/KTAS/0190758-7/2025,ok,5ec32bb86b3922fe319de58382abe9cd8aefcc0797f077902ec40cb47a3fe7b3,158,32,10,20,,2026-08-18T16:46:35Z
0191406-6,KTAS,2025,lopullinen,https://prodkuntarest.westeurope.cloudapp.azure.com/rest/v1/json/dokumentti/lopullinen/KTAS/0191406-6/2025,ok,3420467cbbdafe9d673b3cd4ead8ede92d724fe540973969e71b7ec1c49c5001,158,32,9,20,,2026-08-18T16:46:35Z
0191528-8,KTAS,2025,lopullinen,https://prodkuntarest.westeurope.cloudapp.azure.com/rest/v1/json/dokumentti/lopullinen/KTAS/0191528-8/2025,ok,dd4fa117a76ceec2357d0def70f88211ef0fc5e3303dd6addf6983b5eacfce78,158,32,3,20,,2026-08-18T16:46:35Z
0191717-9,KTAS,2025,lopullinen,https://prodkuntarest.westeurope.cloudapp.azure.com/rest/v1/json/dokumentti/lopullinen/KTAS/0191717-9/2025,ok,7ce55ea7a83cffc64597de76e2c0fce0708d23c35085f34bd54b5fbd2501f758,158,32,0,0,,2026-08-18T16:46:35Z
0191824-3,KTAS,2025,lopullinen,https://prodkuntarest.westeurope.cloudapp.azure.com/rest/v1/json/dokumentti/lopullinen/KTAS/0191824-3/2025,ok,b6b8097c4ec15948e0b989aabe6da78f66f900afe8158171cd0d0217a8d7fd88,158,32,6,20,,2026-08-18T16:46:35Z
0191866-5,KTAS,2025,lopullinen,https://prodkuntarest.westeurope.cloudapp.azure.com/rest/v1/json/dokumentti/lopullinen/KTAS/0191866-5/2025,ok,eaaa145701a37d9fd0237f605e0d86a21ddea2f29a5999d4f33802d5e7b09394,158,32,0,0,,2026-08-18T16:46:35Z
0191908-6,KTAS,2025,lopullinen,https://prodkuntarest.westeurope.cloudapp.azure.com/rest/v1/json/dokumentti/lopullinen/KTAS/0191908-6/2025,ok,a9299fbfee30c1abc3c51273942787fe72832f9477a0a41deba57698b44fb984,158,32,7,20,,2026-08-18T16:46:35Z
0191974-8,KTAS,2025,lopullinen,https://prodkuntarest.westeurope.cloudapp.azure.com/rest/v1/json/dokumentti/lopullinen/KTAS/0191974-8/2025,ok,8eae96213277834ff13c9305b5e0c890f96417555a4321dd557dd6c7b0d75454,158,32,1,20,,2026-08-18T16:46:35Z
0192936-4,KTAS,2025,lopullinen,https://prodkuntarest.westeurope.cloudapp.azure.com/rest/v1/json/dokumentti/lopullinen/KTAS/0192936-4/2025,ok,b360e18d725d4054bab79af1b6a5c9eb573d09aca89479d9e43064ea269115e9,158,32,3,20,,2026-08-18T16:46:35Z
0193015-4,KTAS,2025,lopullinen,https://prodkuntarest.westeurope.cloudapp.azure.com/rest/v1/json/dokumentti/lopullinen/KTAS/0193015-4/2025,ok,091d5f3962d4aba0ab38491a091e600ad2282f0e82333345effb6e62c8e2b7c9,158,32,6,20,,2026-08-18T16:46:35Z
0193169-1,KTAS,2025,lopullinen,https://prodkuntarest.westeurope.cloudapp.azure.com/rest/v1/json/dokumentti/lopullinen/KTAS/0193169-1/2025,ok,b0f60cb1dae58d4d6c7a55ad0dc2bc4459959481acb44b7987e3686a4e444a76,158,32,4,20,,2026-08-18T16:46:35Z
0193249-1,KTAS,2025,lopullinen,https://prodkuntarest.westeurope.cloudapp.azure.com/rest/v1/json/dokumentti/lopullinen/KTAS/0193249-1/2025,ok,35b8ed6ce5477b56edd98b7ac25d532eee73ac7a66abc9dfbf1c77b7bbf628e1,160,32,10,20,,2026-08-18T16:46:35Z
0193524-6,KTAS,2025,lopullinen,https://prodkuntarest.westeurope.cloudapp.azure.com/rest/v1/json/dokumentti/lopullinen/KTAS/0193524-6/2025,ok,02aa588b97fcfdd8e78c211adea566e893ad295556a413c8cd7aa5b38909ba89,160,32,3,20,,2026-08-18T16:46:35Z
0193729-2,KTAS,2025,lopullinen,https://prodkuntarest.westeurope.cloudapp.azure.com/rest/v1/json/dokumentti/lopullinen/KTAS/0193729-2/2025,ok,4c29cfeaecb114f900ca5597d5415e0634063b40c100d622f4f2d5a4990548c8,158,32,8,20,,2026-08-18T16:46:35Z
0198517-1,KTAS,2025,jalkikorjattu,https://prodkuntarest.westeurope.cloudapp.azure.com/rest/v1/json/dokumentti/jalkikorjattu/KTAS/0198517-1/2025,ok,6b65547c8ec7878d43654f4e9dfbf83d3b72d448a43e1da9293f78cb15a6f04c,158,32,8,20,,2026-08-18T16:46:35Z
0201256-6,KTAS,2025,jalkikorjattu,https://prodkuntarest.westeurope.cloudapp.azure.com/rest/v1/json/dokumentti/jalkikorjattu/KTAS/0201256-6/2025,ok,53800b64d82a58cbb4371cf74d11e33d55285910b05a526879fd3d81b1565586,158,32,2,20,,2026-08-18T16:46:35Z
0201296-1,KTAS,2025,lopullinen,https://prodkuntarest.westeurope.cloudapp.azure.com/rest/v1/json/dokumentti/lopullinen/KTAS/0201296-1/2025,ok,b601adeb54829160e370f5ad41e2e778cedb5f1314c415505fa349e6f53bfd13,158,32,0,0,,2026-08-18T16:46:35Z
0202691-7,KTAS,2025,lopullinen,https://prodkuntarest.westeurope.cloudapp.azure.com/rest/v1/json/dokumentti/lopullinen/KTAS/0202691-7/2025,ok,123f31328b9d047b95871258bb3f53b43ce3257135a12e74df47e71a1ea32800,158,32,2,20,,2026-08-18T16:46:35Z
0203026-2,KTAS,2025,lopullinen,https://prodkuntarest.westeurope.cloudapp.azure.com/rest/v1/json/dokumentti/lopullinen/KTAS/0203026-2/2025,ok,ba626f2d9508d88a6ab00f7e3d469d8760504324cbdcfe5a7904a30e5b996608,158,32,5,20,,2026-08-18T16:46:35Z
0203107-0,KTAS,2025,lopullinen,https://prodkuntarest.westeurope.cloudapp.azure.com/rest/v1/json/dokumentti/lopullinen/KTAS/0203107-0/2025,ok,7fb6554076114c2f2b445b496413ebf9af8c3334e49b747bc468144774018b8a,160,32,5,20,,2026-08-18T16:46:35Z
0203135-3,KTAS,2025,lopullinen,https://prodkuntarest.westeurope.cloudapp.azure.com/rest/v1/json/dokumentti/lopullinen/KTAS/0203135-3/2025,ok,6f3c7004bc626717d1ddb6833032ecdf82eb06368ea81eb40861dea533055d93,158,32,4,20,,2026-08-18T16:46:35Z
0203167-9,KTAS,2025,lopullinen,https://prodkuntarest.westeurope.cloudapp.azure.com/rest/v1/json/dokumentti/lopullinen/KTAS/0203167-9/2025,ok,15dc6cad22a9c55dbf301a19244a02ef0e05f9b61ab3109f1b76a540d22236a6,160,32,8,20,,2026-08-18T16:46:35Z
0203263-9,KTAS,2025,lopullinen,https://prodkuntarest.westeurope.cloudapp.azure.com/rest/v1/json/dokumentti/lopullinen/KTAS/0203263-9/2025,ok,164a7f269c055555f4a8ffea181e150a279e20871e78a20d5c2d6a5fcdd95b69,158,32,15,20,,2026-08-18T16:46:35Z
0203282-3,KTAS,2025,lopullinen,https://prodkuntarest.westeurope.cloudapp.azure.com/rest/v1/json/dokumentti/lopullinen/KTAS/0203282-3/2025,ok,4e3593c91aa51eedaacac0bcd1213e9a426c1989b386b89d8276bff7e6759788,158,32,3,20,,2026-08-18T16:46:35Z
0203394-9,KTAS,2025,lopullinen,https://prodkuntarest.westeurope.cloudapp.azure.com/rest/v1/json/dokumentti/lopullinen/KTAS/0203394-9/2025,ok,df786ab87161087dcc932879c87cf2c894329421ddfc81e43d20a50c69018b5c,158,32,0,0,,2026-08-18T16:46:35Z
0203533-8,KTAS,2025,lopullinen,https://prodkuntarest.westeurope.cloudapp.azure.com/rest/v1/json/dokumentti/lopullinen/KTAS/0203533-8/2025,ok,cd387e5113f571ad51f100f4c4ed92e93640ddb0bbb9e1c007f11794261ee5ad,160,32,5,20,,2026-08-18T16:46:35Z
0203762-4,KTAS,2025,lopullinen,https://prodkuntarest.westeurope.cloudapp.azure.com/rest/v1/json/dokumentti/lopullinen/KTAS/0203762-4/2025,ok,bebc9142ee5f26150a02f990d7783f4e3316e004474e8594c9d160309191d612,160,32,4,20,,2026-08-18T16:46:35Z
0203797-4,KTAS,2025,lopullinen,https://prodkuntarest.westeurope.cloudapp.azure.com/rest/v1/json/dokumentti/lopullinen/KTAS/0203797-4/2025,ok,09843f8efb283dc940b4b0101c48bf7f703fddd0c8d50c59a8390cc444225fcd,158,32,3,20,,2026-08-18T16:46:35Z
0203925-9,KTAS,2025,lopullinen,https://prodkuntarest.westeurope.cloudapp.azure.com/rest/v1/json/dokumentti/lopullinen/KTAS/0203925-9/2025,ok,903b56aa9c71c198a7a83188fdd761ddf040b58ba51999ea4812c542a759852e,158,32,5,20,,2026-08-18T16:46:35Z
0203929-1,KTAS,2025,lopullinen,https://prodkuntarest.westeurope.cloudapp.azure.com/rest/v1/json/dokumentti/lopullinen/KTAS/0203929-1/2025,ok,53b5d70ddad8ceb6470a6d6dabc82268cb86ff4de20d3ee345f44d01895fe77f,156,32,3,20,,2026-08-18T16:46:35Z
0204023-3,KTAS,2025,lopullinen,https://prodkuntarest.westeurope.cloudapp.azure.com/rest/v1/json/dokumentti/lopullinen/KTAS/0204023-3/2025,ok,e7c261a3e26fbd4786fed03d0c76cc6ffa65a275c14853211384f0b5f8ed505e,158,32,11,20,,2026-08-18T16:46:35Z
0204064-7,KTAS,2025,lopullinen,https://prodkuntarest.westeurope.cloudapp.azure.com/rest/v1/json/dokumentti/lopullinen/KTAS/0204064-7/2025,ok,953b5135e9e56a9d8146806c4e9fdc36ee8162f15a6912443c87d68099c1ed5f,160,32,3,20,,2026-08-18T16:46:35Z
0204403-1,KTAS,2025,lopullinen,https://prodkuntarest.westeurope.cloudapp.azure.com/rest/v1/json/dokumentti/lopullinen/KTAS/0204403-1/2025,ok,9c33ac20ee3513ad2186b8b4ea7307ef2711a4f7b5e3a813fbeb78ad1566697d,160,32,1,20,,2026-08-18T16:46:35Z
0204419-7,KTAS,2025,lopullinen,https://prodkuntarest.westeurope.cloudapp.azure.com/rest/v1/json/dokumentti/lopullinen/KTAS/0204419-7/2025,ok,c60eeb62cf1b98222043fddbc642cf342cb2eb68fee190b08549058a783b7d21,158,32,0,0,,2026-08-18T16:46:35Z
0204427-7,KTAS,2025,lopullinen,https://prodkuntarest.westeurope.cloudapp.azure.com/rest/v1/json/dokumentti/lopullinen/KTAS/0204427-7/2025,ok,b478c02fcdf28976b6cc280a8b3140926265855e5ad521a062de73bbf1a36df3,158,32,3,20,,2026-08-18T16:46:35Z
0204428-5,KTAS,2025,lopullinen,https://prodkuntarest.westeurope.cloudapp.azure.com/rest/v1/json/dokumentti/lopullinen/KTAS/0204428-5/2025,ok,42ebd506965c6ae1e050a4505ee4e635cede4fe8a56998707a8c56ee43bc0dc2,158,32,2,20,,2026-08-18T16:46:35Z
0204524-5,KTAS,2025,lopullinen,https://prodkuntarest.westeurope.cloudapp.azure.com/rest/v1/json/dokumentti/lopullinen/KTAS/0204524-5/2025,ok,8e46c51a6db1522f3c19c2b45cb4f843151804d3a8094fbd438082605f60ea5d,160,32,6,20,,2026-08-18T16:46:35Z
0204819-8,KTAS,2025,lopullinen,https://prodkuntarest.westeurope.cloudapp.azure.com/rest/v1/json/dokumentti/lopullinen/KTAS/0204819-8/2025,ok,3ea959eada73bd908b7d1be670ab7eb98a080644480c386806169ffcc040d45b,158,32,9,20,,2026-08-18T16:46:35Z
0204910-7,KTAS,2025,lopullinen,https://prodkuntarest.westeurope.cloudapp.azure.com/rest/v1/json/dokumentti/lopullinen/KTAS/0204910-7/2025,ok,ab2540d5ac381430b1eaac3bc4ad668aa7212066e0063fd5157face53c1f226a,158,32,4,20,,2026-08-18T16:46:35Z
0204964-1,KTAS,2025,lopullinen,https://prodkuntarest.westeurope.cloudapp.azure.com/rest/v1/json/dokumentti/lopullinen/KTAS/0204964-1/2025,ok,da74c09d8f39a1a2076792441f57e68da1ba54982582f3e601512ff05859bf30,158,32,9,20,,2026-08-18T16:46:35Z
0205303-4,KTAS,2025,lopullinen,https://prodkuntarest.westeurope.cloudapp.azure.com/rest/v1/json/dokumentti/lopullinen/KTAS/0205303-4/2025,ok,36d9770042880afd31ba8e745cce4bd3843454c11ab79c8ea4384c1dacbdf0f0,158,32,1,20,,2026-08-18T16:46:35Z
0205717-4,KTAS,2025,lopullinen,https://prodkuntarest.westeurope.cloudapp.azure.com/rest/v1/json/dokumentti/lopullinen/KTAS/0205717-4/2025,ok,dbc676c80fbe984b9a526f029c7d2160f07dcbb417ebb2bc579342c05e849f6e,160,32,7,20,,2026-08-18T16:46:35Z
0206289-7,KTAS,2025,lopullinen,https://prodkuntarest.westeurope.cloudapp.azure.com/rest/v1/json/dokumentti/lopullinen/KTAS/0206289-7/2025,ok,bf21d20c91bffe1800c92fbf38f59432fbaaf169935df0671c014c040de4a24b,160,32,2,20,,2026-08-18T16:46:35Z
0206333-9,KTAS,2025,lopullinen,https://prodkuntarest.westeurope.cloudapp.azure.com/rest/v1/json/dokumentti/lopullinen/KTAS/0206333-9/2025,ok,b71281957fd317cb8b6aa37bece98956530908f60eedb9ef273f1a3a7458f616,158,32,8,20,,2026-08-18T16:46:35Z
0206714-5,KTAS,2025,lopullinen,https://prodkuntarest.westeurope.cloudapp.azure.com/rest/v1/json/dokumentti/lopullinen/KTAS/0206714-5/2025,ok,dc5ab8aea89b8dacb7e8cf334e03e279743e54b60a98dca172fd1f32580922c1,158,32,0,0,,2026-08-18T16:46:35Z
0206951-1,KTAS,2025,lopullinen,https://prodkuntarest.westeurope.cloudapp.azure.com/rest/v1/json/dokumentti/lopullinen/KTAS/0206951-1/2025,ok,7b505c28e2a56057e9c876ac214d7ab72f39350e134577b0869f97cfb69e4788,158,32,9,20,,2026-08-18T16:46:35Z
0207033-6,KTAS,2025,lopullinen,https://prodkuntarest.westeurope.cloudapp.azure.com/rest/v1/json/dokumentti/lopullinen/KTAS/0207033-6/2025,ok,23ef1e1393790ed0e817c713b4ef326b0996b0510d28542bd4b7b94a2f5742a2,158,32,15,20,,2026-08-18T16:46:35Z
0207112-8,KTAS,2025,lopullinen,https://prodkuntarest.westeurope.cloudapp.azure.com/rest/v1/json/dokumentti/lopullinen/KTAS/0207112-8/2025,ok,5329c637ac4d929b1d5062c58ecbcf96248091d9db2d2995b30122e5ddd06dda,158,32,4,20,,2026-08-18T16:46:35Z
0207390-8,KTAS,2025,lopullinen,https://prodkuntarest.westeurope.cloudapp.azure.com/rest/v1/json/dokumentti/lopullinen/KTAS/0207390-8/2025,ok,3f764c21c17630e517a3d67cb69d4133473483a8358bff226e453d403e44219d,158,32,0,0,,2026-08-18T16:46:35Z
0207604-1,KTAS,2025,lopullinen,https://prodkuntarest.westeurope.cloudapp.azure.com/rest/v1/json/dokumentti/lopullinen/KTAS/0207604-1/2025,ok,f42720c12008c14c523bd618fe614ea828c9a44e8fe5d92721449242e4fbe8e5,160,32,1,20,,2026-08-18T16:46:35Z
0207669-0,KTAS,2025,lopullinen,https://prodkuntarest.westeurope.cloudapp.azure.com/rest/v1/json/dokumentti/lopullinen/KTAS/0207669-0/2025,ok,a60053fd13082913ef63bfa887e649e3678a8a3dac34f9af9aa6e70f274523e6,160,32,1,20,,2026-08-18T16:46:35Z
0208061-4,KTAS,2025,lopullinen,https://prodkuntarest.westeurope.cloudapp.azure.com/rest/v1/json/dokumentti/lopullinen/KTAS/0208061-4/2025,ok,c9fe68d1fcd80d15ebf1fdb38663600568e8222956bd95424e5456bd92bbdf19,158,32,7,20,,2026-08-18T16:46:35Z
0208201-1,KTAS,2025,lopullinen,https://prodkuntarest.westeurope.cloudapp.azure.com/rest/v1/json/dokumentti/lopullinen/KTAS/0208201-1/2025,ok,6c7b3848e4082c7fce65e1daf96fd5a93612119751811d50a45cede6f30eff5b,158,32,7,20,,2026-08-18T16:46:35Z
0208388-2,KTAS,2025,lopullinen,https://prodkuntarest.westeurope.cloudapp.azure.com/rest/v1/json/dokumentti/lopullinen/KTAS/0208388-2/2025,ok,70c32b3faa36116ece6dc4153972a0a96dca5d75f7ead897771f4fa7a03755d8,160,32,1,20,,2026-08-18T16:46:35Z
0208471-1,KTAS,2025,lopullinen,https://prodkuntarest.westeurope.cloudapp.azure.com/rest/v1/json/dokumentti/lopullinen/KTAS/0208471-1/2025,ok,204bc2fac0e60a3b10bd60ed68293a49930d7f72e44482121faa8d0af57802de,158,32,3,20,,2026-08-18T16:46:35Z
0208573-0,KTAS,2025,lopullinen,https://prodkuntarest.westeurope.cloudapp.azure.com/rest/v1/json/dokumentti/lopullinen/KTAS/0208573-0/2025,ok,dcce84b4a4e9624b45ac6f7bb71d8c948bb1d04f22850634e1c77731585363b7,158,32,7,20,,2026-08-18T16:46:35Z
0208589-6,KTAS,2025,lopullinen,https://prodkuntarest.westeurope.cloudapp.azure.com/rest/v1/json/dokumentti/lopullinen/KTAS/0208589-6/2025,ok,ebded319d22c750cf81790ea6f55534c02753c63f73ec5b009d586fa7dcea72e,158,32,3,20,,2026-08-18T16:46:35Z
0208787-5,KTAS,2025,lopullinen,https://prodkuntarest.westeurope.cloudapp.azure.com/rest/v1/json/dokumentti/lopullinen/KTAS/0208787-5/2025,ok,11745adf88ea69ffde54bb207494cdee2c763f565264d064a00dcb38bc7c122f,158,32,4,20,,2026-08-18T16:46:35Z
0208852-8,KTAS,2025,lopullinen,https://prodkuntarest.westeurope.cloudapp.azure.com/rest/v1/json/dokumentti/lopullinen/KTAS/0208852-8/2025,ok,da9c3e88d3e23292ea00f96eeebb3cb5ff6fd71e3b811cc89cce05498f9d837f,158,32,7,20,,2026-08-18T16:46:35Z
0208916-8,KTAS,2025,lopullinen,https://prodkuntarest.westeurope.cloudapp.azure.com/rest/v1/json/dokumentti/lopullinen/KTAS/0208916-8/2025,ok,8f8b67058c56e1622ef2697a8dc38f7184105f3ea31c5db28ea6ac5665e49e9d,158,32,3,20,,2026-08-18T16:46:35Z
0209021-4,KTAS,2025,lopullinen,https://prodkuntarest.westeurope.cloudapp.azure.com/rest/v1/json/dokumentti/lopullinen/KTAS/0209021-4/2025,ok,4ec844f61ce5b1e88b36a44f748a3c23a5512fed9d378b572ec7a5662738df6f,160,32,1,20,,2026-08-18T16:46:35Z
0209046-8,KTAS,2025,lopullinen,https://prodkuntarest.westeurope.cloudapp.azure.com/rest/v1/json/dokumentti/lopullinen/KTAS/0209046-8/2025,ok,94affeed1a3a79c67f69888012736d408ef55e396fc38c19cd1a1949548e0b17,158,32,7,20,,2026-08-18T16:46:35Z
0209113-7,KTAS,2025,lopullinen,https://prodkuntarest.westeurope.cloudapp.azure.com/rest/v1/json/dokumentti/lopullinen/KTAS/0209113-7/2025,ok,58e7da43e84120d76cf61b37fcc6bc1c59fd50b1c93020b831c7b6b031a7bc51,158,32,1,20,,2026-08-18T16:46:35Z
0209242-0,KTAS,2025,lopullinen,https://prodkuntarest.westeurope.cloudapp.azure.com/rest/v1/json/dokumentti/lopullinen/KTAS/0209242-0/2025,ok,c9fe4f0bf3d07b01e7eda936f25a725cc0e42bed35d83a5a5fd4d1631b2fb161,158,32,3,20,,2026-08-18T16:46:35Z
0209602-6,KTAS,2025,lopullinen,https://prodkuntarest.westeurope.cloudapp.azure.com/rest/v1/json/dokumentti/lopullinen/KTAS/0209602-6/2025,ok,34eba6b9ebdc0b65a3bc79b35188fc5aa1fb082508d55e20e346dad27610caa6,158,32,4,20,,2026-08-18T16:46:35Z
0209756-3,KTAS,2025,lopullinen,https://prodkuntarest.westeurope.cloudapp.azure.com/rest/v1/json/dokumentti/lopullinen/KTAS/0209756-3/2025,ok,ffc68aedd77cc40a51b530ab4fa2132ba8459b9a3d952baf34e6de41fe5800bb,160,32,12,20,,2026-08-18T16:46:35Z
0210007-2,KTAS,2025,lopullinen,https://prodkuntarest.westeurope.cloudapp.azure.com/rest/v1/json/dokumentti/lopullinen/KTAS/0210007-2/2025,ok,e0f4a40313634fbca707014becaaa3924306e2a1f18153507fe06ea3cb720cbb,158,32,0,0,,2026-08-18T16:46:35Z
0210010-1,KTAS,2025,lopullinen,https://prodkuntarest.westeurope.cloudapp.azure.com/rest/v1/json/dokumentti/lopullinen/KTAS/0210010-1/2025,ok,55791d76a020a119a88cc2298fc0319e8ca2325d85e304ac4e40f4d52dd66a8f,158,32,5,20,,2026-08-18T16:46:35Z
0210261-7,KTAS,2025,lopullinen,https://prodkuntarest.westeurope.cloudapp.azure.com/rest/v1/json/dokumentti/lopullinen/KTAS/0210261-7/2025,ok,5db49d632404f6ee6ba45e22c94cdbf48599c153d85460da3b1c6f5354e476de,160,32,9,20,,2026-08-18T16:46:35Z
0210287-9,KTAS,2025,lopullinen,https://prodkuntarest.westeurope.cloudapp.azure.com/rest/v1/json/dokumentti/lopullinen/KTAS/0210287-9/2025,ok,6d0c3ef40c8aac9870f2f67bd12bd01ceaeefb3d086bd6adf490fd05bf13be61,158,32,4,20,,2026-08-18T16:46:35Z
0210427-6,KTAS,2025,lopullinen,https://prodkuntarest.westeurope.cloudapp.azure.com/rest/v1/json/dokumentti/lopullinen/KTAS/0210427-6/2025,ok,768f1d66afa88bb5c28427e7f227dd05d163a05234661abd8955c95d4631dff5,158,32,8,20,,2026-08-18T16:46:35Z
0210469-8,KTAS,2025,lopullinen,https://prodkuntarest.westeurope.cloudapp.azure.com/rest/v1/json/dokumentti/lopullinen/KTAS/0210469-8/2025,ok,1cd4fc44f0e3b22b14a0604c14eb8403b4e30b3e5a95394ca16e9fc48c7d12bb,158,32,6,20,,2026-08-18T16:46:35Z
0210704-7,KTAS,2025,jalkikorjattu,https://prodkuntarest.westeurope.cloudapp.azure.com/rest/v1/json/dokumentti/jalkikorjattu/KTAS/0210704-7/2025,ok,af7fb97ef805ae32fa6fa4be13dfe7b1d04bb3065b03989da5520124f82d6dea,158,32,1,20,,2026-08-18T16:46:35Z
0210826-9,KTAS,2025,lopullinen,https://prodkuntarest.westeurope.cloudapp.azure.com/rest/v1/json/dokumentti/lopullinen/KTAS/0210826-9/2025,ok,62e31cac94c41023c2bd14a5191620664dde4475ddf451ac257182b8e9b1b68a,158,32,5,20,,2026-08-18T16:46:35Z
0211675-2,KTAS,2025,lopullinen,https://prodkuntarest.westeurope.cloudapp.azure.com/rest/v1/json/dokumentti/lopullinen/KTAS/0211675-2/2025,ok,9690be3ce3c9412697a853856fa98dbb24ac2d8e669be33da00f0fa64fa4fe45,158,32,4,20,,2026-08-18T16:46:35Z
0212371-7,KTAS,2025,lopullinen,https://prodkuntarest.westeurope.cloudapp.azure.com/rest/v1/json/dokumentti/lopullinen/KTAS/0212371-7/2025,ok,0268d37e4cf167017cbc9f5db30cbe11a03c74500913f759a16864aab394a8b7,158,32,6,20,,2026-08-18T16:46:35Z
0213007-9,KTAS,2025,lopullinen,https://prodkuntarest.westeurope.cloudapp.azure.com/rest/v1/json/dokumentti/lopullinen/KTAS/0213007-9/2025,ok,b70442307c9aca0df34daa7fbdf3e2ae115e29d42eeb8492a0ac197ba311f369,158,32,5,20,,2026-08-18T16:46:35Z
0213834-5,KTAS,2025,lopullinen,https://prodkuntarest.westeurope.cloudapp.azure.com/rest/v1/json/dokumentti/lopullinen/KTAS/0213834-5/2025,ok,ed36d435de3f1e7513e7b70f79da6ec833aca7449454b78ea450b162a5d120a9,158,32,3,20,,2026-08-18T16:46:35Z
0214765-5,KTAS,2025,lopullinen,https://prodkuntarest.westeurope.cloudapp.azure.com/rest/v1/json/dokumentti/lopullinen/KTAS/0214765-5/2025,ok,ff7f25288108502ea58633e382952d3dc657bb210644ca49ab1df8a5a752aa2f,160,32,4,20,,2026-08-18T16:46:35Z
0214958-9,KTAS,2025,lopullinen,https://prodkuntarest.westeurope.cloudapp.azure.com/rest/v1/json/dokumentti/lopullinen/KTAS/0214958-9/2025,ok,0dff95b78a72a47bdab964e584b36c9a2c7269ee6f3bcc6dd60e8dfcbd92e06e,158,32,9,20,,2026-08-18T16:46:35Z
0215610-5,KTAS,2025,lopullinen,https://prodkuntarest.westeurope.cloudapp.azure.com/rest/v1/json/dokumentti/lopullinen/KTAS/0215610-5/2025,ok,c98b7c660980021fbf04f22216407e73cad7ab68269bd5234934248c7c59f2cb,156,32,0,0,,2026-08-18T16:46:35Z
0215839-7,KTAS,2025,lopullinen,https://prodkuntarest.westeurope.cloudapp.azure.com/rest/v1/json/dokumentti/lopullinen/KTAS/0215839-7/2025,ok,462058ab8dc72b1f1b6367bb210dc26508130e774a40e4822a7e31c961735b17,158,32,0,0,,2026-08-18T16:46:35Z
0216509-5,KTAS,2025,lopullinen,https://prodkuntarest.westeurope.cloudapp.azure.com/rest/v1/json/dokumentti/lopullinen/KTAS/0216509-5/2025,ok,299a9b953639e0ff6b4af86628d00362ffa8ca3d7980b8fca8394c6e47f34751,158,32,1,20,,2026-08-18T16:46:35Z
0217865-4,KTAS,2025,lopullinen,https://prodkuntarest.westeurope.cloudapp.azure.com/rest/v1/json/dokumentti/lopullinen/KTAS/0217865-4/2025,ok,e9a2b1104c934743b345f6d9522ad36da0dd614611053768a982cc441c54952c,158,32,0,0,,2026-08-18T16:46:35Z
0242496-6,KTAS,2025,lopullinen,https://prodkuntarest.westeurope.cloudapp.azure.com/rest/v1/json/dokumentti/lopullinen/KTAS/0242496-6/2025,ok,3167c76c8bc4893ba79a5a3355dad9fccf335b80b4dacd4652719943ce5dbabc,158,32,5,20,,2026-08-18T16:46:35Z
0242746-2,KTAS,2025,lopullinen,https://prodkuntarest.westeurope.cloudapp.azure.com/rest/v1/json/dokumentti/lopullinen/KTAS/0242746-2/2025,ok,3d67d594f97ec7fb20e3d64bdf918faa7f6b077f5d38586bf61a7f98c19c4a49,160,32,8,20,,2026-08-18T16:46:35Z
0242816-6,KTAS,2025,lopullinen,https://prodkuntarest.westeurope.cloudapp.azure.com/rest/v1/json/dokumentti/lopullinen/KTAS/0242816-6/2025,ok,5b41bc98398b4072196290826375e49c726d73a917b3cfe7ba49ba77991d7919,158,32,3,20,,2026-08-18T16:46:35Z
0243027-4,KTAS,2025,lopullinen,https://prodkuntarest.westeurope.cloudapp.azure.com/rest/v1/json/dokumentti/lopullinen/KTAS/0243027-4/2025,ok,531d615ca0bb6ecf0a56bdd02ba3c149f3186636906bdb1a690c12aa35b6af08,158,32,10,20,,2026-08-18T16:46:35Z
0502454-6,KTAS,2025,lopullinen,https://prodkuntarest.westeurope.cloudapp.azure.com/rest/v1/json/dokumentti/lopullinen/KTAS/0502454-6/2025,ok,33dd6b6515f7e2262ad0ee5453481459b9166caa87a1fdc93eeea7aa655c7225,158,32,7,20,,2026-08-18T16:46:35Z
0626288-8,KTAS,2025,lopullinen,https://prodkuntarest.westeurope.cloudapp.azure.com/rest/v1/json/dokumentti/lopullinen/KTAS/0626288-8/2025,ok,510432dcd7964235e5068f36ba0c463f8281568092aaf3dea3cc68adfa62e522,158,32,4,20,,2026-08-18T16:46:35Z
0783597-5,KTAS,2025,lopullinen,https://prodkuntarest.westeurope.cloudapp.azure.com/rest/v1/json/dokumentti/lopullinen/KTAS/0783597-5/2025,ok,f5445e4c1589b0b5bbbf96245f179e8a6705b4db9e1786009afbd05b63bc2049,158,32,0,0,,2026-08-18T16:46:35Z
0796234-1,KTAS,2025,lopullinen,https://prodkuntarest.westeurope.cloudapp.azure.com/rest/v1/json/dokumentti/lopullinen/KTAS/0796234-1/2025,ok,5270db8bfbb90768cba48ecb6a4119a27c4a889941af536316c24f21179b8f53,158,32,4,20,,2026-08-18T16:46:35Z
0823246-3,KTAS,2025,lopullinen,https://prodkuntarest.westeurope.cloudapp.azure.com/rest/v1/json/dokumentti/lopullinen/KTAS/0823246-3/2025,ok,f29ff9442d9b962f365ed82c10a921f3b1c2654400a697e06c97cd9a804e24a8,160,32,2,20,,2026-08-18T16:46:35Z
0826048-0,KTAS,2025,lopullinen,https://prodkuntarest.westeurope.cloudapp.azure.com/rest/v1/json/dokumentti/lopullinen/KTAS/0826048-0/2025,ok,a5d2b13f3a9abc056263db60fbcbfae951ff00c775e7459bf5f6c4bb2ffd0a2e,158,32,1,20,,2026-08-18T16:46:35Z
0827616-7,KTAS,2025,lopullinen,https://prodkuntarest.westeurope.cloudapp.azure.com/rest/v1/json/dokumentti/lopullinen/KTAS/0827616-7/2025,ok,f154d2592d163749d96ef5df7e930a9962cb3aed7c290bc211481a0a69be7788,158,32,0,0,,2026-08-18T16:46:35Z
0828308-4,KTAS,2025,lopullinen,https://prodkuntarest.westeurope.cloudapp.azure.com/rest/v1/json/dokumentti/lopullinen/KTAS/0828308-4/2025,ok,aa2cdb056d2ff48526832fb22e15a67816e692edbffa1b7693994788a9145f90,158,32,0,0,,2026-08-18T16:46:35Z
0830155-3,KTAS,2025,lopullinen,https://prodkuntarest.westeurope.cloudapp.azure.com/rest/v1/json/dokumentti/lopullinen/KTAS/0830155-3/2025,ok,c08d6da79143467b7e288fd527b78d88bd43a6a82a73d82899e79b3e12e6ffd4,158,32,0,0,,2026-08-18T16:46:35Z
0830322-5,KTAS,2025,lopullinen,https://prodkuntarest.westeurope.cloudapp.azure.com/rest/v1/json/dokumentti/lopullinen/KTAS/0830322-5/2025,ok,b4c0686c34253df469081a2fc8a922b4727f70bec982dbe43dbae25a3c854dd3,156,32,0,0,,2026-08-18T16:46:35Z
0869462-5,KTAS,2025,lopullinen,https://prodkuntarest.westeurope.cloudapp.azure.com/rest/v1/json/dokumentti/lopullinen/KTAS/0869462-5/2025,ok,61fd16fe1712c5719118aed630317046d9eac6d07378ae5eb7e636220bb501b3,158,32,0,0,,2026-08-18T16:46:35Z
0922305-9,KTAS,2025,lopullinen,https://prodkuntarest.westeurope.cloudapp.azure.com/rest/v1/json/dokumentti/lopullinen/KTAS/0922305-9/2025,ok,84b743d91d4f2e51283e38d5783d16b04ce76301a3a1f086fa1e3b6a82a0f4e9,158,32,1,20,,2026-08-18T16:46:35Z
0922484-4,KTAS,2025,lopullinen,https://prodkuntarest.westeurope.cloudapp.azure.com/rest/v1/json/dokumentti/lopullinen/KTAS/0922484-4/2025,ok,ed502d3ab8ffb0a77c2739b2519426fec54d58e7183ab22b769e7dad6fae41b9,158,32,0,0,,2026-08-18T16:46:35Z
0927140-5,KTAS,2025,lopullinen,https://prodkuntarest.westeurope.cloudapp.azure.com/rest/v1/json/dokumentti/lopullinen/KTAS/0927140-5/2025,ok,c3987836fa1ecb89879989566e5343b82696fe456f83d68eacbb30c719add5fa,158,32,0,0,,2026-08-18T16:46:35Z
0937073-7,KTAS,2025,lopullinen,https://prodkuntarest.westeurope.cloudapp.azure.com/rest/v1/json/dokumentti/lopullinen/KTAS/0937073-7/2025,ok,62dc5937c883b11ac00e1ce00918de9282a3e94533b71f1bb88b8f6451b4be4b,158,32,0,0,,2026-08-18T16:46:35Z
0955281-3,KTAS,2025,lopullinen,https://prodkuntarest.westeurope.cloudapp.azure.com/rest/v1/json/dokumentti/lopullinen/KTAS/0955281-3/2025,ok,66db4b64c81c5a03a8462d385ba485095d8867f0058464c1fa77d28d1f04b38b,160,32,0,0,,2026-08-18T16:46:35Z
0959806-1,KTAS,2025,lopullinen,https://prodkuntarest.westeurope.cloudapp.azure.com/rest/v1/json/dokumentti/lopullinen/KTAS/0959806-1/2025,ok,86151eba59aa4a14cced87cfbacb213f3b5d828f33aaaa8b246453e9db2b5a94,158,32,0,0,,2026-08-18T16:46:35Z
0970063-6,KTAS,2025,lopullinen,https://prodkuntarest.westeurope.cloudapp.azure.com/rest/v1/json/dokumentti/lopullinen/KTAS/0970063-6/2025,ok,baddd0c5d088708dce42d9f3ff70c98998df24df7d35c2134b804aa66c5a9944,158,32,0,0,,2026-08-18T16:46:35Z
0973110-9,KTAS,2025,lopullinen,https://prodkuntarest.westeurope.cloudapp.azure.com/rest/v1/json/dokumentti/lopullinen/KTAS/0973110-9/2025,ok,3ac6620a16a7417f5ce488f9dcb18d21a3fe9fe16bc4d4969ff8f736d35836e3,158,32,4,20,,2026-08-18T16:46:35Z
0973712-1,KTAS,2025,lopullinen,https://prodkuntarest.westeurope.cloudapp.azure.com/rest/v1/json/dokumentti/lopullinen/KTAS/0973712-1/2025,ok,dfac9a83b1b081e68af396c9c08b00aa849933e4474524687a8f59d86bd6be6d,158,32,1,20,,2026-08-18T16:46:35Z
0988182-8,KTAS,2025,lopullinen,https://prodkuntarest.westeurope.cloudapp.azure.com/rest/v1/json/dokumentti/lopullinen/KTAS/0988182-8/2025,ok,640d172a2f68dcc4c099b01f6b73fbe58462e2b08bbfb98850685ba6f491f75a,158,32,2,20,,2026-08-18T16:46:35Z
0992445-3,KTAS,2025,lopullinen,https://prodkuntarest.westeurope.cloudapp.azure.com/rest/v1/json/dokumentti/lopullinen/KTAS/0992445-3/2025,ok,2279699d87d5b6c00d0fbd5883846750bb8a127c7655fb09b76024be753890ad,158,32,9,20,,2026-08-18T16:46:35Z
0993644-6,KTAS,2025,lopullinen,https://prodkuntarest.westeurope.cloudapp.azure.com/rest/v1/json/dokumentti/lopullinen/KTAS/0993644-6/2025,ok,bc1d168c03752025e6323d988c1dec2ae087d6cc13dbc04106eab164147605ed,160,32,0,0,,2026-08-18T16:46:35Z
1007629-5,KTAS,2025,lopullinen,https://prodkuntarest.westeurope.cloudapp.azure.com/rest/v1/json/dokumentti/lopullinen/KTAS/1007629-5/2025,ok,6f589f013b29461b6a4b6e728b24f157bfdc28db1ed63d1a872186e89a043fe4,158,32,1,20,,2026-08-18T16:46:35Z
1013321-0,KTAS,2025,lopullinen,https://prodkuntarest.westeurope.cloudapp.azure.com/rest/v1/json/dokumentti/lopullinen/KTAS/1013321-0/2025,ok,38f858796b7b38ab6ff8574570b5ad26558c24b7bc221607f1ba98c9b868d903,158,32,0,0,,2026-08-18T16:46:35Z
1025565-6,KTAS,2025,lopullinen,https://prodkuntarest.westeurope.cloudapp.azure.com/rest/v1/json/dokumentti/lopullinen/KTAS/1025565-6/2025,ok,d0a014d8185829fb08f01e68d3b3b438a717628f7fe6bb1234e581557bbf3219,158,32,3,20,,2026-08-18T16:46:35Z
1027740-9,KTAS,2025,lopullinen,https://prodkuntarest.westeurope.cloudapp.azure.com/rest/v1/json/dokumentti/lopullinen/KTAS/1027740-9/2025,ok,98b4fcd97eb892b9c7ebd6deeca6aca7c778aa07dd0397b701ff4fd49cb9a2c5,158,32,6,20,,2026-08-18T16:46:35Z
1044651-6,KTAS,2025,lopullinen,https://prodkuntarest.westeurope.cloudapp.azure.com/rest/v1/json/dokumentti/lopullinen/KTAS/1044651-6/2025,ok,bf1b4658aaa1d06b0adedc4973ad7a88b108a983775076f8014fe43813144fbf,158,32,0,0,,2026-08-18T16:46:35Z
1059660-2,KTAS,2025,jalkikorjattu,https://prodkuntarest.westeurope.cloudapp.azure.com/rest/v1/json/dokumentti/jalkikorjattu/KTAS/1059660-2/2025,ok,d8cab306fdfa0a1d94a94d1aa87f198eb4d24fa0752d9b30e07799e1a8de5efd,158,32,0,0,,2026-08-18T16:46:35Z
1061512-1,KTAS,2025,lopullinen,https://prodkuntarest.westeurope.cloudapp.azure.com/rest/v1/json/dokumentti/lopullinen/KTAS/1061512-1/2025,ok,1086db5e5b7bf9d385da34da537bfc7eb145f1b16bbcdebb98bb20bd18d96d5f,160,32,3,20,,2026-08-18T16:46:35Z
1068322-0,KTAS,2025,lopullinen,https://prodkuntarest.westeurope.cloudapp.azure.com/rest/v1/json/dokumentti/lopullinen/KTAS/1068322-0/2025,ok,984c430d5660d8a1c72bb88b570eb3b039c3ef9e23fb9a999aab544d491cea7f,160,32,4,20,,2026-08-18T16:46:35Z
1068892-9,KTAS,2025,lopullinen,https://prodkuntarest.westeurope.cloudapp.azure.com/rest/v1/json/dokumentti/lopullinen/KTAS/1068892-9/2025,ok,47ab127f116dbd3434b26f1924d195126acaac013efc5e637a05ef2b7b039425,160,32,6,20,,2026-08-18T16:46:35Z
1510651-0,KTAS,2025,lopullinen,https://prodkuntarest.westeurope.cloudapp.azure.com/rest/v1/json/dokumentti/lopullinen/KTAS/1510651-0/2025,ok,c418966ce7f94549608b5d1261ffaa76a75e7ee02b7aece9470c73d76dc7958c,158,32,0,0,,2026-08-18T16:46:35Z
1744356-1,KTAS,2025,lopullinen,https://prodkuntarest.westeurope.cloudapp.azure.com/rest/v1/json/dokumentti/lopullinen/KTAS/1744356-1/2025,ok,22b93893f8e1f6aaf021a8c041703cc1670368d35fff875c40767c09a4601524,158,32,0,0,,2026-08-18T16:46:35Z
1791817-6,KTAS,2025,jalkikorjattu,https://prodkuntarest.westeurope.cloudapp.azure.com/rest/v1/json/dokumentti/jalkikorjattu/KTAS/1791817-6/2025,ok,849063748791e035c924c500be32837af47d8d028917c0708da6164b7a6207ef,158,32,10,20,,2026-08-18T16:46:35Z
1807931-9,KTAS,2025,lopullinen,https://prodkuntarest.westeurope.cloudapp.azure.com/rest/v1/json/dokumentti/lopullinen/KTAS/1807931-9/2025,ok,0fa63241d0219b66d9afd97ea8dbbc161390e6aed34f5bdbadf2b5c066f86ebe,158,32,4,20,,2026-08-18T16:46:35Z
1828127-7,KTAS,2025,lopullinen,https://prodkuntarest.westeurope.cloudapp.azure.com/rest/v1/json/dokumentti/lopullinen/KTAS/1828127-7/2025,ok,e90f4f2004cefcc203160035be5d872ccae82f9780bc9c8d130ace17800156ef,158,32,0,0,,2026-08-18T16:46:35Z
1852679-9,KTAS,2025,lopullinen,https://prodkuntarest.westeurope.cloudapp.azure.com/rest/v1/json/dokumentti/lopullinen/KTAS/1852679-9/2025,ok,622046a6b9e1edfa8fdbd78d6c95f44a3c11bcc0ba3a7942c71c01ad093f135e,160,32,5,20,,2026-08-18T16:46:35Z
1913642-6,KTAS,2025,lopullinen,https://prodkuntarest.westeurope.cloudapp.azure.com/rest/v1/json/dokumentti/lopullinen/KTAS/1913642-6/2025,ok,0a76ed10249c3ff4919ea3a74a406b1afa85bd55571ba89bc4d14aa7bab1c048,158,32,6,20,,2026-08-18T16:46:35Z
1919717-3,KTAS,2025,lopullinen,https://prodkuntarest.westeurope.cloudapp.azure.com/rest/v1/json/dokumentti/lopullinen/KTAS/1919717-3/2025,ok,eaf59f30c713db2b9a659b116faa18c640cb67f63173d3e24e4d9208349b433e,160,32,5,20,,2026-08-18T16:46:35Z
1923299-5,KTAS,2025,lopullinen,https://prodkuntarest.westeurope.cloudapp.azure.com/rest/v1/json/dokumentti/lopullinen/KTAS/1923299-5/2025,ok,53dbdd01b25c265348347aa021fc20c1822638462233273aa41df30497deafb8,158,32,8,20,,2026-08-18T16:46:35Z
1927453-8,KTAS,2025,lopullinen,https://prodkuntarest.westeurope.cloudapp.azure.com/rest/v1/json/dokumentti/lopullinen/KTAS/1927453-8/2025,ok,ab67a60f3bfcdaf4a78f7900d328ad6a439f3294c9cae76c934cb60c9eb7df7c,158,32,4,20,,2026-08-18T16:46:35Z
1928736-3,KTAS,2025,lopullinen,https://prodkuntarest.westeurope.cloudapp.azure.com/rest/v1/json/dokumentti/lopullinen/KTAS/1928736-3/2025,ok,87204a7ca88177dc0ec4f78517707bd1660ef04fb4eec0effc11afb496ce61f3,160,32,3,20,,2026-08-18T16:46:35Z
1929519-5,KTAS,2025,lopullinen,https://prodkuntarest.westeurope.cloudapp.azure.com/rest/v1/json/dokumentti/lopullinen/KTAS/1929519-5/2025,ok,452720090d110dd878f6de567643129088bd2a4f7b2e1b83255e2412936fefa3,158,32,4,20,,2026-08-18T16:46:35Z
1958694-5,KTAS,2025,lopullinen,https://prodkuntarest.westeurope.cloudapp.azure.com/rest/v1/json/dokumentti/lopullinen/KTAS/1958694-5/2025,ok,7edbb8734be899a359b50eaf509a4cb9815144c11e3bb6520af700a66466172e,158,32,3,20,,2026-08-18T16:46:35Z
1978283-1,KTAS,2025,lopullinen,https://prodkuntarest.westeurope.cloudapp.azure.com/rest/v1/json/dokumentti/lopullinen/KTAS/1978283-1/2025,ok,9a5d58a25ebfb7ec7463cd18b81baef19a3dc83fa5d6d737c46a30daf9d24501,158,32,8,20,,2026-08-18T16:46:35Z
2008197-9,KTAS,2025,lopullinen,https://prodkuntarest.westeurope.cloudapp.azure.com/rest/v1/json/dokumentti/lopullinen/KTAS/2008197-9/2025,ok,7b50316d6cb8019bb0c7df41bc5484f60093ee7eeccbb89b8819b497578acb15,158,32,0,0,,2026-08-18T16:46:35Z
2014682-4,KTAS,2025,lopullinen,https://prodkuntarest.westeurope.cloudapp.azure.com/rest/v1/json/dokumentti/lopullinen/KTAS/2014682-4/2025,ok,c7f8ae760243e60616c0fe3cbfa35b4985174e2a58bc49c6ad858a8472cb5410,158,32,0,0,,2026-08-18T16:46:35Z
2045520-5,KTAS,2025,lopullinen,https://prodkuntarest.westeurope.cloudapp.azure.com/rest/v1/json/dokumentti/lopullinen/KTAS/2045520-5/2025,ok,f29c576c165f20d5f0195687a69ff926e806c13f4c9fb0c0019794820cc42187,158,32,5,20,,2026-08-18T16:46:35Z
2047359-3,KTAS,2025,lopullinen,https://prodkuntarest.westeurope.cloudapp.azure.com/rest/v1/json/dokumentti/lopullinen/KTAS/2047359-3/2025,ok,6a6d135df9b2cb6fbe97244ef6f306e752ad6f18bfe481c34b8341a1920a60aa,158,32,9,20,,2026-08-18T16:46:35Z
2048364-4,KTAS,2025,lopullinen,https://prodkuntarest.westeurope.cloudapp.azure.com/rest/v1/json/dokumentti/lopullinen/KTAS/2048364-4/2025,ok,99f30b30fda88b519746b380265b4169f691c3fe970ccd93b5d3a1503ef75626,160,32,7,20,,2026-08-18T16:46:35Z
2048903-4,KTAS,2025,lopullinen,https://prodkuntarest.westeurope.cloudapp.azure.com/rest/v1/json/dokumentti/lopullinen/KTAS/2048903-4/2025,ok,cf28c289980f5eda56d2763a83fc50f85ccced0577b055b27f5d91dc665602cc,158,32,6,20,,2026-08-18T16:46:35Z
2050514-5,KTAS,2025,lopullinen,https://prodkuntarest.westeurope.cloudapp.azure.com/rest/v1/json/dokumentti/lopullinen/KTAS/2050514-5/2025,ok,ab356be828c4e6f04e34c6de964d5d159315383fda6fa9ecbc22fe70bbcfaf09,158,32,12,20,,2026-08-18T16:46:35Z
2050864-5,KTAS,2025,lopullinen,https://prodkuntarest.westeurope.cloudapp.azure.com/rest/v1/json/dokumentti/lopullinen/KTAS/2050864-5/2025,ok,83bcb2268062177dcf9dc80aaab27ae0de7255395a742844f1c37d1fa8467bac,158,32,12,20,,2026-08-18T16:46:35Z
2050961-3,KTAS,2025,lopullinen,https://prodkuntarest.westeurope.cloudapp.azure.com/rest/v1/json/dokumentti/lopullinen/KTAS/2050961-3/2025,ok,cb21b361c622c655a7ab964a33261f76666bd1652e703e71143a47209a2d3e97,158,32,9,20,,2026-08-18T16:46:35Z
2054621-1,KTAS,2025,lopullinen,https://prodkuntarest.westeurope.cloudapp.azure.com/rest/v1/json/dokumentti/lopullinen/KTAS/2054621-1/2025,ok,02a7d1c01f36e339a9e20a15f65965e92ee63205ba60e73117773953821a36ce,158,32,8,20,,2026-08-18T16:46:35Z
2109309-0,KTAS,2025,lopullinen,https://prodkuntarest.westeurope.cloudapp.azure.com/rest/v1/json/dokumentti/lopullinen/KTAS/2109309-0/2025,ok,6380321b1103d42541ed2972ba1537b8779bccc1ce66e637be5d9479b3101b1b,158,32,6,20,,2026-08-18T16:46:35Z
2274241-9,KTAS,2025,lopullinen,https://prodkuntarest.westeurope.cloudapp.azure.com/rest/v1/json/dokumentti/lopullinen/KTAS/2274241-9/2025,ok,06a45c71e440b4a120696ca17298f63ea6b6a3248b4f68417f5de09255103d3a,158,32,5,20,,2026-08-18T16:46:35Z
2274586-3,KTAS,2025,lopullinen,https://prodkuntarest.westeurope.cloudapp.azure.com/rest/v1/json/dokumentti/lopullinen/KTAS/2274586-3/2025,ok,fdd78cd1c65ec5f3266cb4997e63fef98f1ad813ae53ff68ec3c47122b5b74b4,158,32,3,20,,2026-08-18T16:46:35Z
2367681-2,KTAS,2025,lopullinen,https://prodkuntarest.westeurope.cloudapp.azure.com/rest/v1/json/dokumentti/lopullinen/KTAS/2367681-2/2025,ok,377119e2c9281e73d3be7e00a331fb6f483b67a9f02c36313b6b624899109eb0,158,32,3,20,,2026-08-18T16:46:35Z
2496992-4,KTAS,2025,lopullinen,https://prodkuntarest.westeurope.cloudapp.azure.com/rest/v1/json/dokumentti/lopullinen/KTAS/2496992-4/2025,ok,1fcf58f7b5188893f75d1ddb459bf32e391c25c72014e2afdc6947b34c68bacc,158,32,0,0,,2026-08-18T16:46:35Z
3298657-2,KTAS,2025,lopullinen,https://prodkuntarest.westeurope.cloudapp.azure.com/rest/v1/json/dokumentti/lopullinen/KTAS/3298657-2/2025,ok,1680da34984f865ff230ea2b18fb918323e1d3c69c8fe2cc37ec3680e2882cfb,158,32,0,0,,2026-08-18T16:46:35Z
3312874-8,KTAS,2025,lopullinen,https://prodkuntarest.westeurope.cloudapp.azure.com/rest/v1/json/dokumentti/lopullinen/KTAS/3312874-8/2025,ok,27692defa1bf8a2a064fd3f8df2b369ae89fe34f94bb3255b2d840fa0ce2937a,158,32,0,0,,2026-08-18T16:46:35Z
3320660-3,KTAS,2025,lopullinen,https://prodkuntarest.westeurope.cloudapp.azure.com/rest/v1/json/dokumentti/lopullinen/KTAS/3320660-3/2025,ok,8975c4757d4779747b61e32ed4bd0d71f65c60b1ee876275742b6eb2a01c7b00,158,32,0,0,,2026-08-18T16:46:35Z
3432985-9,KTAS,2025,lopullinen,https://prodkuntarest.westeurope.cloudapp.azure.com/rest/v1/json/dokumentti/lopullinen/KTAS/3432985-9/2025,ok,451c882c09b37fd45962237e2288705990dd6cd988f02c61b8a49226760095c9,158,32,0,0,,2026-08-18T16:46:35Z
9000162-0,KTAS,2025,lopullinen,https://prodkuntarest.westeurope.cloudapp.azure.com/rest/v1/json/dokumentti/lopullinen/KTAS/9000162-0/2025,ok,50e05a4f22675e77bf58457e77f40fb6a030bb20e4c92289745504a8aa8a1569,158,32,6,20,,2026-08-18T16:46:35Z
9014643-2,KTAS,2025,lopullinen,https://prodkuntarest.westeurope.cloudapp.azure.com/rest/v1/json/dokumentti/lopullinen/KTAS/9014643-2/2025,ok,db0d6d1c0322ad9fd3d3af2a672c39d1deca627169a121c97cc6ab5635824158,158,32,16,20,,2026-08-18T16:46:35Z
9038213-6,KTAS,2025,lopullinen,https://prodkuntarest.westeurope.cloudapp.azure.com/rest/v1/json/dokumentti/lopullinen/KTAS/9038213-6/2025,ok,052e3cf311b3dbcfe6255958c25619257b3356d328117bd1a7efcb87e503ecbd,160,32,10,20,,2026-08-18T16:46:35Z
9086071-6,KTAS,2025,lopullinen,https://prodkuntarest.westeurope.cloudapp.azure.com/rest/v1/json/dokumentti/lopullinen/KTAS/9086071-6/2025,ok,46f421473f3544fb76b006fcd6947c435b6199d6960894715c60710443ae5b74,160,32,3,20,,2026-08-18T16:46:35Z
9090160-2,KTAS,2025,lopullinen,https://prodkuntarest.westeurope.cloudapp.azure.com/rest/v1/json/dokumentti/lopullinen/KTAS/9090160-2/2025,ok,78ca55e95df19e237fbcc033b55aae12b0df40ca308b33dde11b2403571e4a00,160,32,5,20,,2026-08-18T16:46:35Z
9094917-1,KTAS,2025,lopullinen,https://prodkuntarest.westeurope.cloudapp.azure.com/rest/v1/json/dokumentti/lopullinen/KTAS/9094917-1/2025,ok,78bc1af8ecc2e94782e00832515e12c0f5c95382da3d0c6bcd86a6a792b67326,158,32,5,20,,2026-08-18T16:46:35Z
9129466-4,KTAS,2025,lopullinen,https://prodkuntarest.westeurope.cloudapp.azure.com/rest/v1/json/dokumentti/lopullinen/KTAS/9129466-4/2025,ok,cee4fb1ece325e868f9db222c198d636f2410b6545d59b657f778910ec4f73b6,158,32,0,0,,2026-08-18T16:46:35Z
0101263-6,KTAS,2026,lopullinen,https://prodkuntarest.westeurope.cloudapp.azure.com/rest/v1/json/dokumentti/lopullinen/KTAS/0101263-6/2026,ok,b26e9f27df6cba1e8122a86eb55d4940ecf298da7ad6316615d0bb6168180800,158,32,13,20,,2026-08-18T16:46:35Z
0103166-9,KTAS,2026,lopullinen,https://prodkuntarest.westeurope.cloudapp.azure.com/rest/v1/json/dokumentti/lopullinen/KTAS/0103166-9/2026,ok,5e8579b6455d8deff31df86ec445c884aa8f168364b582abe2af32d9184df254,158,32,4,20,,2026-08-18T16:46:35Z
0124610-9,KTAS,2026,lopullinen,https://prodkuntarest.westeurope.cloudapp.azure.com/rest/v1/json/dokumentti/lopullinen/KTAS/0124610-9/2026,ok,21a4469c9cd1599efc3947c24194857f20d4cf0970c2133a7445953d271fdd38,158,32,5,20,,2026-08-18T16:46:35Z
0125866-0,KTAS,2026,lopullinen,https://prodkuntarest.westeurope.cloudapp.azure.com/rest/v1/json/dokumentti/lopullinen/KTAS/0125866-0/2026,ok,f4b113a6854ac3aec8b1ad917ec241fa667b8fa55fc2f09db6213819f0f81389,158,32,4,20,,2026-08-18T16:46:35Z
0126293-4,KTAS,2026,lopullinen,https://prodkuntarest.westeurope.cloudapp.azure.com/rest/v1/json/dokumentti/lopullinen/KTAS/0126293-4/2026,ok,be139d0bc3971e3b17b292c4c3229f301340cba756489c2bc8c26bb0e81a7d0a,160,32,19,20,,2026-08-18T16:46:35Z
0126541-4,KTAS,2026,lopullinen,https://prodkuntarest.westeurope.cloudapp.azure.com/rest/v1/json/dokumentti/lopullinen/KTAS/0126541-4/2026,ok,0dc0ef59ad31cecf5f1fb13e0d38739b4128fc025f201bb91da369447c732a4c,158,32,8,20,,2026-08-18T16:46:35Z
0127046-7,KTAS,2026,jalkikorjattu,https://prodkuntarest.westeurope.cloudapp.azure.com/rest/v1/json/dokumentti/jalkikorjattu/KTAS/0127046-7/2026,ok,9dd1c6adfaed21b480bfc6805e5caf6651b8353304251a76532afd4b8147ac15,158,32,9,20,,2026-08-18T16:46:35Z
0127485-5,KTAS,2026,lopullinen,https://prodkuntarest.westeurope.cloudapp.azure.com/rest/v1/json/dokumentti/lopullinen/KTAS/0127485-5/2026,ok,aea5def5f97435800bd318f1d16fa86e5994920eb91ea6a9473578d880fab290,160,32,17,20,,2026-08-18T16:46:35Z
0129261-5,KTAS,2026,lopullinen,https://prodkuntarest.westeurope.cloudapp.azure.com/rest/v1/json/dokumentti/lopullinen/KTAS/0129261-5/2026,ok,310ee207b22a722830f6a085f317e6a4667cd95c8962e90638b9e8cbf1e2cdc0,160,32,10,20,,2026-08-18T16:46:35Z
0129920-0,KTAS,2026,lopullinen,https://prodkuntarest.westeurope.cloudapp.azure.com/rest/v1/json/dokumentti/lopullinen/KTAS/0129920-0/2026,ok,0aaf8ff56cb9ab82f82ae240157806c21f278e60f5324660cdc0da9b03073edf,160,32,11,20,,2026-08-18T16:46:35Z
0130095-3,KTAS,2026,lopullinen,https://prodkuntarest.westeurope.cloudapp.azure.com/rest/v1/json/dokumentti/lopullinen/KTAS/0130095-3/2026,ok,e75e950fe2c0ec3b9e7ac54fb0752263dfbd337905ba93e23e6a52b9b0831c38,158,32,6,20,,2026-08-18T16:46:35Z
0130729-0,KTAS,2026,jalkikorjattu,https://prodkuntarest.westeurope.cloudapp.azure.com/rest/v1/json/dokumentti/jalkikorjattu/KTAS/0130729-0/2026,ok,8f017cdfc8bc633761d90b369f12bee262b6452da32496e92d2d574c8b962a49,160,32,11,20,,2026-08-18T16:46:35Z
0131156-4,KTAS,2026,lopullinen,https://prodkuntarest.westeurope.cloudapp.azure.com/rest/v1/json/dokumentti/lopullinen/KTAS/0131156-4/2026,ok,84ba706d6d0765aa2104f11902503d90f92a1ad174ccb705e315885f37e18fb7,160,32,16,20,,2026-08-18T16:46:35Z
0131297-0,KTAS,2026,lopullinen,https://prodkuntarest.westeurope.cloudapp.azure.com/rest/v1/json/dokumentti/lopullinen/KTAS/0131297-0/2026,ok,aec163873fbc2723137f8d4bb95836fde6bfe4228b94923ed4fb7ebe20179cd6,160,32,7,20,,2026-08-18T16:46:35Z
0131661-3,KTAS,2026,lopullinen,https://prodkuntarest.westeurope.cloudapp.azure.com/rest/v1/json/dokumentti/lopullinen/KTAS/0131661-3/2026,ok,60ef3ee639f5df24151ea2d515b20b91eca4807c0efa59dae30477920ac6e612,158,32,16,20,,2026-08-18T16:46:35Z
0131665-6,KTAS,2026,lopullinen,https://prodkuntarest.westeurope.cloudapp.azure.com/rest/v1/json/dokumentti/lopullinen/KTAS/0131665-6/2026,ok,9a0687450eea2ce72da9f4bf3d3c1ede19da4d79b86d0755f4030280035f6604,158,32,1,20,,2026-08-18T16:46:35Z
0131905-6,KTAS,2026,lopullinen,https://prodkuntarest.westeurope.cloudapp.azure.com/rest/v1/json/dokumentti/lopullinen/KTAS/0131905-6/2026,ok,63d3e5085b7887355e18d8085de4a2c80139bbcfe1c561b149295c1506a64caf,160,32,6,20,,2026-08-18T16:46:35Z
0132103-3,KTAS,2026,lopullinen,https://prodkuntarest.westeurope.cloudapp.azure.com/rest/v1/json/dokumentti/lopullinen/KTAS/0132103-3/2026,ok,38f2f9cfd298572fef7c9ebeaa1e550b29196af82002898c5011876fcc508813,158,32,6,20,,2026-08-18T16:46:35Z
0132239-4,KTAS,2026,lopullinen,https://prodkuntarest.westeurope.cloudapp.azure.com/rest/v1/json/dokumentti/lopullinen/KTAS/0132239-4/2026,ok,1f8137d4419dc6a99307ef5f54ea7c0cf048416cc002d03239fbd03c19e27ecd,160,32,9,20,,2026-08-18T16:46:35Z
0132322-3,KTAS,2026,lopullinen,https://prodkuntarest.westeurope.cloudapp.azure.com/rest/v1/json/dokumentti/lopullinen/KTAS/0132322-3/2026,ok,ef235bdbebceaf4ecae920bdbce77af8174499585637dc88bab670b5e4b70424,160,32,0,0,,2026-08-18T16:46:35Z
0132585-1,KTAS,2026,lopullinen,https://prodkuntarest.westeurope.cloudapp.azure.com/rest/v1/json/dokumentti/lopullinen/KTAS/0132585-1/2026,ok,5b2b801bbb4bfb8281cab830ba8b8280dcc51cbc8ff811f4ad9a350464df7a86,160,32,10,20,,2026-08-18T16:46:35Z
0132947-3,KTAS,2026,lopullinen,https://prodkuntarest.westeurope.cloudapp.azure.com/rest/v1/json/dokumentti/lopullinen/KTAS/0132947-3/2026,ok,23e84cdc360b95bac86557b67f93675867c1115d75e7213f37607fdffc88326e,160,32,10,20,,2026-08-18T16:46:35Z
0133127-4,KTAS,2026,lopullinen,https://prodkuntarest.westeurope.cloudapp.azure.com/rest/v1/json/dokumentti/lopullinen/KTAS/0133127-4/2026,ok,391bf64050f07f7b436ffb6a83db89338ea8bc2ed7bb56fe628f8cccd5ac9afd,158,32,7,20,,2026-08-18T16:46:35Z
0133226-9,KTAS,2026,lopullinen,https://prodkuntarest.westeurope.cloudapp.azure.com/rest/v1/json/dokumentti/lopullinen/KTAS/0133226-9/2026,ok,73b147b917f2aad89e6473d314d67d86ceacb3c67c6359536cf638fb3cacaebc,158,32,8,20,,2026-08-18T16:46:35Z
0133596-1,KTAS,2026,lopullinen,https://prodkuntarest.westeurope.cloudapp.azure.com/rest/v1/json/dokumentti/lopullinen/KTAS/0133596-1/2026,ok,336006d3eac459d47d43243052c5f18dd4fc18e14b94c69138e1c12d113a795a,160,32,9,20,,2026-08-18T16:46:35Z
0133625-1,KTAS,2026,lopullinen,https://prodkuntarest.westeurope.cloudapp.azure.com/rest/v1/json/dokumentti/lopullinen/KTAS/0133625-1/2026,ok,653bc7d8ceb96f1861f62c9356fbda9bb9c44fe31b92924f5f5481a78e0c0c25,158,32,0,0,,2026-08-18T16:46:35Z
0133735-0,KTAS,2026,lopullinen,https://prodkuntarest.westeurope.cloudapp.azure.com/rest/v1/json/dokumentti/lopullinen/KTAS/0133735-0/2026,ok,7f3bec007fa281c5948db478107a404f07f67a15c99049e93f5cf00fdf19976b,158,32,4,20,,2026-08-18T16:46:35Z
0133833-7,KTAS,2026,lopullinen,https://prodkuntarest.westeurope.cloudapp.azure.com/rest/v1/json/dokumentti/lopullinen/KTAS/0133833-7/2026,ok,6493bd12de5f1855e4ff658195d5010d6b4ce06db0d64686cf03269520b3ae1e,158,32,5,20,,2026-08-18T16:46:35Z
0133862-8,KTAS,2026,lopullinen,https://prodkuntarest.westeurope.cloudapp.azure.com/rest/v1/json/dokumentti/lopullinen/KTAS/0133862-8/2026,ok,e63befb489be54abb21bb656166e6ac5f50fc633f6f747b053c37aafed86a683,158,32,6,20,,2026-08-18T16:46:35Z
0134349-4,KTAS,2026,lopullinen,https://prodkuntarest.westeurope.cloudapp.azure.com/rest/v1/json/dokumentti/lopullinen/KTAS/0134349-4/2026,ok,867a287d688def84a613ac3b726c2779c220768365577c0ff12cbda1aaf85629,158,32,5,20,,2026-08-18T16:46:35Z
0134480-9,KTAS,2026,lopullinen,https://prodkuntarest.westeurope.cloudapp.azure.com/rest/v1/json/dokumentti/lopullinen/KTAS/0134480-9/2026,ok,96d7b70e89db914a51b2bbd4f621aec10c423672fba4dc9cb06b6b790f6ce961,160,32,9,20,,2026-08-18T16:46:35Z
0134698-6,KTAS,2026,lopullinen,https://prodkuntarest.westeurope.cloudapp.azure.com/rest/v1/json/dokumentti/lopullinen/KTAS/0134698-6/2026,ok,cd5a67107c2c74768014be2d5977281c872bf335270d54a2d58317384859c06d,160,32,11,20,,2026-08-18T16:46:35Z
0135086-2,KTAS,2026,lopullinen,https://prodkuntarest.westeurope.cloudapp.azure.com/rest/v1/json/dokumentti/lopullinen/KTAS/0135086-2/2026,ok,20d451051fcc577981ca913903b941506a9df6fce3bfa237d0e0fcd08d69abcc,158,32,7,20,,2026-08-18T16:46:35Z
0135202-4,KTAS,2026,lopullinen,https://prodkuntarest.westeurope.cloudapp.azure.com/rest/v1/json/dokumentti/lopullinen/KTAS/0135202-4/2026,ok,e0a541706a92d2f5c36191416626d578dcacf5565ca11509c77039f2491bbd9f,158,32,15,20,,2026-08-18T16:46:35Z
0135457-2,KTAS,2026,lopullinen,https://prodkuntarest.westeurope.cloudapp.azure.com/rest/v1/json/dokumentti/lopullinen/KTAS/0135457-2/2026,ok,42d18d109d07f7b26676fae56dd38302fa84d22c649bd2fe79fd8eea117deda4,158,32,10,20,,2026-08-18T16:46:35Z
0135662-3,KTAS,2026,lopullinen,https://prodkuntarest.westeurope.cloudapp.azure.com/rest/v1/json/dokumentti/lopullinen/KTAS/0135662-3/2026,ok,8bd2b43c8e617b41ad2a0590a9e690f6f888ae9acf97564e55198d7235a0e860,158,32,12,20,,2026-08-18T16:46:35Z
0135821-5,KTAS,2026,lopullinen,https://prodkuntarest.westeurope.cloudapp.azure.com/rest/v1/json/dokumentti/lopullinen/KTAS/0135821-5/2026,ok,361acd1daaeec750aad1ea9b8bec21f1bc328796704f03824165e4f986f7e1eb,160,32,8,20,,2026-08-18T16:46:35Z
0135869-6,KTAS,2026,lopullinen,https://prodkuntarest.westeurope.cloudapp.azure.com/rest/v1/json/dokumentti/lopullinen/KTAS/0135869-6/2026,ok,eb9ea6f7199acf42c606c4ad60e23a7c8e0e8942689fccb9326ca2beee1383d7,158,32,2,20,,2026-08-18T16:46:35Z
0136082-5,KTAS,2026,lopullinen,https://prodkuntarest.westeurope.cloudapp.azure.com/rest/v1/json/dokumentti/lopullinen/KTAS/0136082-5/2026,ok,e463133d0157a20cf32d9b3d1671e1f1a0a7b32bd9888abfe2e83c537ed48a95,160,32,8,20,,2026-08-18T16:46:35Z
0136169-2,KTAS,2026,lopullinen,https://prodkuntarest.westeurope.cloudapp.azure.com/rest/v1/json/dokumentti/lopullinen/KTAS/0136169-2/2026,ok,2932d25de64944937346da7dfa47310335d4bfa49420a6fcbc0b6006d6bd52c0,158,32,7,20,,2026-08-18T16:46:35Z
0136311-0,KTAS,2026,lopullinen,https://prodkuntarest.westeurope.cloudapp.azure.com/rest/v1/json/dokumentti/lopullinen/KTAS/0136311-0/2026,ok,e29c9e4d2716f03cc6aeb291a3a9f6123a49ab4fbaf3208b731e6ca3f04df814,158,32,7,20,,2026-08-18T16:46:35Z
0136610-0,KTAS,2026,lopullinen,https://prodkuntarest.westeurope.cloudapp.azure.com/rest/v1/json/dokumentti/lopullinen/KTAS/0136610-0/2026,ok,3c63c58c8788bb4e7ad247839b37c616c052f07414ed1d31e17db18b3252fc3e,158,32,5,20,,2026-08-18T16:46:35Z
0137323-9,KTAS,2026,lopullinen,https://prodkuntarest.westeurope.cloudapp.azure.com/rest/v1/json/dokumentti/lopullinen/KTAS/0137323-9/2026,ok,dc6577f109d580132df516cb00e020c33aabc823c4418161a319ea9fe8bea8a3,158,32,8,20,,2026-08-18T16:46:35Z
0138037-5,KTAS,2026,lopullinen,https://prodkuntarest.westeurope.cloudapp.azure.com/rest/v1/json/dokumentti/lopullinen/KTAS/0138037-5/2026,ok,52bdfe01a3ba980fa411e3777c56c30755912edfcd9d0ee615dbd2ac2050ce1a,158,32,6,20,,2026-08-18T16:46:35Z
0138780-9,KTAS,2026,lopullinen,https://prodkuntarest.westeurope.cloudapp.azure.com/rest/v1/json/dokumentti/lopullinen/KTAS/0138780-9/2026,ok,e16369fd7f926e45950cbf83212bc58b1ba5575f43631b9491ebb2880a5f7eef,160,32,9,20,,2026-08-18T16:46:35Z
0139533-1,KTAS,2026,lopullinen,https://prodkuntarest.westeurope.cloudapp.azure.com/rest/v1/json/dokumentti/lopullinen/KTAS/0139533-1/2026,ok,c8bf66d9ba0367333ad5d2dd3caf536b6fdcdb5100e6e7b84724ccb21f10eb6f,160,32,10,20,,2026-08-18T16:46:35Z
0139545-4,KTAS,2026,lopullinen,https://prodkuntarest.westeurope.cloudapp.azure.com/rest/v1/json/dokumentti/lopullinen/KTAS/0139545-4/2026,ok,fa49f30a804327fba2f2c898ba7f24a87a8be79800d6ee068fd149096413c950,160,32,6,20,,2026-08-18T16:46:35Z
0139842-8,KTAS,2026,lopullinen,https://prodkuntarest.westeurope.cloudapp.azure.com/rest/v1/json/dokumentti/lopullinen/KTAS/0139842-8/2026,ok,55b8fb34d5cbd304a8874a2454c00b0fbfd9defe6965970cc2e6238cf1cf0337,158,32,7,20,,2026-08-18T16:46:35Z
0139937-5,KTAS,2026,lopullinen,https://prodkuntarest.westeurope.cloudapp.azure.com/rest/v1/json/dokumentti/lopullinen/KTAS/0139937-5/2026,ok,fcd57017186b7344458233bbe015aa6226c97282b31adc5f3d45921a819202e1,158,32,13,20,,2026-08-18T16:46:35Z
0139991-4,KTAS,2026,lopullinen,https://prodkuntarest.westeurope.cloudapp.azure.com/rest/v1/json/dokumentti/lopullinen/KTAS/0139991-4/2026,ok,5ba00fa8943db933ef5210e2f0453d54f1b80c7e2ec07ade06c0527828874afb,158,32,8,20,,2026-08-18T16:46:35Z
0144036-6,KTAS,2026,lopullinen,https://prodkuntarest.westeurope.cloudapp.azure.com/rest/v1/json/dokumentti/lopullinen/KTAS/0144036-6/2026,ok,8cd728ec93925ba4e1333b0dda8a7d66089034ecd6dcb5bcff7695fffbfe08b2,158,32,10,20,,2026-08-18T16:46:35Z
0144411-3,KTAS,2026,lopullinen,https://prodkuntarest.westeurope.cloudapp.azure.com/rest/v1/json/dokumentti/lopullinen/KTAS/0144411-3/2026,ok,86015961cceec01ec56ea47afe6389f12c148e45c8263b5fa77b9b070c517d1b,158,32,5,20,,2026-08-18T16:46:35Z
0144561-8,KTAS,2026,lopullinen,https://prodkuntarest.westeurope.cloudapp.azure.com/rest/v1/json/dokumentti/lopullinen/KTAS/0144561-8/2026,ok,a914cd956d9e1f9a756bfec34c092f762344a3719d9e0d9d9a2a4010a0b36836,158,32,0,0,,2026-08-18T16:46:35Z
0145208-4,KTAS,2026,lopullinen,https://prodkuntarest.westeurope.cloudapp.azure.com/rest/v1/json/dokumentti/lopullinen/KTAS/0145208-4/2026,ok,bba2ceac787a57bc7d9595f9b9aa9866aa6d6e37737145fa33b5364e5e8ed1d1,160,32,8,20,,2026-08-18T16:46:35Z
0145626-1,KTAS,2026,lopullinen,https://prodkuntarest.westeurope.cloudapp.azure.com/rest/v1/json/dokumentti/lopullinen/KTAS/0145626-1/2026,ok,7e8e923f317bb48cc52d5d32a0fb5c7a012788c432abe9bc5e36bb02102d1bb7,158,32,5,20,,2026-08-18T16:46:35Z
0145801-3,KTAS,2026,lopullinen,https://prodkuntarest.westeurope.cloudapp.azure.com/rest/v1/json/dokumentti/lopullinen/KTAS/0145801-3/2026,ok,088ef7a8916f7b9bb66523a653bc33d446f22cd4f0ff02ca3a2469e06320c8eb,158,32,14,20,,2026-08-18T16:46:35Z
0145997-2,KTAS,2026,lopullinen,https://prodkuntarest.westeurope.cloudapp.azure.com/rest/v1/json/dokumentti/lopullinen/KTAS/0145997-2/2026,ok,221ef5fef02de4a14094be3b6f8b50fbbea2a255cf6e46dcc1d15b433c2b56f0,158,32,11,20,,2026-08-18T16:46:35Z
0146248-5,KTAS,2026,lopullinen,https://prodkuntarest.westeurope.cloudapp.azure.com/rest/v1/json/dokumentti/lopullinen/KTAS/0146248-5/2026,ok,1828792cddebc8e1b8e2bb7cb27f322ce881f81b29316698b9616746344d5c47,160,32,4,20,,2026-08-18T16:46:35Z
0146456-0,KTAS,2026,lopullinen,https://prodkuntarest.westeurope.cloudapp.azure.com/rest/v1/json/dokumentti/lopullinen/KTAS/0146456-0/2026,ok,8d7e67bf64d9b4cce898d0f8d854dd3e479ec7ea8545f4bc42e7255fdd79c839,158,32,7,20,,2026-08-18T16:46:35Z
0146921-4,KTAS,2026,lopullinen,https://prodkuntarest.westeurope.cloudapp.azure.com/rest/v1/json/dokumentti/lopullinen/KTAS/0146921-4/2026,ok,55ca2341aecb54e16774005d6206b858e499bd6e51d2c2a7e5d20625b901413c,160,32,12,20,,2026-08-18T16:46:35Z
0147510-4,KTAS,2026,lopullinen,https://prodkuntarest.westeurope.cloudapp.azure.com/rest/v1/json/dokumentti/lopullinen/KTAS/0147510-4/2026,ok,fd1fe984fdc0e32a96a6b2249f4278d54b0f1ede91eec551b426884c431571fc,158,32,10,20,,2026-08-18T16:46:35Z
0147645-7,KTAS,2026,lopullinen,https://prodkuntarest.westeurope.cloudapp.azure.com/rest/v1/json/dokumentti/lopullinen/KTAS/0147645-7/2026,ok,9fb2e627c467309a774b19d35d109dd2af77f5d0fe07abb3b77d9b92baddae10,158,32,8,20,,2026-08-18T16:46:35Z
0147705-4,KTAS,2026,lopullinen,https://prodkuntarest.westeurope.cloudapp.azure.com/rest/v1/json/dokumentti/lopullinen/KTAS/0147705-4/2026,ok,caf8d5fb540a6325daee3fee74c27297eb592b5d6a6c26d2003c3e04a4043738,158,32,5,20,,2026-08-18T16:46:35Z
0148268-9,KTAS,2026,lopullinen,https://prodkuntarest.westeurope.cloudapp.azure.com/rest/v1/json/dokumentti/lopullinen/KTAS/0148268-9/2026,ok,11fdb756318f3b77020e10c201b335875e9f9e7c5564bc73400bc73fc094e0bd,160,32,5,20,,2026-08-18T16:46:35Z
0149669-3,KTAS,2026,lopullinen,https://prodkuntarest.westeurope.cloudapp.azure.com/rest/v1/json/dokumentti/lopullinen/KTAS/0149669-3/2026,ok,295c88ffea7fb8813ba84358c36d98c56628d5cb26a7e7684aafce0746f7b084,160,32,9,20,,2026-08-18T16:46:35Z
0150783-1,KTAS,2026,lopullinen,https://prodkuntarest.westeurope.cloudapp.azure.com/rest/v1/json/dokumentti/lopullinen/KTAS/0150783-1/2026,ok,d997a17f79e5377b0919ae03da345516e38c420106566bcf2f0afe4815ef33a7,160,32,3,20,,2026-08-18T16:46:35Z
0150919-1,KTAS,2026,lopullinen,https://prodkuntarest.westeurope.cloudapp.azure.com/rest/v1/json/dokumentti/lopullinen/KTAS/0150919-1/2026,ok,9733882dcc894dd78860dd98c6c43b1c568cccf4ccc9b72053cba9a01aeecb0e,158,32,5,20,,2026-08-18T16:46:35Z
0151789-6,KTAS,2026,lopullinen,https://prodkuntarest.westeurope.cloudapp.azure.com/rest/v1/json/dokumentti/lopullinen/KTAS/0151789-6/2026,ok,ab3720df91d6d4e5b6e422e6e64b985f8832997fe8a01afd119b7df00161c921,158,32,5,20,,2026-08-18T16:46:35Z
0151924-2,KTAS,2026,lopullinen,https://prodkuntarest.westeurope.cloudapp.azure.com/rest/v1/json/dokumentti/lopullinen/KTAS/0151924-2/2026,ok,120f462949e2c6be0db2630cf7a780b8e0a296ffb1dc51070ac2006252ed7abb,160,32,6,20,,2026-08-18T16:46:35Z
0152084-1,KTAS,2026,lopullinen,https://prodkuntarest.westeurope.cloudapp.azure.com/rest/v1/json/dokumentti/lopullinen/KTAS/0152084-1/2026,ok,ebb250b3744dd3b0d1eab4d54295dc686ef4570c01e15e2f62c1268a6e230856,160,32,13,20,,2026-08-18T16:46:35Z
0152563-4,KTAS,2026,lopullinen,https://prodkuntarest.westeurope.cloudapp.azure.com/rest/v1/json/dokumentti/lopullinen/KTAS/0152563-4/2026,ok,a1bc6c96a3661504f11de8e4ed0d13b790f0cabdf10cdc2729662ed037586652,160,32,13,20,,2026-08-18T16:46:35Z
0152842-1,KTAS,2026,lopullinen,https://prodkuntarest.westeurope.cloudapp.azure.com/rest/v1/json/dokumentti/lopullinen/KTAS/0152842-1/2026,ok,99c378e355b7f45570c44180428d636b98ce2e4a25256398b23d8e3cefba2b9b,158,32,15,20,,2026-08-18T16:46:35Z
0153082-0,KTAS,2026,lopullinen,https://prodkuntarest.westeurope.cloudapp.azure.com/rest/v1/json/dokumentti/lopullinen/KTAS/0153082-0/2026,ok,80b9a38bff3bf3ca7eed0ebe1aff1fc511e8ca8c16e11022344d511771a01ba5,160,32,12,20,,2026-08-18T16:46:35Z
0153179-4,KTAS,2026,lopullinen,https://prodkuntarest.westeurope.cloudapp.azure.com/rest/v1/json/dokumentti/lopullinen/KTAS/0153179-4/2026,ok,2fb7dc05cb7db8067b6e9f585d2c1ac9a3545fc67c96ad489eeec3fe994e8671,158,32,7,20,,2026-08-18T16:46:35Z
0157323-0,KTAS,2026,lopullinen,https://prodkuntarest.westeurope.cloudapp.azure.com/rest/v1/json/dokumentti/lopullinen/KTAS/0157323-0/2026,ok,966475184645edf0e5514e24c7b89e559e02ecf8edcf4782fb5b48fa2618e19d,160,32,4,20,,2026-08-18T16:46:35Z
0157568-2,KTAS,2026,lopullinen,https://prodkuntarest.westeurope.cloudapp.azure.com/rest/v1/json/dokumentti/lopullinen/KTAS/0157568-2/2026,ok,cd8c3edcee19b37718ecabe4637335eace204a27599a56eb70cf865a7e91ea37,160,32,0,0,,2026-08-18T16:46:35Z
0157711-9,KTAS,2026,lopullinen,https://prodkuntarest.westeurope.cloudapp.azure.com/rest/v1/json/dokumentti/lopullinen/KTAS/0157711-9/2026,ok,386f9b034c3513ab32959122ca994e101b19bef2fb4bf1d179e0099d41397b32,158,32,7,20,,2026-08-18T16:46:35Z
0157867-2,KTAS,2026,lopullinen,https://prodkuntarest.westeurope.cloudapp.azure.com/rest/v1/json/dokumentti/lopullinen/KTAS/0157867-2/2026,ok,3eced9b7b4f6c12f7fb8f4af4c8654a44f4e439be978b567641d8775b3f0a7ed,158,32,12,20,,2026-08-18T16:46:35Z
0158221-7,KTAS,2026,lopullinen,https://prodkuntarest.westeurope.cloudapp.azure.com/rest/v1/json/dokumentti/lopullinen/KTAS/0158221-7/2026,ok,08019bed16c9094414d71702a91828e1958baa651b300dbdb74ce6a2a512241a,160,32,3,20,,2026-08-18T16:46:35Z
0158301-7,KTAS,2026,lopullinen,https://prodkuntarest.westeurope.cloudapp.azure.com/rest/v1/json/dokumentti/lopullinen/KTAS/0158301-7/2026,ok,f73f7dfc232f3eff6d0561ec4b7920b2f004fe8c1571f4260eaeece687c4b8bd,158,32,7,20,,2026-08-18T16:46:35Z
0158766-7,KTAS,2026,lopullinen,https://prodkuntarest.westeurope.cloudapp.azure.com/rest/v1/json/dokumentti/lopullinen/KTAS/0158766-7/2026,ok,4721609a2cebbb3e06359cd6ae3b1eb3a347e1d702b8ed28e05274d619c457c9,158,32,15,20,,2026-08-18T16:46:35Z
0159216-7,KTAS,2026,lopullinen,https://prodkuntarest.westeurope.cloudapp.azure.com/rest/v1/json/dokumentti/lopullinen/KTAS/0159216-7/2026,ok,90b3a0649541b0de536ab6dca44de416c261c8af65cb0db74f1e74ba9a9abc77,158,32,10,20,,2026-08-18T16:46:35Z
0160225-7,KTAS,2026,lopullinen,https://prodkuntarest.westeurope.cloudapp.azure.com/rest/v1/json/dokumentti/lopullinen/KTAS/0160225-7/2026,ok,610ddf4752a6c9581139cb5a80d7e977a4244502bb96cd25133ac1dd0c9ed7bc,158,32,10,20,,2026-08-18T16:46:35Z
0161075-9,KTAS,2026,lopullinen,https://prodkuntarest.westeurope.cloudapp.azure.com/rest/v1/json/dokumentti/lopullinen/KTAS/0161075-9/2026,ok,0f4d1f9f05f2c166072e3e903c61ab002b6767071a10189e2b9999eb2ec5344f,160,32,11,20,,2026-08-18T16:46:35Z
0162193-3,KTAS,2026,lopullinen,https://prodkuntarest.westeurope.cloudapp.azure.com/rest/v1/json/dokumentti/lopullinen/KTAS/0162193-3/2026,ok,a6d6f39a888b483661e74d0a36f333d5a4e79436ee4226a54affc229bfff7294,158,32,10,20,,2026-08-18T16:46:35Z
0162576-6,KTAS,2026,lopullinen,https://prodkuntarest.westeurope.cloudapp.azure.com/rest/v1/json/dokumentti/lopullinen/KTAS/0162576-6/2026,ok,7a5e8f12b0c2728ba0867b0972eb0290c5b7c608a5a2bb9476593790d4981f1b,160,32,7,20,,2026-08-18T16:46:35Z
0162631-2,KTAS,2026,lopullinen,https://prodkuntarest.westeurope.cloudapp.azure.com/rest/v1/json/dokumentti/lopullinen/KTAS/0162631-2/2026,ok,b969a4d01d55695bd1433a77d132eb52963e77dc77a8dae64a15bb31c6faab15,158,32,6,20,,2026-08-18T16:46:35Z
0162675-0,KTAS,2026,lopullinen,https://prodkuntarest.westeurope.cloudapp.azure.com/rest/v1/json/dokumentti/lopullinen/KTAS/0162675-0/2026,ok,18942adb14b70ba4d0a3ba08dc27ad4b97f49e865433bef53cc86e262b45af77,158,32,7,20,,2026-08-18T16:46:35Z
0162798-0,KTAS,2026,lopullinen,https://prodkuntarest.westeurope.cloudapp.azure.com/rest/v1/json/dokumentti/lopullinen/KTAS/0162798-0/2026,ok,94facf2b7df5d4a62e803383f586d805277033ff9aee6a4889d3e6ed5403d432,160,32,13,20,,2026-08-18T16:46:35Z
0163013-5,KTAS,2026,lopullinen,https://prodkuntarest.westeurope.cloudapp.azure.com/rest/v1/json/dokumentti/lopullinen/KTAS/0163013-5/2026,ok,be743da1d50e2bca6de1775bc6822d9ca6c002e7e5825b6bbec2fbe2588bab38,158,32,7,20,,2026-08-18T16:46:35Z
0163109-0,KTAS,2026,lopullinen,https://prodkuntarest.westeurope.cloudapp.azure.com/rest/v1/json/dokumentti/lopullinen/KTAS/0163109-0/2026,ok,90b0725bb0c4aa3dc4de33e41694d434268465c7e470f7a0fe9775e16282f8fb,158,32,2,20,,2026-08-18T16:46:35Z
0163320-5,KTAS,2026,lopullinen,https://prodkuntarest.westeurope.cloudapp.azure.com/rest/v1/json/dokumentti/lopullinen/KTAS/0163320-5/2026,ok,9c0689478e71786dffdc25675bb41aec460d4ebaae1bdc2cb275b2ae96549b4d,158,32,12,20,,2026-08-18T16:46:35Z
0163687-9,KTAS,2026,lopullinen,https://prodkuntarest.westeurope.cloudapp.azure.com/rest/v1/json/dokumentti/lopullinen/KTAS/0163687-9/2026,ok,82cd0432b544d74a5c27b8f0b0aa27fa67180a1f4aa67a44b4e3ff23f6c044f3,160,32,3,20,,2026-08-18T16:46:35Z
0163734-5,KTAS,2026,lopullinen,https://prodkuntarest.westeurope.cloudapp.azure.com/rest/v1/json/dokumentti/lopullinen/KTAS/0163734-5/2026,ok,14919965be826d9b39599650b9c281ba3b619da485760a236b3e4b3b195739a2,160,32,2,20,,2026-08-18T16:46:35Z
0164308-3,KTAS,2026,lopullinen,https://prodkuntarest.westeurope.cloudapp.azure.com/rest/v1/json/dokumentti/lopullinen/KTAS/0164308-3/2026,ok,0e13b0e7ad26457297b1c05a676f7aa3989c5061549d324d56fe205700dd9397,158,32,4,20,,2026-08-18T16:46:35Z
0164384-1,KTAS,2026,lopullinen,https://prodkuntarest.westeurope.cloudapp.azure.com/rest/v1/json/dokumentti/lopullinen/KTAS/0164384-1/2026,ok,69f44900a168189cb5ba1b21839304debe458dbc6bbc93ab63e6779ae959e914,160,32,0,0,,2026-08-18T16:46:35Z
0164551-3,KTAS,2026,lopullinen,https://prodkuntarest.westeurope.cloudapp.azure.com/rest/v1/json/dokumentti/lopullinen/KTAS/0164551-3/2026,ok,2284b26b0af721d7e5645791a8912d5a031c7b9d4318f1aeb6138d1b20a917b5,158,32,10,20,,2026-08-18T16:46:35Z
0164690-3,KTAS,2026,lopullinen,https://prodkuntarest.westeurope.cloudapp.azure.com/rest/v1/json/dokumentti/lopullinen/KTAS/0164690-3/2026,ok,484492995a1496e9b91a868903cf00c1837d63efa867bd495471cc65f0ee3a50,158,32,10,20,,2026-08-18T16:46:35Z
0165116-3,KTAS,2026,lopullinen,https://prodkuntarest.westeurope.cloudapp.azure.com/rest/v1/json/dokumentti/lopullinen/KTAS/0165116-3/2026,ok,6d0c3b6fcf07425a6bb1bc04101b9a5f14d80e2bb47ef6bc64860d006dedc448,158,32,13,20,,2026-08-18T16:46:35Z
0165761-0,KTAS,2026,lopullinen,https://prodkuntarest.westeurope.cloudapp.azure.com/rest/v1/json/dokumentti/lopullinen/KTAS/0165761-0/2026,ok,796f97103f20ea3593e5ea90168bf4ef50ebb3cc5fed7b4e425f1c5881aab181,158,32,13,20,,2026-08-18T16:46:35Z
0166400-1,KTAS,2026,lopullinen,https://prodkuntarest.westeurope.cloudapp.azure.com/rest/v1/json/dokumentti/lopullinen/KTAS/0166400-1/2026,ok,955764742579b61a8f7974ff9698f4342443dd29c1a76b30983abed81813ebfb,158,32,9,20,,2026-08-18T16:46:35Z
0166507-1,KTAS,2026,lopullinen,https://prodkuntarest.westeurope.cloudapp.azure.com/rest/v1/json/dokumentti/lopullinen/KTAS/0166507-1/2026,ok,6c4af49d9cd48457b556ea50f852b918e8bce99cdbd980e9a6463e0b8d7f0757,158,32,12,20,,2026-08-18T16:46:35Z
0166906-4,KTAS,2026,lopullinen,https://prodkuntarest.westeurope.cloudapp.azure.com/rest/v1/json/dokumentti/lopullinen/KTAS/0166906-4/2026,ok,584298557197f01fbf7154e1bf43aee1b6f190543b9350bd2ba8d0f0870c4f85,158,32,10,20,,2026-08-18T16:46:35Z
0167265-0,KTAS,2026,lopullinen,https://prodkuntarest.westeurope.cloudapp.azure.com/rest/v1/json/dokumentti/lopullinen/KTAS/0167265-0/2026,ok,a776fcfc6a3679155ec6efbc75d14903d6f0dd5793e89852b0e95a4f19bbcb90,158,32,16,20,,2026-08-18T16:46:35Z
0167352-2,KTAS,2026,lopullinen,https://prodkuntarest.westeurope.cloudapp.azure.com/rest/v1/json/dokumentti/lopullinen/KTAS/0167352-2/2026,ok,740621dcfd1a0726cef9b3b09724fa6429723a09bee944249f2f1c6f30b1f8a2,160,32,8,20,,2026-08-18T16:46:35Z
0167589-4,KTAS,2026,lopullinen,https://prodkuntarest.westeurope.cloudapp.azure.com/rest/v1/json/dokumentti/lopullinen/KTAS/0167589-4/2026,ok,e60ee4dd19930ce2407601d75fb8f374d9351a3a5bf80e2b8dc46c5ed8b25495,160,32,11,20,,2026-08-18T16:46:35Z
0168654-2,KTAS,2026,lopullinen,https://prodkuntarest.westeurope.cloudapp.azure.com/rest/v1/json/dokumentti/lopullinen/KTAS/0168654-2/2026,ok,9093eb5a96679e71ef3ed89fa50ab6c11cb620806e8f85c92ea98f1414a6ad27,160,32,11,20,,2026-08-18T16:46:35Z
0168900-6,KTAS,2026,lopullinen,https://prodkuntarest.westeurope.cloudapp.azure.com/rest/v1/json/dokumentti/lopullinen/KTAS/0168900-6/2026,ok,e7ccdf9f4244772f47ca13e850e7a91cae243ec13d5cfefd95fc89937cee3629,160,32,16,20,,2026-08-18T16:46:35Z
0169048-8,KTAS,2026,lopullinen,https://prodkuntarest.westeurope.cloudapp.azure.com/rest/v1/json/dokumentti/lopullinen/KTAS/0169048-8/2026,ok,97b1d3d04e6c18257701618b67c9de335b9d1b432c71fbdb0a3d6e2c3dac8efa,160,32,5,20,,2026-08-18T16:46:35Z
0169321-6,KTAS,2026,lopullinen,https://prodkuntarest.westeurope.cloudapp.azure.com/rest/v1/json/dokumentti/lopullinen/KTAS/0169321-6/2026,ok,ecf9048dfab78f881096703b5ee75e55db88bdacb1b1bf7b2900a0e1d455cd5e,160,32,8,20,,2026-08-18T16:46:35Z
0169583-6,KTAS,2026,lopullinen,https://prodkuntarest.westeurope.cloudapp.azure.com/rest/v1/json/dokumentti/lopullinen/KTAS/0169583-6/2026,ok,ecc73fd7ae58bc0f0c0446900bb032db3050fbf04057997d0b7664632d21fb5d,160,32,9,20,,2026-08-18T16:46:35Z
0169823-6,KTAS,2026,lopullinen,https://prodkuntarest.westeurope.cloudapp.azure.com/rest/v1/json/dokumentti/lopullinen/KTAS/0169823-6/2026,ok,05df74b466e3e5adde9237369683ac1bc4ab25a4c31053d2dc18433cc7406777,158,32,11,20,,2026-08-18T16:46:35Z
0169967-7,KTAS,2026,lopullinen,https://prodkuntarest.westeurope.cloudapp.azure.com/rest/v1/json/dokumentti/lopullinen/KTAS/0169967-7/2026,ok,3df804ed26fc081cc5ee3ed9fd9e28e8d7d85b10bb3960b2bd50cbe5fc9859c4,160,32,6,20,,2026-08-18T16:46:35Z
0170664-6,KTAS,2026,lopullinen,https://prodkuntarest.westeurope.cloudapp.azure.com/rest/v1/json/dokumentti/lopullinen/KTAS/0170664-6/2026,ok,237396bb771c476072c2713fc9a2e7f146b5f7997638ebb2e2a529d65adeef5c,158,32,9,20,,2026-08-18T16:46:35Z
0170773-7,KTAS,2026,lopullinen,https://prodkuntarest.westeurope.cloudapp.azure.com/rest/v1/json/dokumentti/lopullinen/KTAS/0170773-7/2026,ok,2cfa3572e0a99690a6b2beb150ce9c952246886eedc4c3841ea6c369996aa9ae,160,32,13,20,,2026-08-18T16:46:35Z
0170843-0,KTAS,2026,lopullinen,https://prodkuntarest.westeurope.cloudapp.azure.com/rest/v1/json/dokumentti/lopullinen/KTAS/0170843-0/2026,ok,d80d611afe10a74edd7569570354df45385527abd30c3033257d2146179c80ac,160,32,10,20,,2026-08-18T16:46:35Z
0171450-7,KTAS,2026,lopullinen,https://prodkuntarest.westeurope.cloudapp.azure.com/rest/v1/json/dokumentti/lopullinen/KTAS/0171450-7/2026,ok,27923ba5ba8009f9faa4daf89b81312550bdcacd0d84091a15cdf202fe23b9d8,158,32,8,20,,2026-08-18T16:46:35Z
0172127-2,KTAS,2026,jalkikorjattu,https://prodkuntarest.westeurope.cloudapp.azure.com/rest/v1/json/dokumentti/jalkikorjattu/KTAS/0172127-2/2026,ok,009f05ae8ef6f0ab08614ea85ec70970ae935b88b98f0f7135192b34d91389b0,158,32,13,20,,2026-08-18T16:46:35Z
0172231-2,KTAS,2026,lopullinen,https://prodkuntarest.westeurope.cloudapp.azure.com/rest/v1/json/dokumentti/lopullinen/KTAS/0172231-2/2026,ok,bead06d0d2eb57429d9db45788fe4a36f21a7d852b2ab9d771898e6126ea5328,158,32,20,20,,2026-08-18T16:46:35Z
0172446-5,KTAS,2026,lopullinen,https://prodkuntarest.westeurope.cloudapp.azure.com/rest/v1/json/dokumentti/lopullinen/KTAS/0172446-5/2026,ok,f1159c73dc1b1f2402c40458f8dad2a6d8a94e94321341efa82b63c7b89fd6f3,160,32,5,20,,2026-08-18T16:46:35Z
0172586-3,KTAS,2026,lopullinen,https://prodkuntarest.westeurope.cloudapp.azure.com/rest/v1/json/dokumentti/lopullinen/KTAS/0172586-3/2026,ok,6f86119aafc8d19edd42e586d7be64275652a7696078c8000ecbd030a83c2c7c,158,32,5,20,,2026-08-18T16:46:35Z
0172646-0,KTAS,2026,lopullinen,https://prodkuntarest.westeurope.cloudapp.azure.com/rest/v1/json/dokumentti/lopullinen/KTAS/0172646-0/2026,ok,cc75f3dc061a4d723d5e260cf5722a2249580674bed28f2eaed4dde567de1f65,158,32,6,20,,2026-08-18T16:46:35Z
0172718-0,KTAS,2026,lopullinen,https://prodkuntarest.westeurope.cloudapp.azure.com/rest/v1/json/dokumentti/lopullinen/KTAS/0172718-0/2026,ok,6ddd404b7934acee4836e0a18c1ba872508abef98727f9377a6dddd6b5ea632c,158,32,11,20,,2026-08-18T16:46:35Z
0173081-4,KTAS,2026,lopullinen,https://prodkuntarest.westeurope.cloudapp.azure.com/rest/v1/json/dokumentti/lopullinen/KTAS/0173081-4/2026,ok,8ecb44ca1ed3fe9047f95b86bad35776e99382d6ca6c3e2ca27d33bcf6c67661,158,32,5,20,,2026-08-18T16:46:35Z
0173128-6,KTAS,2026,lopullinen,https://prodkuntarest.westeurope.cloudapp.azure.com/rest/v1/json/dokumentti/lopullinen/KTAS/0173128-6/2026,ok,2f6f38b227d8bcd9d036b2a2942b0b2a20e2328cd7d042b72812f098c1292371,158,32,5,20,,2026-08-18T16:46:35Z
0173416-1,KTAS,2026,lopullinen,https://prodkuntarest.westeurope.cloudapp.azure.com/rest/v1/json/dokumentti/lopullinen/KTAS/0173416-1/2026,ok,edf2b761ee24a049e70795a1d226b7b4d51f14295e929160e581a0273401d31f,160,32,4,20,,2026-08-18T16:46:35Z
0173787-2,KTAS,2026,lopullinen,https://prodkuntarest.westeurope.cloudapp.azure.com/rest/v1/json/dokumentti/lopullinen/KTAS/0173787-2/2026,ok,e381661e8a60debe8b28911290f77950e80ce1ec9c11a7e68bd183af89ef8724,158,32,4,20,,2026-08-18T16:46:35Z
0173835-7,KTAS,2026,lopullinen,https://prodkuntarest.westeurope.cloudapp.azure.com/rest/v1/json/dokumentti/lopullinen/KTAS/0173835-7/2026,ok,dfc74b76a717dc0ab1317a802d3e187105a28a0f21444c674d84938a1cee2604,160,32,8,20,,2026-08-18T16:46:35Z
0174035-0,KTAS,2026,lopullinen,https://prodkuntarest.westeurope.cloudapp.azure.com/rest/v1/json/dokumentti/lopullinen/KTAS/0174035-0/2026,ok,b00d01d0bd9d48982775511b05806b01236b907758438cce9a10b7fd48f3c2be,158,32,4,20,,2026-08-18T16:46:35Z
0174108-9,KTAS,2026,lopullinen,https://prodkuntarest.westeurope.cloudapp.azure.com/rest/v1/json/dokumentti/lopullinen/KTAS/0174108-9/2026,ok,866c5a71c76314cb19522fa940a58ef64288a0317b5be4c96a5818a1d4fa2d09,158,32,9,20,,2026-08-18T16:46:35Z
0174666-4,KTAS,2026,lopullinen,https://prodkuntarest.westeurope.cloudapp.azure.com/rest/v1/json/dokumentti/lopullinen/KTAS/0174666-4/2026,ok,f42c85d4d4c83dacffd1219c89ea11f524aeadee16a2de7314b817ff774ad3e5,158,32,6,20,,2026-08-18T16:46:35Z
0175622-1,KTAS,2026,lopullinen,https://prodkuntarest.westeurope.cloudapp.azure.com/rest/v1/json/dokumentti/lopullinen/KTAS/0175622-1/2026,ok,8d585321590616ad3933073bc4962b81651f01bb51caf81ed3fbb261a4fc5239,158,32,8,20,,2026-08-18T16:46:35Z
0175798-8,KTAS,2026,lopullinen,https://prodkuntarest.westeurope.cloudapp.azure.com/rest/v1/json/dokumentti/lopullinen/KTAS/0175798-8/2026,ok,c46c09553960415c1051c53f8c5d1d8d5cc2f15b7075a829720fe1132f17a074,158,32,11,20,,2026-08-18T16:46:35Z
0176150-6,KTAS,2026,lopullinen,https://prodkuntarest.westeurope.cloudapp.azure.com/rest/v1/json/dokumentti/lopullinen/KTAS/0176150-6/2026,ok,31fdad83afa3eedcdaca6097b854281c8c3f964875dfb25eae6845a23c382540,160,32,3,20,,2026-08-18T16:46:35Z
0176227-7,KTAS,2026,lopullinen,https://prodkuntarest.westeurope.cloudapp.azure.com/rest/v1/json/dokumentti/lopullinen/KTAS/0176227-7/2026,ok,57ebbc06e34dc5760864eb858fc5cc18ea244fc9e00ae44318ba7aa050ab6f90,158,32,4,20,,2026-08-18T16:46:35Z
0176357-9,KTAS,2026,lopullinen,https://prodkuntarest.westeurope.cloudapp.azure.com/rest/v1/json/dokumentti/lopullinen/KTAS/0176357-9/2026,ok,49f6f9e665f6f2afa6e92cfec510f0fe2f5c0aaf5ca5ba759282760446ca86f9,158,32,6,20,,2026-08-18T16:46:35Z
0176410-9,KTAS,2026,lopullinen,https://prodkuntarest.westeurope.cloudapp.azure.com/rest/v1/json/dokumentti/lopullinen/KTAS/0176410-9/2026,ok,de060ae523171ea97d9ccae7ac71790d6df147182910a80a57f55294415a27db,160,32,5,20,,2026-08-18T16:46:35Z
0176478-2,KTAS,2026,lopullinen,https://prodkuntarest.westeurope.cloudapp.azure.com/rest/v1/json/dokumentti/lopullinen/KTAS/0176478-2/2026,ok,1fd8c809dc32defe04ba697aebf295fcad7f90a69e5f08889ed75bd5782e2419,158,32,6,20,,2026-08-18T16:46:35Z
0176592-9,KTAS,2026,lopullinen,https://prodkuntarest.westeurope.cloudapp.azure.com/rest/v1/json/dokumentti/lopullinen/KTAS/0176592-9/2026,ok,d7f555204b19c2ad95898ed6918c147aa2748a40fecef806e6456be978c63c89,158,32,5,20,,2026-08-18T16:46:35Z
0176699-9,KTAS,2026,lopullinen,https://prodkuntarest.westeurope.cloudapp.azure.com/rest/v1/json/dokumentti/lopullinen/KTAS/0176699-9/2026,ok,d251cd7a4e4e06eb19440939bd0c3030b7cb3ca9fa5b06ce642fa4ab56eabc2f,158,32,1,20,,2026-08-18T16:46:35Z
0176769-2,KTAS,2026,lopullinen,https://prodkuntarest.westeurope.cloudapp.azure.com/rest/v1/json/dokumentti/lopullinen/KTAS/0176769-2/2026,ok,fb3040456336b4c514325ed96d61db8bc828144e693035a1dfc0ad327a0f7997,160,32,12,20,,2026-08-18T16:46:35Z
0176975-1,KTAS,2026,lopullinen,https://prodkuntarest.westeurope.cloudapp.azure.com/rest/v1/json/dokumentti/lopullinen/KTAS/0176975-1/2026,ok,d1470bdcd6f2bd8f53e5ee2ffcfd2e0b093e1fa50d778d4c6d76ee6cd1fb809d,158,32,11,20,,2026-08-18T16:46:35Z
0177201-0,KTAS,2026,lopullinen,https://prodkuntarest.westeurope.cloudapp.azure.com/rest/v1/json/dokumentti/lopullinen/KTAS/0177201-0/2026,ok,f437711fc8e375e8c5a0385c281a7462e88bdb245a1a4a14b1332890a50245f3,160,32,9,20,,2026-08-18T16:46:35Z
0177224-8,KTAS,2026,lopullinen,https://prodkuntarest.westeurope.cloudapp.azure.com/rest/v1/json/dokumentti/lopullinen/KTAS/0177224-8/2026,ok,bd4888125c9ad9a28a078f516c509a2b7e5b3601cfa0ca60cf10994021ef262e,158,32,5,20,,2026-08-18T16:46:35Z
0177619-3,KTAS,2026,lopullinen,https://prodkuntarest.westeurope.cloudapp.azure.com/rest/v1/json/dokumentti/lopullinen/KTAS/0177619-3/2026,ok,e557a96c9f62f696df0e4a58874d4f90db23737ca47ab9bb3a8acc023b6fbd44,160,32,12,20,,2026-08-18T16:46:35Z
0177736-4,KTAS,2026,lopullinen,https://prodkuntarest.westeurope.cloudapp.azure.com/rest/v1/json/dokumentti/lopullinen/KTAS/0177736-4/2026,ok,c8374e1ddf405619bde9e2dcc599e3d1a4c27a192516e1c5a02ffbf5e3a542fd,158,32,9,20,,2026-08-18T16:46:35Z
0177804-1,KTAS,2026,lopullinen,https://prodkuntarest.westeurope.cloudapp.azure.com/rest/v1/json/dokumentti/lopullinen/KTAS/0177804-1/2026,ok,427e79a88503e5b596e86a8b714935e5c6ec7a7202972ca5395e2987f40f5704,158,32,9,20,,2026-08-18T16:46:35Z
0177826-0,KTAS,2026,lopullinen,https://prodkuntarest.westeurope.cloudapp.azure.com/rest/v1/json/dokumentti/lopullinen/KTAS/0177826-0/2026,ok,7d81cdb4b6eff7841f0015df64db6afda936cffdb3d79be407d79363d3b14930,158,32,11,20,,2026-08-18T16:46:35Z
0178008-8,KTAS,2026,lopullinen,https://prodkuntarest.westeurope.cloudapp.azure.com/rest/v1/json/dokumentti/lopullinen/KTAS/0178008-8/2026,ok,bf84dd4b7083322ba722e012af41438210a669d53949d187b9ca433101f5ca47,158,32,6,20,,2026-08-18T16:46:35Z
0178071-5,KTAS,2026,lopullinen,https://prodkuntarest.westeurope.cloudapp.azure.com/rest/v1/json/dokumentti/lopullinen/KTAS/0178071-5/2026,ok,1cd2730442ddade31b9a9ddfb57c0849d10dc149ebe0f34c9769207657f5ad53,158,32,13,20,,2026-08-18T16:46:35Z
0178131-2,KTAS,2026,lopullinen,https://prodkuntarest.westeurope.cloudapp.azure.com/rest/v1/json/dokumentti/lopullinen/KTAS/0178131-2/2026,ok,1f4d61bdd7172edd10a3d01794aa52c20a2f369ef2cdb5749cd678c4737f7d9a,158,32,9,20,,2026-08-18T16:46:35Z
0178455-6,KTAS,2026,lopullinen,https://prodkuntarest.westeurope.cloudapp.azure.com/rest/v1/json/dokumentti/lopullinen/KTAS/0178455-6/2026,ok,5ee08fb7db7d25cf8e1902c5db13b686ff9e2f062a1280ae016b0b84e4ffe7b3,158,32,9,20,,2026-08-18T16:46:35Z
0178464-4,KTAS,2026,lopullinen,https://prodkuntarest.westeurope.cloudapp.azure.com/rest/v1/json/dokumentti/lopullinen/KTAS/0178464-4/2026,ok,2cb0593b7794f96d6657038038402ac23cdab788bb5bbb4c3cf06f388520262f,158,32,2,20,,2026-08-18T16:46:35Z
0178498-6,KTAS,2026,lopullinen,https://prodkuntarest.westeurope.cloudapp.azure.com/rest/v1/json/dokumentti/lopullinen/KTAS/0178498-6/2026,ok,ebb734898163811584f9e97e050f284d8cbeb2185a2be2e6af675918d95e0bb8,158,32,4,20,,2026-08-18T16:46:35Z
0178718-3,KTAS,2026,lopullinen,https://prodkuntarest.westeurope.cloudapp.azure.com/rest/v1/json/dokumentti/lopullinen/KTAS/0178718-3/2026,ok,ca06da6a2bd6e1c70cec74c3e39ca6beebd96f695705de051db3eaef9c818359,158,32,9,20,,2026-08-18T16:46:35Z
0178981-6,KTAS,2026,lopullinen,https://prodkuntarest.westeurope.cloudapp.azure.com/rest/v1/json/dokumentti/lopullinen/KTAS/0178981-6/2026,ok,90553a355b6222832ae1acbfd0989dff89703c52906e4368ba0ed4d29dc639a5,158,32,2,20,,2026-08-18T16:46:35Z
0179377-8,KTAS,2026,lopullinen,https://prodkuntarest.westeurope.cloudapp.azure.com/rest/v1/json/dokumentti/lopullinen/KTAS/0179377-8/2026,ok,2ee48e57b710c5e7ce180f6a7632e713df530efd249cb769423479fde022c987,158,32,11,20,,2026-08-18T16:46:35Z
0179699-5,KTAS,2026,lopullinen,https://prodkuntarest.westeurope.cloudapp.azure.com/rest/v1/json/dokumentti/lopullinen/KTAS/0179699-5/2026,ok,eaa3d61baaef7ea479425f992748d5cc5c6087b87ca2204875e3613001cc5370,158,32,8,20,,2026-08-18T16:46:35Z
0180065-9,KTAS,2026,lopullinen,https://prodkuntarest.westeurope.cloudapp.azure.com/rest/v1/json/dokumentti/lopullinen/KTAS/0180065-9/2026,ok,5eaf5bdc55da838eff06d710a65d9f33232cd677285f5e53312083cb1a7f9936,160,32,13,20,,2026-08-18T16:46:35Z
0180117-6,KTAS,2026,lopullinen,https://prodkuntarest.westeurope.cloudapp.azure.com/rest/v1/json/dokumentti/lopullinen/KTAS/0180117-6/2026,ok,d29d3707f5b5360c7dff8cbd3f1029fc39323f978a81c469aaec1d6e1ab00468,158,32,10,20,,2026-08-18T16:46:35Z
0180451-0,KTAS,2026,lopullinen,https://prodkuntarest.westeurope.cloudapp.azure.com/rest/v1/json/dokumentti/lopullinen/KTAS/0180451-0/2026,ok,51d701fbb4d0da9236625c3a7b5e32d76fa4d7b20a63d1cb601f224b2723ea1c,158,32,10,20,,2026-08-18T16:46:35Z
0180516-9,KTAS,2026,lopullinen,https://prodkuntarest.westeurope.cloudapp.azure.com/rest/v1/json/dokumentti/lopullinen/KTAS/0180516-9/2026,ok,a1e1db0eb50faede021544ce5f1c8230c0ee3444a94220aee1acb36885ab226b,158,32,8,20,,2026-08-18T16:46:35Z
0180774-6,KTAS,2026,lopullinen,https://prodkuntarest.westeurope.cloudapp.azure.com/rest/v1/json/dokumentti/lopullinen/KTAS/0180774-6/2026,ok,b30c19d14092d4966c08627f13ca6669f9ec6451b529df1637696c19f5f13ac6,158,32,3,20,,2026-08-18T16:46:35Z
0180857-0,KTAS,2026,lopullinen,https://prodkuntarest.westeurope.cloudapp.azure.com/rest/v1/json/dokumentti/lopullinen/KTAS/0180857-0/2026,ok,53e2b10a95b4043db57ddc68851ea2c0397a9b8de47717d57e40c96e535ca253,160,32,5,20,,2026-08-18T16:46:35Z
0180948-5,KTAS,2026,lopullinen,https://prodkuntarest.westeurope.cloudapp.azure.com/rest/v1/json/dokumentti/lopullinen/KTAS/0180948-5/2026,ok,f64c45695ebe83aad522eaa797e2e2ed9170fa397b43e72549bdf601f5151040,160,32,14,20,,2026-08-18T16:46:35Z
0181101-6,KTAS,2026,lopullinen,https://prodkuntarest.westeurope.cloudapp.azure.com/rest/v1/json/dokumentti/lopullinen/KTAS/0181101-6/2026,ok,f3763906cefac78943e82d0b096fa1f01dbe782a718b1557223cbe9ac910404e,160,32,8,20,,2026-08-18T16:46:35Z
0181367-9,KTAS,2026,lopullinen,https://prodkuntarest.westeurope.cloudapp.azure.com/rest/v1/json/dokumentti/lopullinen/KTAS/0181367-9/2026,ok,74cd6a3d1c9ce053a00b608f74c4e2ce5c56ff014a358a8027eac952d13538c3,158,32,10,20,,2026-08-18T16:46:35Z
0181464-7,KTAS,2026,lopullinen,https://prodkuntarest.westeurope.cloudapp.azure.com/rest/v1/json/dokumentti/lopullinen/KTAS/0181464-7/2026,ok,b90f2fedbccae9f1202dea25e360f606f1f625f3bfd7d31f22fe9606fc8fffc2,160,32,7,20,,2026-08-18T16:46:35Z
0182637-3,KTAS,2026,lopullinen,https://prodkuntarest.westeurope.cloudapp.azure.com/rest/v1/json/dokumentti/lopullinen/KTAS/0182637-3/2026,ok,ba2cc6a4ad8da7b8e5e579e7a4d2ed74469c95d222a8f7c0ee8ad30ecf37ed3f,158,32,11,20,,2026-08-18T16:46:35Z
0182734-1,KTAS,2026,lopullinen,https://prodkuntarest.westeurope.cloudapp.azure.com/rest/v1/json/dokumentti/lopullinen/KTAS/0182734-1/2026,ok,b2d62b4b6204afc17b9081563f3379b84d9189b44e48be6c01be53e4625750e2,158,32,11,20,,2026-08-18T16:46:35Z
0182779-8,KTAS,2026,lopullinen,https://prodkuntarest.westeurope.cloudapp.azure.com/rest/v1/json/dokumentti/lopullinen/KTAS/0182779-8/2026,ok,46f983e4253a8948e91b10bf02eaffb592f93bff6737c3651c95bb1c5f3a2033,158,32,7,20,,2026-08-18T16:46:35Z
0183077-8,KTAS,2026,lopullinen,https://prodkuntarest.westeurope.cloudapp.azure.com/rest/v1/json/dokumentti/lopullinen/KTAS/0183077-8/2026,ok,d15016cb3978bb30e27fe4c987f24510631b0df4cd676771d3367b0e739fa08a,158,32,10,20,,2026-08-18T16:46:35Z
0184278-7,KTAS,2026,lopullinen,https://prodkuntarest.westeurope.cloudapp.azure.com/rest/v1/json/dokumentti/lopullinen/KTAS/0184278-7/2026,ok,46e1bfedce63df671a4d23bcb1940fec800964498091a12ae4dea66917e56537,158,32,9,20,,2026-08-18T16:46:35Z
0184318-1,KTAS,2026,lopullinen,https://prodkuntarest.westeurope.cloudapp.azure.com/rest/v1/json/dokumentti/lopullinen/KTAS/0184318-1/2026,ok,6eb922b1d5d3c938c652fb7ff8b0bf708797dbb7a83ee4bfeb6ec540fbfce5b3,158,32,10,20,,2026-08-18T16:46:35Z
0184622-7,KTAS,2026,lopullinen,https://prodkuntarest.westeurope.cloudapp.azure.com/rest/v1/json/dokumentti/lopullinen/KTAS/0184622-7/2026,ok,fee944fef73f182fe5961e378a270721ac2b881bc3878cadd1caa4d440e1daa1,158,32,10,20,,2026-08-18T16:46:35Z
0184674-5,KTAS,2026,lopullinen,https://prodkuntarest.westeurope.cloudapp.azure.com/rest/v1/json/dokumentti/lopullinen/KTAS/0184674-5/2026,ok,ce2caffd053842f8af352e2bf7a228de678606d78ec09eca3e038697253757fc,158,32,4,20,,2026-08-18T16:46:35Z
0184872-4,KTAS,2026,lopullinen,https://prodkuntarest.westeurope.cloudapp.azure.com/rest/v1/json/dokumentti/lopullinen/KTAS/0184872-4/2026,ok,03f3e301a9c78ddb5c66c9f167c239890c4dd31ba0ac479c9e81c101ab5c4093,158,32,8,20,,2026-08-18T16:46:35Z
0184918-8,KTAS,2026,lopullinen,https://prodkuntarest.westeurope.cloudapp.azure.com/rest/v1/json/dokumentti/lopullinen/KTAS/0184918-8/2026,ok,3dc51feaec953887a3722be65940d59a4e4be35392abf669363571b32b57fd3d,158,32,6,20,,2026-08-18T16:46:35Z
0185075-2,KTAS,2026,lopullinen,https://prodkuntarest.westeurope.cloudapp.azure.com/rest/v1/json/dokumentti/lopullinen/KTAS/0185075-2/2026,ok,f475c2e077eb4f1ce42dbafb414b37f961c0b85d004fa1b6f33fc7b2262d3f67,160,32,6,20,,2026-08-18T16:46:35Z
0185924-7,KTAS,2026,lopullinen,https://prodkuntarest.westeurope.cloudapp.azure.com/rest/v1/json/dokumentti/lopullinen/KTAS/0185924-7/2026,ok,7e84b12892db40a5229d7dac89871877d611a68dbe437f0c95bfb43fe54c9aa4,158,32,11,20,,2026-08-18T16:46:35Z
0186002-9,KTAS,2026,lopullinen,https://prodkuntarest.westeurope.cloudapp.azure.com/rest/v1/json/dokumentti/lopullinen/KTAS/0186002-9/2026,ok,a19dd7f46d7056b4da2a5c9072d556e1325ad0e3234eae2659c617bd87967f4d,158,32,8,20,,2026-08-18T16:46:35Z
0186204-0,KTAS,2026,lopullinen,https://prodkuntarest.westeurope.cloudapp.azure.com/rest/v1/json/dokumentti/lopullinen/KTAS/0186204-0/2026,ok,fcf7f186021ac0ac143fcd46cac566dae0adaf4e71c37d901f71eee2e3d34503,158,32,10,20,,2026-08-18T16:46:35Z
0186418-5,KTAS,2026,lopullinen,https://prodkuntarest.westeurope.cloudapp.azure.com/rest/v1/json/dokumentti/lopullinen/KTAS/0186418-5/2026,ok,8dd4efe419fe2322ce4396872cf9ed494a1e5fe593c2dccaffccba68fda3bd9d,158,32,6,20,,2026-08-18T16:46:35Z
0186511-0,KTAS,2026,lopullinen,https://prodkuntarest.westeurope.cloudapp.azure.com/rest/v1/json/dokumentti/lopullinen/KTAS/0186511-0/2026,ok,4309d15c7ae1ec16f0b7910916d257ad9a9effdef0049ccdd213d3b29024340d,158,32,11,20,,2026-08-18T16:46:35Z
0186553-2,KTAS,2026,lopullinen,https://prodkuntarest.westeurope.cloudapp.azure.com/rest/v1/json/dokumentti/lopullinen/KTAS/0186553-2/2026,ok,85d7ba3c053c50ded8ac351293782fb0a97b28fac4a41c24e812fbea73bfd168,158,32,10,20,,2026-08-18T16:46:35Z
0186580-7,KTAS,2026,lopullinen,https://prodkuntarest.westeurope.cloudapp.azure.com/rest/v1/json/dokumentti/lopullinen/KTAS/0186580-7/2026,ok,55dae20846b8d8299f99a74c8fae665d3395b2b67ee6b9e1a2f211507c5f3696,158,32,5,20,,2026-08-18T16:46:35Z
0186588-2,KTAS,2026,lopullinen,https://prodkuntarest.westeurope.cloudapp.azure.com/rest/v1/json/dokumentti/lopullinen/KTAS/0186588-2/2026,ok,0908d63d396a2d5c6809b5df9569b5b778d8b3587fd939a55bb1df40ede610eb,158,32,9,20,,2026-08-18T16:46:35Z
0186646-3,KTAS,2026,lopullinen,https://prodkuntarest.westeurope.cloudapp.azure.com/rest/v1/json/dokumentti/lopullinen/KTAS/0186646-3/2026,ok,b81e752e3b59659974407199e147f9a4bad43248d9b9a6676fe4611fb6c38ada,158,32,9,20,,2026-08-18T16:46:35Z
0186757-0,KTAS,2026,lopullinen,https://prodkuntarest.westeurope.cloudapp.azure.com/rest/v1/json/dokumentti/lopullinen/KTAS/0186757-0/2026,ok,3136d78cdeea56fad6639dd8a03ee411cef814ba948c9fba735582284107881e,160,32,12,20,,2026-08-18T16:46:35Z
0186852-2,KTAS,2026,lopullinen,https://prodkuntarest.westeurope.cloudapp.azure.com/rest/v1/json/dokumentti/lopullinen/KTAS/0186852-2/2026,ok,feecf98f9e059159007579c8c8c441566646c391adf231a97a06179ea60e2511,160,32,14,20,,2026-08-18T16:46:35Z
0187690-1,KTAS,2026,lopullinen,https://prodkuntarest.westeurope.cloudapp.azure.com/rest/v1/json/dokumentti/lopullinen/KTAS/0187690-1/2026,ok,6ce35982f1daae89632e4d212f351d45f24ffab8415d8e31abd53dd009d3e498,158,32,7,20,,2026-08-18T16:46:35Z
0188808-0,KTAS,2026,lopullinen,https://prodkuntarest.westeurope.cloudapp.azure.com/rest/v1/json/dokumentti/lopullinen/KTAS/0188808-0/2026,ok,071ba59915fde331ae429f0ed6c655116fb4420ff9c712c5c13680cb62f5f1eb,158,32,9,20,,2026-08-18T16:46:35Z
0188962-2,KTAS,2026,lopullinen,https://prodkuntarest.westeurope.cloudapp.azure.com/rest/v1/json/dokumentti/lopullinen/KTAS/0188962-2/2026,ok,1290f5aafe627a152f8bae4d5c2d6ef6def8600a1e59397bb2d40cac7bab144d,158,32,10,20,,2026-08-18T16:46:35Z
0189019-9,KTAS,2026,lopullinen,https://prodkuntarest.westeurope.cloudapp.azure.com/rest/v1/json/dokumentti/lopullinen/KTAS/0189019-9/2026,ok,fcf95481e5167574428e992533a1285067b189d7e9d1206e496387ccd67b7169,158,32,7,20,,2026-08-18T16:46:35Z
0189081-8,KTAS,2026,lopullinen,https://prodkuntarest.westeurope.cloudapp.azure.com/rest/v1/json/dokumentti/lopullinen/KTAS/0189081-8/2026,ok,3805593e5febcb037ac5b108a2c9ce38a1199ac4e670e202f37ff63e87390ee2,158,32,6,20,,2026-08-18T16:46:35Z
0189127-1,KTAS,2026,lopullinen,https://prodkuntarest.westeurope.cloudapp.azure.com/rest/v1/json/dokumentti/lopullinen/KTAS/0189127-1/2026,ok,c3db2f3ab116cbc0863ac595455f3b0cbc3a1dbf228a07164b2bf47a76d51833,158,32,11,20,,2026-08-18T16:46:35Z
0189226-6,KTAS,2026,lopullinen,https://prodkuntarest.westeurope.cloudapp.azure.com/rest/v1/json/dokumentti/lopullinen/KTAS/0189226-6/2026,ok,0e3a3a05b103506fbfcb49c838cfcd0c8efcdeb98d2bce00b10331d7b81dd77e,158,32,7,20,,2026-08-18T16:46:35Z
0189548-3,KTAS,2026,lopullinen,https://prodkuntarest.westeurope.cloudapp.azure.com/rest/v1/json/dokumentti/lopullinen/KTAS/0189548-3/2026,ok,3263dbdfac3fd3c3fc3e59be327cc871321a6a241785086f17d87de9653ac8a9,158,32,8,20,,2026-08-18T16:46:35Z
0189576-6,KTAS,2026,lopullinen,https://prodkuntarest.westeurope.cloudapp.azure.com/rest/v1/json/dokumentti/lopullinen/KTAS/0189576-6/2026,ok,a9e803c57d3d74ce61ca8a6cac95678dc03164aaa74010af198f369c4605ae35,158,32,5,20,,2026-08-18T16:46:35Z
0189615-2,KTAS,2026,lopullinen,https://prodkuntarest.westeurope.cloudapp.azure.com/rest/v1/json/dokumentti/lopullinen/KTAS/0189615-2/2026,ok,a675734eeb404fa20ad82c1d2b2262bb7e5dc7f45218967eed79a7c8280fa124,158,32,6,20,,2026-08-18T16:46:35Z
0189766-5,KTAS,2026,lopullinen,https://prodkuntarest.westeurope.cloudapp.azure.com/rest/v1/json/dokumentti/lopullinen/KTAS/0189766-5/2026,ok,0794053138a692ef0b45fc48b00da01512155c43e8ce8cdb2cf20809f61c1c91,160,32,9,20,,2026-08-18T16:46:35Z
0189925-7,KTAS,2026,lopullinen,https://prodkuntarest.westeurope.cloudapp.azure.com/rest/v1/json/dokumentti/lopullinen/KTAS/0189925-7/2026,ok,4867b54e1fca3c53a393f34307e4c156089f7d45b48fadd7c04854dfb4598777,158,32,7,20,,2026-08-18T16:46:35Z
0190027-0,KTAS,2026,lopullinen,https://prodkuntarest.westeurope.cloudapp.azure.com/rest/v1/json/dokumentti/lopullinen/KTAS/0190027-0/2026,ok,ebeb7e94880eb3846ae43027c2274111b7644627d34cac04cd5b7881de20ef65,158,32,6,20,,2026-08-18T16:46:35Z
0190100-3,KTAS,2026,lopullinen,https://prodkuntarest.westeurope.cloudapp.azure.com/rest/v1/json/dokumentti/lopullinen/KTAS/0190100-3/2026,ok,82e6ebb4b248db8603c54efec7e104b583152dcd8aec25c3fc17d6b35edf0ac8,158,32,7,20,,2026-08-18T16:46:35Z
0190140-9,KTAS,2026,lopullinen,https://prodkuntarest.westeurope.cloudapp.azure.com/rest/v1/json/dokumentti/lopullinen/KTAS/0190140-9/2026,ok,8f34536f305c0f9d05cd68abc213d8710b8ce0b6d32580f7bf213abe538e5faf,158,32,6,20,,2026-08-18T16:46:35Z
0190224-1,KTAS,2026,lopullinen,https://prodkuntarest.westeurope.cloudapp.azure.com/rest/v1/json/dokumentti/lopullinen/KTAS/0190224-1/2026,ok,21df7fd69d4300cdc5f1ee520c60ce6120f21931565fa6ca2ecdc1d043e4a228,158,32,8,20,,2026-08-18T16:46:35Z
0190557-3,KTAS,2026,lopullinen,https://prodkuntarest.westeurope.cloudapp.azure.com/rest/v1/json/dokumentti/lopullinen/KTAS/0190557-3/2026,ok,c8815a2653c1e3f910e7079aee9996cc9a1829250243b24a7f42f3a5a29ec5f5,158,32,9,20,,2026-08-18T16:46:35Z
0190662-1,KTAS,2026,lopullinen,https://prodkuntarest.westeurope.cloudapp.azure.com/rest/v1/json/dokumentti/lopullinen/KTAS/0190662-1/2026,ok,e76dd091866a2e4506e3b6c6dffbca5fe37405f85663cc61ec263ae54f3af59f,158,32,7,20,,2026-08-18T16:46:35Z
0190758-7,KTAS,2026,lopullinen,https://prodkuntarest.westeurope.cloudapp.azure.com/rest/v1/json/dokumentti/lopullinen/KTAS/0190758-7/2026,ok,b505221bbaa779ce52aeb51f0246e7fbb1ca8fec17246285936ac985b0b73043,158,32,9,20,,2026-08-18T16:46:35Z
0191406-6,KTAS,2026,lopullinen,https://prodkuntarest.westeurope.cloudapp.azure.com/rest/v1/json/dokumentti/lopullinen/KTAS/0191406-6/2026,ok,a942909a8bf401772f4d911a93a27c77b3a97411c7b5ff64186624cf2f5206df,158,32,12,20,,2026-08-18T16:46:35Z
0191528-8,KTAS,2026,lopullinen,https://prodkuntarest.westeurope.cloudapp.azure.com/rest/v1/json/dokumentti/lopullinen/KTAS/0191528-8/2026,ok,92e3c347330ab8c63bf6d898c92be7d95991669f4f5c17cec1b1849d8875821f,158,32,11,20,,2026-08-18T16:46:35Z
0191717-9,KTAS,2026,lopullinen,https://prodkuntarest.westeurope.cloudapp.azure.com/rest/v1/json/dokumentti/lopullinen/KTAS/0191717-9/2026,ok,b028068fe30751fb3a16503e30d95dc3f45222077729dc6cc7780ba5b67f41be,158,32,7,20,,2026-08-18T16:46:35Z
0191824-3,KTAS,2026,lopullinen,https://prodkuntarest.westeurope.cloudapp.azure.com/rest/v1/json/dokumentti/lopullinen/KTAS/0191824-3/2026,ok,ee04ec6f02e69e6b5647ae92a84d70ef07bf767d3d7c392f0b132dfb7957550b,160,32,7,20,,2026-08-18T16:46:35Z
0191866-5,KTAS,2026,lopullinen,https://prodkuntarest.westeurope.cloudapp.azure.com/rest/v1/json/dokumentti/lopullinen/KTAS/0191866-5/2026,ok,f0b6c1cea98a0272fbdd0a3707fe4016da138180802a7c362a2e65a4775df81c,158,32,7,20,,2026-08-18T16:46:35Z
0191908-6,KTAS,2026,lopullinen,https://prodkuntarest.westeurope.cloudapp.azure.com/rest/v1/json/dokumentti/lopullinen/KTAS/0191908-6/2026,ok,25e0fe9aca454d9a1e1a0482b1a4eeccbef26f7447ffe9525380dfde7fa5f57d,160,32,4,20,,2026-08-18T16:46:35Z
0191974-8,KTAS,2026,lopullinen,https://prodkuntarest.westeurope.cloudapp.azure.com/rest/v1/json/dokumentti/lopullinen/KTAS/0191974-8/2026,ok,25107802d4bd6330c0f38be494eaa2e5a44e1c695791443d0a79fe0b823c626e,158,32,7,20,,2026-08-18T16:46:35Z
0192936-4,KTAS,2026,lopullinen,https://prodkuntarest.westeurope.cloudapp.azure.com/rest/v1/json/dokumentti/lopullinen/KTAS/0192936-4/2026,ok,232288bdb01dfeb06d71dc723fa9dc1358d69fa2d27e7f2373b618b8eb8efa53,158,32,7,20,,2026-08-18T16:46:35Z
0193015-4,KTAS,2026,lopullinen,https://prodkuntarest.westeurope.cloudapp.azure.com/rest/v1/json/dokumentti/lopullinen/KTAS/0193015-4/2026,ok,780bc3a5b0edab7874b911322658ed8715f049d85dc6cb71d4db5709ba622d19,158,32,9,20,,2026-08-18T16:46:35Z
0193169-1,KTAS,2026,lopullinen,https://prodkuntarest.westeurope.cloudapp.azure.com/rest/v1/json/dokumentti/lopullinen/KTAS/0193169-1/2026,ok,a032c7504f8c29bff3c6362d6c2742d3ed90d36f2a3aca9f84607dace8dea371,158,32,7,20,,2026-08-18T16:46:35Z
0193249-1,KTAS,2026,lopullinen,https://prodkuntarest.westeurope.cloudapp.azure.com/rest/v1/json/dokumentti/lopullinen/KTAS/0193249-1/2026,ok,6c37b98fd7bd7038b22847450b605111d4f6f82e81d8c467e36411bbdde22d1a,160,32,11,20,,2026-08-18T16:46:35Z
0193524-6,KTAS,2026,lopullinen,https://prodkuntarest.westeurope.cloudapp.azure.com/rest/v1/json/dokumentti/lopullinen/KTAS/0193524-6/2026,ok,f31b6e2c839a877ebe62da4b0db1162fdd7d1891c72c0ccfcb1555f8991cd62f,160,32,7,20,,2026-08-18T16:46:35Z
0193729-2,KTAS,2026,lopullinen,https://prodkuntarest.westeurope.cloudapp.azure.com/rest/v1/json/dokumentti/lopullinen/KTAS/0193729-2/2026,ok,72e35820c5b1e3dd239080a67dcf2cee2e24723e5114c37ca7d507102544b0a6,158,32,3,20,,2026-08-18T16:46:35Z
0198517-1,KTAS,2026,jalkikorjattu,https://prodkuntarest.westeurope.cloudapp.azure.com/rest/v1/json/dokumentti/jalkikorjattu/KTAS/0198517-1/2026,ok,8bb7be4a9455507bb198bfb3969659d8057628f43bfdc7b0a58996d99b7b6e35,160,32,8,20,,2026-08-18T16:46:35Z
0201256-6,KTAS,2026,lopullinen,https://prodkuntarest.westeurope.cloudapp.azure.com/rest/v1/json/dokumentti/lopullinen/KTAS/0201256-6/2026,ok,569a71c2baab0439e7dd70eeed71b753639a4545a7a28794cb2c0a656bdeeb8d,158,32,6,20,,2026-08-18T16:46:35Z
0201296-1,KTAS,2026,lopullinen,https://prodkuntarest.westeurope.cloudapp.azure.com/rest/v1/json/dokumentti/lopullinen/KTAS/0201296-1/2026,ok,04f19ba6117d935054560a5acddfddd87465deb0d37f059a4b27b05014d49ce6,158,32,0,0,,2026-08-18T16:46:35Z
0202691-7,KTAS,2026,lopullinen,https://prodkuntarest.westeurope.cloudapp.azure.com/rest/v1/json/dokumentti/lopullinen/KTAS/0202691-7/2026,ok,ef5d80fb264f25ca990333d425d23b6e4277432ab7906e865a481d0082abd57b,158,32,7,20,,2026-08-18T16:46:35Z
0203026-2,KTAS,2026,lopullinen,https://prodkuntarest.westeurope.cloudapp.azure.com/rest/v1/json/dokumentti/lopullinen/KTAS/0203026-2/2026,ok,3c14f376742ae4e9163ab314d83c6117de370494034a11181af7d9486634bf11,158,32,0,0,,2026-08-18T16:46:35Z
0203107-0,KTAS,2026,lopullinen,https://prodkuntarest.westeurope.cloudapp.azure.com/rest/v1/json/dokumentti/lopullinen/KTAS/0203107-0/2026,ok,970c8b84ad2bf4b4a85c8909f11bad2aecefabd4edd61dfdfc9a95ca6cd7a7d0,160,32,6,20,,2026-08-18T16:46:35Z
0203135-3,KTAS,2026,lopullinen,https://prodkuntarest.westeurope.cloudapp.azure.com/rest/v1/json/dokumentti/lopullinen/KTAS/0203135-3/2026,ok,66ee5d874ab3fa533a2bca42b9fa139bea652e624a79c549fb9423d7ca9fb702,158,32,2,20,,2026-08-18T16:46:35Z
0203167-9,KTAS,2026,lopullinen,https://prodkuntarest.westeurope.cloudapp.azure.com/rest/v1/json/dokumentti/lopullinen/KTAS/0203167-9/2026,ok,e197918c43d23f9fef5e4018e6906e241b82571889a244f18c589356782a4dec,160,32,5,20,,2026-08-18T16:46:35Z
0203263-9,KTAS,2026,lopullinen,https://prodkuntarest.westeurope.cloudapp.azure.com/rest/v1/json/dokumentti/lopullinen/KTAS/0203263-9/2026,ok,50654a431e2e54063a4d5ca8fc0104e947fdba59f1669c607e037bbd77de29e4,158,32,8,20,,2026-08-18T16:46:35Z
0203282-3,KTAS,2026,lopullinen,https://prodkuntarest.westeurope.cloudapp.azure.com/rest/v1/json/dokumentti/lopullinen/KTAS/0203282-3/2026,ok,2d94924a9bdc1194954d1d25699079807d07b0a797c7744018bb2b32a9ee5b20,158,32,7,20,,2026-08-18T16:46:35Z
0203394-9,KTAS,2026,lopullinen,https://prodkuntarest.westeurope.cloudapp.azure.com/rest/v1/json/dokumentti/lopullinen/KTAS/0203394-9/2026,ok,346ef6727dccfe12becc4eb251c71aa1b43a5ba220bebca5fca03b8c5efc190a,158,32,2,20,,2026-08-18T16:46:35Z
0203533-8,KTAS,2026,lopullinen,https://prodkuntarest.westeurope.cloudapp.azure.com/rest/v1/json/dokumentti/lopullinen/KTAS/0203533-8/2026,ok,0f85be7b1776f50b08795b13fd414aa96a7012554ddfcefa3b23c8e10a73126a,160,32,6,20,,2026-08-18T16:46:35Z
0203762-4,KTAS,2026,lopullinen,https://prodkuntarest.westeurope.cloudapp.azure.com/rest/v1/json/dokumentti/lopullinen/KTAS/0203762-4/2026,ok,cbfeeb2fd6fd39e45040a0d3208b62aa547c25b31b99132980b1207d416bc1d6,160,32,6,20,,2026-08-18T16:46:35Z
0203797-4,KTAS,2026,lopullinen,https://prodkuntarest.westeurope.cloudapp.azure.com/rest/v1/json/dokumentti/lopullinen/KTAS/0203797-4/2026,ok,fb4f358278a970b77e8778f89085cd73e6f6a6eeab006f1f4b1c07070e35cd18,158,32,11,20,,2026-08-18T16:46:35Z
0203925-9,KTAS,2026,lopullinen,https://prodkuntarest.westeurope.cloudapp.azure.com/rest/v1/json/dokumentti/lopullinen/KTAS/0203925-9/2026,ok,f54bffaa999b7bf7beeaa2c1bf02c15a604f55f61481e2a9b4aee6c18a66c48d,158,32,4,20,,2026-08-18T16:46:35Z
0203929-1,KTAS,2026,lopullinen,https://prodkuntarest.westeurope.cloudapp.azure.com/rest/v1/json/dokumentti/lopullinen/KTAS/0203929-1/2026,ok,43116642ed991eb9358d83677ca8c6e500ecb19fdb3e72e2bd8b4a976fd98c53,158,32,6,20,,2026-08-18T16:46:35Z
0204023-3,KTAS,2026,lopullinen,https://prodkuntarest.westeurope.cloudapp.azure.com/rest/v1/json/dokumentti/lopullinen/KTAS/0204023-3/2026,ok,07f5abf26dd19dc086309977d8f6c216d84345f893257d759b635af0f85ed045,158,32,3,20,,2026-08-18T16:46:35Z
0204064-7,KTAS,2026,lopullinen,https://prodkuntarest.westeurope.cloudapp.azure.com/rest/v1/json/dokumentti/lopullinen/KTAS/0204064-7/2026,ok,dbfb9e4132c062f8daaeaa6c6a49b0755d87ddf6a763dbef59eed734fc0ade60,160,32,9,20,,2026-08-18T16:46:35Z
0204403-1,KTAS,2026,lopullinen,https://prodkuntarest.westeurope.cloudapp.azure.com/rest/v1/json/dokumentti/lopullinen/KTAS/0204403-1/2026,ok,571097f8756d719a0003b64347f4317321725e9bbb2d219c5c0cf58fbe6cee44,160,32,5,20,,2026-08-18T16:46:35Z
0204419-7,KTAS,2026,lopullinen,https://prodkuntarest.westeurope.cloudapp.azure.com/rest/v1/json/dokumentti/lopullinen/KTAS/0204419-7/2026,ok,097b6200fe31b17acb6fe29c9e779687f8670241cc06f1d3f194e20642fd6ebf,158,32,3,20,,2026-08-18T16:46:35Z
0204427-7,KTAS,2026,lopullinen,https://prodkuntarest.westeurope.cloudapp.azure.com/rest/v1/json/dokumentti/lopullinen/KTAS/0204427-7/2026,ok,1a458f2564fd0f86888eea5484d15734feb3bc6831113259acb2e93401d2c05f,158,32,4,20,,2026-08-18T16:46:35Z
0204428-5,KTAS,2026,lopullinen,https://prodkuntarest.westeurope.cloudapp.azure.com/rest/v1/json/dokumentti/lopullinen/KTAS/0204428-5/2026,ok,7d39af719bfd86cc2322f182778e667bdc2214433905f8e6387a621a816b305c,158,32,2,20,,2026-08-18T16:46:35Z
0204524-5,KTAS,2026,lopullinen,https://prodkuntarest.westeurope.cloudapp.azure.com/rest/v1/json/dokumentti/lopullinen/KTAS/0204524-5/2026,ok,901f48019e9e4b0dbd76f8894b026f48a5175f538a45b9519a44ac753b0ab0ce,160,32,9,20,,2026-08-18T16:46:35Z
0204819-8,KTAS,2026,lopullinen,https://prodkuntarest.westeurope.cloudapp.azure.com/rest/v1/json/dokumentti/lopullinen/KTAS/0204819-8/2026,ok,fbd6974994efd02ee7ea4f4078b94b835b1e83c8639afdb090db72fd35f8c222,158,32,8,20,,2026-08-18T16:46:35Z
0204910-7,KTAS,2026,lopullinen,https://prodkuntarest.westeurope.cloudapp.azure.com/rest/v1/json/dokumentti/lopullinen/KTAS/0204910-7/2026,ok,251b828d99e6471dbec44ca516f97ccb30ed56b16adc94c55865c4f8e50ba00d,158,32,6,20,,2026-08-18T16:46:35Z
0204964-1,KTAS,2026,lopullinen,https://prodkuntarest.westeurope.cloudapp.azure.com/rest/v1/json/dokumentti/lopullinen/KTAS/0204964-1/2026,ok,cbd7983304281d5e626f476cd38f926932206218703f05a593f80fb8a3e063fe,158,32,12,20,,2026-08-18T16:46:35Z
0205303-4,KTAS,2026,lopullinen,https://prodkuntarest.westeurope.cloudapp.azure.com/rest/v1/json/dokumentti/lopullinen/KTAS/0205303-4/2026,ok,9f09a08425c53f8a7010c3b78a6f2db17595e7d5a3047a18c562390e4af83c36,158,32,7,20,,2026-08-18T16:46:35Z
0205717-4,KTAS,2026,lopullinen,https://prodkuntarest.westeurope.cloudapp.azure.com/rest/v1/json/dokumentti/lopullinen/KTAS/0205717-4/2026,ok,d8449de45d2f180efe0146291d8a3d6a76e43e931ba7c0d3474e8e80b39a54aa,160,32,12,20,,2026-08-18T16:46:35Z
0206289-7,KTAS,2026,lopullinen,https://prodkuntarest.westeurope.cloudapp.azure.com/rest/v1/json/dokumentti/lopullinen/KTAS/0206289-7/2026,ok,87c3b68099f641932337c2f71c8b0f1100638c0b436f5ef92d5519f80da9ce7e,160,32,0,0,,2026-08-18T16:46:35Z
0206333-9,KTAS,2026,lopullinen,https://prodkuntarest.westeurope.cloudapp.azure.com/rest/v1/json/dokumentti/lopullinen/KTAS/0206333-9/2026,ok,08683053c3f7bcee0f2887d5e061ca373aa13f01a4a4a8abab51f36dc3f7c699,158,32,3,20,,2026-08-18T16:46:35Z
0206714-5,KTAS,2026,lopullinen,https://prodkuntarest.westeurope.cloudapp.azure.com/rest/v1/json/dokumentti/lopullinen/KTAS/0206714-5/2026,ok,ae65ce53748d524de32b19640d6f3c20263beee41184afff8b21c57b38613b68,158,32,0,0,,2026-08-18T16:46:35Z
0206951-1,KTAS,2026,lopullinen,https://prodkuntarest.westeurope.cloudapp.azure.com/rest/v1/json/dokumentti/lopullinen/KTAS/0206951-1/2026,ok,ae4f34f2269e6f978adf31a5c065b54c3f449fa4e408b9d0e8ad85a28840df52,158,32,11,20,,2026-08-18T16:46:35Z
0207033-6,KTAS,2026,lopullinen,https://prodkuntarest.westeurope.cloudapp.azure.com/rest/v1/json/dokumentti/lopullinen/KTAS/0207033-6/2026,ok,7d375d1a2dbfb6ecf7bd5fb33fb22484c8aefaff7cef892debcf2d3c627d192a,158,32,12,20,,2026-08-18T16:46:35Z
0207112-8,KTAS,2026,lopullinen,https://prodkuntarest.westeurope.cloudapp.azure.com/rest/v1/json/dokumentti/lopullinen/KTAS/0207112-8/2026,ok,88cc0d256f2489103036c126f835634c4fe0e7720bb8e26c56ca51c78994818b,158,32,9,20,,2026-08-18T16:46:35Z
0207390-8,KTAS,2026,jalkikorjattu,https://prodkuntarest.westeurope.cloudapp.azure.com/rest/v1/json/dokumentti/jalkikorjattu/KTAS/0207390-8/2026,ok,59c7385de65490fd590e952fc26315ef74628f2650eb7fe49c260de190050b48,158,32,6,20,,2026-08-18T16:46:35Z
0207604-1,KTAS,2026,lopullinen,https://prodkuntarest.westeurope.cloudapp.azure.com/rest/v1/json/dokumentti/lopullinen/KTAS/0207604-1/2026,ok,aa9518b23921701493d3bd803b5116a554a11f90fa184a0cb0c0fd7a575b883a,160,32,5,20,,2026-08-18T16:46:35Z
0207669-0,KTAS,2026,lopullinen,https://prodkuntarest.westeurope.cloudapp.azure.com/rest/v1/json/dokumentti/lopullinen/KTAS/0207669-0/2026,ok,34a776b45e5720dd8c44efcf0efa8d59447dd222dd61b8685c1e48e478be2a69,160,32,12,20,,2026-08-18T16:46:35Z
0208061-4,KTAS,2026,lopullinen,https://prodkuntarest.westeurope.cloudapp.azure.com/rest/v1/json/dokumentti/lopullinen/KTAS/0208061-4/2026,ok,fa743c1c409e2ec3905d2c759197c6da1fb3e8f210840c46127771d711fa0ecf,158,32,11,20,,2026-08-18T16:46:35Z
0208201-1,KTAS,2026,lopullinen,https://prodkuntarest.westeurope.cloudapp.azure.com/rest/v1/json/dokumentti/lopullinen/KTAS/0208201-1/2026,ok,0141c0c7dbec4badf7cd088e12580862043423f2dcfe4d0cec8b76ed9815544c,158,32,5,20,,2026-08-18T16:46:35Z
0208388-2,KTAS,2026,lopullinen,https://prodkuntarest.westeurope.cloudapp.azure.com/rest/v1/json/dokumentti/lopullinen/KTAS/0208388-2/2026,ok,532413f6492331a496d4393a1b5c4592a174fa653752140758668623cb01213c,160,32,8,20,,2026-08-18T16:46:35Z
0208471-1,KTAS,2026,lopullinen,https://prodkuntarest.westeurope.cloudapp.azure.com/rest/v1/json/dokumentti/lopullinen/KTAS/0208471-1/2026,ok,c2a0de1e88d808d8b3d47829f00df66e47d1f24bba3019e55a5d784d8924be26,158,32,9,20,,2026-08-18T16:46:35Z
0208573-0,KTAS,2026,lopullinen,https://prodkuntarest.westeurope.cloudapp.azure.com/rest/v1/json/dokumentti/lopullinen/KTAS/0208573-0/2026,ok,7cf613a1fc9c7480db88cd15f0ff3b86e6b969c3f63fe84fed016a01a4662251,158,32,15,20,,2026-08-18T16:46:35Z
0208589-6,KTAS,2026,lopullinen,https://prodkuntarest.westeurope.cloudapp.azure.com/rest/v1/json/dokumentti/lopullinen/KTAS/0208589-6/2026,ok,236481a15348890414310d0f5ba874d984ad4ca5dc89a521f517ff4eba86351c,158,32,9,20,,2026-08-18T16:46:35Z
0208787-5,KTAS,2026,lopullinen,https://prodkuntarest.westeurope.cloudapp.azure.com/rest/v1/json/dokumentti/lopullinen/KTAS/0208787-5/2026,ok,aa3f6f8f42e3b89cb0a03be3837b59eb16e27866d268704ba623d58c6d620d15,160,32,7,20,,2026-08-18T16:46:35Z
0208852-8,KTAS,2026,lopullinen,https://prodkuntarest.westeurope.cloudapp.azure.com/rest/v1/json/dokumentti/lopullinen/KTAS/0208852-8/2026,ok,201e33e396e2653c7b58036786d6b511a21b1ff062b46f84545fab64898fb761,158,32,7,20,,2026-08-18T16:46:35Z
0208916-8,KTAS,2026,lopullinen,https://prodkuntarest.westeurope.cloudapp.azure.com/rest/v1/json/dokumentti/lopullinen/KTAS/0208916-8/2026,ok,473e943f304ba2a98038afdb6529e792b818651367fa89b4aa54ef174ecd2e5b,160,32,5,20,,2026-08-18T16:46:35Z
0209021-4,KTAS,2026,lopullinen,https://prodkuntarest.westeurope.cloudapp.azure.com/rest/v1/json/dokumentti/lopullinen/KTAS/0209021-4/2026,ok,d080a584b98132ec7fa566a37c13cd9ab074d2ee01644eb12c3cb71162c55754,158,32,1,20,,2026-08-18T16:46:35Z
0209046-8,KTAS,2026,lopullinen,https://prodkuntarest.westeurope.cloudapp.azure.com/rest/v1/json/dokumentti/lopullinen/KTAS/0209046-8/2026,ok,d2023c3addb4999b636a4b79a853178392f19e72227c1366e0d94b305ea60d01,158,32,14,20,,2026-08-18T16:46:35Z
0209113-7,KTAS,2026,lopullinen,https://prodkuntarest.westeurope.cloudapp.azure.com/rest/v1/json/dokumentti/lopullinen/KTAS/0209113-7/2026,ok,07a1a212d15bc766b9b5060aa80e05b563488a51f854bfe6b8ded219bb0efb90,158,32,3,20,,2026-08-18T16:46:35Z
0209242-0,KTAS,2026,lopullinen,https://prodkuntarest.westeurope.cloudapp.azure.com/rest/v1/json/dokumentti/lopullinen/KTAS/0209242-0/2026,ok,e7d5c25d7ce392f842a022d5db2c21db9f92fe34128f4c71548da0c4c1149d85,158,32,2,20,,2026-08-18T16:46:35Z
0209602-6,KTAS,2026,lopullinen,https://prodkuntarest.westeurope.cloudapp.azure.com/rest/v1/json/dokumentti/lopullinen/KTAS/0209602-6/2026,ok,b6092a0a8a6b3c01cb4b4ab9118c3fd6a8695c82b22e5c3c12e158ba9cdebb7c,158,32,8,20,,2026-08-18T16:46:35Z
0209756-3,KTAS,2026,lopullinen,https://prodkuntarest.westeurope.cloudapp.azure.com/rest/v1/json/dokumentti/lopullinen/KTAS/0209756-3/2026,ok,87532e5c33a5b9e17c8aaebc037585209b3cf534b17271900b3160411231c23f,160,32,7,20,,2026-08-18T16:46:35Z
0210007-2,KTAS,2026,lopullinen,https://prodkuntarest.westeurope.cloudapp.azure.com/rest/v1/json/dokumentti/lopullinen/KTAS/0210007-2/2026,ok,f7934a9a94a3ed363de09c1550de2d08e77c62e88e4d352e1cd270fe794ea1ef,158,32,1,20,,2026-08-18T16:46:35Z
0210010-1,KTAS,2026,lopullinen,https://prodkuntarest.westeurope.cloudapp.azure.com/rest/v1/json/dokumentti/lopullinen/KTAS/0210010-1/2026,ok,6b9ee4191a38d3e10b9240ec086c72c025a294d4e7cb8323b6533c2aad6616aa,158,32,7,20,,2026-08-18T16:46:35Z
0210261-7,KTAS,2026,lopullinen,https://prodkuntarest.westeurope.cloudapp.azure.com/rest/v1/json/dokumentti/lopullinen/KTAS/0210261-7/2026,ok,aa2bc654d01d973a413235d2d2fb878d2759a1a4fe2875c777caeba064a54ccc,160,32,13,20,,2026-08-18T16:46:35Z
0210287-9,KTAS,2026,lopullinen,https://prodkuntarest.westeurope.cloudapp.azure.com/rest/v1/json/dokumentti/lopullinen/KTAS/0210287-9/2026,ok,fdcc6fe79d5635ca7ea3087062981b0b6704cba94bc3c7ed01c2dab1c09fe461,158,32,6,20,,2026-08-18T16:46:35Z
0210427-6,KTAS,2026,lopullinen,https://prodkuntarest.westeurope.cloudapp.azure.com/rest/v1/json/dokumentti/lopullinen/KTAS/0210427-6/2026,ok,1b9209f2d8db440fe25be4dcc249de989a509d95a4812fa3ed0550c9cd13f8b5,158,32,13,20,,2026-08-18T16:46:35Z
0210469-8,KTAS,2026,jalkikorjattu,https://prodkuntarest.westeurope.cloudapp.azure.com/rest/v1/json/dokumentti/jalkikorjattu/KTAS/0210469-8/2026,ok,c0a58bd32c42ad84c1f0911a97ffd11e761ce3919e95c2df220d879fb250963b,158,32,9,20,,2026-08-18T16:46:35Z
0210526-0,KTAS,2026,lopullinen,https://prodkuntarest.westeurope.cloudapp.azure.com/rest/v1/json/dokumentti/lopullinen/KTAS/0210526-0/2026,ok,bc39762d38f7607a26dd9ef382680dc9dc88f71d7430a04e61df1c36c3b54592,158,32,0,0,,2026-08-18T16:46:35Z
0210704-7,KTAS,2026,lopullinen,https://prodkuntarest.westeurope.cloudapp.azure.com/rest/v1/json/dokumentti/lopullinen/KTAS/0210704-7/2026,ok,bb5a7e0686b0909e5f2de2b412d8992224f7a9726af626b1a82e86d2e97a44f1,158,32,0,0,,2026-08-18T16:46:35Z
0210826-9,KTAS,2026,lopullinen,https://prodkuntarest.westeurope.cloudapp.azure.com/rest/v1/json/dokumentti/lopullinen/KTAS/0210826-9/2026,ok,ea82344b9151f6eaae009608afb57f26248b8eeb4a2f24238e8c703f258bcee8,158,32,6,20,,2026-08-18T16:46:35Z
0211675-2,KTAS,2026,lopullinen,https://prodkuntarest.westeurope.cloudapp.azure.com/rest/v1/json/dokumentti/lopullinen/KTAS/0211675-2/2026,ok,db1548f7f4da0abc2079e598d35f60ebf62173c1f6521eadc96328dc612acf36,158,32,8,20,,2026-08-18T16:46:35Z
0212371-7,KTAS,2026,lopullinen,https://prodkuntarest.westeurope.cloudapp.azure.com/rest/v1/json/dokumentti/lopullinen/KTAS/0212371-7/2026,ok,b083b5fd84bba7d0c65d6939cfbb6132318bd8ba202d5e95f58914c89d28fa74,158,32,0,0,,2026-08-18T16:46:35Z
0213007-9,KTAS,2026,lopullinen,https://prodkuntarest.westeurope.cloudapp.azure.com/rest/v1/json/dokumentti/lopullinen/KTAS/0213007-9/2026,ok,05fdf6ecccf17f21d89580a188b7aaef6909a23a68f75b167cebb817d02f3e43,158,32,9,20,,2026-08-18T16:46:35Z
0213834-5,KTAS,2026,lopullinen,https://prodkuntarest.westeurope.cloudapp.azure.com/rest/v1/json/dokumentti/lopullinen/KTAS/0213834-5/2026,ok,6e6b2da8a1e99bb8587b2cb0ce8dd9ca3f9ab3a17a9ccf65d55f9218cdaa9a8e,158,32,6,20,,2026-08-18T16:46:35Z
0214765-5,KTAS,2026,lopullinen,https://prodkuntarest.westeurope.cloudapp.azure.com/rest/v1/json/dokumentti/lopullinen/KTAS/0214765-5/2026,ok,f1be93418fd43f73e70e495cb38b1447dc6155126be7b87df5da03d1e7b7882b,160,32,9,20,,2026-08-18T16:46:35Z
0214958-9,KTAS,2026,lopullinen,https://prodkuntarest.westeurope.cloudapp.azure.com/rest/v1/json/dokumentti/lopullinen/KTAS/0214958-9/2026,ok,be122e45edb1b8274982948b24d1dd78307965c3d77173a9b8bb9efaa6e2142f,160,32,7,20,,2026-08-18T16:46:35Z
0215610-5,KTAS,2026,lopullinen,https://prodkuntarest.westeurope.cloudapp.azure.com/rest/v1/json/dokumentti/lopullinen/KTAS/0215610-5/2026,ok,924da6ec9295135f9a29eeda2b373470f9198a2db92a29a9b0bc9a0ca137870c,158,32,2,20,,2026-08-18T16:46:35Z
0215839-7,KTAS,2026,lopullinen,https://prodkuntarest.westeurope.cloudapp.azure.com/rest/v1/json/dokumentti/lopullinen/KTAS/0215839-7/2026,ok,78b23be4742ccd0c6eb13a7d89aacc0fb4d40d7c3c310dd53c933912ed3a4e0d,158,32,1,20,,2026-08-18T16:46:35Z
0216509-5,KTAS,2026,lopullinen,https://prodkuntarest.westeurope.cloudapp.azure.com/rest/v1/json/dokumentti/lopullinen/KTAS/0216509-5/2026,ok,5109ab3540a8e66e84aa47c3326b7ae2cfde1c819e4d50ec8e66402471d96b33,158,32,14,20,,2026-08-18T16:46:35Z
0217865-4,KTAS,2026,lopullinen,https://prodkuntarest.westeurope.cloudapp.azure.com/rest/v1/json/dokumentti/lopullinen/KTAS/0217865-4/2026,ok,826070ba95c1fb6ee89787ebfe07b5f2ccdc3fca33cef42c6f1a01daabde586f,158,32,3,20,,2026-08-18T16:46:35Z
0242496-6,KTAS,2026,lopullinen,https://prodkuntarest.westeurope.cloudapp.azure.com/rest/v1/json/dokumentti/lopullinen/KTAS/0242496-6/2026,ok,dbc71304002f27f5d3d062a03a4d493666a3d385b1f2cd7a52b993730db236f7,158,32,10,20,,2026-08-18T16:46:35Z
0242746-2,KTAS,2026,lopullinen,https://prodkuntarest.westeurope.cloudapp.azure.com/rest/v1/json/dokumentti/lopullinen/KTAS/0242746-2/2026,ok,bfb17e12f9efb7329a09e2c4fff088ba537063a0ed9aa9580108e6ee41224c7b,160,32,23,20,,2026-08-18T16:46:35Z
0242816-6,KTAS,2026,lopullinen,https://prodkuntarest.westeurope.cloudapp.azure.com/rest/v1/json/dokumentti/lopullinen/KTAS/0242816-6/2026,ok,57af8a996487fca6fb0c1802853861a58e4b8a7196729f950b04845ec22f0328,158,32,2,20,,2026-08-18T16:46:35Z
0243027-4,KTAS,2026,lopullinen,https://prodkuntarest.westeurope.cloudapp.azure.com/rest/v1/json/dokumentti/lopullinen/KTAS/0243027-4/2026,ok,8db37db01ed717b403763ec535207a37afb68e260e0f7487aa8da5f3afb14281,158,32,5,20,,2026-08-18T16:46:35Z
0502454-6,KTAS,2026,lopullinen,https://prodkuntarest.westeurope.cloudapp.azure.com/rest/v1/json/dokumentti/lopullinen/KTAS/0502454-6/2026,ok,45b31f2b98a2ddad1a38ff22a1014472dfa7f2aa77b72793ff9443cd05ab0d92,158,32,9,20,,2026-08-18T16:46:35Z
0626288-8,KTAS,2026,lopullinen,https://prodkuntarest.westeurope.cloudapp.azure.com/rest/v1/json/dokumentti/lopullinen/KTAS/0626288-8/2026,ok,47be266782d4849eee0d9cd7d78ae882c746e85016e0ee4bb6dfe28bdb49de24,158,32,4,20,,2026-08-18T16:46:35Z
0783597-5,KTAS,2026,lopullinen,https://prodkuntarest.westeurope.cloudapp.azure.com/rest/v1/json/dokumentti/lopullinen/KTAS/0783597-5/2026,ok,be24f41d5ed6ae5ee85539dc11bb12181eb60d41ead20842e369da8bdd386be9,158,32,0,0,,2026-08-18T16:46:35Z
0796234-1,KTAS,2026,lopullinen,https://prodkuntarest.westeurope.cloudapp.azure.com/rest/v1/json/dokumentti/lopullinen/KTAS/0796234-1/2026,ok,ce56e340f75f833d40e59e3591d62f3edb3abaa59e6706de69650348d498f87d,160,32,8,20,,2026-08-18T16:46:35Z
0823246-3,KTAS,2026,lopullinen,https://prodkuntarest.westeurope.cloudapp.azure.com/rest/v1/json/dokumentti/lopullinen/KTAS/0823246-3/2026,ok,fb6968b7a35c9dcc59122c97a4e42263b8350f413e6d3bef94e61fe7248423de,160,32,6,20,,2026-08-18T16:46:35Z
0826048-0,KTAS,2026,lopullinen,https://prodkuntarest.westeurope.cloudapp.azure.com/rest/v1/json/dokumentti/lopullinen/KTAS/0826048-0/2026,ok,1b090f93db22dd34d900a042240fa08550a7dfb36f8571323619b2fbe884c4ee,158,32,2,20,,2026-08-18T16:46:35Z
0827616-7,KTAS,2026,lopullinen,https://prodkuntarest.westeurope.cloudapp.azure.com/rest/v1/json/dokumentti/lopullinen/KTAS/0827616-7/2026,ok,1de676f2ae446f261930dc16511e09ffe15f2e407233f659e45120e3c84a732a,158,32,1,20,,2026-08-18T16:46:35Z
0828308-4,KTAS,2026,lopullinen,https://prodkuntarest.westeurope.cloudapp.azure.com/rest/v1/json/dokumentti/lopullinen/KTAS/0828308-4/2026,ok,df3d030edf1e08b76bad85e194c476f1f86cc78e05a53f4d7019962892f81e7a,158,32,1,20,,2026-08-18T16:46:35Z
0830155-3,KTAS,2026,lopullinen,https://prodkuntarest.westeurope.cloudapp.azure.com/rest/v1/json/dokumentti/lopullinen/KTAS/0830155-3/2026,ok,c8e070ece8a19b3fe77d4cd0305a6883b51dc7c7cce56d13097015e776e47566,158,32,2,20,,2026-08-18T16:46:35Z
0830322-5,KTAS,2026,lopullinen,https://prodkuntarest.westeurope.cloudapp.azure.com/rest/v1/json/dokumentti/lopullinen/KTAS/0830322-5/2026,ok,d849875a2979118c972d5bbef150d9d6070cb62a47a9d96536d119de88602e48,158,32,0,0,,2026-08-18T16:46:35Z
0869462-5,KTAS,2026,lopullinen,https://prodkuntarest.westeurope.cloudapp.azure.com/rest/v1/json/dokumentti/lopullinen/KTAS/0869462-5/2026,ok,713e07f1ad0bd8e86e640c255fbe229dec96642fed444e3b2686c86e2463c68d,158,32,0,0,,2026-08-18T16:46:35Z
0922305-9,KTAS,2026,lopullinen,https://prodkuntarest.westeurope.cloudapp.azure.com/rest/v1/json/dokumentti/lopullinen/KTAS/0922305-9/2026,ok,e5de0449d9d8116c341f939408606c77c9d7c9022cf4dc0b96379944dfa2f152,158,32,0,0,,2026-08-18T16:46:35Z
0922484-4,KTAS,2026,lopullinen,https://prodkuntarest.westeurope.cloudapp.azure.com/rest/v1/json/dokumentti/lopullinen/KTAS/0922484-4/2026,ok,b1b2779cf2b44cc8607cf60fc62d96d83d78b7bc3a5333f334733d5218f506a7,158,32,0,0,,2026-08-18T16:46:35Z
0927140-5,KTAS,2026,lopullinen,https://prodkuntarest.westeurope.cloudapp.azure.com/rest/v1/json/dokumentti/lopullinen/KTAS/0927140-5/2026,ok,64379465754ee65ac499dc9615799e2c89b171dc3e7e0ce8ab3cfa1b17b29f9a,158,32,2,20,,2026-08-18T16:46:35Z
0937073-7,KTAS,2026,lopullinen,https://prodkuntarest.westeurope.cloudapp.azure.com/rest/v1/json/dokumentti/lopullinen/KTAS/0937073-7/2026,ok,6a06641d43182c21711481386a8682fcb81d0fa32bde640b7954ee98518178d5,158,32,3,20,,2026-08-18T16:46:35Z
0955281-3,KTAS,2026,lopullinen,https://prodkuntarest.westeurope.cloudapp.azure.com/rest/v1/json/dokumentti/lopullinen/KTAS/0955281-3/2026,ok,14884b66f3aba338370f84c23e5afae9180957af1deac8f7cfe3aa4de0acce33,160,32,1,20,,2026-08-18T16:46:35Z
0959806-1,KTAS,2026,lopullinen,https://prodkuntarest.westeurope.cloudapp.azure.com/rest/v1/json/dokumentti/lopullinen/KTAS/0959806-1/2026,ok,cdd6643741117d1fbc38b67b1fa4c1db7d37e43bcae18589dfd6e1f18ba21ca9,158,32,0,0,,2026-08-18T16:46:35Z
0970063-6,KTAS,2026,lopullinen,https://prodkuntarest.westeurope.cloudapp.azure.com/rest/v1/json/dokumentti/lopullinen/KTAS/0970063-6/2026,ok,48febfc83b52d55a96080b701cf6486ba94caa5e48fc59e88c2e68dadb328a56,158,32,2,20,,2026-08-18T16:46:35Z
0973110-9,KTAS,2026,lopullinen,https://prodkuntarest.westeurope.cloudapp.azure.com/rest/v1/json/dokumentti/lopullinen/KTAS/0973110-9/2026,ok,79a6f11e8f8ec2b713f2ae3d8d5a9dd4ddb1385cc1f3bfb9818663d73e3e1009,158,32,6,20,,2026-08-18T16:46:35Z
0973712-1,KTAS,2026,lopullinen,https://prodkuntarest.westeurope.cloudapp.azure.com/rest/v1/json/dokumentti/lopullinen/KTAS/0973712-1/2026,ok,a1b5a450087e20046652cc21293e749c6d84b9a2483e0143bcff56e3ac86ae07,158,32,4,20,,2026-08-18T16:46:35Z
0988182-8,KTAS,2026,lopullinen,https://prodkuntarest.westeurope.cloudapp.azure.com/rest/v1/json/dokumentti/lopullinen/KTAS/0988182-8/2026,ok,85535e820e2aa12c5acf2806057b581a9168322052892906161601865bc8fd77,158,32,10,20,,2026-08-18T16:46:35Z
0992445-3,KTAS,2026,lopullinen,https://prodkuntarest.westeurope.cloudapp.azure.com/rest/v1/json/dokumentti/lopullinen/KTAS/0992445-3/2026,ok,8a682a02d7fe276c19be4a521024c956ffbd74d81e9cb074cfaeb3d40752690a,158,32,13,20,,2026-08-18T16:46:35Z
0993644-6,KTAS,2026,lopullinen,https://prodkuntarest.westeurope.cloudapp.azure.com/rest/v1/json/dokumentti/lopullinen/KTAS/0993644-6/2026,ok,06a3b250252d543fa10305ab99db5a8cc55be051a82708c9ebeabcbfcb2da5d8,160,32,0,0,,2026-08-18T16:46:35Z
1007629-5,KTAS,2026,lopullinen,https://prodkuntarest.westeurope.cloudapp.azure.com/rest/v1/json/dokumentti/lopullinen/KTAS/1007629-5/2026,ok,a8c31975fa47233a634c07ddf610f579bf2e76e07cd266f2b18dff51132c121c,158,32,9,20,,2026-08-18T16:46:35Z
1013321-0,KTAS,2026,lopullinen,https://prodkuntarest.westeurope.cloudapp.azure.com/rest/v1/json/dokumentti/lopullinen/KTAS/1013321-0/2026,ok,ff36b6e22fcab2d6fc36ba71dde7b2fb92120bea256ed1f3ddf96fc0684b371a,158,32,4,20,,2026-08-18T16:46:35Z
1025565-6,KTAS,2026,lopullinen,https://prodkuntarest.westeurope.cloudapp.azure.com/rest/v1/json/dokumentti/lopullinen/KTAS/1025565-6/2026,ok,f4e580ade01b76036ced9fe40ddca0146a1a6d188f536cc0a8bfde298df714e7,158,32,5,20,,2026-08-18T16:46:35Z
1027740-9,KTAS,2026,lopullinen,https://prodkuntarest.westeurope.cloudapp.azure.com/rest/v1/json/dokumentti/lopullinen/KTAS/1027740-9/2026,ok,e2e10ee4de7780269dd1fd428b1e3407372def33559d0e5d111ade241c678982,158,32,5,20,,2026-08-18T16:46:35Z
1044651-6,KTAS,2026,lopullinen,https://prodkuntarest.westeurope.cloudapp.azure.com/rest/v1/json/dokumentti/lopullinen/KTAS/1044651-6/2026,ok,b5fcabdf0b56088c93099d5511d40bae76a2bd83e2d21329e94651dc080aa214,158,32,0,0,,2026-08-18T16:46:35Z
1059660-2,KTAS,2026,lopullinen,https://prodkuntarest.westeurope.cloudapp.azure.com/rest/v1/json/dokumentti/lopullinen/KTAS/1059660-2/2026,ok,327dd73f26d7dc1aea15d364683a21c54bf8b71251b062a4fecedc2cf53d122b,158,32,1,20,,2026-08-18T16:46:35Z
1061512-1,KTAS,2026,lopullinen,https://prodkuntarest.westeurope.cloudapp.azure.com/rest/v1/json/dokumentti/lopullinen/KTAS/1061512-1/2026,ok,1a95feef10d710ebf6df23885714bd49d2e5b1d02c62e56ffd0911df98b8a02b,160,32,7,20,,2026-08-18T16:46:35Z
1068322-0,KTAS,2026,lopullinen,https://prodkuntarest.westeurope.cloudapp.azure.com/rest/v1/json/dokumentti/lopullinen/KTAS/1068322-0/2026,ok,f7bb607bbd68f75ce6fc66d7fd135a26cc57ad4c4651fa0331012c8c40cf07b9,160,32,5,20,,2026-08-18T16:46:35Z
1068892-9,KTAS,2026,lopullinen,https://prodkuntarest.westeurope.cloudapp.azure.com/rest/v1/json/dokumentti/lopullinen/KTAS/1068892-9/2026,ok,6390960368a927661fc88d5f75079988bd4c80fee0b9ed20e3bf172b51c79195,160,32,12,20,,2026-08-18T16:46:35Z
1510651-0,KTAS,2026,lopullinen,https://prodkuntarest.westeurope.cloudapp.azure.com/rest/v1/json/dokumentti/lopullinen/KTAS/1510651-0/2026,ok,855d7a81c468f4ee33ad18bab79be32141919b18cfe365660e5f576437d906bd,158,32,0,0,,2026-08-18T16:46:35Z
1744356-1,KTAS,2026,lopullinen,https://prodkuntarest.westeurope.cloudapp.azure.com/rest/v1/json/dokumentti/lopullinen/KTAS/1744356-1/2026,ok,bc540950c5b238be0e1d88deb78f15b88da4add6de04000ee0e1827180e3b06f,158,32,5,20,,2026-08-18T16:46:35Z
1791817-6,KTAS,2026,lopullinen,https://prodkuntarest.westeurope.cloudapp.azure.com/rest/v1/json/dokumentti/lopullinen/KTAS/1791817-6/2026,ok,cf71e2ff4cb12a379f91ada0986e59247f040d2d25290059b7687ffdc3c53bb7,158,32,11,20,,2026-08-18T16:46:35Z
1807931-9,KTAS,2026,lopullinen,https://prodkuntarest.westeurope.cloudapp.azure.com/rest/v1/json/dokumentti/lopullinen/KTAS/1807931-9/2026,ok,e39673e557972539dfa493d2a6bcdad6550100dc35baacd63a66906a8d83361f,158,32,4,20,,2026-08-18T16:46:35Z
1828127-7,KTAS,2026,lopullinen,https://prodkuntarest.westeurope.cloudapp.azure.com/rest/v1/json/dokumentti/lopullinen/KTAS/1828127-7/2026,ok,5a8031affc7e5c52b5137a6db21d806d24eac1e8c01a7e7dab4db6c6fa9e08e9,158,32,0,0,,2026-08-18T16:46:35Z
1852679-9,KTAS,2026,lopullinen,https://prodkuntarest.westeurope.cloudapp.azure.com/rest/v1/json/dokumentti/lopullinen/KTAS/1852679-9/2026,ok,2012f9d4ddd1e2cbb251b007ddedd1addfa0469133642b03bdde74ec4cedfd1c,160,32,8,20,,2026-08-18T16:46:35Z
1913642-6,KTAS,2026,lopullinen,https://prodkuntarest.westeurope.cloudapp.azure.com/rest/v1/json/dokumentti/lopullinen/KTAS/1913642-6/2026,ok,3febc54951a7f9fbb75bd38403452a64c7a5d66af75d593f756403807921ceee,158,32,13,20,,2026-08-18T16:46:35Z
1919717-3,KTAS,2026,lopullinen,https://prodkuntarest.westeurope.cloudapp.azure.com/rest/v1/json/dokumentti/lopullinen/KTAS/1919717-3/2026,ok,9912a411a6f9d93befcf4e983379dd50b019e6dc00f324d6e2b678077273497a,160,32,10,20,,2026-08-18T16:46:35Z
1923299-5,KTAS,2026,lopullinen,https://prodkuntarest.westeurope.cloudapp.azure.com/rest/v1/json/dokumentti/lopullinen/KTAS/1923299-5/2026,ok,be8cfcf1cb792aae6d13b21d20fffecdf36a662985b367ac28dd77a185ca4c1f,158,32,8,20,,2026-08-18T16:46:35Z
1927453-8,KTAS,2026,lopullinen,https://prodkuntarest.westeurope.cloudapp.azure.com/rest/v1/json/dokumentti/lopullinen/KTAS/1927453-8/2026,ok,df0cde03552a2954260e35cd4bdc9e53c04e0de4900c284f74ca4469361b92cf,158,32,13,20,,2026-08-18T16:46:35Z
1928736-3,KTAS,2026,lopullinen,https://prodkuntarest.westeurope.cloudapp.azure.com/rest/v1/json/dokumentti/lopullinen/KTAS/1928736-3/2026,ok,0e1658c6efa0d3cb73a7d845e9ea0f9fc64af25a1af61babd5398852a0d5e5fc,160,32,5,20,,2026-08-18T16:46:35Z
1929519-5,KTAS,2026,lopullinen,https://prodkuntarest.westeurope.cloudapp.azure.com/rest/v1/json/dokumentti/lopullinen/KTAS/1929519-5/2026,ok,d678656a706f1048a55ff14179580d1858d503c2ead14e31e45c25525a8d1970,158,32,8,20,,2026-08-18T16:46:35Z
1958694-5,KTAS,2026,lopullinen,https://prodkuntarest.westeurope.cloudapp.azure.com/rest/v1/json/dokumentti/lopullinen/KTAS/1958694-5/2026,ok,fdd373b360406693a01030a6ac57a57b2135fdb782fefd3594c4d34b5010103f,160,32,8,20,,2026-08-18T16:46:35Z
1978283-1,KTAS,2026,lopullinen,https://prodkuntarest.westeurope.cloudapp.azure.com/rest/v1/json/dokumentti/lopullinen/KTAS/1978283-1/2026,ok,089084d7c51ba6b6e00f394919ea67634714ffc82566d4f60fd659bb01ef6872,158,32,8,20,,2026-08-18T16:46:35Z
2008197-9,KTAS,2026,lopullinen,https://prodkuntarest.westeurope.cloudapp.azure.com/rest/v1/json/dokumentti/lopullinen/KTAS/2008197-9/2026,ok,81e9cddad2740861dd2674370fbb6f7530e5d1682d0ef7fc258a873905020acb,158,32,6,20,,2026-08-18T16:46:35Z
2014682-4,KTAS,2026,lopullinen,https://prodkuntarest.westeurope.cloudapp.azure.com/rest/v1/json/dokumentti/lopullinen/KTAS/2014682-4/2026,ok,bc2c0d72d5b89bff019268046b8a6dbd0f40e5ac4ac998915f07cf269052e4a4,158,32,3,20,,2026-08-18T16:46:35Z
2045520-5,KTAS,2026,lopullinen,https://prodkuntarest.westeurope.cloudapp.azure.com/rest/v1/json/dokumentti/lopullinen/KTAS/2045520-5/2026,ok,4c3beaad994a0686b9d3b2a188e8e96e7d76ebaaab5549b208aa9cb61508f01e,158,32,9,20,,2026-08-18T16:46:35Z
2047359-3,KTAS,2026,lopullinen,https://prodkuntarest.westeurope.cloudapp.azure.com/rest/v1/json/dokumentti/lopullinen/KTAS/2047359-3/2026,ok,41bfb7e172881322346d209bce2f2b0372b43a8bc463eaf0867dd98dc92fd342,158,32,13,20,,2026-08-18T16:46:35Z
2048364-4,KTAS,2026,lopullinen,https://prodkuntarest.westeurope.cloudapp.azure.com/rest/v1/json/dokumentti/lopullinen/KTAS/2048364-4/2026,ok,77b8a44fa2cd5374f85c86eb756276f2c085ef918fbdcc9a3f9f5b8eccd9b7bf,160,32,0,0,,2026-08-18T16:46:35Z
2048903-4,KTAS,2026,lopullinen,https://prodkuntarest.westeurope.cloudapp.azure.com/rest/v1/json/dokumentti/lopullinen/KTAS/2048903-4/2026,ok,164c7279e6d879ffe49db9360d396785d8e76d05400c2b83623427d240289f89,158,32,8,20,,2026-08-18T16:46:35Z
2050514-5,KTAS,2026,lopullinen,https://prodkuntarest.westeurope.cloudapp.azure.com/rest/v1/json/dokumentti/lopullinen/KTAS/2050514-5/2026,ok,494ebe9d8201a08d9b11e447ab0b8b46e4c30973528e6cec5c239740b732eb0e,158,32,10,20,,2026-08-18T16:46:35Z
2050864-5,KTAS,2026,lopullinen,https://prodkuntarest.westeurope.cloudapp.azure.com/rest/v1/json/dokumentti/lopullinen/KTAS/2050864-5/2026,ok,fe3d52a89e4f2a9c5cafc16f61f739c9d22162c189845eda8492f3b5a4c4009e,158,32,8,20,,2026-08-18T16:46:35Z
2050961-3,KTAS,2026,lopullinen,https://prodkuntarest.westeurope.cloudapp.azure.com/rest/v1/json/dokumentti/lopullinen/KTAS/2050961-3/2026,ok,b61a665cfa6c0a4f09feecc5722459292f46accf6320c024f0c4cb91c14f9b83,158,32,13,20,,2026-08-18T16:46:35Z
2054621-1,KTAS,2026,lopullinen,https://prodkuntarest.westeurope.cloudapp.azure.com/rest/v1/json/dokumentti/lopullinen/KTAS/2054621-1/2026,ok,610491fc5f23ca57a0fd70d4e357727d15c5d6b9b900f0c8202d877df79382b2,158,32,13,20,,2026-08-18T16:46:35Z
2109309-0,KTAS,2026,lopullinen,https://prodkuntarest.westeurope.cloudapp.azure.com/rest/v1/json/dokumentti/lopullinen/KTAS/2109309-0/2026,ok,2be334b573713eeeb6810ec937f0ad0298df0d0b1ae36c0324f33e4381e7116b,158,32,7,20,,2026-08-18T16:46:35Z
2274241-9,KTAS,2026,lopullinen,https://prodkuntarest.westeurope.cloudapp.azure.com/rest/v1/json/dokumentti/lopullinen/KTAS/2274241-9/2026,ok,35d7e0b8dd1162cb6789437b1b199c0a7de5396b4ad0d29ea9601a247d726094,158,32,10,20,,2026-08-18T16:46:35Z
2274586-3,KTAS,2026,lopullinen,https://prodkuntarest.westeurope.cloudapp.azure.com/rest/v1/json/dokumentti/lopullinen/KTAS/2274586-3/2026,ok,e82da652caa5e5190a0326b6f4afca9d9fbc4f06ed303f79c6bd2689ca4b8236,158,32,6,20,,2026-08-18T16:46:35Z
2367681-2,KTAS,2026,lopullinen,https://prodkuntarest.westeurope.cloudapp.azure.com/rest/v1/json/dokumentti/lopullinen/KTAS/2367681-2/2026,ok,07921c0c628b16552cead7a975f17a0eb55b61115ffa5e7e2b1047a9d090cb41,158,32,6,20,,2026-08-18T16:46:35Z
2496992-4,KTAS,2026,lopullinen,https://prodkuntarest.westeurope.cloudapp.azure.com/rest/v1/json/dokumentti/lopullinen/KTAS/2496992-4/2026,ok,618260684c017c06700994b063727d55934c542632100aa4fa85dd41889c317f,158,32,2,20,,2026-08-18T16:46:35Z
3312874-8,KTAS,2026,lopullinen,https://prodkuntarest.westeurope.cloudapp.azure.com/rest/v1/json/dokumentti/lopullinen/KTAS/3312874-8/2026,ok,995d1c55ee1a143e425fe0ffb625117ca37f49bbd8be98f656be172e6b90a572,158,32,0,0,,2026-08-18T16:46:35Z
3320660-3,KTAS,2026,lopullinen,https://prodkuntarest.westeurope.cloudapp.azure.com/rest/v1/json/dokumentti/lopullinen/KTAS/3320660-3/2026,ok,561e6224b0097a1929f6c4f60e8ec02fd7946476264039c1eacff4f0ca688768,158,32,1,20,,2026-08-18T16:46:35Z
3432985-9,KTAS,2026,lopullinen,https://prodkuntarest.westeurope.cloudapp.azure.com/rest/v1/json/dokumentti/lopullinen/KTAS/3432985-9/2026,ok,e987f598cff507edcfb221acb38017b682a7935802017b71413c2b9340e92a38,158,32,0,0,,2026-08-18T16:46:35Z
9000162-0,KTAS,2026,lopullinen,https://prodkuntarest.westeurope.cloudapp.azure.com/rest/v1/json/dokumentti/lopullinen/KTAS/9000162-0/2026,ok,e757c435d1c53385eb5a08b3f491cd8f39370ac87eae40d9d5c3924507011e5a,158,32,7,20,,2026-08-18T16:46:35Z
9014643-2,KTAS,2026,lopullinen,https://prodkuntarest.westeurope.cloudapp.azure.com/rest/v1/json/dokumentti/lopullinen/KTAS/9014643-2/2026,ok,92cc791670274f2a4cb485d5ba50e945d56107fcf1397d32453a7285a549db52,160,32,18,20,,2026-08-18T16:46:35Z
9038213-6,KTAS,2026,lopullinen,https://prodkuntarest.westeurope.cloudapp.azure.com/rest/v1/json/dokumentti/lopullinen/KTAS/9038213-6/2026,ok,c44830fc686554fd812723e040a10a00ce49aef01d4cd90f05a7cbaf4939f437,158,32,9,20,,2026-08-18T16:46:35Z
9086071-6,KTAS,2026,lopullinen,https://prodkuntarest.westeurope.cloudapp.azure.com/rest/v1/json/dokumentti/lopullinen/KTAS/9086071-6/2026,ok,b612c52904364aaf9957ff2c366aa6d26112adafadeb316bb8ac9aa50d8f9de3,160,32,12,20,,2026-08-18T16:46:35Z
9090160-2,KTAS,2026,lopullinen,https://prodkuntarest.westeurope.cloudapp.azure.com/rest/v1/json/dokumentti/lopullinen/KTAS/9090160-2/2026,ok,bb3e8c68a4edc97536e9cde665f96a3e20728b0a00acd0430b37c7bbf6ff6753,160,32,11,20,,2026-08-18T16:46:35Z
9094917-1,KTAS,2026,lopullinen,https://prodkuntarest.westeurope.cloudapp.azure.com/rest/v1/json/dokumentti/lopullinen/KTAS/9094917-1/2026,ok,18898cd67934e2adf8b93b8f9796758a9f579b3c7932f11396a31b4af5a1e0a4,158,32,8,20,,2026-08-18T16:46:35Z
9129466-4,KTAS,2026,lopullinen,https://prodkuntarest.westeurope.cloudapp.azure.com/rest/v1/json/dokumentti/lopullinen/KTAS/9129466-4/2026,ok,1c746f745da0bcfa4ac9f52aaac5779be49256fcc1967b143c900bd7523e6da7,158,32,3,20,,2026-08-18T16:46:35Z
