dashboard_id,metric_id,metric_name_fi,indicator_type,year,region_code,region_name_fi,region_type,value,unit,direction,source_id,source_url,is_causal_effect,vintage_date
education,education_employed_one_year_pct,Työlliset vuosi valmistumisen jälkeen,outcome,2015,FI,Koko maa,country,65.0,PERCENT,higher_is_better,statfin_education_placement_111l,https://pxdata.stat.fi/PxWeb/api/v1/fi/StatFin/sijk/111l.px,false,2026-01-23
education,education_employed_one_year_pct,Työlliset vuosi valmistumisen jälkeen,outcome,2016,FI,Koko maa,country,66.0,PERCENT,higher_is_better,statfin_education_placement_111l,https://pxdata.stat.fi/PxWeb/api/v1/fi/StatFin/sijk/111l.px,false,2026-01-23
education,education_employed_one_year_pct,Työlliset vuosi valmistumisen jälkeen,outcome,2017,FI,Koko maa,country,70.0,PERCENT,higher_is_better,statfin_education_placement_111l,https://pxdata.stat.fi/PxWeb/api/v1/fi/StatFin/sijk/111l.px,false,2026-01-23
education,education_employed_one_year_pct,Työlliset vuosi valmistumisen jälkeen,outcome,2018,FI,Koko maa,country,71.0,PERCENT,higher_is_better,statfin_education_placement_111l,https://pxdata.stat.fi/PxWeb/api/v1/fi/StatFin/sijk/111l.px,false,2026-01-23
education,education_employed_one_year_pct,Työlliset vuosi valmistumisen jälkeen,outcome,2019,FI,Koko maa,country,73.0,PERCENT,higher_is_better,statfin_education_placement_111l,https://pxdata.stat.fi/PxWeb/api/v1/fi/StatFin/sijk/111l.px,false,2026-01-23
education,education_employed_one_year_pct,Työlliset vuosi valmistumisen jälkeen,outcome,2020,FI,Koko maa,country,68.0,PERCENT,higher_is_better,statfin_education_placement_111l,https://pxdata.stat.fi/PxWeb/api/v1/fi/StatFin/sijk/111l.px,false,2026-01-23
education,education_employed_one_year_pct,Työlliset vuosi valmistumisen jälkeen,outcome,2021,FI,Koko maa,country,72.0,PERCENT,higher_is_better,statfin_education_placement_111l,https://pxdata.stat.fi/PxWeb/api/v1/fi/StatFin/sijk/111l.px,false,2026-01-23
education,education_employed_one_year_pct,Työlliset vuosi valmistumisen jälkeen,outcome,2022,FI,Koko maa,country,73.0,PERCENT,higher_is_better,statfin_education_placement_111l,https://pxdata.stat.fi/PxWeb/api/v1/fi/StatFin/sijk/111l.px,false,2026-01-23
education,education_employed_one_year_pct,Työlliset vuosi valmistumisen jälkeen,outcome,2023,FI,Koko maa,country,72.0,PERCENT,higher_is_better,statfin_education_placement_111l,https://pxdata.stat.fi/PxWeb/api/v1/fi/StatFin/sijk/111l.px,false,2026-01-23
education,education_employed_one_year_pct,Työlliset vuosi valmistumisen jälkeen,outcome,2024,FI,Koko maa,country,71.0,PERCENT,higher_is_better,statfin_education_placement_111l,https://pxdata.stat.fi/PxWeb/api/v1/fi/StatFin/sijk/111l.px,false,2026-01-23
education,education_employed_one_year_pct,Työlliset vuosi valmistumisen jälkeen,outcome,2015,MK01,Uusimaa,region,71.0,PERCENT,higher_is_better,statfin_education_placement_111l,https://pxdata.stat.fi/PxWeb/api/v1/fi/StatFin/sijk/111l.px,false,2026-01-23
education,education_employed_one_year_pct,Työlliset vuosi valmistumisen jälkeen,outcome,2016,MK01,Uusimaa,region,73.0,PERCENT,higher_is_better,statfin_education_placement_111l,https://pxdata.stat.fi/PxWeb/api/v1/fi/StatFin/sijk/111l.px,false,2026-01-23
education,education_employed_one_year_pct,Työlliset vuosi valmistumisen jälkeen,outcome,2017,MK01,Uusimaa,region,75.0,PERCENT,higher_is_better,statfin_education_placement_111l,https://pxdata.stat.fi/PxWeb/api/v1/fi/StatFin/sijk/111l.px,false,2026-01-23
education,education_employed_one_year_pct,Työlliset vuosi valmistumisen jälkeen,outcome,2018,MK01,Uusimaa,region,76.0,PERCENT,higher_is_better,statfin_education_placement_111l,https://pxdata.stat.fi/PxWeb/api/v1/fi/StatFin/sijk/111l.px,false,2026-01-23
education,education_employed_one_year_pct,Työlliset vuosi valmistumisen jälkeen,outcome,2019,MK01,Uusimaa,region,77.0,PERCENT,higher_is_better,statfin_education_placement_111l,https://pxdata.stat.fi/PxWeb/api/v1/fi/StatFin/sijk/111l.px,false,2026-01-23
education,education_employed_one_year_pct,Työlliset vuosi valmistumisen jälkeen,outcome,2020,MK01,Uusimaa,region,71.0,PERCENT,higher_is_better,statfin_education_placement_111l,https://pxdata.stat.fi/PxWeb/api/v1/fi/StatFin/sijk/111l.px,false,2026-01-23
education,education_employed_one_year_pct,Työlliset vuosi valmistumisen jälkeen,outcome,2021,MK01,Uusimaa,region,75.0,PERCENT,higher_is_better,statfin_education_placement_111l,https://pxdata.stat.fi/PxWeb/api/v1/fi/StatFin/sijk/111l.px,false,2026-01-23
education,education_employed_one_year_pct,Työlliset vuosi valmistumisen jälkeen,outcome,2022,MK01,Uusimaa,region,75.0,PERCENT,higher_is_better,statfin_education_placement_111l,https://pxdata.stat.fi/PxWeb/api/v1/fi/StatFin/sijk/111l.px,false,2026-01-23
education,education_employed_one_year_pct,Työlliset vuosi valmistumisen jälkeen,outcome,2023,MK01,Uusimaa,region,74.0,PERCENT,higher_is_better,statfin_education_placement_111l,https://pxdata.stat.fi/PxWeb/api/v1/fi/StatFin/sijk/111l.px,false,2026-01-23
education,education_employed_one_year_pct,Työlliset vuosi valmistumisen jälkeen,outcome,2024,MK01,Uusimaa,region,72.0,PERCENT,higher_is_better,statfin_education_placement_111l,https://pxdata.stat.fi/PxWeb/api/v1/fi/StatFin/sijk/111l.px,false,2026-01-23
education,education_employed_one_year_pct,Työlliset vuosi valmistumisen jälkeen,outcome,2015,MK02,Varsinais-Suomi,region,65.0,PERCENT,higher_is_better,statfin_education_placement_111l,https://pxdata.stat.fi/PxWeb/api/v1/fi/StatFin/sijk/111l.px,false,2026-01-23
education,education_employed_one_year_pct,Työlliset vuosi valmistumisen jälkeen,outcome,2016,MK02,Varsinais-Suomi,region,66.0,PERCENT,higher_is_better,statfin_education_placement_111l,https://pxdata.stat.fi/PxWeb/api/v1/fi/StatFin/sijk/111l.px,false,2026-01-23
education,education_employed_one_year_pct,Työlliset vuosi valmistumisen jälkeen,outcome,2017,MK02,Varsinais-Suomi,region,68.0,PERCENT,higher_is_better,statfin_education_placement_111l,https://pxdata.stat.fi/PxWeb/api/v1/fi/StatFin/sijk/111l.px,false,2026-01-23
education,education_employed_one_year_pct,Työlliset vuosi valmistumisen jälkeen,outcome,2018,MK02,Varsinais-Suomi,region,71.0,PERCENT,higher_is_better,statfin_education_placement_111l,https://pxdata.stat.fi/PxWeb/api/v1/fi/StatFin/sijk/111l.px,false,2026-01-23
education,education_employed_one_year_pct,Työlliset vuosi valmistumisen jälkeen,outcome,2019,MK02,Varsinais-Suomi,region,71.0,PERCENT,higher_is_better,statfin_education_placement_111l,https://pxdata.stat.fi/PxWeb/api/v1/fi/StatFin/sijk/111l.px,false,2026-01-23
education,education_employed_one_year_pct,Työlliset vuosi valmistumisen jälkeen,outcome,2020,MK02,Varsinais-Suomi,region,66.0,PERCENT,higher_is_better,statfin_education_placement_111l,https://pxdata.stat.fi/PxWeb/api/v1/fi/StatFin/sijk/111l.px,false,2026-01-23
education,education_employed_one_year_pct,Työlliset vuosi valmistumisen jälkeen,outcome,2021,MK02,Varsinais-Suomi,region,70.0,PERCENT,higher_is_better,statfin_education_placement_111l,https://pxdata.stat.fi/PxWeb/api/v1/fi/StatFin/sijk/111l.px,false,2026-01-23
education,education_employed_one_year_pct,Työlliset vuosi valmistumisen jälkeen,outcome,2022,MK02,Varsinais-Suomi,region,73.0,PERCENT,higher_is_better,statfin_education_placement_111l,https://pxdata.stat.fi/PxWeb/api/v1/fi/StatFin/sijk/111l.px,false,2026-01-23
education,education_employed_one_year_pct,Työlliset vuosi valmistumisen jälkeen,outcome,2023,MK02,Varsinais-Suomi,region,73.0,PERCENT,higher_is_better,statfin_education_placement_111l,https://pxdata.stat.fi/PxWeb/api/v1/fi/StatFin/sijk/111l.px,false,2026-01-23
education,education_employed_one_year_pct,Työlliset vuosi valmistumisen jälkeen,outcome,2024,MK02,Varsinais-Suomi,region,71.0,PERCENT,higher_is_better,statfin_education_placement_111l,https://pxdata.stat.fi/PxWeb/api/v1/fi/StatFin/sijk/111l.px,false,2026-01-23
education,education_employed_one_year_pct,Työlliset vuosi valmistumisen jälkeen,outcome,2015,MK04,Satakunta,region,63.0,PERCENT,higher_is_better,statfin_education_placement_111l,https://pxdata.stat.fi/PxWeb/api/v1/fi/StatFin/sijk/111l.px,false,2026-01-23
education,education_employed_one_year_pct,Työlliset vuosi valmistumisen jälkeen,outcome,2016,MK04,Satakunta,region,64.0,PERCENT,higher_is_better,statfin_education_placement_111l,https://pxdata.stat.fi/PxWeb/api/v1/fi/StatFin/sijk/111l.px,false,2026-01-23
education,education_employed_one_year_pct,Työlliset vuosi valmistumisen jälkeen,outcome,2017,MK04,Satakunta,region,69.0,PERCENT,higher_is_better,statfin_education_placement_111l,https://pxdata.stat.fi/PxWeb/api/v1/fi/StatFin/sijk/111l.px,false,2026-01-23
education,education_employed_one_year_pct,Työlliset vuosi valmistumisen jälkeen,outcome,2018,MK04,Satakunta,region,70.0,PERCENT,higher_is_better,statfin_education_placement_111l,https://pxdata.stat.fi/PxWeb/api/v1/fi/StatFin/sijk/111l.px,false,2026-01-23
education,education_employed_one_year_pct,Työlliset vuosi valmistumisen jälkeen,outcome,2019,MK04,Satakunta,region,70.0,PERCENT,higher_is_better,statfin_education_placement_111l,https://pxdata.stat.fi/PxWeb/api/v1/fi/StatFin/sijk/111l.px,false,2026-01-23
education,education_employed_one_year_pct,Työlliset vuosi valmistumisen jälkeen,outcome,2020,MK04,Satakunta,region,67.0,PERCENT,higher_is_better,statfin_education_placement_111l,https://pxdata.stat.fi/PxWeb/api/v1/fi/StatFin/sijk/111l.px,false,2026-01-23
education,education_employed_one_year_pct,Työlliset vuosi valmistumisen jälkeen,outcome,2021,MK04,Satakunta,region,72.0,PERCENT,higher_is_better,statfin_education_placement_111l,https://pxdata.stat.fi/PxWeb/api/v1/fi/StatFin/sijk/111l.px,false,2026-01-23
education,education_employed_one_year_pct,Työlliset vuosi valmistumisen jälkeen,outcome,2022,MK04,Satakunta,region,73.0,PERCENT,higher_is_better,statfin_education_placement_111l,https://pxdata.stat.fi/PxWeb/api/v1/fi/StatFin/sijk/111l.px,false,2026-01-23
education,education_employed_one_year_pct,Työlliset vuosi valmistumisen jälkeen,outcome,2023,MK04,Satakunta,region,73.0,PERCENT,higher_is_better,statfin_education_placement_111l,https://pxdata.stat.fi/PxWeb/api/v1/fi/StatFin/sijk/111l.px,false,2026-01-23
education,education_employed_one_year_pct,Työlliset vuosi valmistumisen jälkeen,outcome,2024,MK04,Satakunta,region,71.0,PERCENT,higher_is_better,statfin_education_placement_111l,https://pxdata.stat.fi/PxWeb/api/v1/fi/StatFin/sijk/111l.px,false,2026-01-23
education,education_employed_one_year_pct,Työlliset vuosi valmistumisen jälkeen,outcome,2015,MK05,Kanta-Häme,region,66.0,PERCENT,higher_is_better,statfin_education_placement_111l,https://pxdata.stat.fi/PxWeb/api/v1/fi/StatFin/sijk/111l.px,false,2026-01-23
education,education_employed_one_year_pct,Työlliset vuosi valmistumisen jälkeen,outcome,2016,MK05,Kanta-Häme,region,68.0,PERCENT,higher_is_better,statfin_education_placement_111l,https://pxdata.stat.fi/PxWeb/api/v1/fi/StatFin/sijk/111l.px,false,2026-01-23
education,education_employed_one_year_pct,Työlliset vuosi valmistumisen jälkeen,outcome,2017,MK05,Kanta-Häme,region,71.0,PERCENT,higher_is_better,statfin_education_placement_111l,https://pxdata.stat.fi/PxWeb/api/v1/fi/StatFin/sijk/111l.px,false,2026-01-23
education,education_employed_one_year_pct,Työlliset vuosi valmistumisen jälkeen,outcome,2018,MK05,Kanta-Häme,region,73.0,PERCENT,higher_is_better,statfin_education_placement_111l,https://pxdata.stat.fi/PxWeb/api/v1/fi/StatFin/sijk/111l.px,false,2026-01-23
education,education_employed_one_year_pct,Työlliset vuosi valmistumisen jälkeen,outcome,2019,MK05,Kanta-Häme,region,73.0,PERCENT,higher_is_better,statfin_education_placement_111l,https://pxdata.stat.fi/PxWeb/api/v1/fi/StatFin/sijk/111l.px,false,2026-01-23
education,education_employed_one_year_pct,Työlliset vuosi valmistumisen jälkeen,outcome,2020,MK05,Kanta-Häme,region,70.0,PERCENT,higher_is_better,statfin_education_placement_111l,https://pxdata.stat.fi/PxWeb/api/v1/fi/StatFin/sijk/111l.px,false,2026-01-23
education,education_employed_one_year_pct,Työlliset vuosi valmistumisen jälkeen,outcome,2021,MK05,Kanta-Häme,region,75.0,PERCENT,higher_is_better,statfin_education_placement_111l,https://pxdata.stat.fi/PxWeb/api/v1/fi/StatFin/sijk/111l.px,false,2026-01-23
education,education_employed_one_year_pct,Työlliset vuosi valmistumisen jälkeen,outcome,2022,MK05,Kanta-Häme,region,75.0,PERCENT,higher_is_better,statfin_education_placement_111l,https://pxdata.stat.fi/PxWeb/api/v1/fi/StatFin/sijk/111l.px,false,2026-01-23
education,education_employed_one_year_pct,Työlliset vuosi valmistumisen jälkeen,outcome,2023,MK05,Kanta-Häme,region,73.0,PERCENT,higher_is_better,statfin_education_placement_111l,https://pxdata.stat.fi/PxWeb/api/v1/fi/StatFin/sijk/111l.px,false,2026-01-23
education,education_employed_one_year_pct,Työlliset vuosi valmistumisen jälkeen,outcome,2024,MK05,Kanta-Häme,region,71.0,PERCENT,higher_is_better,statfin_education_placement_111l,https://pxdata.stat.fi/PxWeb/api/v1/fi/StatFin/sijk/111l.px,false,2026-01-23
education,education_employed_one_year_pct,Työlliset vuosi valmistumisen jälkeen,outcome,2015,MK06,Pirkanmaa,region,62.0,PERCENT,higher_is_better,statfin_education_placement_111l,https://pxdata.stat.fi/PxWeb/api/v1/fi/StatFin/sijk/111l.px,false,2026-01-23
education,education_employed_one_year_pct,Työlliset vuosi valmistumisen jälkeen,outcome,2016,MK06,Pirkanmaa,region,63.0,PERCENT,higher_is_better,statfin_education_placement_111l,https://pxdata.stat.fi/PxWeb/api/v1/fi/StatFin/sijk/111l.px,false,2026-01-23
education,education_employed_one_year_pct,Työlliset vuosi valmistumisen jälkeen,outcome,2017,MK06,Pirkanmaa,region,67.0,PERCENT,higher_is_better,statfin_education_placement_111l,https://pxdata.stat.fi/PxWeb/api/v1/fi/StatFin/sijk/111l.px,false,2026-01-23
education,education_employed_one_year_pct,Työlliset vuosi valmistumisen jälkeen,outcome,2018,MK06,Pirkanmaa,region,69.0,PERCENT,higher_is_better,statfin_education_placement_111l,https://pxdata.stat.fi/PxWeb/api/v1/fi/StatFin/sijk/111l.px,false,2026-01-23
education,education_employed_one_year_pct,Työlliset vuosi valmistumisen jälkeen,outcome,2019,MK06,Pirkanmaa,region,71.0,PERCENT,higher_is_better,statfin_education_placement_111l,https://pxdata.stat.fi/PxWeb/api/v1/fi/StatFin/sijk/111l.px,false,2026-01-23
education,education_employed_one_year_pct,Työlliset vuosi valmistumisen jälkeen,outcome,2020,MK06,Pirkanmaa,region,66.0,PERCENT,higher_is_better,statfin_education_placement_111l,https://pxdata.stat.fi/PxWeb/api/v1/fi/StatFin/sijk/111l.px,false,2026-01-23
education,education_employed_one_year_pct,Työlliset vuosi valmistumisen jälkeen,outcome,2021,MK06,Pirkanmaa,region,71.0,PERCENT,higher_is_better,statfin_education_placement_111l,https://pxdata.stat.fi/PxWeb/api/v1/fi/StatFin/sijk/111l.px,false,2026-01-23
education,education_employed_one_year_pct,Työlliset vuosi valmistumisen jälkeen,outcome,2022,MK06,Pirkanmaa,region,74.0,PERCENT,higher_is_better,statfin_education_placement_111l,https://pxdata.stat.fi/PxWeb/api/v1/fi/StatFin/sijk/111l.px,false,2026-01-23
education,education_employed_one_year_pct,Työlliset vuosi valmistumisen jälkeen,outcome,2023,MK06,Pirkanmaa,region,72.0,PERCENT,higher_is_better,statfin_education_placement_111l,https://pxdata.stat.fi/PxWeb/api/v1/fi/StatFin/sijk/111l.px,false,2026-01-23
education,education_employed_one_year_pct,Työlliset vuosi valmistumisen jälkeen,outcome,2024,MK06,Pirkanmaa,region,70.0,PERCENT,higher_is_better,statfin_education_placement_111l,https://pxdata.stat.fi/PxWeb/api/v1/fi/StatFin/sijk/111l.px,false,2026-01-23
education,education_employed_one_year_pct,Työlliset vuosi valmistumisen jälkeen,outcome,2015,MK07,Päijät-Häme,region,64.0,PERCENT,higher_is_better,statfin_education_placement_111l,https://pxdata.stat.fi/PxWeb/api/v1/fi/StatFin/sijk/111l.px,false,2026-01-23
education,education_employed_one_year_pct,Työlliset vuosi valmistumisen jälkeen,outcome,2016,MK07,Päijät-Häme,region,66.0,PERCENT,higher_is_better,statfin_education_placement_111l,https://pxdata.stat.fi/PxWeb/api/v1/fi/StatFin/sijk/111l.px,false,2026-01-23
education,education_employed_one_year_pct,Työlliset vuosi valmistumisen jälkeen,outcome,2017,MK07,Päijät-Häme,region,69.0,PERCENT,higher_is_better,statfin_education_placement_111l,https://pxdata.stat.fi/PxWeb/api/v1/fi/StatFin/sijk/111l.px,false,2026-01-23
education,education_employed_one_year_pct,Työlliset vuosi valmistumisen jälkeen,outcome,2018,MK07,Päijät-Häme,region,70.0,PERCENT,higher_is_better,statfin_education_placement_111l,https://pxdata.stat.fi/PxWeb/api/v1/fi/StatFin/sijk/111l.px,false,2026-01-23
education,education_employed_one_year_pct,Työlliset vuosi valmistumisen jälkeen,outcome,2019,MK07,Päijät-Häme,region,73.0,PERCENT,higher_is_better,statfin_education_placement_111l,https://pxdata.stat.fi/PxWeb/api/v1/fi/StatFin/sijk/111l.px,false,2026-01-23
education,education_employed_one_year_pct,Työlliset vuosi valmistumisen jälkeen,outcome,2020,MK07,Päijät-Häme,region,67.0,PERCENT,higher_is_better,statfin_education_placement_111l,https://pxdata.stat.fi/PxWeb/api/v1/fi/StatFin/sijk/111l.px,false,2026-01-23
education,education_employed_one_year_pct,Työlliset vuosi valmistumisen jälkeen,outcome,2021,MK07,Päijät-Häme,region,73.0,PERCENT,higher_is_better,statfin_education_placement_111l,https://pxdata.stat.fi/PxWeb/api/v1/fi/StatFin/sijk/111l.px,false,2026-01-23
education,education_employed_one_year_pct,Työlliset vuosi valmistumisen jälkeen,outcome,2022,MK07,Päijät-Häme,region,74.0,PERCENT,higher_is_better,statfin_education_placement_111l,https://pxdata.stat.fi/PxWeb/api/v1/fi/StatFin/sijk/111l.px,false,2026-01-23
education,education_employed_one_year_pct,Työlliset vuosi valmistumisen jälkeen,outcome,2023,MK07,Päijät-Häme,region,73.0,PERCENT,higher_is_better,statfin_education_placement_111l,https://pxdata.stat.fi/PxWeb/api/v1/fi/StatFin/sijk/111l.px,false,2026-01-23
education,education_employed_one_year_pct,Työlliset vuosi valmistumisen jälkeen,outcome,2024,MK07,Päijät-Häme,region,71.0,PERCENT,higher_is_better,statfin_education_placement_111l,https://pxdata.stat.fi/PxWeb/api/v1/fi/StatFin/sijk/111l.px,false,2026-01-23
education,education_employed_one_year_pct,Työlliset vuosi valmistumisen jälkeen,outcome,2015,MK08,Kymenlaakso,region,62.0,PERCENT,higher_is_better,statfin_education_placement_111l,https://pxdata.stat.fi/PxWeb/api/v1/fi/StatFin/sijk/111l.px,false,2026-01-23
education,education_employed_one_year_pct,Työlliset vuosi valmistumisen jälkeen,outcome,2016,MK08,Kymenlaakso,region,63.0,PERCENT,higher_is_better,statfin_education_placement_111l,https://pxdata.stat.fi/PxWeb/api/v1/fi/StatFin/sijk/111l.px,false,2026-01-23
education,education_employed_one_year_pct,Työlliset vuosi valmistumisen jälkeen,outcome,2017,MK08,Kymenlaakso,region,66.0,PERCENT,higher_is_better,statfin_education_placement_111l,https://pxdata.stat.fi/PxWeb/api/v1/fi/StatFin/sijk/111l.px,false,2026-01-23
education,education_employed_one_year_pct,Työlliset vuosi valmistumisen jälkeen,outcome,2018,MK08,Kymenlaakso,region,68.0,PERCENT,higher_is_better,statfin_education_placement_111l,https://pxdata.stat.fi/PxWeb/api/v1/fi/StatFin/sijk/111l.px,false,2026-01-23
education,education_employed_one_year_pct,Työlliset vuosi valmistumisen jälkeen,outcome,2019,MK08,Kymenlaakso,region,70.0,PERCENT,higher_is_better,statfin_education_placement_111l,https://pxdata.stat.fi/PxWeb/api/v1/fi/StatFin/sijk/111l.px,false,2026-01-23
education,education_employed_one_year_pct,Työlliset vuosi valmistumisen jälkeen,outcome,2020,MK08,Kymenlaakso,region,67.0,PERCENT,higher_is_better,statfin_education_placement_111l,https://pxdata.stat.fi/PxWeb/api/v1/fi/StatFin/sijk/111l.px,false,2026-01-23
education,education_employed_one_year_pct,Työlliset vuosi valmistumisen jälkeen,outcome,2021,MK08,Kymenlaakso,region,71.0,PERCENT,higher_is_better,statfin_education_placement_111l,https://pxdata.stat.fi/PxWeb/api/v1/fi/StatFin/sijk/111l.px,false,2026-01-23
education,education_employed_one_year_pct,Työlliset vuosi valmistumisen jälkeen,outcome,2022,MK08,Kymenlaakso,region,71.0,PERCENT,higher_is_better,statfin_education_placement_111l,https://pxdata.stat.fi/PxWeb/api/v1/fi/StatFin/sijk/111l.px,false,2026-01-23
education,education_employed_one_year_pct,Työlliset vuosi valmistumisen jälkeen,outcome,2023,MK08,Kymenlaakso,region,72.0,PERCENT,higher_is_better,statfin_education_placement_111l,https://pxdata.stat.fi/PxWeb/api/v1/fi/StatFin/sijk/111l.px,false,2026-01-23
education,education_employed_one_year_pct,Työlliset vuosi valmistumisen jälkeen,outcome,2024,MK08,Kymenlaakso,region,68.0,PERCENT,higher_is_better,statfin_education_placement_111l,https://pxdata.stat.fi/PxWeb/api/v1/fi/StatFin/sijk/111l.px,false,2026-01-23
education,education_employed_one_year_pct,Työlliset vuosi valmistumisen jälkeen,outcome,2015,MK09,Etelä-Karjala,region,57.0,PERCENT,higher_is_better,statfin_education_placement_111l,https://pxdata.stat.fi/PxWeb/api/v1/fi/StatFin/sijk/111l.px,false,2026-01-23
education,education_employed_one_year_pct,Työlliset vuosi valmistumisen jälkeen,outcome,2016,MK09,Etelä-Karjala,region,58.0,PERCENT,higher_is_better,statfin_education_placement_111l,https://pxdata.stat.fi/PxWeb/api/v1/fi/StatFin/sijk/111l.px,false,2026-01-23
education,education_employed_one_year_pct,Työlliset vuosi valmistumisen jälkeen,outcome,2017,MK09,Etelä-Karjala,region,60.0,PERCENT,higher_is_better,statfin_education_placement_111l,https://pxdata.stat.fi/PxWeb/api/v1/fi/StatFin/sijk/111l.px,false,2026-01-23
education,education_employed_one_year_pct,Työlliset vuosi valmistumisen jälkeen,outcome,2018,MK09,Etelä-Karjala,region,63.0,PERCENT,higher_is_better,statfin_education_placement_111l,https://pxdata.stat.fi/PxWeb/api/v1/fi/StatFin/sijk/111l.px,false,2026-01-23
education,education_employed_one_year_pct,Työlliset vuosi valmistumisen jälkeen,outcome,2019,MK09,Etelä-Karjala,region,64.0,PERCENT,higher_is_better,statfin_education_placement_111l,https://pxdata.stat.fi/PxWeb/api/v1/fi/StatFin/sijk/111l.px,false,2026-01-23
education,education_employed_one_year_pct,Työlliset vuosi valmistumisen jälkeen,outcome,2020,MK09,Etelä-Karjala,region,59.0,PERCENT,higher_is_better,statfin_education_placement_111l,https://pxdata.stat.fi/PxWeb/api/v1/fi/StatFin/sijk/111l.px,false,2026-01-23
education,education_employed_one_year_pct,Työlliset vuosi valmistumisen jälkeen,outcome,2021,MK09,Etelä-Karjala,region,63.0,PERCENT,higher_is_better,statfin_education_placement_111l,https://pxdata.stat.fi/PxWeb/api/v1/fi/StatFin/sijk/111l.px,false,2026-01-23
education,education_employed_one_year_pct,Työlliset vuosi valmistumisen jälkeen,outcome,2022,MK09,Etelä-Karjala,region,68.0,PERCENT,higher_is_better,statfin_education_placement_111l,https://pxdata.stat.fi/PxWeb/api/v1/fi/StatFin/sijk/111l.px,false,2026-01-23
education,education_employed_one_year_pct,Työlliset vuosi valmistumisen jälkeen,outcome,2023,MK09,Etelä-Karjala,region,69.0,PERCENT,higher_is_better,statfin_education_placement_111l,https://pxdata.stat.fi/PxWeb/api/v1/fi/StatFin/sijk/111l.px,false,2026-01-23
education,education_employed_one_year_pct,Työlliset vuosi valmistumisen jälkeen,outcome,2024,MK09,Etelä-Karjala,region,66.0,PERCENT,higher_is_better,statfin_education_placement_111l,https://pxdata.stat.fi/PxWeb/api/v1/fi/StatFin/sijk/111l.px,false,2026-01-23
education,education_employed_one_year_pct,Työlliset vuosi valmistumisen jälkeen,outcome,2015,MK10,Etelä-Savo,region,60.0,PERCENT,higher_is_better,statfin_education_placement_111l,https://pxdata.stat.fi/PxWeb/api/v1/fi/StatFin/sijk/111l.px,false,2026-01-23
education,education_employed_one_year_pct,Työlliset vuosi valmistumisen jälkeen,outcome,2016,MK10,Etelä-Savo,region,61.0,PERCENT,higher_is_better,statfin_education_placement_111l,https://pxdata.stat.fi/PxWeb/api/v1/fi/StatFin/sijk/111l.px,false,2026-01-23
education,education_employed_one_year_pct,Työlliset vuosi valmistumisen jälkeen,outcome,2017,MK10,Etelä-Savo,region,66.0,PERCENT,higher_is_better,statfin_education_placement_111l,https://pxdata.stat.fi/PxWeb/api/v1/fi/StatFin/sijk/111l.px,false,2026-01-23
education,education_employed_one_year_pct,Työlliset vuosi valmistumisen jälkeen,outcome,2018,MK10,Etelä-Savo,region,70.0,PERCENT,higher_is_better,statfin_education_placement_111l,https://pxdata.stat.fi/PxWeb/api/v1/fi/StatFin/sijk/111l.px,false,2026-01-23
education,education_employed_one_year_pct,Työlliset vuosi valmistumisen jälkeen,outcome,2019,MK10,Etelä-Savo,region,73.0,PERCENT,higher_is_better,statfin_education_placement_111l,https://pxdata.stat.fi/PxWeb/api/v1/fi/StatFin/sijk/111l.px,false,2026-01-23
education,education_employed_one_year_pct,Työlliset vuosi valmistumisen jälkeen,outcome,2020,MK10,Etelä-Savo,region,68.0,PERCENT,higher_is_better,statfin_education_placement_111l,https://pxdata.stat.fi/PxWeb/api/v1/fi/StatFin/sijk/111l.px,false,2026-01-23
education,education_employed_one_year_pct,Työlliset vuosi valmistumisen jälkeen,outcome,2021,MK10,Etelä-Savo,region,72.0,PERCENT,higher_is_better,statfin_education_placement_111l,https://pxdata.stat.fi/PxWeb/api/v1/fi/StatFin/sijk/111l.px,false,2026-01-23
education,education_employed_one_year_pct,Työlliset vuosi valmistumisen jälkeen,outcome,2022,MK10,Etelä-Savo,region,72.0,PERCENT,higher_is_better,statfin_education_placement_111l,https://pxdata.stat.fi/PxWeb/api/v1/fi/StatFin/sijk/111l.px,false,2026-01-23
education,education_employed_one_year_pct,Työlliset vuosi valmistumisen jälkeen,outcome,2023,MK10,Etelä-Savo,region,71.0,PERCENT,higher_is_better,statfin_education_placement_111l,https://pxdata.stat.fi/PxWeb/api/v1/fi/StatFin/sijk/111l.px,false,2026-01-23
education,education_employed_one_year_pct,Työlliset vuosi valmistumisen jälkeen,outcome,2024,MK10,Etelä-Savo,region,72.0,PERCENT,higher_is_better,statfin_education_placement_111l,https://pxdata.stat.fi/PxWeb/api/v1/fi/StatFin/sijk/111l.px,false,2026-01-23
education,education_employed_one_year_pct,Työlliset vuosi valmistumisen jälkeen,outcome,2015,MK11,Pohjois-Savo,region,61.0,PERCENT,higher_is_better,statfin_education_placement_111l,https://pxdata.stat.fi/PxWeb/api/v1/fi/StatFin/sijk/111l.px,false,2026-01-23
education,education_employed_one_year_pct,Työlliset vuosi valmistumisen jälkeen,outcome,2016,MK11,Pohjois-Savo,region,64.0,PERCENT,higher_is_better,statfin_education_placement_111l,https://pxdata.stat.fi/PxWeb/api/v1/fi/StatFin/sijk/111l.px,false,2026-01-23
education,education_employed_one_year_pct,Työlliset vuosi valmistumisen jälkeen,outcome,2017,MK11,Pohjois-Savo,region,67.0,PERCENT,higher_is_better,statfin_education_placement_111l,https://pxdata.stat.fi/PxWeb/api/v1/fi/StatFin/sijk/111l.px,false,2026-01-23
education,education_employed_one_year_pct,Työlliset vuosi valmistumisen jälkeen,outcome,2018,MK11,Pohjois-Savo,region,69.0,PERCENT,higher_is_better,statfin_education_placement_111l,https://pxdata.stat.fi/PxWeb/api/v1/fi/StatFin/sijk/111l.px,false,2026-01-23
education,education_employed_one_year_pct,Työlliset vuosi valmistumisen jälkeen,outcome,2019,MK11,Pohjois-Savo,region,70.0,PERCENT,higher_is_better,statfin_education_placement_111l,https://pxdata.stat.fi/PxWeb/api/v1/fi/StatFin/sijk/111l.px,false,2026-01-23
education,education_employed_one_year_pct,Työlliset vuosi valmistumisen jälkeen,outcome,2020,MK11,Pohjois-Savo,region,68.0,PERCENT,higher_is_better,statfin_education_placement_111l,https://pxdata.stat.fi/PxWeb/api/v1/fi/StatFin/sijk/111l.px,false,2026-01-23
education,education_employed_one_year_pct,Työlliset vuosi valmistumisen jälkeen,outcome,2021,MK11,Pohjois-Savo,region,72.0,PERCENT,higher_is_better,statfin_education_placement_111l,https://pxdata.stat.fi/PxWeb/api/v1/fi/StatFin/sijk/111l.px,false,2026-01-23
education,education_employed_one_year_pct,Työlliset vuosi valmistumisen jälkeen,outcome,2022,MK11,Pohjois-Savo,region,73.0,PERCENT,higher_is_better,statfin_education_placement_111l,https://pxdata.stat.fi/PxWeb/api/v1/fi/StatFin/sijk/111l.px,false,2026-01-23
education,education_employed_one_year_pct,Työlliset vuosi valmistumisen jälkeen,outcome,2023,MK11,Pohjois-Savo,region,73.0,PERCENT,higher_is_better,statfin_education_placement_111l,https://pxdata.stat.fi/PxWeb/api/v1/fi/StatFin/sijk/111l.px,false,2026-01-23
education,education_employed_one_year_pct,Työlliset vuosi valmistumisen jälkeen,outcome,2024,MK11,Pohjois-Savo,region,73.0,PERCENT,higher_is_better,statfin_education_placement_111l,https://pxdata.stat.fi/PxWeb/api/v1/fi/StatFin/sijk/111l.px,false,2026-01-23
education,education_employed_one_year_pct,Työlliset vuosi valmistumisen jälkeen,outcome,2015,MK12,Pohjois-Karjala,region,56.0,PERCENT,higher_is_better,statfin_education_placement_111l,https://pxdata.stat.fi/PxWeb/api/v1/fi/StatFin/sijk/111l.px,false,2026-01-23
education,education_employed_one_year_pct,Työlliset vuosi valmistumisen jälkeen,outcome,2016,MK12,Pohjois-Karjala,region,57.0,PERCENT,higher_is_better,statfin_education_placement_111l,https://pxdata.stat.fi/PxWeb/api/v1/fi/StatFin/sijk/111l.px,false,2026-01-23
education,education_employed_one_year_pct,Työlliset vuosi valmistumisen jälkeen,outcome,2017,MK12,Pohjois-Karjala,region,60.0,PERCENT,higher_is_better,statfin_education_placement_111l,https://pxdata.stat.fi/PxWeb/api/v1/fi/StatFin/sijk/111l.px,false,2026-01-23
education,education_employed_one_year_pct,Työlliset vuosi valmistumisen jälkeen,outcome,2018,MK12,Pohjois-Karjala,region,61.0,PERCENT,higher_is_better,statfin_education_placement_111l,https://pxdata.stat.fi/PxWeb/api/v1/fi/StatFin/sijk/111l.px,false,2026-01-23
education,education_employed_one_year_pct,Työlliset vuosi valmistumisen jälkeen,outcome,2019,MK12,Pohjois-Karjala,region,62.0,PERCENT,higher_is_better,statfin_education_placement_111l,https://pxdata.stat.fi/PxWeb/api/v1/fi/StatFin/sijk/111l.px,false,2026-01-23
education,education_employed_one_year_pct,Työlliset vuosi valmistumisen jälkeen,outcome,2020,MK12,Pohjois-Karjala,region,60.0,PERCENT,higher_is_better,statfin_education_placement_111l,https://pxdata.stat.fi/PxWeb/api/v1/fi/StatFin/sijk/111l.px,false,2026-01-23
education,education_employed_one_year_pct,Työlliset vuosi valmistumisen jälkeen,outcome,2021,MK12,Pohjois-Karjala,region,63.0,PERCENT,higher_is_better,statfin_education_placement_111l,https://pxdata.stat.fi/PxWeb/api/v1/fi/StatFin/sijk/111l.px,false,2026-01-23
education,education_employed_one_year_pct,Työlliset vuosi valmistumisen jälkeen,outcome,2022,MK12,Pohjois-Karjala,region,68.0,PERCENT,higher_is_better,statfin_education_placement_111l,https://pxdata.stat.fi/PxWeb/api/v1/fi/StatFin/sijk/111l.px,false,2026-01-23
education,education_employed_one_year_pct,Työlliset vuosi valmistumisen jälkeen,outcome,2023,MK12,Pohjois-Karjala,region,67.0,PERCENT,higher_is_better,statfin_education_placement_111l,https://pxdata.stat.fi/PxWeb/api/v1/fi/StatFin/sijk/111l.px,false,2026-01-23
education,education_employed_one_year_pct,Työlliset vuosi valmistumisen jälkeen,outcome,2024,MK12,Pohjois-Karjala,region,66.0,PERCENT,higher_is_better,statfin_education_placement_111l,https://pxdata.stat.fi/PxWeb/api/v1/fi/StatFin/sijk/111l.px,false,2026-01-23
education,education_employed_one_year_pct,Työlliset vuosi valmistumisen jälkeen,outcome,2015,MK13,Keski-Suomi,region,57.0,PERCENT,higher_is_better,statfin_education_placement_111l,https://pxdata.stat.fi/PxWeb/api/v1/fi/StatFin/sijk/111l.px,false,2026-01-23
education,education_employed_one_year_pct,Työlliset vuosi valmistumisen jälkeen,outcome,2016,MK13,Keski-Suomi,region,60.0,PERCENT,higher_is_better,statfin_education_placement_111l,https://pxdata.stat.fi/PxWeb/api/v1/fi/StatFin/sijk/111l.px,false,2026-01-23
education,education_employed_one_year_pct,Työlliset vuosi valmistumisen jälkeen,outcome,2017,MK13,Keski-Suomi,region,63.0,PERCENT,higher_is_better,statfin_education_placement_111l,https://pxdata.stat.fi/PxWeb/api/v1/fi/StatFin/sijk/111l.px,false,2026-01-23
education,education_employed_one_year_pct,Työlliset vuosi valmistumisen jälkeen,outcome,2018,MK13,Keski-Suomi,region,65.0,PERCENT,higher_is_better,statfin_education_placement_111l,https://pxdata.stat.fi/PxWeb/api/v1/fi/StatFin/sijk/111l.px,false,2026-01-23
education,education_employed_one_year_pct,Työlliset vuosi valmistumisen jälkeen,outcome,2019,MK13,Keski-Suomi,region,66.0,PERCENT,higher_is_better,statfin_education_placement_111l,https://pxdata.stat.fi/PxWeb/api/v1/fi/StatFin/sijk/111l.px,false,2026-01-23
education,education_employed_one_year_pct,Työlliset vuosi valmistumisen jälkeen,outcome,2020,MK13,Keski-Suomi,region,61.0,PERCENT,higher_is_better,statfin_education_placement_111l,https://pxdata.stat.fi/PxWeb/api/v1/fi/StatFin/sijk/111l.px,false,2026-01-23
education,education_employed_one_year_pct,Työlliset vuosi valmistumisen jälkeen,outcome,2021,MK13,Keski-Suomi,region,66.0,PERCENT,higher_is_better,statfin_education_placement_111l,https://pxdata.stat.fi/PxWeb/api/v1/fi/StatFin/sijk/111l.px,false,2026-01-23
education,education_employed_one_year_pct,Työlliset vuosi valmistumisen jälkeen,outcome,2022,MK13,Keski-Suomi,region,70.0,PERCENT,higher_is_better,statfin_education_placement_111l,https://pxdata.stat.fi/PxWeb/api/v1/fi/StatFin/sijk/111l.px,false,2026-01-23
education,education_employed_one_year_pct,Työlliset vuosi valmistumisen jälkeen,outcome,2023,MK13,Keski-Suomi,region,66.0,PERCENT,higher_is_better,statfin_education_placement_111l,https://pxdata.stat.fi/PxWeb/api/v1/fi/StatFin/sijk/111l.px,false,2026-01-23
education,education_employed_one_year_pct,Työlliset vuosi valmistumisen jälkeen,outcome,2024,MK13,Keski-Suomi,region,65.0,PERCENT,higher_is_better,statfin_education_placement_111l,https://pxdata.stat.fi/PxWeb/api/v1/fi/StatFin/sijk/111l.px,false,2026-01-23
education,education_employed_one_year_pct,Työlliset vuosi valmistumisen jälkeen,outcome,2015,MK14,Etelä-Pohjanmaa,region,63.0,PERCENT,higher_is_better,statfin_education_placement_111l,https://pxdata.stat.fi/PxWeb/api/v1/fi/StatFin/sijk/111l.px,false,2026-01-23
education,education_employed_one_year_pct,Työlliset vuosi valmistumisen jälkeen,outcome,2016,MK14,Etelä-Pohjanmaa,region,66.0,PERCENT,higher_is_better,statfin_education_placement_111l,https://pxdata.stat.fi/PxWeb/api/v1/fi/StatFin/sijk/111l.px,false,2026-01-23
education,education_employed_one_year_pct,Työlliset vuosi valmistumisen jälkeen,outcome,2017,MK14,Etelä-Pohjanmaa,region,69.0,PERCENT,higher_is_better,statfin_education_placement_111l,https://pxdata.stat.fi/PxWeb/api/v1/fi/StatFin/sijk/111l.px,false,2026-01-23
education,education_employed_one_year_pct,Työlliset vuosi valmistumisen jälkeen,outcome,2018,MK14,Etelä-Pohjanmaa,region,71.0,PERCENT,higher_is_better,statfin_education_placement_111l,https://pxdata.stat.fi/PxWeb/api/v1/fi/StatFin/sijk/111l.px,false,2026-01-23
education,education_employed_one_year_pct,Työlliset vuosi valmistumisen jälkeen,outcome,2019,MK14,Etelä-Pohjanmaa,region,76.0,PERCENT,higher_is_better,statfin_education_placement_111l,https://pxdata.stat.fi/PxWeb/api/v1/fi/StatFin/sijk/111l.px,false,2026-01-23
education,education_employed_one_year_pct,Työlliset vuosi valmistumisen jälkeen,outcome,2020,MK14,Etelä-Pohjanmaa,region,70.0,PERCENT,higher_is_better,statfin_education_placement_111l,https://pxdata.stat.fi/PxWeb/api/v1/fi/StatFin/sijk/111l.px,false,2026-01-23
education,education_employed_one_year_pct,Työlliset vuosi valmistumisen jälkeen,outcome,2021,MK14,Etelä-Pohjanmaa,region,74.0,PERCENT,higher_is_better,statfin_education_placement_111l,https://pxdata.stat.fi/PxWeb/api/v1/fi/StatFin/sijk/111l.px,false,2026-01-23
education,education_employed_one_year_pct,Työlliset vuosi valmistumisen jälkeen,outcome,2022,MK14,Etelä-Pohjanmaa,region,74.0,PERCENT,higher_is_better,statfin_education_placement_111l,https://pxdata.stat.fi/PxWeb/api/v1/fi/StatFin/sijk/111l.px,false,2026-01-23
education,education_employed_one_year_pct,Työlliset vuosi valmistumisen jälkeen,outcome,2023,MK14,Etelä-Pohjanmaa,region,72.0,PERCENT,higher_is_better,statfin_education_placement_111l,https://pxdata.stat.fi/PxWeb/api/v1/fi/StatFin/sijk/111l.px,false,2026-01-23
education,education_employed_one_year_pct,Työlliset vuosi valmistumisen jälkeen,outcome,2024,MK14,Etelä-Pohjanmaa,region,72.0,PERCENT,higher_is_better,statfin_education_placement_111l,https://pxdata.stat.fi/PxWeb/api/v1/fi/StatFin/sijk/111l.px,false,2026-01-23
education,education_employed_one_year_pct,Työlliset vuosi valmistumisen jälkeen,outcome,2015,MK15,Pohjanmaa,region,67.0,PERCENT,higher_is_better,statfin_education_placement_111l,https://pxdata.stat.fi/PxWeb/api/v1/fi/StatFin/sijk/111l.px,false,2026-01-23
education,education_employed_one_year_pct,Työlliset vuosi valmistumisen jälkeen,outcome,2016,MK15,Pohjanmaa,region,68.0,PERCENT,higher_is_better,statfin_education_placement_111l,https://pxdata.stat.fi/PxWeb/api/v1/fi/StatFin/sijk/111l.px,false,2026-01-23
education,education_employed_one_year_pct,Työlliset vuosi valmistumisen jälkeen,outcome,2017,MK15,Pohjanmaa,region,72.0,PERCENT,higher_is_better,statfin_education_placement_111l,https://pxdata.stat.fi/PxWeb/api/v1/fi/StatFin/sijk/111l.px,false,2026-01-23
education,education_employed_one_year_pct,Työlliset vuosi valmistumisen jälkeen,outcome,2018,MK15,Pohjanmaa,region,73.0,PERCENT,higher_is_better,statfin_education_placement_111l,https://pxdata.stat.fi/PxWeb/api/v1/fi/StatFin/sijk/111l.px,false,2026-01-23
education,education_employed_one_year_pct,Työlliset vuosi valmistumisen jälkeen,outcome,2019,MK15,Pohjanmaa,region,73.0,PERCENT,higher_is_better,statfin_education_placement_111l,https://pxdata.stat.fi/PxWeb/api/v1/fi/StatFin/sijk/111l.px,false,2026-01-23
education,education_employed_one_year_pct,Työlliset vuosi valmistumisen jälkeen,outcome,2020,MK15,Pohjanmaa,region,67.0,PERCENT,higher_is_better,statfin_education_placement_111l,https://pxdata.stat.fi/PxWeb/api/v1/fi/StatFin/sijk/111l.px,false,2026-01-23
education,education_employed_one_year_pct,Työlliset vuosi valmistumisen jälkeen,outcome,2021,MK15,Pohjanmaa,region,71.0,PERCENT,higher_is_better,statfin_education_placement_111l,https://pxdata.stat.fi/PxWeb/api/v1/fi/StatFin/sijk/111l.px,false,2026-01-23
education,education_employed_one_year_pct,Työlliset vuosi valmistumisen jälkeen,outcome,2022,MK15,Pohjanmaa,region,75.0,PERCENT,higher_is_better,statfin_education_placement_111l,https://pxdata.stat.fi/PxWeb/api/v1/fi/StatFin/sijk/111l.px,false,2026-01-23
education,education_employed_one_year_pct,Työlliset vuosi valmistumisen jälkeen,outcome,2023,MK15,Pohjanmaa,region,75.0,PERCENT,higher_is_better,statfin_education_placement_111l,https://pxdata.stat.fi/PxWeb/api/v1/fi/StatFin/sijk/111l.px,false,2026-01-23
education,education_employed_one_year_pct,Työlliset vuosi valmistumisen jälkeen,outcome,2024,MK15,Pohjanmaa,region,75.0,PERCENT,higher_is_better,statfin_education_placement_111l,https://pxdata.stat.fi/PxWeb/api/v1/fi/StatFin/sijk/111l.px,false,2026-01-23
education,education_employed_one_year_pct,Työlliset vuosi valmistumisen jälkeen,outcome,2015,MK16,Keski-Pohjanmaa,region,66.0,PERCENT,higher_is_better,statfin_education_placement_111l,https://pxdata.stat.fi/PxWeb/api/v1/fi/StatFin/sijk/111l.px,false,2026-01-23
education,education_employed_one_year_pct,Työlliset vuosi valmistumisen jälkeen,outcome,2016,MK16,Keski-Pohjanmaa,region,65.0,PERCENT,higher_is_better,statfin_education_placement_111l,https://pxdata.stat.fi/PxWeb/api/v1/fi/StatFin/sijk/111l.px,false,2026-01-23
education,education_employed_one_year_pct,Työlliset vuosi valmistumisen jälkeen,outcome,2017,MK16,Keski-Pohjanmaa,region,70.0,PERCENT,higher_is_better,statfin_education_placement_111l,https://pxdata.stat.fi/PxWeb/api/v1/fi/StatFin/sijk/111l.px,false,2026-01-23
education,education_employed_one_year_pct,Työlliset vuosi valmistumisen jälkeen,outcome,2018,MK16,Keski-Pohjanmaa,region,73.0,PERCENT,higher_is_better,statfin_education_placement_111l,https://pxdata.stat.fi/PxWeb/api/v1/fi/StatFin/sijk/111l.px,false,2026-01-23
education,education_employed_one_year_pct,Työlliset vuosi valmistumisen jälkeen,outcome,2019,MK16,Keski-Pohjanmaa,region,74.0,PERCENT,higher_is_better,statfin_education_placement_111l,https://pxdata.stat.fi/PxWeb/api/v1/fi/StatFin/sijk/111l.px,false,2026-01-23
education,education_employed_one_year_pct,Työlliset vuosi valmistumisen jälkeen,outcome,2020,MK16,Keski-Pohjanmaa,region,72.0,PERCENT,higher_is_better,statfin_education_placement_111l,https://pxdata.stat.fi/PxWeb/api/v1/fi/StatFin/sijk/111l.px,false,2026-01-23
education,education_employed_one_year_pct,Työlliset vuosi valmistumisen jälkeen,outcome,2021,MK16,Keski-Pohjanmaa,region,75.0,PERCENT,higher_is_better,statfin_education_placement_111l,https://pxdata.stat.fi/PxWeb/api/v1/fi/StatFin/sijk/111l.px,false,2026-01-23
education,education_employed_one_year_pct,Työlliset vuosi valmistumisen jälkeen,outcome,2022,MK16,Keski-Pohjanmaa,region,74.0,PERCENT,higher_is_better,statfin_education_placement_111l,https://pxdata.stat.fi/PxWeb/api/v1/fi/StatFin/sijk/111l.px,false,2026-01-23
education,education_employed_one_year_pct,Työlliset vuosi valmistumisen jälkeen,outcome,2023,MK16,Keski-Pohjanmaa,region,72.0,PERCENT,higher_is_better,statfin_education_placement_111l,https://pxdata.stat.fi/PxWeb/api/v1/fi/StatFin/sijk/111l.px,false,2026-01-23
education,education_employed_one_year_pct,Työlliset vuosi valmistumisen jälkeen,outcome,2024,MK16,Keski-Pohjanmaa,region,72.0,PERCENT,higher_is_better,statfin_education_placement_111l,https://pxdata.stat.fi/PxWeb/api/v1/fi/StatFin/sijk/111l.px,false,2026-01-23
education,education_employed_one_year_pct,Työlliset vuosi valmistumisen jälkeen,outcome,2015,MK17,Pohjois-Pohjanmaa,region,60.0,PERCENT,higher_is_better,statfin_education_placement_111l,https://pxdata.stat.fi/PxWeb/api/v1/fi/StatFin/sijk/111l.px,false,2026-01-23
education,education_employed_one_year_pct,Työlliset vuosi valmistumisen jälkeen,outcome,2016,MK17,Pohjois-Pohjanmaa,region,61.0,PERCENT,higher_is_better,statfin_education_placement_111l,https://pxdata.stat.fi/PxWeb/api/v1/fi/StatFin/sijk/111l.px,false,2026-01-23
education,education_employed_one_year_pct,Työlliset vuosi valmistumisen jälkeen,outcome,2017,MK17,Pohjois-Pohjanmaa,region,65.0,PERCENT,higher_is_better,statfin_education_placement_111l,https://pxdata.stat.fi/PxWeb/api/v1/fi/StatFin/sijk/111l.px,false,2026-01-23
education,education_employed_one_year_pct,Työlliset vuosi valmistumisen jälkeen,outcome,2018,MK17,Pohjois-Pohjanmaa,region,68.0,PERCENT,higher_is_better,statfin_education_placement_111l,https://pxdata.stat.fi/PxWeb/api/v1/fi/StatFin/sijk/111l.px,false,2026-01-23
education,education_employed_one_year_pct,Työlliset vuosi valmistumisen jälkeen,outcome,2019,MK17,Pohjois-Pohjanmaa,region,69.0,PERCENT,higher_is_better,statfin_education_placement_111l,https://pxdata.stat.fi/PxWeb/api/v1/fi/StatFin/sijk/111l.px,false,2026-01-23
education,education_employed_one_year_pct,Työlliset vuosi valmistumisen jälkeen,outcome,2020,MK17,Pohjois-Pohjanmaa,region,64.0,PERCENT,higher_is_better,statfin_education_placement_111l,https://pxdata.stat.fi/PxWeb/api/v1/fi/StatFin/sijk/111l.px,false,2026-01-23
education,education_employed_one_year_pct,Työlliset vuosi valmistumisen jälkeen,outcome,2021,MK17,Pohjois-Pohjanmaa,region,69.0,PERCENT,higher_is_better,statfin_education_placement_111l,https://pxdata.stat.fi/PxWeb/api/v1/fi/StatFin/sijk/111l.px,false,2026-01-23
education,education_employed_one_year_pct,Työlliset vuosi valmistumisen jälkeen,outcome,2022,MK17,Pohjois-Pohjanmaa,region,71.0,PERCENT,higher_is_better,statfin_education_placement_111l,https://pxdata.stat.fi/PxWeb/api/v1/fi/StatFin/sijk/111l.px,false,2026-01-23
education,education_employed_one_year_pct,Työlliset vuosi valmistumisen jälkeen,outcome,2023,MK17,Pohjois-Pohjanmaa,region,69.0,PERCENT,higher_is_better,statfin_education_placement_111l,https://pxdata.stat.fi/PxWeb/api/v1/fi/StatFin/sijk/111l.px,false,2026-01-23
education,education_employed_one_year_pct,Työlliset vuosi valmistumisen jälkeen,outcome,2024,MK17,Pohjois-Pohjanmaa,region,68.0,PERCENT,higher_is_better,statfin_education_placement_111l,https://pxdata.stat.fi/PxWeb/api/v1/fi/StatFin/sijk/111l.px,false,2026-01-23
education,education_employed_one_year_pct,Työlliset vuosi valmistumisen jälkeen,outcome,2015,MK18,Kainuu,region,60.0,PERCENT,higher_is_better,statfin_education_placement_111l,https://pxdata.stat.fi/PxWeb/api/v1/fi/StatFin/sijk/111l.px,false,2026-01-23
education,education_employed_one_year_pct,Työlliset vuosi valmistumisen jälkeen,outcome,2016,MK18,Kainuu,region,64.0,PERCENT,higher_is_better,statfin_education_placement_111l,https://pxdata.stat.fi/PxWeb/api/v1/fi/StatFin/sijk/111l.px,false,2026-01-23
education,education_employed_one_year_pct,Työlliset vuosi valmistumisen jälkeen,outcome,2017,MK18,Kainuu,region,66.0,PERCENT,higher_is_better,statfin_education_placement_111l,https://pxdata.stat.fi/PxWeb/api/v1/fi/StatFin/sijk/111l.px,false,2026-01-23
education,education_employed_one_year_pct,Työlliset vuosi valmistumisen jälkeen,outcome,2018,MK18,Kainuu,region,70.0,PERCENT,higher_is_better,statfin_education_placement_111l,https://pxdata.stat.fi/PxWeb/api/v1/fi/StatFin/sijk/111l.px,false,2026-01-23
education,education_employed_one_year_pct,Työlliset vuosi valmistumisen jälkeen,outcome,2019,MK18,Kainuu,region,69.0,PERCENT,higher_is_better,statfin_education_placement_111l,https://pxdata.stat.fi/PxWeb/api/v1/fi/StatFin/sijk/111l.px,false,2026-01-23
education,education_employed_one_year_pct,Työlliset vuosi valmistumisen jälkeen,outcome,2020,MK18,Kainuu,region,67.0,PERCENT,higher_is_better,statfin_education_placement_111l,https://pxdata.stat.fi/PxWeb/api/v1/fi/StatFin/sijk/111l.px,false,2026-01-23
education,education_employed_one_year_pct,Työlliset vuosi valmistumisen jälkeen,outcome,2021,MK18,Kainuu,region,70.0,PERCENT,higher_is_better,statfin_education_placement_111l,https://pxdata.stat.fi/PxWeb/api/v1/fi/StatFin/sijk/111l.px,false,2026-01-23
education,education_employed_one_year_pct,Työlliset vuosi valmistumisen jälkeen,outcome,2022,MK18,Kainuu,region,70.0,PERCENT,higher_is_better,statfin_education_placement_111l,https://pxdata.stat.fi/PxWeb/api/v1/fi/StatFin/sijk/111l.px,false,2026-01-23
education,education_employed_one_year_pct,Työlliset vuosi valmistumisen jälkeen,outcome,2023,MK18,Kainuu,region,73.0,PERCENT,higher_is_better,statfin_education_placement_111l,https://pxdata.stat.fi/PxWeb/api/v1/fi/StatFin/sijk/111l.px,false,2026-01-23
education,education_employed_one_year_pct,Työlliset vuosi valmistumisen jälkeen,outcome,2024,MK18,Kainuu,region,69.0,PERCENT,higher_is_better,statfin_education_placement_111l,https://pxdata.stat.fi/PxWeb/api/v1/fi/StatFin/sijk/111l.px,false,2026-01-23
education,education_employed_one_year_pct,Työlliset vuosi valmistumisen jälkeen,outcome,2015,MK19,Lappi,region,62.0,PERCENT,higher_is_better,statfin_education_placement_111l,https://pxdata.stat.fi/PxWeb/api/v1/fi/StatFin/sijk/111l.px,false,2026-01-23
education,education_employed_one_year_pct,Työlliset vuosi valmistumisen jälkeen,outcome,2016,MK19,Lappi,region,63.0,PERCENT,higher_is_better,statfin_education_placement_111l,https://pxdata.stat.fi/PxWeb/api/v1/fi/StatFin/sijk/111l.px,false,2026-01-23
education,education_employed_one_year_pct,Työlliset vuosi valmistumisen jälkeen,outcome,2017,MK19,Lappi,region,66.0,PERCENT,higher_is_better,statfin_education_placement_111l,https://pxdata.stat.fi/PxWeb/api/v1/fi/StatFin/sijk/111l.px,false,2026-01-23
education,education_employed_one_year_pct,Työlliset vuosi valmistumisen jälkeen,outcome,2018,MK19,Lappi,region,70.0,PERCENT,higher_is_better,statfin_education_placement_111l,https://pxdata.stat.fi/PxWeb/api/v1/fi/StatFin/sijk/111l.px,false,2026-01-23
education,education_employed_one_year_pct,Työlliset vuosi valmistumisen jälkeen,outcome,2019,MK19,Lappi,region,72.0,PERCENT,higher_is_better,statfin_education_placement_111l,https://pxdata.stat.fi/PxWeb/api/v1/fi/StatFin/sijk/111l.px,false,2026-01-23
education,education_employed_one_year_pct,Työlliset vuosi valmistumisen jälkeen,outcome,2020,MK19,Lappi,region,66.0,PERCENT,higher_is_better,statfin_education_placement_111l,https://pxdata.stat.fi/PxWeb/api/v1/fi/StatFin/sijk/111l.px,false,2026-01-23
education,education_employed_one_year_pct,Työlliset vuosi valmistumisen jälkeen,outcome,2021,MK19,Lappi,region,72.0,PERCENT,higher_is_better,statfin_education_placement_111l,https://pxdata.stat.fi/PxWeb/api/v1/fi/StatFin/sijk/111l.px,false,2026-01-23
education,education_employed_one_year_pct,Työlliset vuosi valmistumisen jälkeen,outcome,2022,MK19,Lappi,region,75.0,PERCENT,higher_is_better,statfin_education_placement_111l,https://pxdata.stat.fi/PxWeb/api/v1/fi/StatFin/sijk/111l.px,false,2026-01-23
education,education_employed_one_year_pct,Työlliset vuosi valmistumisen jälkeen,outcome,2023,MK19,Lappi,region,75.0,PERCENT,higher_is_better,statfin_education_placement_111l,https://pxdata.stat.fi/PxWeb/api/v1/fi/StatFin/sijk/111l.px,false,2026-01-23
education,education_employed_one_year_pct,Työlliset vuosi valmistumisen jälkeen,outcome,2024,MK19,Lappi,region,75.0,PERCENT,higher_is_better,statfin_education_placement_111l,https://pxdata.stat.fi/PxWeb/api/v1/fi/StatFin/sijk/111l.px,false,2026-01-23
education,education_employed_one_year_pct,Työlliset vuosi valmistumisen jälkeen,outcome,2015,MK21,Ahvenanmaa,region,82.0,PERCENT,higher_is_better,statfin_education_placement_111l,https://pxdata.stat.fi/PxWeb/api/v1/fi/StatFin/sijk/111l.px,false,2026-01-23
education,education_employed_one_year_pct,Työlliset vuosi valmistumisen jälkeen,outcome,2016,MK21,Ahvenanmaa,region,83.0,PERCENT,higher_is_better,statfin_education_placement_111l,https://pxdata.stat.fi/PxWeb/api/v1/fi/StatFin/sijk/111l.px,false,2026-01-23
education,education_employed_one_year_pct,Työlliset vuosi valmistumisen jälkeen,outcome,2017,MK21,Ahvenanmaa,region,87.0,PERCENT,higher_is_better,statfin_education_placement_111l,https://pxdata.stat.fi/PxWeb/api/v1/fi/StatFin/sijk/111l.px,false,2026-01-23
education,education_employed_one_year_pct,Työlliset vuosi valmistumisen jälkeen,outcome,2018,MK21,Ahvenanmaa,region,86.0,PERCENT,higher_is_better,statfin_education_placement_111l,https://pxdata.stat.fi/PxWeb/api/v1/fi/StatFin/sijk/111l.px,false,2026-01-23
education,education_employed_one_year_pct,Työlliset vuosi valmistumisen jälkeen,outcome,2019,MK21,Ahvenanmaa,region,76.0,PERCENT,higher_is_better,statfin_education_placement_111l,https://pxdata.stat.fi/PxWeb/api/v1/fi/StatFin/sijk/111l.px,false,2026-01-23
education,education_employed_one_year_pct,Työlliset vuosi valmistumisen jälkeen,outcome,2020,MK21,Ahvenanmaa,region,75.0,PERCENT,higher_is_better,statfin_education_placement_111l,https://pxdata.stat.fi/PxWeb/api/v1/fi/StatFin/sijk/111l.px,false,2026-01-23
education,education_employed_one_year_pct,Työlliset vuosi valmistumisen jälkeen,outcome,2021,MK21,Ahvenanmaa,region,77.0,PERCENT,higher_is_better,statfin_education_placement_111l,https://pxdata.stat.fi/PxWeb/api/v1/fi/StatFin/sijk/111l.px,false,2026-01-23
education,education_employed_one_year_pct,Työlliset vuosi valmistumisen jälkeen,outcome,2022,MK21,Ahvenanmaa,region,85.0,PERCENT,higher_is_better,statfin_education_placement_111l,https://pxdata.stat.fi/PxWeb/api/v1/fi/StatFin/sijk/111l.px,false,2026-01-23
education,education_employed_one_year_pct,Työlliset vuosi valmistumisen jälkeen,outcome,2023,MK21,Ahvenanmaa,region,80.0,PERCENT,higher_is_better,statfin_education_placement_111l,https://pxdata.stat.fi/PxWeb/api/v1/fi/StatFin/sijk/111l.px,false,2026-01-23
education,education_employed_one_year_pct,Työlliset vuosi valmistumisen jälkeen,outcome,2024,MK21,Ahvenanmaa,region,78.0,PERCENT,higher_is_better,statfin_education_placement_111l,https://pxdata.stat.fi/PxWeb/api/v1/fi/StatFin/sijk/111l.px,false,2026-01-23
education,education_graduates_previous_year,Tutkinnon suorittaneet,output,2015,FI,Koko maa,country,138935.0,PERSON,higher_is_more_output,statfin_education_placement_111l,https://pxdata.stat.fi/PxWeb/api/v1/fi/StatFin/sijk/111l.px,false,2026-01-23
education,education_graduates_previous_year,Tutkinnon suorittaneet,output,2016,FI,Koko maa,country,142573.0,PERSON,higher_is_more_output,statfin_education_placement_111l,https://pxdata.stat.fi/PxWeb/api/v1/fi/StatFin/sijk/111l.px,false,2026-01-23
education,education_graduates_previous_year,Tutkinnon suorittaneet,output,2017,FI,Koko maa,country,141526.0,PERSON,higher_is_more_output,statfin_education_placement_111l,https://pxdata.stat.fi/PxWeb/api/v1/fi/StatFin/sijk/111l.px,false,2026-01-23
education,education_graduates_previous_year,Tutkinnon suorittaneet,output,2018,FI,Koko maa,country,143057.0,PERSON,higher_is_more_output,statfin_education_placement_111l,https://pxdata.stat.fi/PxWeb/api/v1/fi/StatFin/sijk/111l.px,false,2026-01-23
education,education_graduates_previous_year,Tutkinnon suorittaneet,output,2019,FI,Koko maa,country,145670.0,PERSON,higher_is_more_output,statfin_education_placement_111l,https://pxdata.stat.fi/PxWeb/api/v1/fi/StatFin/sijk/111l.px,false,2026-01-23
education,education_graduates_previous_year,Tutkinnon suorittaneet,output,2020,FI,Koko maa,country,139360.0,PERSON,higher_is_more_output,statfin_education_placement_111l,https://pxdata.stat.fi/PxWeb/api/v1/fi/StatFin/sijk/111l.px,false,2026-01-23
education,education_graduates_previous_year,Tutkinnon suorittaneet,output,2021,FI,Koko maa,country,138699.0,PERSON,higher_is_more_output,statfin_education_placement_111l,https://pxdata.stat.fi/PxWeb/api/v1/fi/StatFin/sijk/111l.px,false,2026-01-23
education,education_graduates_previous_year,Tutkinnon suorittaneet,output,2022,FI,Koko maa,country,140018.0,PERSON,higher_is_more_output,statfin_education_placement_111l,https://pxdata.stat.fi/PxWeb/api/v1/fi/StatFin/sijk/111l.px,false,2026-01-23
education,education_graduates_previous_year,Tutkinnon suorittaneet,output,2023,FI,Koko maa,country,138840.0,PERSON,higher_is_more_output,statfin_education_placement_111l,https://pxdata.stat.fi/PxWeb/api/v1/fi/StatFin/sijk/111l.px,false,2026-01-23
education,education_graduates_previous_year,Tutkinnon suorittaneet,output,2024,FI,Koko maa,country,145576.0,PERSON,higher_is_more_output,statfin_education_placement_111l,https://pxdata.stat.fi/PxWeb/api/v1/fi/StatFin/sijk/111l.px,false,2026-01-23
education,education_graduates_previous_year,Tutkinnon suorittaneet,output,2015,MK01,Uusimaa,region,44025.0,PERSON,higher_is_more_output,statfin_education_placement_111l,https://pxdata.stat.fi/PxWeb/api/v1/fi/StatFin/sijk/111l.px,false,2026-01-23
education,education_graduates_previous_year,Tutkinnon suorittaneet,output,2016,MK01,Uusimaa,region,46386.0,PERSON,higher_is_more_output,statfin_education_placement_111l,https://pxdata.stat.fi/PxWeb/api/v1/fi/StatFin/sijk/111l.px,false,2026-01-23
education,education_graduates_previous_year,Tutkinnon suorittaneet,output,2017,MK01,Uusimaa,region,48012.0,PERSON,higher_is_more_output,statfin_education_placement_111l,https://pxdata.stat.fi/PxWeb/api/v1/fi/StatFin/sijk/111l.px,false,2026-01-23
education,education_graduates_previous_year,Tutkinnon suorittaneet,output,2018,MK01,Uusimaa,region,48257.0,PERSON,higher_is_more_output,statfin_education_placement_111l,https://pxdata.stat.fi/PxWeb/api/v1/fi/StatFin/sijk/111l.px,false,2026-01-23
education,education_graduates_previous_year,Tutkinnon suorittaneet,output,2019,MK01,Uusimaa,region,49176.0,PERSON,higher_is_more_output,statfin_education_placement_111l,https://pxdata.stat.fi/PxWeb/api/v1/fi/StatFin/sijk/111l.px,false,2026-01-23
education,education_graduates_previous_year,Tutkinnon suorittaneet,output,2020,MK01,Uusimaa,region,47520.0,PERSON,higher_is_more_output,statfin_education_placement_111l,https://pxdata.stat.fi/PxWeb/api/v1/fi/StatFin/sijk/111l.px,false,2026-01-23
education,education_graduates_previous_year,Tutkinnon suorittaneet,output,2021,MK01,Uusimaa,region,48372.0,PERSON,higher_is_more_output,statfin_education_placement_111l,https://pxdata.stat.fi/PxWeb/api/v1/fi/StatFin/sijk/111l.px,false,2026-01-23
education,education_graduates_previous_year,Tutkinnon suorittaneet,output,2022,MK01,Uusimaa,region,46854.0,PERSON,higher_is_more_output,statfin_education_placement_111l,https://pxdata.stat.fi/PxWeb/api/v1/fi/StatFin/sijk/111l.px,false,2026-01-23
education,education_graduates_previous_year,Tutkinnon suorittaneet,output,2023,MK01,Uusimaa,region,46438.0,PERSON,higher_is_more_output,statfin_education_placement_111l,https://pxdata.stat.fi/PxWeb/api/v1/fi/StatFin/sijk/111l.px,false,2026-01-23
education,education_graduates_previous_year,Tutkinnon suorittaneet,output,2024,MK01,Uusimaa,region,49690.0,PERSON,higher_is_more_output,statfin_education_placement_111l,https://pxdata.stat.fi/PxWeb/api/v1/fi/StatFin/sijk/111l.px,false,2026-01-23
education,education_graduates_previous_year,Tutkinnon suorittaneet,output,2015,MK02,Varsinais-Suomi,region,12615.0,PERSON,higher_is_more_output,statfin_education_placement_111l,https://pxdata.stat.fi/PxWeb/api/v1/fi/StatFin/sijk/111l.px,false,2026-01-23
education,education_graduates_previous_year,Tutkinnon suorittaneet,output,2016,MK02,Varsinais-Suomi,region,12757.0,PERSON,higher_is_more_output,statfin_education_placement_111l,https://pxdata.stat.fi/PxWeb/api/v1/fi/StatFin/sijk/111l.px,false,2026-01-23
education,education_graduates_previous_year,Tutkinnon suorittaneet,output,2017,MK02,Varsinais-Suomi,region,12739.0,PERSON,higher_is_more_output,statfin_education_placement_111l,https://pxdata.stat.fi/PxWeb/api/v1/fi/StatFin/sijk/111l.px,false,2026-01-23
education,education_graduates_previous_year,Tutkinnon suorittaneet,output,2018,MK02,Varsinais-Suomi,region,12957.0,PERSON,higher_is_more_output,statfin_education_placement_111l,https://pxdata.stat.fi/PxWeb/api/v1/fi/StatFin/sijk/111l.px,false,2026-01-23
education,education_graduates_previous_year,Tutkinnon suorittaneet,output,2019,MK02,Varsinais-Suomi,region,13368.0,PERSON,higher_is_more_output,statfin_education_placement_111l,https://pxdata.stat.fi/PxWeb/api/v1/fi/StatFin/sijk/111l.px,false,2026-01-23
education,education_graduates_previous_year,Tutkinnon suorittaneet,output,2020,MK02,Varsinais-Suomi,region,13152.0,PERSON,higher_is_more_output,statfin_education_placement_111l,https://pxdata.stat.fi/PxWeb/api/v1/fi/StatFin/sijk/111l.px,false,2026-01-23
education,education_graduates_previous_year,Tutkinnon suorittaneet,output,2021,MK02,Varsinais-Suomi,region,12832.0,PERSON,higher_is_more_output,statfin_education_placement_111l,https://pxdata.stat.fi/PxWeb/api/v1/fi/StatFin/sijk/111l.px,false,2026-01-23
education,education_graduates_previous_year,Tutkinnon suorittaneet,output,2022,MK02,Varsinais-Suomi,region,12560.0,PERSON,higher_is_more_output,statfin_education_placement_111l,https://pxdata.stat.fi/PxWeb/api/v1/fi/StatFin/sijk/111l.px,false,2026-01-23
education,education_graduates_previous_year,Tutkinnon suorittaneet,output,2023,MK02,Varsinais-Suomi,region,12603.0,PERSON,higher_is_more_output,statfin_education_placement_111l,https://pxdata.stat.fi/PxWeb/api/v1/fi/StatFin/sijk/111l.px,false,2026-01-23
education,education_graduates_previous_year,Tutkinnon suorittaneet,output,2024,MK02,Varsinais-Suomi,region,13179.0,PERSON,higher_is_more_output,statfin_education_placement_111l,https://pxdata.stat.fi/PxWeb/api/v1/fi/StatFin/sijk/111l.px,false,2026-01-23
education,education_graduates_previous_year,Tutkinnon suorittaneet,output,2015,MK04,Satakunta,region,4763.0,PERSON,higher_is_more_output,statfin_education_placement_111l,https://pxdata.stat.fi/PxWeb/api/v1/fi/StatFin/sijk/111l.px,false,2026-01-23
education,education_graduates_previous_year,Tutkinnon suorittaneet,output,2016,MK04,Satakunta,region,4768.0,PERSON,higher_is_more_output,statfin_education_placement_111l,https://pxdata.stat.fi/PxWeb/api/v1/fi/StatFin/sijk/111l.px,false,2026-01-23
education,education_graduates_previous_year,Tutkinnon suorittaneet,output,2017,MK04,Satakunta,region,4569.0,PERSON,higher_is_more_output,statfin_education_placement_111l,https://pxdata.stat.fi/PxWeb/api/v1/fi/StatFin/sijk/111l.px,false,2026-01-23
education,education_graduates_previous_year,Tutkinnon suorittaneet,output,2018,MK04,Satakunta,region,4546.0,PERSON,higher_is_more_output,statfin_education_placement_111l,https://pxdata.stat.fi/PxWeb/api/v1/fi/StatFin/sijk/111l.px,false,2026-01-23
education,education_graduates_previous_year,Tutkinnon suorittaneet,output,2019,MK04,Satakunta,region,4592.0,PERSON,higher_is_more_output,statfin_education_placement_111l,https://pxdata.stat.fi/PxWeb/api/v1/fi/StatFin/sijk/111l.px,false,2026-01-23
education,education_graduates_previous_year,Tutkinnon suorittaneet,output,2020,MK04,Satakunta,region,4321.0,PERSON,higher_is_more_output,statfin_education_placement_111l,https://pxdata.stat.fi/PxWeb/api/v1/fi/StatFin/sijk/111l.px,false,2026-01-23
education,education_graduates_previous_year,Tutkinnon suorittaneet,output,2021,MK04,Satakunta,region,4432.0,PERSON,higher_is_more_output,statfin_education_placement_111l,https://pxdata.stat.fi/PxWeb/api/v1/fi/StatFin/sijk/111l.px,false,2026-01-23
education,education_graduates_previous_year,Tutkinnon suorittaneet,output,2022,MK04,Satakunta,region,4594.0,PERSON,higher_is_more_output,statfin_education_placement_111l,https://pxdata.stat.fi/PxWeb/api/v1/fi/StatFin/sijk/111l.px,false,2026-01-23
education,education_graduates_previous_year,Tutkinnon suorittaneet,output,2023,MK04,Satakunta,region,4485.0,PERSON,higher_is_more_output,statfin_education_placement_111l,https://pxdata.stat.fi/PxWeb/api/v1/fi/StatFin/sijk/111l.px,false,2026-01-23
education,education_graduates_previous_year,Tutkinnon suorittaneet,output,2024,MK04,Satakunta,region,4670.0,PERSON,higher_is_more_output,statfin_education_placement_111l,https://pxdata.stat.fi/PxWeb/api/v1/fi/StatFin/sijk/111l.px,false,2026-01-23
education,education_graduates_previous_year,Tutkinnon suorittaneet,output,2015,MK05,Kanta-Häme,region,3517.0,PERSON,higher_is_more_output,statfin_education_placement_111l,https://pxdata.stat.fi/PxWeb/api/v1/fi/StatFin/sijk/111l.px,false,2026-01-23
education,education_graduates_previous_year,Tutkinnon suorittaneet,output,2016,MK05,Kanta-Häme,region,3595.0,PERSON,higher_is_more_output,statfin_education_placement_111l,https://pxdata.stat.fi/PxWeb/api/v1/fi/StatFin/sijk/111l.px,false,2026-01-23
education,education_graduates_previous_year,Tutkinnon suorittaneet,output,2017,MK05,Kanta-Häme,region,3526.0,PERSON,higher_is_more_output,statfin_education_placement_111l,https://pxdata.stat.fi/PxWeb/api/v1/fi/StatFin/sijk/111l.px,false,2026-01-23
education,education_graduates_previous_year,Tutkinnon suorittaneet,output,2018,MK05,Kanta-Häme,region,3632.0,PERSON,higher_is_more_output,statfin_education_placement_111l,https://pxdata.stat.fi/PxWeb/api/v1/fi/StatFin/sijk/111l.px,false,2026-01-23
education,education_graduates_previous_year,Tutkinnon suorittaneet,output,2019,MK05,Kanta-Häme,region,3581.0,PERSON,higher_is_more_output,statfin_education_placement_111l,https://pxdata.stat.fi/PxWeb/api/v1/fi/StatFin/sijk/111l.px,false,2026-01-23
education,education_graduates_previous_year,Tutkinnon suorittaneet,output,2020,MK05,Kanta-Häme,region,3555.0,PERSON,higher_is_more_output,statfin_education_placement_111l,https://pxdata.stat.fi/PxWeb/api/v1/fi/StatFin/sijk/111l.px,false,2026-01-23
education,education_graduates_previous_year,Tutkinnon suorittaneet,output,2021,MK05,Kanta-Häme,region,3240.0,PERSON,higher_is_more_output,statfin_education_placement_111l,https://pxdata.stat.fi/PxWeb/api/v1/fi/StatFin/sijk/111l.px,false,2026-01-23
education,education_graduates_previous_year,Tutkinnon suorittaneet,output,2022,MK05,Kanta-Häme,region,3510.0,PERSON,higher_is_more_output,statfin_education_placement_111l,https://pxdata.stat.fi/PxWeb/api/v1/fi/StatFin/sijk/111l.px,false,2026-01-23
education,education_graduates_previous_year,Tutkinnon suorittaneet,output,2023,MK05,Kanta-Häme,region,3552.0,PERSON,higher_is_more_output,statfin_education_placement_111l,https://pxdata.stat.fi/PxWeb/api/v1/fi/StatFin/sijk/111l.px,false,2026-01-23
education,education_graduates_previous_year,Tutkinnon suorittaneet,output,2024,MK05,Kanta-Häme,region,3545.0,PERSON,higher_is_more_output,statfin_education_placement_111l,https://pxdata.stat.fi/PxWeb/api/v1/fi/StatFin/sijk/111l.px,false,2026-01-23
education,education_graduates_previous_year,Tutkinnon suorittaneet,output,2015,MK06,Pirkanmaa,region,13660.0,PERSON,higher_is_more_output,statfin_education_placement_111l,https://pxdata.stat.fi/PxWeb/api/v1/fi/StatFin/sijk/111l.px,false,2026-01-23
education,education_graduates_previous_year,Tutkinnon suorittaneet,output,2016,MK06,Pirkanmaa,region,14240.0,PERSON,higher_is_more_output,statfin_education_placement_111l,https://pxdata.stat.fi/PxWeb/api/v1/fi/StatFin/sijk/111l.px,false,2026-01-23
education,education_graduates_previous_year,Tutkinnon suorittaneet,output,2017,MK06,Pirkanmaa,region,14284.0,PERSON,higher_is_more_output,statfin_education_placement_111l,https://pxdata.stat.fi/PxWeb/api/v1/fi/StatFin/sijk/111l.px,false,2026-01-23
education,education_graduates_previous_year,Tutkinnon suorittaneet,output,2018,MK06,Pirkanmaa,region,14592.0,PERSON,higher_is_more_output,statfin_education_placement_111l,https://pxdata.stat.fi/PxWeb/api/v1/fi/StatFin/sijk/111l.px,false,2026-01-23
education,education_graduates_previous_year,Tutkinnon suorittaneet,output,2019,MK06,Pirkanmaa,region,15300.0,PERSON,higher_is_more_output,statfin_education_placement_111l,https://pxdata.stat.fi/PxWeb/api/v1/fi/StatFin/sijk/111l.px,false,2026-01-23
education,education_graduates_previous_year,Tutkinnon suorittaneet,output,2020,MK06,Pirkanmaa,region,14369.0,PERSON,higher_is_more_output,statfin_education_placement_111l,https://pxdata.stat.fi/PxWeb/api/v1/fi/StatFin/sijk/111l.px,false,2026-01-23
education,education_graduates_previous_year,Tutkinnon suorittaneet,output,2021,MK06,Pirkanmaa,region,14901.0,PERSON,higher_is_more_output,statfin_education_placement_111l,https://pxdata.stat.fi/PxWeb/api/v1/fi/StatFin/sijk/111l.px,false,2026-01-23
education,education_graduates_previous_year,Tutkinnon suorittaneet,output,2022,MK06,Pirkanmaa,region,15107.0,PERSON,higher_is_more_output,statfin_education_placement_111l,https://pxdata.stat.fi/PxWeb/api/v1/fi/StatFin/sijk/111l.px,false,2026-01-23
education,education_graduates_previous_year,Tutkinnon suorittaneet,output,2023,MK06,Pirkanmaa,region,14935.0,PERSON,higher_is_more_output,statfin_education_placement_111l,https://pxdata.stat.fi/PxWeb/api/v1/fi/StatFin/sijk/111l.px,false,2026-01-23
education,education_graduates_previous_year,Tutkinnon suorittaneet,output,2024,MK06,Pirkanmaa,region,15992.0,PERSON,higher_is_more_output,statfin_education_placement_111l,https://pxdata.stat.fi/PxWeb/api/v1/fi/StatFin/sijk/111l.px,false,2026-01-23
education,education_graduates_previous_year,Tutkinnon suorittaneet,output,2015,MK07,Päijät-Häme,region,4372.0,PERSON,higher_is_more_output,statfin_education_placement_111l,https://pxdata.stat.fi/PxWeb/api/v1/fi/StatFin/sijk/111l.px,false,2026-01-23
education,education_graduates_previous_year,Tutkinnon suorittaneet,output,2016,MK07,Päijät-Häme,region,4293.0,PERSON,higher_is_more_output,statfin_education_placement_111l,https://pxdata.stat.fi/PxWeb/api/v1/fi/StatFin/sijk/111l.px,false,2026-01-23
education,education_graduates_previous_year,Tutkinnon suorittaneet,output,2017,MK07,Päijät-Häme,region,4067.0,PERSON,higher_is_more_output,statfin_education_placement_111l,https://pxdata.stat.fi/PxWeb/api/v1/fi/StatFin/sijk/111l.px,false,2026-01-23
education,education_graduates_previous_year,Tutkinnon suorittaneet,output,2018,MK07,Päijät-Häme,region,4198.0,PERSON,higher_is_more_output,statfin_education_placement_111l,https://pxdata.stat.fi/PxWeb/api/v1/fi/StatFin/sijk/111l.px,false,2026-01-23
education,education_graduates_previous_year,Tutkinnon suorittaneet,output,2019,MK07,Päijät-Häme,region,4413.0,PERSON,higher_is_more_output,statfin_education_placement_111l,https://pxdata.stat.fi/PxWeb/api/v1/fi/StatFin/sijk/111l.px,false,2026-01-23
education,education_graduates_previous_year,Tutkinnon suorittaneet,output,2020,MK07,Päijät-Häme,region,4003.0,PERSON,higher_is_more_output,statfin_education_placement_111l,https://pxdata.stat.fi/PxWeb/api/v1/fi/StatFin/sijk/111l.px,false,2026-01-23
education,education_graduates_previous_year,Tutkinnon suorittaneet,output,2021,MK07,Päijät-Häme,region,3918.0,PERSON,higher_is_more_output,statfin_education_placement_111l,https://pxdata.stat.fi/PxWeb/api/v1/fi/StatFin/sijk/111l.px,false,2026-01-23
education,education_graduates_previous_year,Tutkinnon suorittaneet,output,2022,MK07,Päijät-Häme,region,4118.0,PERSON,higher_is_more_output,statfin_education_placement_111l,https://pxdata.stat.fi/PxWeb/api/v1/fi/StatFin/sijk/111l.px,false,2026-01-23
education,education_graduates_previous_year,Tutkinnon suorittaneet,output,2023,MK07,Päijät-Häme,region,4018.0,PERSON,higher_is_more_output,statfin_education_placement_111l,https://pxdata.stat.fi/PxWeb/api/v1/fi/StatFin/sijk/111l.px,false,2026-01-23
education,education_graduates_previous_year,Tutkinnon suorittaneet,output,2024,MK07,Päijät-Häme,region,4212.0,PERSON,higher_is_more_output,statfin_education_placement_111l,https://pxdata.stat.fi/PxWeb/api/v1/fi/StatFin/sijk/111l.px,false,2026-01-23
education,education_graduates_previous_year,Tutkinnon suorittaneet,output,2015,MK08,Kymenlaakso,region,3383.0,PERSON,higher_is_more_output,statfin_education_placement_111l,https://pxdata.stat.fi/PxWeb/api/v1/fi/StatFin/sijk/111l.px,false,2026-01-23
education,education_graduates_previous_year,Tutkinnon suorittaneet,output,2016,MK08,Kymenlaakso,region,3364.0,PERSON,higher_is_more_output,statfin_education_placement_111l,https://pxdata.stat.fi/PxWeb/api/v1/fi/StatFin/sijk/111l.px,false,2026-01-23
education,education_graduates_previous_year,Tutkinnon suorittaneet,output,2017,MK08,Kymenlaakso,region,3221.0,PERSON,higher_is_more_output,statfin_education_placement_111l,https://pxdata.stat.fi/PxWeb/api/v1/fi/StatFin/sijk/111l.px,false,2026-01-23
education,education_graduates_previous_year,Tutkinnon suorittaneet,output,2018,MK08,Kymenlaakso,region,3386.0,PERSON,higher_is_more_output,statfin_education_placement_111l,https://pxdata.stat.fi/PxWeb/api/v1/fi/StatFin/sijk/111l.px,false,2026-01-23
education,education_graduates_previous_year,Tutkinnon suorittaneet,output,2019,MK08,Kymenlaakso,region,3416.0,PERSON,higher_is_more_output,statfin_education_placement_111l,https://pxdata.stat.fi/PxWeb/api/v1/fi/StatFin/sijk/111l.px,false,2026-01-23
education,education_graduates_previous_year,Tutkinnon suorittaneet,output,2020,MK08,Kymenlaakso,region,3059.0,PERSON,higher_is_more_output,statfin_education_placement_111l,https://pxdata.stat.fi/PxWeb/api/v1/fi/StatFin/sijk/111l.px,false,2026-01-23
education,education_graduates_previous_year,Tutkinnon suorittaneet,output,2021,MK08,Kymenlaakso,region,2802.0,PERSON,higher_is_more_output,statfin_education_placement_111l,https://pxdata.stat.fi/PxWeb/api/v1/fi/StatFin/sijk/111l.px,false,2026-01-23
education,education_graduates_previous_year,Tutkinnon suorittaneet,output,2022,MK08,Kymenlaakso,region,3056.0,PERSON,higher_is_more_output,statfin_education_placement_111l,https://pxdata.stat.fi/PxWeb/api/v1/fi/StatFin/sijk/111l.px,false,2026-01-23
education,education_graduates_previous_year,Tutkinnon suorittaneet,output,2023,MK08,Kymenlaakso,region,2939.0,PERSON,higher_is_more_output,statfin_education_placement_111l,https://pxdata.stat.fi/PxWeb/api/v1/fi/StatFin/sijk/111l.px,false,2026-01-23
education,education_graduates_previous_year,Tutkinnon suorittaneet,output,2024,MK08,Kymenlaakso,region,3033.0,PERSON,higher_is_more_output,statfin_education_placement_111l,https://pxdata.stat.fi/PxWeb/api/v1/fi/StatFin/sijk/111l.px,false,2026-01-23
education,education_graduates_previous_year,Tutkinnon suorittaneet,output,2015,MK09,Etelä-Karjala,region,2917.0,PERSON,higher_is_more_output,statfin_education_placement_111l,https://pxdata.stat.fi/PxWeb/api/v1/fi/StatFin/sijk/111l.px,false,2026-01-23
education,education_graduates_previous_year,Tutkinnon suorittaneet,output,2016,MK09,Etelä-Karjala,region,2980.0,PERSON,higher_is_more_output,statfin_education_placement_111l,https://pxdata.stat.fi/PxWeb/api/v1/fi/StatFin/sijk/111l.px,false,2026-01-23
education,education_graduates_previous_year,Tutkinnon suorittaneet,output,2017,MK09,Etelä-Karjala,region,3101.0,PERSON,higher_is_more_output,statfin_education_placement_111l,https://pxdata.stat.fi/PxWeb/api/v1/fi/StatFin/sijk/111l.px,false,2026-01-23
education,education_graduates_previous_year,Tutkinnon suorittaneet,output,2018,MK09,Etelä-Karjala,region,2977.0,PERSON,higher_is_more_output,statfin_education_placement_111l,https://pxdata.stat.fi/PxWeb/api/v1/fi/StatFin/sijk/111l.px,false,2026-01-23
education,education_graduates_previous_year,Tutkinnon suorittaneet,output,2019,MK09,Etelä-Karjala,region,3127.0,PERSON,higher_is_more_output,statfin_education_placement_111l,https://pxdata.stat.fi/PxWeb/api/v1/fi/StatFin/sijk/111l.px,false,2026-01-23
education,education_graduates_previous_year,Tutkinnon suorittaneet,output,2020,MK09,Etelä-Karjala,region,3027.0,PERSON,higher_is_more_output,statfin_education_placement_111l,https://pxdata.stat.fi/PxWeb/api/v1/fi/StatFin/sijk/111l.px,false,2026-01-23
education,education_graduates_previous_year,Tutkinnon suorittaneet,output,2021,MK09,Etelä-Karjala,region,2948.0,PERSON,higher_is_more_output,statfin_education_placement_111l,https://pxdata.stat.fi/PxWeb/api/v1/fi/StatFin/sijk/111l.px,false,2026-01-23
education,education_graduates_previous_year,Tutkinnon suorittaneet,output,2022,MK09,Etelä-Karjala,region,3054.0,PERSON,higher_is_more_output,statfin_education_placement_111l,https://pxdata.stat.fi/PxWeb/api/v1/fi/StatFin/sijk/111l.px,false,2026-01-23
education,education_graduates_previous_year,Tutkinnon suorittaneet,output,2023,MK09,Etelä-Karjala,region,2898.0,PERSON,higher_is_more_output,statfin_education_placement_111l,https://pxdata.stat.fi/PxWeb/api/v1/fi/StatFin/sijk/111l.px,false,2026-01-23
education,education_graduates_previous_year,Tutkinnon suorittaneet,output,2024,MK09,Etelä-Karjala,region,3083.0,PERSON,higher_is_more_output,statfin_education_placement_111l,https://pxdata.stat.fi/PxWeb/api/v1/fi/StatFin/sijk/111l.px,false,2026-01-23
education,education_graduates_previous_year,Tutkinnon suorittaneet,output,2015,MK10,Etelä-Savo,region,3183.0,PERSON,higher_is_more_output,statfin_education_placement_111l,https://pxdata.stat.fi/PxWeb/api/v1/fi/StatFin/sijk/111l.px,false,2026-01-23
education,education_graduates_previous_year,Tutkinnon suorittaneet,output,2016,MK10,Etelä-Savo,region,3167.0,PERSON,higher_is_more_output,statfin_education_placement_111l,https://pxdata.stat.fi/PxWeb/api/v1/fi/StatFin/sijk/111l.px,false,2026-01-23
education,education_graduates_previous_year,Tutkinnon suorittaneet,output,2017,MK10,Etelä-Savo,region,3046.0,PERSON,higher_is_more_output,statfin_education_placement_111l,https://pxdata.stat.fi/PxWeb/api/v1/fi/StatFin/sijk/111l.px,false,2026-01-23
education,education_graduates_previous_year,Tutkinnon suorittaneet,output,2018,MK10,Etelä-Savo,region,2944.0,PERSON,higher_is_more_output,statfin_education_placement_111l,https://pxdata.stat.fi/PxWeb/api/v1/fi/StatFin/sijk/111l.px,false,2026-01-23
education,education_graduates_previous_year,Tutkinnon suorittaneet,output,2019,MK10,Etelä-Savo,region,2878.0,PERSON,higher_is_more_output,statfin_education_placement_111l,https://pxdata.stat.fi/PxWeb/api/v1/fi/StatFin/sijk/111l.px,false,2026-01-23
education,education_graduates_previous_year,Tutkinnon suorittaneet,output,2020,MK10,Etelä-Savo,region,2642.0,PERSON,higher_is_more_output,statfin_education_placement_111l,https://pxdata.stat.fi/PxWeb/api/v1/fi/StatFin/sijk/111l.px,false,2026-01-23
education,education_graduates_previous_year,Tutkinnon suorittaneet,output,2021,MK10,Etelä-Savo,region,2362.0,PERSON,higher_is_more_output,statfin_education_placement_111l,https://pxdata.stat.fi/PxWeb/api/v1/fi/StatFin/sijk/111l.px,false,2026-01-23
education,education_graduates_previous_year,Tutkinnon suorittaneet,output,2022,MK10,Etelä-Savo,region,2581.0,PERSON,higher_is_more_output,statfin_education_placement_111l,https://pxdata.stat.fi/PxWeb/api/v1/fi/StatFin/sijk/111l.px,false,2026-01-23
education,education_graduates_previous_year,Tutkinnon suorittaneet,output,2023,MK10,Etelä-Savo,region,2482.0,PERSON,higher_is_more_output,statfin_education_placement_111l,https://pxdata.stat.fi/PxWeb/api/v1/fi/StatFin/sijk/111l.px,false,2026-01-23
education,education_graduates_previous_year,Tutkinnon suorittaneet,output,2024,MK10,Etelä-Savo,region,2513.0,PERSON,higher_is_more_output,statfin_education_placement_111l,https://pxdata.stat.fi/PxWeb/api/v1/fi/StatFin/sijk/111l.px,false,2026-01-23
education,education_graduates_previous_year,Tutkinnon suorittaneet,output,2015,MK11,Pohjois-Savo,region,6249.0,PERSON,higher_is_more_output,statfin_education_placement_111l,https://pxdata.stat.fi/PxWeb/api/v1/fi/StatFin/sijk/111l.px,false,2026-01-23
education,education_graduates_previous_year,Tutkinnon suorittaneet,output,2016,MK11,Pohjois-Savo,region,6340.0,PERSON,higher_is_more_output,statfin_education_placement_111l,https://pxdata.stat.fi/PxWeb/api/v1/fi/StatFin/sijk/111l.px,false,2026-01-23
education,education_graduates_previous_year,Tutkinnon suorittaneet,output,2017,MK11,Pohjois-Savo,region,5834.0,PERSON,higher_is_more_output,statfin_education_placement_111l,https://pxdata.stat.fi/PxWeb/api/v1/fi/StatFin/sijk/111l.px,false,2026-01-23
education,education_graduates_previous_year,Tutkinnon suorittaneet,output,2018,MK11,Pohjois-Savo,region,5952.0,PERSON,higher_is_more_output,statfin_education_placement_111l,https://pxdata.stat.fi/PxWeb/api/v1/fi/StatFin/sijk/111l.px,false,2026-01-23
education,education_graduates_previous_year,Tutkinnon suorittaneet,output,2019,MK11,Pohjois-Savo,region,6065.0,PERSON,higher_is_more_output,statfin_education_placement_111l,https://pxdata.stat.fi/PxWeb/api/v1/fi/StatFin/sijk/111l.px,false,2026-01-23
education,education_graduates_previous_year,Tutkinnon suorittaneet,output,2020,MK11,Pohjois-Savo,region,5850.0,PERSON,higher_is_more_output,statfin_education_placement_111l,https://pxdata.stat.fi/PxWeb/api/v1/fi/StatFin/sijk/111l.px,false,2026-01-23
education,education_graduates_previous_year,Tutkinnon suorittaneet,output,2021,MK11,Pohjois-Savo,region,5681.0,PERSON,higher_is_more_output,statfin_education_placement_111l,https://pxdata.stat.fi/PxWeb/api/v1/fi/StatFin/sijk/111l.px,false,2026-01-23
education,education_graduates_previous_year,Tutkinnon suorittaneet,output,2022,MK11,Pohjois-Savo,region,5774.0,PERSON,higher_is_more_output,statfin_education_placement_111l,https://pxdata.stat.fi/PxWeb/api/v1/fi/StatFin/sijk/111l.px,false,2026-01-23
education,education_graduates_previous_year,Tutkinnon suorittaneet,output,2023,MK11,Pohjois-Savo,region,5752.0,PERSON,higher_is_more_output,statfin_education_placement_111l,https://pxdata.stat.fi/PxWeb/api/v1/fi/StatFin/sijk/111l.px,false,2026-01-23
education,education_graduates_previous_year,Tutkinnon suorittaneet,output,2024,MK11,Pohjois-Savo,region,5824.0,PERSON,higher_is_more_output,statfin_education_placement_111l,https://pxdata.stat.fi/PxWeb/api/v1/fi/StatFin/sijk/111l.px,false,2026-01-23
education,education_graduates_previous_year,Tutkinnon suorittaneet,output,2015,MK12,Pohjois-Karjala,region,4157.0,PERSON,higher_is_more_output,statfin_education_placement_111l,https://pxdata.stat.fi/PxWeb/api/v1/fi/StatFin/sijk/111l.px,false,2026-01-23
education,education_graduates_previous_year,Tutkinnon suorittaneet,output,2016,MK12,Pohjois-Karjala,region,4288.0,PERSON,higher_is_more_output,statfin_education_placement_111l,https://pxdata.stat.fi/PxWeb/api/v1/fi/StatFin/sijk/111l.px,false,2026-01-23
education,education_graduates_previous_year,Tutkinnon suorittaneet,output,2017,MK12,Pohjois-Karjala,region,4081.0,PERSON,higher_is_more_output,statfin_education_placement_111l,https://pxdata.stat.fi/PxWeb/api/v1/fi/StatFin/sijk/111l.px,false,2026-01-23
education,education_graduates_previous_year,Tutkinnon suorittaneet,output,2018,MK12,Pohjois-Karjala,region,4093.0,PERSON,higher_is_more_output,statfin_education_placement_111l,https://pxdata.stat.fi/PxWeb/api/v1/fi/StatFin/sijk/111l.px,false,2026-01-23
education,education_graduates_previous_year,Tutkinnon suorittaneet,output,2019,MK12,Pohjois-Karjala,region,4208.0,PERSON,higher_is_more_output,statfin_education_placement_111l,https://pxdata.stat.fi/PxWeb/api/v1/fi/StatFin/sijk/111l.px,false,2026-01-23
education,education_graduates_previous_year,Tutkinnon suorittaneet,output,2020,MK12,Pohjois-Karjala,region,4068.0,PERSON,higher_is_more_output,statfin_education_placement_111l,https://pxdata.stat.fi/PxWeb/api/v1/fi/StatFin/sijk/111l.px,false,2026-01-23
education,education_graduates_previous_year,Tutkinnon suorittaneet,output,2021,MK12,Pohjois-Karjala,region,3939.0,PERSON,higher_is_more_output,statfin_education_placement_111l,https://pxdata.stat.fi/PxWeb/api/v1/fi/StatFin/sijk/111l.px,false,2026-01-23
education,education_graduates_previous_year,Tutkinnon suorittaneet,output,2022,MK12,Pohjois-Karjala,region,4298.0,PERSON,higher_is_more_output,statfin_education_placement_111l,https://pxdata.stat.fi/PxWeb/api/v1/fi/StatFin/sijk/111l.px,false,2026-01-23
education,education_graduates_previous_year,Tutkinnon suorittaneet,output,2023,MK12,Pohjois-Karjala,region,4100.0,PERSON,higher_is_more_output,statfin_education_placement_111l,https://pxdata.stat.fi/PxWeb/api/v1/fi/StatFin/sijk/111l.px,false,2026-01-23
education,education_graduates_previous_year,Tutkinnon suorittaneet,output,2024,MK12,Pohjois-Karjala,region,4197.0,PERSON,higher_is_more_output,statfin_education_placement_111l,https://pxdata.stat.fi/PxWeb/api/v1/fi/StatFin/sijk/111l.px,false,2026-01-23
education,education_graduates_previous_year,Tutkinnon suorittaneet,output,2015,MK13,Keski-Suomi,region,7779.0,PERSON,higher_is_more_output,statfin_education_placement_111l,https://pxdata.stat.fi/PxWeb/api/v1/fi/StatFin/sijk/111l.px,false,2026-01-23
education,education_graduates_previous_year,Tutkinnon suorittaneet,output,2016,MK13,Keski-Suomi,region,8118.0,PERSON,higher_is_more_output,statfin_education_placement_111l,https://pxdata.stat.fi/PxWeb/api/v1/fi/StatFin/sijk/111l.px,false,2026-01-23
education,education_graduates_previous_year,Tutkinnon suorittaneet,output,2017,MK13,Keski-Suomi,region,7836.0,PERSON,higher_is_more_output,statfin_education_placement_111l,https://pxdata.stat.fi/PxWeb/api/v1/fi/StatFin/sijk/111l.px,false,2026-01-23
education,education_graduates_previous_year,Tutkinnon suorittaneet,output,2018,MK13,Keski-Suomi,region,7966.0,PERSON,higher_is_more_output,statfin_education_placement_111l,https://pxdata.stat.fi/PxWeb/api/v1/fi/StatFin/sijk/111l.px,false,2026-01-23
education,education_graduates_previous_year,Tutkinnon suorittaneet,output,2019,MK13,Keski-Suomi,region,8014.0,PERSON,higher_is_more_output,statfin_education_placement_111l,https://pxdata.stat.fi/PxWeb/api/v1/fi/StatFin/sijk/111l.px,false,2026-01-23
education,education_graduates_previous_year,Tutkinnon suorittaneet,output,2020,MK13,Keski-Suomi,region,7516.0,PERSON,higher_is_more_output,statfin_education_placement_111l,https://pxdata.stat.fi/PxWeb/api/v1/fi/StatFin/sijk/111l.px,false,2026-01-23
education,education_graduates_previous_year,Tutkinnon suorittaneet,output,2021,MK13,Keski-Suomi,region,7577.0,PERSON,higher_is_more_output,statfin_education_placement_111l,https://pxdata.stat.fi/PxWeb/api/v1/fi/StatFin/sijk/111l.px,false,2026-01-23
education,education_graduates_previous_year,Tutkinnon suorittaneet,output,2022,MK13,Keski-Suomi,region,7585.0,PERSON,higher_is_more_output,statfin_education_placement_111l,https://pxdata.stat.fi/PxWeb/api/v1/fi/StatFin/sijk/111l.px,false,2026-01-23
education,education_graduates_previous_year,Tutkinnon suorittaneet,output,2023,MK13,Keski-Suomi,region,7539.0,PERSON,higher_is_more_output,statfin_education_placement_111l,https://pxdata.stat.fi/PxWeb/api/v1/fi/StatFin/sijk/111l.px,false,2026-01-23
education,education_graduates_previous_year,Tutkinnon suorittaneet,output,2024,MK13,Keski-Suomi,region,7911.0,PERSON,higher_is_more_output,statfin_education_placement_111l,https://pxdata.stat.fi/PxWeb/api/v1/fi/StatFin/sijk/111l.px,false,2026-01-23
education,education_graduates_previous_year,Tutkinnon suorittaneet,output,2015,MK14,Etelä-Pohjanmaa,region,4050.0,PERSON,higher_is_more_output,statfin_education_placement_111l,https://pxdata.stat.fi/PxWeb/api/v1/fi/StatFin/sijk/111l.px,false,2026-01-23
education,education_graduates_previous_year,Tutkinnon suorittaneet,output,2016,MK14,Etelä-Pohjanmaa,region,4242.0,PERSON,higher_is_more_output,statfin_education_placement_111l,https://pxdata.stat.fi/PxWeb/api/v1/fi/StatFin/sijk/111l.px,false,2026-01-23
education,education_graduates_previous_year,Tutkinnon suorittaneet,output,2017,MK14,Etelä-Pohjanmaa,region,4138.0,PERSON,higher_is_more_output,statfin_education_placement_111l,https://pxdata.stat.fi/PxWeb/api/v1/fi/StatFin/sijk/111l.px,false,2026-01-23
education,education_graduates_previous_year,Tutkinnon suorittaneet,output,2018,MK14,Etelä-Pohjanmaa,region,4057.0,PERSON,higher_is_more_output,statfin_education_placement_111l,https://pxdata.stat.fi/PxWeb/api/v1/fi/StatFin/sijk/111l.px,false,2026-01-23
education,education_graduates_previous_year,Tutkinnon suorittaneet,output,2019,MK14,Etelä-Pohjanmaa,region,3958.0,PERSON,higher_is_more_output,statfin_education_placement_111l,https://pxdata.stat.fi/PxWeb/api/v1/fi/StatFin/sijk/111l.px,false,2026-01-23
education,education_graduates_previous_year,Tutkinnon suorittaneet,output,2020,MK14,Etelä-Pohjanmaa,region,3874.0,PERSON,higher_is_more_output,statfin_education_placement_111l,https://pxdata.stat.fi/PxWeb/api/v1/fi/StatFin/sijk/111l.px,false,2026-01-23
education,education_graduates_previous_year,Tutkinnon suorittaneet,output,2021,MK14,Etelä-Pohjanmaa,region,3816.0,PERSON,higher_is_more_output,statfin_education_placement_111l,https://pxdata.stat.fi/PxWeb/api/v1/fi/StatFin/sijk/111l.px,false,2026-01-23
education,education_graduates_previous_year,Tutkinnon suorittaneet,output,2022,MK14,Etelä-Pohjanmaa,region,4048.0,PERSON,higher_is_more_output,statfin_education_placement_111l,https://pxdata.stat.fi/PxWeb/api/v1/fi/StatFin/sijk/111l.px,false,2026-01-23
education,education_graduates_previous_year,Tutkinnon suorittaneet,output,2023,MK14,Etelä-Pohjanmaa,region,4223.0,PERSON,higher_is_more_output,statfin_education_placement_111l,https://pxdata.stat.fi/PxWeb/api/v1/fi/StatFin/sijk/111l.px,false,2026-01-23
education,education_graduates_previous_year,Tutkinnon suorittaneet,output,2024,MK14,Etelä-Pohjanmaa,region,3955.0,PERSON,higher_is_more_output,statfin_education_placement_111l,https://pxdata.stat.fi/PxWeb/api/v1/fi/StatFin/sijk/111l.px,false,2026-01-23
education,education_graduates_previous_year,Tutkinnon suorittaneet,output,2015,MK15,Pohjanmaa,region,4709.0,PERSON,higher_is_more_output,statfin_education_placement_111l,https://pxdata.stat.fi/PxWeb/api/v1/fi/StatFin/sijk/111l.px,false,2026-01-23
education,education_graduates_previous_year,Tutkinnon suorittaneet,output,2016,MK15,Pohjanmaa,region,4379.0,PERSON,higher_is_more_output,statfin_education_placement_111l,https://pxdata.stat.fi/PxWeb/api/v1/fi/StatFin/sijk/111l.px,false,2026-01-23
education,education_graduates_previous_year,Tutkinnon suorittaneet,output,2017,MK15,Pohjanmaa,region,4395.0,PERSON,higher_is_more_output,statfin_education_placement_111l,https://pxdata.stat.fi/PxWeb/api/v1/fi/StatFin/sijk/111l.px,false,2026-01-23
education,education_graduates_previous_year,Tutkinnon suorittaneet,output,2018,MK15,Pohjanmaa,region,4531.0,PERSON,higher_is_more_output,statfin_education_placement_111l,https://pxdata.stat.fi/PxWeb/api/v1/fi/StatFin/sijk/111l.px,false,2026-01-23
education,education_graduates_previous_year,Tutkinnon suorittaneet,output,2019,MK15,Pohjanmaa,region,4481.0,PERSON,higher_is_more_output,statfin_education_placement_111l,https://pxdata.stat.fi/PxWeb/api/v1/fi/StatFin/sijk/111l.px,false,2026-01-23
education,education_graduates_previous_year,Tutkinnon suorittaneet,output,2020,MK15,Pohjanmaa,region,4533.0,PERSON,higher_is_more_output,statfin_education_placement_111l,https://pxdata.stat.fi/PxWeb/api/v1/fi/StatFin/sijk/111l.px,false,2026-01-23
education,education_graduates_previous_year,Tutkinnon suorittaneet,output,2021,MK15,Pohjanmaa,region,4090.0,PERSON,higher_is_more_output,statfin_education_placement_111l,https://pxdata.stat.fi/PxWeb/api/v1/fi/StatFin/sijk/111l.px,false,2026-01-23
education,education_graduates_previous_year,Tutkinnon suorittaneet,output,2022,MK15,Pohjanmaa,region,4387.0,PERSON,higher_is_more_output,statfin_education_placement_111l,https://pxdata.stat.fi/PxWeb/api/v1/fi/StatFin/sijk/111l.px,false,2026-01-23
education,education_graduates_previous_year,Tutkinnon suorittaneet,output,2023,MK15,Pohjanmaa,region,4226.0,PERSON,higher_is_more_output,statfin_education_placement_111l,https://pxdata.stat.fi/PxWeb/api/v1/fi/StatFin/sijk/111l.px,false,2026-01-23
education,education_graduates_previous_year,Tutkinnon suorittaneet,output,2024,MK15,Pohjanmaa,region,4695.0,PERSON,higher_is_more_output,statfin_education_placement_111l,https://pxdata.stat.fi/PxWeb/api/v1/fi/StatFin/sijk/111l.px,false,2026-01-23
education,education_graduates_previous_year,Tutkinnon suorittaneet,output,2015,MK16,Keski-Pohjanmaa,region,1662.0,PERSON,higher_is_more_output,statfin_education_placement_111l,https://pxdata.stat.fi/PxWeb/api/v1/fi/StatFin/sijk/111l.px,false,2026-01-23
education,education_graduates_previous_year,Tutkinnon suorittaneet,output,2016,MK16,Keski-Pohjanmaa,region,1566.0,PERSON,higher_is_more_output,statfin_education_placement_111l,https://pxdata.stat.fi/PxWeb/api/v1/fi/StatFin/sijk/111l.px,false,2026-01-23
education,education_graduates_previous_year,Tutkinnon suorittaneet,output,2017,MK16,Keski-Pohjanmaa,region,1490.0,PERSON,higher_is_more_output,statfin_education_placement_111l,https://pxdata.stat.fi/PxWeb/api/v1/fi/StatFin/sijk/111l.px,false,2026-01-23
education,education_graduates_previous_year,Tutkinnon suorittaneet,output,2018,MK16,Keski-Pohjanmaa,region,1560.0,PERSON,higher_is_more_output,statfin_education_placement_111l,https://pxdata.stat.fi/PxWeb/api/v1/fi/StatFin/sijk/111l.px,false,2026-01-23
education,education_graduates_previous_year,Tutkinnon suorittaneet,output,2019,MK16,Keski-Pohjanmaa,region,1459.0,PERSON,higher_is_more_output,statfin_education_placement_111l,https://pxdata.stat.fi/PxWeb/api/v1/fi/StatFin/sijk/111l.px,false,2026-01-23
education,education_graduates_previous_year,Tutkinnon suorittaneet,output,2020,MK16,Keski-Pohjanmaa,region,1481.0,PERSON,higher_is_more_output,statfin_education_placement_111l,https://pxdata.stat.fi/PxWeb/api/v1/fi/StatFin/sijk/111l.px,false,2026-01-23
education,education_graduates_previous_year,Tutkinnon suorittaneet,output,2021,MK16,Keski-Pohjanmaa,region,1383.0,PERSON,higher_is_more_output,statfin_education_placement_111l,https://pxdata.stat.fi/PxWeb/api/v1/fi/StatFin/sijk/111l.px,false,2026-01-23
education,education_graduates_previous_year,Tutkinnon suorittaneet,output,2022,MK16,Keski-Pohjanmaa,region,1610.0,PERSON,higher_is_more_output,statfin_education_placement_111l,https://pxdata.stat.fi/PxWeb/api/v1/fi/StatFin/sijk/111l.px,false,2026-01-23
education,education_graduates_previous_year,Tutkinnon suorittaneet,output,2023,MK16,Keski-Pohjanmaa,region,1514.0,PERSON,higher_is_more_output,statfin_education_placement_111l,https://pxdata.stat.fi/PxWeb/api/v1/fi/StatFin/sijk/111l.px,false,2026-01-23
education,education_graduates_previous_year,Tutkinnon suorittaneet,output,2024,MK16,Keski-Pohjanmaa,region,1641.0,PERSON,higher_is_more_output,statfin_education_placement_111l,https://pxdata.stat.fi/PxWeb/api/v1/fi/StatFin/sijk/111l.px,false,2026-01-23
education,education_graduates_previous_year,Tutkinnon suorittaneet,output,2015,MK17,Pohjois-Pohjanmaa,region,11461.0,PERSON,higher_is_more_output,statfin_education_placement_111l,https://pxdata.stat.fi/PxWeb/api/v1/fi/StatFin/sijk/111l.px,false,2026-01-23
education,education_graduates_previous_year,Tutkinnon suorittaneet,output,2016,MK17,Pohjois-Pohjanmaa,region,11364.0,PERSON,higher_is_more_output,statfin_education_placement_111l,https://pxdata.stat.fi/PxWeb/api/v1/fi/StatFin/sijk/111l.px,false,2026-01-23
education,education_graduates_previous_year,Tutkinnon suorittaneet,output,2017,MK17,Pohjois-Pohjanmaa,region,10997.0,PERSON,higher_is_more_output,statfin_education_placement_111l,https://pxdata.stat.fi/PxWeb/api/v1/fi/StatFin/sijk/111l.px,false,2026-01-23
education,education_graduates_previous_year,Tutkinnon suorittaneet,output,2018,MK17,Pohjois-Pohjanmaa,region,11035.0,PERSON,higher_is_more_output,statfin_education_placement_111l,https://pxdata.stat.fi/PxWeb/api/v1/fi/StatFin/sijk/111l.px,false,2026-01-23
education,education_graduates_previous_year,Tutkinnon suorittaneet,output,2019,MK17,Pohjois-Pohjanmaa,region,11393.0,PERSON,higher_is_more_output,statfin_education_placement_111l,https://pxdata.stat.fi/PxWeb/api/v1/fi/StatFin/sijk/111l.px,false,2026-01-23
education,education_graduates_previous_year,Tutkinnon suorittaneet,output,2020,MK17,Pohjois-Pohjanmaa,region,10718.0,PERSON,higher_is_more_output,statfin_education_placement_111l,https://pxdata.stat.fi/PxWeb/api/v1/fi/StatFin/sijk/111l.px,false,2026-01-23
education,education_graduates_previous_year,Tutkinnon suorittaneet,output,2021,MK17,Pohjois-Pohjanmaa,region,10780.0,PERSON,higher_is_more_output,statfin_education_placement_111l,https://pxdata.stat.fi/PxWeb/api/v1/fi/StatFin/sijk/111l.px,false,2026-01-23
education,education_graduates_previous_year,Tutkinnon suorittaneet,output,2022,MK17,Pohjois-Pohjanmaa,region,11171.0,PERSON,higher_is_more_output,statfin_education_placement_111l,https://pxdata.stat.fi/PxWeb/api/v1/fi/StatFin/sijk/111l.px,false,2026-01-23
education,education_graduates_previous_year,Tutkinnon suorittaneet,output,2023,MK17,Pohjois-Pohjanmaa,region,11451.0,PERSON,higher_is_more_output,statfin_education_placement_111l,https://pxdata.stat.fi/PxWeb/api/v1/fi/StatFin/sijk/111l.px,false,2026-01-23
education,education_graduates_previous_year,Tutkinnon suorittaneet,output,2024,MK17,Pohjois-Pohjanmaa,region,11534.0,PERSON,higher_is_more_output,statfin_education_placement_111l,https://pxdata.stat.fi/PxWeb/api/v1/fi/StatFin/sijk/111l.px,false,2026-01-23
education,education_graduates_previous_year,Tutkinnon suorittaneet,output,2015,MK18,Kainuu,region,1574.0,PERSON,higher_is_more_output,statfin_education_placement_111l,https://pxdata.stat.fi/PxWeb/api/v1/fi/StatFin/sijk/111l.px,false,2026-01-23
education,education_graduates_previous_year,Tutkinnon suorittaneet,output,2016,MK18,Kainuu,region,1723.0,PERSON,higher_is_more_output,statfin_education_placement_111l,https://pxdata.stat.fi/PxWeb/api/v1/fi/StatFin/sijk/111l.px,false,2026-01-23
education,education_graduates_previous_year,Tutkinnon suorittaneet,output,2017,MK18,Kainuu,region,1614.0,PERSON,higher_is_more_output,statfin_education_placement_111l,https://pxdata.stat.fi/PxWeb/api/v1/fi/StatFin/sijk/111l.px,false,2026-01-23
education,education_graduates_previous_year,Tutkinnon suorittaneet,output,2018,MK18,Kainuu,region,1615.0,PERSON,higher_is_more_output,statfin_education_placement_111l,https://pxdata.stat.fi/PxWeb/api/v1/fi/StatFin/sijk/111l.px,false,2026-01-23
education,education_graduates_previous_year,Tutkinnon suorittaneet,output,2019,MK18,Kainuu,region,1617.0,PERSON,higher_is_more_output,statfin_education_placement_111l,https://pxdata.stat.fi/PxWeb/api/v1/fi/StatFin/sijk/111l.px,false,2026-01-23
education,education_graduates_previous_year,Tutkinnon suorittaneet,output,2020,MK18,Kainuu,region,1463.0,PERSON,higher_is_more_output,statfin_education_placement_111l,https://pxdata.stat.fi/PxWeb/api/v1/fi/StatFin/sijk/111l.px,false,2026-01-23
education,education_graduates_previous_year,Tutkinnon suorittaneet,output,2021,MK18,Kainuu,region,1445.0,PERSON,higher_is_more_output,statfin_education_placement_111l,https://pxdata.stat.fi/PxWeb/api/v1/fi/StatFin/sijk/111l.px,false,2026-01-23
education,education_graduates_previous_year,Tutkinnon suorittaneet,output,2022,MK18,Kainuu,region,1347.0,PERSON,higher_is_more_output,statfin_education_placement_111l,https://pxdata.stat.fi/PxWeb/api/v1/fi/StatFin/sijk/111l.px,false,2026-01-23
education,education_graduates_previous_year,Tutkinnon suorittaneet,output,2023,MK18,Kainuu,region,1420.0,PERSON,higher_is_more_output,statfin_education_placement_111l,https://pxdata.stat.fi/PxWeb/api/v1/fi/StatFin/sijk/111l.px,false,2026-01-23
education,education_graduates_previous_year,Tutkinnon suorittaneet,output,2024,MK18,Kainuu,region,1400.0,PERSON,higher_is_more_output,statfin_education_placement_111l,https://pxdata.stat.fi/PxWeb/api/v1/fi/StatFin/sijk/111l.px,false,2026-01-23
education,education_graduates_previous_year,Tutkinnon suorittaneet,output,2015,MK19,Lappi,region,4415.0,PERSON,higher_is_more_output,statfin_education_placement_111l,https://pxdata.stat.fi/PxWeb/api/v1/fi/StatFin/sijk/111l.px,false,2026-01-23
education,education_graduates_previous_year,Tutkinnon suorittaneet,output,2016,MK19,Lappi,region,4625.0,PERSON,higher_is_more_output,statfin_education_placement_111l,https://pxdata.stat.fi/PxWeb/api/v1/fi/StatFin/sijk/111l.px,false,2026-01-23
education,education_graduates_previous_year,Tutkinnon suorittaneet,output,2017,MK19,Lappi,region,4049.0,PERSON,higher_is_more_output,statfin_education_placement_111l,https://pxdata.stat.fi/PxWeb/api/v1/fi/StatFin/sijk/111l.px,false,2026-01-23
education,education_graduates_previous_year,Tutkinnon suorittaneet,output,2018,MK19,Lappi,region,4330.0,PERSON,higher_is_more_output,statfin_education_placement_111l,https://pxdata.stat.fi/PxWeb/api/v1/fi/StatFin/sijk/111l.px,false,2026-01-23
education,education_graduates_previous_year,Tutkinnon suorittaneet,output,2019,MK19,Lappi,region,4155.0,PERSON,higher_is_more_output,statfin_education_placement_111l,https://pxdata.stat.fi/PxWeb/api/v1/fi/StatFin/sijk/111l.px,false,2026-01-23
education,education_graduates_previous_year,Tutkinnon suorittaneet,output,2020,MK19,Lappi,region,3754.0,PERSON,higher_is_more_output,statfin_education_placement_111l,https://pxdata.stat.fi/PxWeb/api/v1/fi/StatFin/sijk/111l.px,false,2026-01-23
education,education_graduates_previous_year,Tutkinnon suorittaneet,output,2021,MK19,Lappi,region,3843.0,PERSON,higher_is_more_output,statfin_education_placement_111l,https://pxdata.stat.fi/PxWeb/api/v1/fi/StatFin/sijk/111l.px,false,2026-01-23
education,education_graduates_previous_year,Tutkinnon suorittaneet,output,2022,MK19,Lappi,region,3982.0,PERSON,higher_is_more_output,statfin_education_placement_111l,https://pxdata.stat.fi/PxWeb/api/v1/fi/StatFin/sijk/111l.px,false,2026-01-23
education,education_graduates_previous_year,Tutkinnon suorittaneet,output,2023,MK19,Lappi,region,3867.0,PERSON,higher_is_more_output,statfin_education_placement_111l,https://pxdata.stat.fi/PxWeb/api/v1/fi/StatFin/sijk/111l.px,false,2026-01-23
education,education_graduates_previous_year,Tutkinnon suorittaneet,output,2024,MK19,Lappi,region,4027.0,PERSON,higher_is_more_output,statfin_education_placement_111l,https://pxdata.stat.fi/PxWeb/api/v1/fi/StatFin/sijk/111l.px,false,2026-01-23
education,education_graduates_previous_year,Tutkinnon suorittaneet,output,2015,MK21,Ahvenanmaa,region,444.0,PERSON,higher_is_more_output,statfin_education_placement_111l,https://pxdata.stat.fi/PxWeb/api/v1/fi/StatFin/sijk/111l.px,false,2026-01-23
education,education_graduates_previous_year,Tutkinnon suorittaneet,output,2016,MK21,Ahvenanmaa,region,378.0,PERSON,higher_is_more_output,statfin_education_placement_111l,https://pxdata.stat.fi/PxWeb/api/v1/fi/StatFin/sijk/111l.px,false,2026-01-23
education,education_graduates_previous_year,Tutkinnon suorittaneet,output,2017,MK21,Ahvenanmaa,region,527.0,PERSON,higher_is_more_output,statfin_education_placement_111l,https://pxdata.stat.fi/PxWeb/api/v1/fi/StatFin/sijk/111l.px,false,2026-01-23
education,education_graduates_previous_year,Tutkinnon suorittaneet,output,2018,MK21,Ahvenanmaa,region,429.0,PERSON,higher_is_more_output,statfin_education_placement_111l,https://pxdata.stat.fi/PxWeb/api/v1/fi/StatFin/sijk/111l.px,false,2026-01-23
education,education_graduates_previous_year,Tutkinnon suorittaneet,output,2019,MK21,Ahvenanmaa,region,469.0,PERSON,higher_is_more_output,statfin_education_placement_111l,https://pxdata.stat.fi/PxWeb/api/v1/fi/StatFin/sijk/111l.px,false,2026-01-23
education,education_graduates_previous_year,Tutkinnon suorittaneet,output,2020,MK21,Ahvenanmaa,region,455.0,PERSON,higher_is_more_output,statfin_education_placement_111l,https://pxdata.stat.fi/PxWeb/api/v1/fi/StatFin/sijk/111l.px,false,2026-01-23
education,education_graduates_previous_year,Tutkinnon suorittaneet,output,2021,MK21,Ahvenanmaa,region,338.0,PERSON,higher_is_more_output,statfin_education_placement_111l,https://pxdata.stat.fi/PxWeb/api/v1/fi/StatFin/sijk/111l.px,false,2026-01-23
education,education_graduates_previous_year,Tutkinnon suorittaneet,output,2022,MK21,Ahvenanmaa,region,382.0,PERSON,higher_is_more_output,statfin_education_placement_111l,https://pxdata.stat.fi/PxWeb/api/v1/fi/StatFin/sijk/111l.px,false,2026-01-23
education,education_graduates_previous_year,Tutkinnon suorittaneet,output,2023,MK21,Ahvenanmaa,region,398.0,PERSON,higher_is_more_output,statfin_education_placement_111l,https://pxdata.stat.fi/PxWeb/api/v1/fi/StatFin/sijk/111l.px,false,2026-01-23
education,education_graduates_previous_year,Tutkinnon suorittaneet,output,2024,MK21,Ahvenanmaa,region,475.0,PERSON,higher_is_more_output,statfin_education_placement_111l,https://pxdata.stat.fi/PxWeb/api/v1/fi/StatFin/sijk/111l.px,false,2026-01-23
health,primary_care_doctor_contacts_per_1000,Perusterveydenhuollon lääkärikäynnit,output,2018,FI,Koko maa,country,2061.0,PER_1000_PERSONS,context_dependent,thl_sotkanet_indicator_1080,https://sotkanet.fi/sotkanet/fi/metadata/indicators/1080,false,2026-08-15
health,primary_care_doctor_contacts_per_1000,Perusterveydenhuollon lääkärikäynnit,output,2019,FI,Koko maa,country,1960.0,PER_1000_PERSONS,context_dependent,thl_sotkanet_indicator_1080,https://sotkanet.fi/sotkanet/fi/metadata/indicators/1080,false,2026-08-15
health,primary_care_doctor_contacts_per_1000,Perusterveydenhuollon lääkärikäynnit,output,2020,FI,Koko maa,country,1785.0,PER_1000_PERSONS,context_dependent,thl_sotkanet_indicator_1080,https://sotkanet.fi/sotkanet/fi/metadata/indicators/1080,false,2026-08-15
health,primary_care_doctor_contacts_per_1000,Perusterveydenhuollon lääkärikäynnit,output,2021,FI,Koko maa,country,1806.0,PER_1000_PERSONS,context_dependent,thl_sotkanet_indicator_1080,https://sotkanet.fi/sotkanet/fi/metadata/indicators/1080,false,2026-08-15
health,primary_care_doctor_contacts_per_1000,Perusterveydenhuollon lääkärikäynnit,output,2022,FI,Koko maa,country,1878.0,PER_1000_PERSONS,context_dependent,thl_sotkanet_indicator_1080,https://sotkanet.fi/sotkanet/fi/metadata/indicators/1080,false,2026-08-15
health,primary_care_doctor_contacts_per_1000,Perusterveydenhuollon lääkärikäynnit,output,2023,FI,Koko maa,country,1925.0,PER_1000_PERSONS,context_dependent,thl_sotkanet_indicator_1080,https://sotkanet.fi/sotkanet/fi/metadata/indicators/1080,false,2026-08-15
health,primary_care_doctor_contacts_per_1000,Perusterveydenhuollon lääkärikäynnit,output,2024,FI,Koko maa,country,2022.0,PER_1000_PERSONS,context_dependent,thl_sotkanet_indicator_1080,https://sotkanet.fi/sotkanet/fi/metadata/indicators/1080,false,2026-08-15
health,primary_care_doctor_contacts_per_1000,Perusterveydenhuollon lääkärikäynnit,output,2018,MK01,Uusimaa,region,1770.0,PER_1000_PERSONS,context_dependent,thl_sotkanet_indicator_1080,https://sotkanet.fi/sotkanet/fi/metadata/indicators/1080,false,2026-08-15
health,primary_care_doctor_contacts_per_1000,Perusterveydenhuollon lääkärikäynnit,output,2019,MK01,Uusimaa,region,1549.0,PER_1000_PERSONS,context_dependent,thl_sotkanet_indicator_1080,https://sotkanet.fi/sotkanet/fi/metadata/indicators/1080,false,2026-08-15
health,primary_care_doctor_contacts_per_1000,Perusterveydenhuollon lääkärikäynnit,output,2020,MK01,Uusimaa,region,1336.0,PER_1000_PERSONS,context_dependent,thl_sotkanet_indicator_1080,https://sotkanet.fi/sotkanet/fi/metadata/indicators/1080,false,2026-08-15
health,primary_care_doctor_contacts_per_1000,Perusterveydenhuollon lääkärikäynnit,output,2021,MK01,Uusimaa,region,1196.0,PER_1000_PERSONS,context_dependent,thl_sotkanet_indicator_1080,https://sotkanet.fi/sotkanet/fi/metadata/indicators/1080,false,2026-08-15
health,primary_care_doctor_contacts_per_1000,Perusterveydenhuollon lääkärikäynnit,output,2022,MK01,Uusimaa,region,1339.0,PER_1000_PERSONS,context_dependent,thl_sotkanet_indicator_1080,https://sotkanet.fi/sotkanet/fi/metadata/indicators/1080,false,2026-08-15
health,primary_care_doctor_contacts_per_1000,Perusterveydenhuollon lääkärikäynnit,output,2023,MK01,Uusimaa,region,1525.0,PER_1000_PERSONS,context_dependent,thl_sotkanet_indicator_1080,https://sotkanet.fi/sotkanet/fi/metadata/indicators/1080,false,2026-08-15
health,primary_care_doctor_contacts_per_1000,Perusterveydenhuollon lääkärikäynnit,output,2024,MK01,Uusimaa,region,1909.0,PER_1000_PERSONS,context_dependent,thl_sotkanet_indicator_1080,https://sotkanet.fi/sotkanet/fi/metadata/indicators/1080,false,2026-08-15
health,primary_care_doctor_contacts_per_1000,Perusterveydenhuollon lääkärikäynnit,output,2018,MK02,Varsinais-Suomi,region,1987.0,PER_1000_PERSONS,context_dependent,thl_sotkanet_indicator_1080,https://sotkanet.fi/sotkanet/fi/metadata/indicators/1080,false,2026-08-15
health,primary_care_doctor_contacts_per_1000,Perusterveydenhuollon lääkärikäynnit,output,2019,MK02,Varsinais-Suomi,region,1921.0,PER_1000_PERSONS,context_dependent,thl_sotkanet_indicator_1080,https://sotkanet.fi/sotkanet/fi/metadata/indicators/1080,false,2026-08-15
health,primary_care_doctor_contacts_per_1000,Perusterveydenhuollon lääkärikäynnit,output,2020,MK02,Varsinais-Suomi,region,1844.0,PER_1000_PERSONS,context_dependent,thl_sotkanet_indicator_1080,https://sotkanet.fi/sotkanet/fi/metadata/indicators/1080,false,2026-08-15
health,primary_care_doctor_contacts_per_1000,Perusterveydenhuollon lääkärikäynnit,output,2021,MK02,Varsinais-Suomi,region,1863.0,PER_1000_PERSONS,context_dependent,thl_sotkanet_indicator_1080,https://sotkanet.fi/sotkanet/fi/metadata/indicators/1080,false,2026-08-15
health,primary_care_doctor_contacts_per_1000,Perusterveydenhuollon lääkärikäynnit,output,2022,MK02,Varsinais-Suomi,region,1825.0,PER_1000_PERSONS,context_dependent,thl_sotkanet_indicator_1080,https://sotkanet.fi/sotkanet/fi/metadata/indicators/1080,false,2026-08-15
health,primary_care_doctor_contacts_per_1000,Perusterveydenhuollon lääkärikäynnit,output,2023,MK02,Varsinais-Suomi,region,1752.0,PER_1000_PERSONS,context_dependent,thl_sotkanet_indicator_1080,https://sotkanet.fi/sotkanet/fi/metadata/indicators/1080,false,2026-08-15
health,primary_care_doctor_contacts_per_1000,Perusterveydenhuollon lääkärikäynnit,output,2024,MK02,Varsinais-Suomi,region,1741.0,PER_1000_PERSONS,context_dependent,thl_sotkanet_indicator_1080,https://sotkanet.fi/sotkanet/fi/metadata/indicators/1080,false,2026-08-15
health,primary_care_doctor_contacts_per_1000,Perusterveydenhuollon lääkärikäynnit,output,2018,MK04,Satakunta,region,2231.0,PER_1000_PERSONS,context_dependent,thl_sotkanet_indicator_1080,https://sotkanet.fi/sotkanet/fi/metadata/indicators/1080,false,2026-08-15
health,primary_care_doctor_contacts_per_1000,Perusterveydenhuollon lääkärikäynnit,output,2019,MK04,Satakunta,region,2143.0,PER_1000_PERSONS,context_dependent,thl_sotkanet_indicator_1080,https://sotkanet.fi/sotkanet/fi/metadata/indicators/1080,false,2026-08-15
health,primary_care_doctor_contacts_per_1000,Perusterveydenhuollon lääkärikäynnit,output,2020,MK04,Satakunta,region,2106.0,PER_1000_PERSONS,context_dependent,thl_sotkanet_indicator_1080,https://sotkanet.fi/sotkanet/fi/metadata/indicators/1080,false,2026-08-15
health,primary_care_doctor_contacts_per_1000,Perusterveydenhuollon lääkärikäynnit,output,2021,MK04,Satakunta,region,2229.0,PER_1000_PERSONS,context_dependent,thl_sotkanet_indicator_1080,https://sotkanet.fi/sotkanet/fi/metadata/indicators/1080,false,2026-08-15
health,primary_care_doctor_contacts_per_1000,Perusterveydenhuollon lääkärikäynnit,output,2022,MK04,Satakunta,region,2301.0,PER_1000_PERSONS,context_dependent,thl_sotkanet_indicator_1080,https://sotkanet.fi/sotkanet/fi/metadata/indicators/1080,false,2026-08-15
health,primary_care_doctor_contacts_per_1000,Perusterveydenhuollon lääkärikäynnit,output,2023,MK04,Satakunta,region,2296.0,PER_1000_PERSONS,context_dependent,thl_sotkanet_indicator_1080,https://sotkanet.fi/sotkanet/fi/metadata/indicators/1080,false,2026-08-15
health,primary_care_doctor_contacts_per_1000,Perusterveydenhuollon lääkärikäynnit,output,2024,MK04,Satakunta,region,2311.0,PER_1000_PERSONS,context_dependent,thl_sotkanet_indicator_1080,https://sotkanet.fi/sotkanet/fi/metadata/indicators/1080,false,2026-08-15
health,primary_care_doctor_contacts_per_1000,Perusterveydenhuollon lääkärikäynnit,output,2018,MK05,Kanta-Häme,region,2741.0,PER_1000_PERSONS,context_dependent,thl_sotkanet_indicator_1080,https://sotkanet.fi/sotkanet/fi/metadata/indicators/1080,false,2026-08-15
health,primary_care_doctor_contacts_per_1000,Perusterveydenhuollon lääkärikäynnit,output,2019,MK05,Kanta-Häme,region,2478.0,PER_1000_PERSONS,context_dependent,thl_sotkanet_indicator_1080,https://sotkanet.fi/sotkanet/fi/metadata/indicators/1080,false,2026-08-15
health,primary_care_doctor_contacts_per_1000,Perusterveydenhuollon lääkärikäynnit,output,2020,MK05,Kanta-Häme,region,2316.0,PER_1000_PERSONS,context_dependent,thl_sotkanet_indicator_1080,https://sotkanet.fi/sotkanet/fi/metadata/indicators/1080,false,2026-08-15
health,primary_care_doctor_contacts_per_1000,Perusterveydenhuollon lääkärikäynnit,output,2021,MK05,Kanta-Häme,region,2403.0,PER_1000_PERSONS,context_dependent,thl_sotkanet_indicator_1080,https://sotkanet.fi/sotkanet/fi/metadata/indicators/1080,false,2026-08-15
health,primary_care_doctor_contacts_per_1000,Perusterveydenhuollon lääkärikäynnit,output,2022,MK05,Kanta-Häme,region,2436.0,PER_1000_PERSONS,context_dependent,thl_sotkanet_indicator_1080,https://sotkanet.fi/sotkanet/fi/metadata/indicators/1080,false,2026-08-15
health,primary_care_doctor_contacts_per_1000,Perusterveydenhuollon lääkärikäynnit,output,2023,MK05,Kanta-Häme,region,2476.0,PER_1000_PERSONS,context_dependent,thl_sotkanet_indicator_1080,https://sotkanet.fi/sotkanet/fi/metadata/indicators/1080,false,2026-08-15
health,primary_care_doctor_contacts_per_1000,Perusterveydenhuollon lääkärikäynnit,output,2024,MK05,Kanta-Häme,region,2551.0,PER_1000_PERSONS,context_dependent,thl_sotkanet_indicator_1080,https://sotkanet.fi/sotkanet/fi/metadata/indicators/1080,false,2026-08-15
health,primary_care_doctor_contacts_per_1000,Perusterveydenhuollon lääkärikäynnit,output,2018,MK06,Pirkanmaa,region,1970.0,PER_1000_PERSONS,context_dependent,thl_sotkanet_indicator_1080,https://sotkanet.fi/sotkanet/fi/metadata/indicators/1080,false,2026-08-15
health,primary_care_doctor_contacts_per_1000,Perusterveydenhuollon lääkärikäynnit,output,2019,MK06,Pirkanmaa,region,1874.0,PER_1000_PERSONS,context_dependent,thl_sotkanet_indicator_1080,https://sotkanet.fi/sotkanet/fi/metadata/indicators/1080,false,2026-08-15
health,primary_care_doctor_contacts_per_1000,Perusterveydenhuollon lääkärikäynnit,output,2020,MK06,Pirkanmaa,region,1756.0,PER_1000_PERSONS,context_dependent,thl_sotkanet_indicator_1080,https://sotkanet.fi/sotkanet/fi/metadata/indicators/1080,false,2026-08-15
health,primary_care_doctor_contacts_per_1000,Perusterveydenhuollon lääkärikäynnit,output,2021,MK06,Pirkanmaa,region,1877.0,PER_1000_PERSONS,context_dependent,thl_sotkanet_indicator_1080,https://sotkanet.fi/sotkanet/fi/metadata/indicators/1080,false,2026-08-15
health,primary_care_doctor_contacts_per_1000,Perusterveydenhuollon lääkärikäynnit,output,2022,MK06,Pirkanmaa,region,1889.0,PER_1000_PERSONS,context_dependent,thl_sotkanet_indicator_1080,https://sotkanet.fi/sotkanet/fi/metadata/indicators/1080,false,2026-08-15
health,primary_care_doctor_contacts_per_1000,Perusterveydenhuollon lääkärikäynnit,output,2023,MK06,Pirkanmaa,region,2020.0,PER_1000_PERSONS,context_dependent,thl_sotkanet_indicator_1080,https://sotkanet.fi/sotkanet/fi/metadata/indicators/1080,false,2026-08-15
health,primary_care_doctor_contacts_per_1000,Perusterveydenhuollon lääkärikäynnit,output,2024,MK06,Pirkanmaa,region,1915.0,PER_1000_PERSONS,context_dependent,thl_sotkanet_indicator_1080,https://sotkanet.fi/sotkanet/fi/metadata/indicators/1080,false,2026-08-15
health,primary_care_doctor_contacts_per_1000,Perusterveydenhuollon lääkärikäynnit,output,2018,MK07,Päijät-Häme,region,2799.0,PER_1000_PERSONS,context_dependent,thl_sotkanet_indicator_1080,https://sotkanet.fi/sotkanet/fi/metadata/indicators/1080,false,2026-08-15
health,primary_care_doctor_contacts_per_1000,Perusterveydenhuollon lääkärikäynnit,output,2019,MK07,Päijät-Häme,region,2017.0,PER_1000_PERSONS,context_dependent,thl_sotkanet_indicator_1080,https://sotkanet.fi/sotkanet/fi/metadata/indicators/1080,false,2026-08-15
health,primary_care_doctor_contacts_per_1000,Perusterveydenhuollon lääkärikäynnit,output,2020,MK07,Päijät-Häme,region,2118.0,PER_1000_PERSONS,context_dependent,thl_sotkanet_indicator_1080,https://sotkanet.fi/sotkanet/fi/metadata/indicators/1080,false,2026-08-15
health,primary_care_doctor_contacts_per_1000,Perusterveydenhuollon lääkärikäynnit,output,2021,MK07,Päijät-Häme,region,1919.0,PER_1000_PERSONS,context_dependent,thl_sotkanet_indicator_1080,https://sotkanet.fi/sotkanet/fi/metadata/indicators/1080,false,2026-08-15
health,primary_care_doctor_contacts_per_1000,Perusterveydenhuollon lääkärikäynnit,output,2022,MK07,Päijät-Häme,region,2497.0,PER_1000_PERSONS,context_dependent,thl_sotkanet_indicator_1080,https://sotkanet.fi/sotkanet/fi/metadata/indicators/1080,false,2026-08-15
health,primary_care_doctor_contacts_per_1000,Perusterveydenhuollon lääkärikäynnit,output,2023,MK07,Päijät-Häme,region,2123.0,PER_1000_PERSONS,context_dependent,thl_sotkanet_indicator_1080,https://sotkanet.fi/sotkanet/fi/metadata/indicators/1080,false,2026-08-15
health,primary_care_doctor_contacts_per_1000,Perusterveydenhuollon lääkärikäynnit,output,2024,MK07,Päijät-Häme,region,2031.0,PER_1000_PERSONS,context_dependent,thl_sotkanet_indicator_1080,https://sotkanet.fi/sotkanet/fi/metadata/indicators/1080,false,2026-08-15
health,primary_care_doctor_contacts_per_1000,Perusterveydenhuollon lääkärikäynnit,output,2018,MK08,Kymenlaakso,region,2311.0,PER_1000_PERSONS,context_dependent,thl_sotkanet_indicator_1080,https://sotkanet.fi/sotkanet/fi/metadata/indicators/1080,false,2026-08-15
health,primary_care_doctor_contacts_per_1000,Perusterveydenhuollon lääkärikäynnit,output,2019,MK08,Kymenlaakso,region,2463.0,PER_1000_PERSONS,context_dependent,thl_sotkanet_indicator_1080,https://sotkanet.fi/sotkanet/fi/metadata/indicators/1080,false,2026-08-15
health,primary_care_doctor_contacts_per_1000,Perusterveydenhuollon lääkärikäynnit,output,2020,MK08,Kymenlaakso,region,1704.0,PER_1000_PERSONS,context_dependent,thl_sotkanet_indicator_1080,https://sotkanet.fi/sotkanet/fi/metadata/indicators/1080,false,2026-08-15
health,primary_care_doctor_contacts_per_1000,Perusterveydenhuollon lääkärikäynnit,output,2021,MK08,Kymenlaakso,region,1882.0,PER_1000_PERSONS,context_dependent,thl_sotkanet_indicator_1080,https://sotkanet.fi/sotkanet/fi/metadata/indicators/1080,false,2026-08-15
health,primary_care_doctor_contacts_per_1000,Perusterveydenhuollon lääkärikäynnit,output,2022,MK08,Kymenlaakso,region,1860.0,PER_1000_PERSONS,context_dependent,thl_sotkanet_indicator_1080,https://sotkanet.fi/sotkanet/fi/metadata/indicators/1080,false,2026-08-15
health,primary_care_doctor_contacts_per_1000,Perusterveydenhuollon lääkärikäynnit,output,2023,MK08,Kymenlaakso,region,2055.0,PER_1000_PERSONS,context_dependent,thl_sotkanet_indicator_1080,https://sotkanet.fi/sotkanet/fi/metadata/indicators/1080,false,2026-08-15
health,primary_care_doctor_contacts_per_1000,Perusterveydenhuollon lääkärikäynnit,output,2024,MK08,Kymenlaakso,region,2177.0,PER_1000_PERSONS,context_dependent,thl_sotkanet_indicator_1080,https://sotkanet.fi/sotkanet/fi/metadata/indicators/1080,false,2026-08-15
health,primary_care_doctor_contacts_per_1000,Perusterveydenhuollon lääkärikäynnit,output,2018,MK09,Etelä-Karjala,region,2223.0,PER_1000_PERSONS,context_dependent,thl_sotkanet_indicator_1080,https://sotkanet.fi/sotkanet/fi/metadata/indicators/1080,false,2026-08-15
health,primary_care_doctor_contacts_per_1000,Perusterveydenhuollon lääkärikäynnit,output,2019,MK09,Etelä-Karjala,region,2061.0,PER_1000_PERSONS,context_dependent,thl_sotkanet_indicator_1080,https://sotkanet.fi/sotkanet/fi/metadata/indicators/1080,false,2026-08-15
health,primary_care_doctor_contacts_per_1000,Perusterveydenhuollon lääkärikäynnit,output,2020,MK09,Etelä-Karjala,region,1788.0,PER_1000_PERSONS,context_dependent,thl_sotkanet_indicator_1080,https://sotkanet.fi/sotkanet/fi/metadata/indicators/1080,false,2026-08-15
health,primary_care_doctor_contacts_per_1000,Perusterveydenhuollon lääkärikäynnit,output,2021,MK09,Etelä-Karjala,region,1814.0,PER_1000_PERSONS,context_dependent,thl_sotkanet_indicator_1080,https://sotkanet.fi/sotkanet/fi/metadata/indicators/1080,false,2026-08-15
health,primary_care_doctor_contacts_per_1000,Perusterveydenhuollon lääkärikäynnit,output,2022,MK09,Etelä-Karjala,region,1741.0,PER_1000_PERSONS,context_dependent,thl_sotkanet_indicator_1080,https://sotkanet.fi/sotkanet/fi/metadata/indicators/1080,false,2026-08-15
health,primary_care_doctor_contacts_per_1000,Perusterveydenhuollon lääkärikäynnit,output,2023,MK09,Etelä-Karjala,region,1812.0,PER_1000_PERSONS,context_dependent,thl_sotkanet_indicator_1080,https://sotkanet.fi/sotkanet/fi/metadata/indicators/1080,false,2026-08-15
health,primary_care_doctor_contacts_per_1000,Perusterveydenhuollon lääkärikäynnit,output,2024,MK09,Etelä-Karjala,region,1734.0,PER_1000_PERSONS,context_dependent,thl_sotkanet_indicator_1080,https://sotkanet.fi/sotkanet/fi/metadata/indicators/1080,false,2026-08-15
health,primary_care_doctor_contacts_per_1000,Perusterveydenhuollon lääkärikäynnit,output,2018,MK10,Etelä-Savo,region,2156.0,PER_1000_PERSONS,context_dependent,thl_sotkanet_indicator_1080,https://sotkanet.fi/sotkanet/fi/metadata/indicators/1080,false,2026-08-15
health,primary_care_doctor_contacts_per_1000,Perusterveydenhuollon lääkärikäynnit,output,2019,MK10,Etelä-Savo,region,2251.0,PER_1000_PERSONS,context_dependent,thl_sotkanet_indicator_1080,https://sotkanet.fi/sotkanet/fi/metadata/indicators/1080,false,2026-08-15
health,primary_care_doctor_contacts_per_1000,Perusterveydenhuollon lääkärikäynnit,output,2020,MK10,Etelä-Savo,region,2191.0,PER_1000_PERSONS,context_dependent,thl_sotkanet_indicator_1080,https://sotkanet.fi/sotkanet/fi/metadata/indicators/1080,false,2026-08-15
health,primary_care_doctor_contacts_per_1000,Perusterveydenhuollon lääkärikäynnit,output,2021,MK10,Etelä-Savo,region,2185.0,PER_1000_PERSONS,context_dependent,thl_sotkanet_indicator_1080,https://sotkanet.fi/sotkanet/fi/metadata/indicators/1080,false,2026-08-15
health,primary_care_doctor_contacts_per_1000,Perusterveydenhuollon lääkärikäynnit,output,2022,MK10,Etelä-Savo,region,2300.0,PER_1000_PERSONS,context_dependent,thl_sotkanet_indicator_1080,https://sotkanet.fi/sotkanet/fi/metadata/indicators/1080,false,2026-08-15
health,primary_care_doctor_contacts_per_1000,Perusterveydenhuollon lääkärikäynnit,output,2023,MK10,Etelä-Savo,region,2239.0,PER_1000_PERSONS,context_dependent,thl_sotkanet_indicator_1080,https://sotkanet.fi/sotkanet/fi/metadata/indicators/1080,false,2026-08-15
health,primary_care_doctor_contacts_per_1000,Perusterveydenhuollon lääkärikäynnit,output,2024,MK10,Etelä-Savo,region,2295.0,PER_1000_PERSONS,context_dependent,thl_sotkanet_indicator_1080,https://sotkanet.fi/sotkanet/fi/metadata/indicators/1080,false,2026-08-15
health,primary_care_doctor_contacts_per_1000,Perusterveydenhuollon lääkärikäynnit,output,2018,MK11,Pohjois-Savo,region,2930.0,PER_1000_PERSONS,context_dependent,thl_sotkanet_indicator_1080,https://sotkanet.fi/sotkanet/fi/metadata/indicators/1080,false,2026-08-15
health,primary_care_doctor_contacts_per_1000,Perusterveydenhuollon lääkärikäynnit,output,2019,MK11,Pohjois-Savo,region,2905.0,PER_1000_PERSONS,context_dependent,thl_sotkanet_indicator_1080,https://sotkanet.fi/sotkanet/fi/metadata/indicators/1080,false,2026-08-15
health,primary_care_doctor_contacts_per_1000,Perusterveydenhuollon lääkärikäynnit,output,2020,MK11,Pohjois-Savo,region,2764.0,PER_1000_PERSONS,context_dependent,thl_sotkanet_indicator_1080,https://sotkanet.fi/sotkanet/fi/metadata/indicators/1080,false,2026-08-15
health,primary_care_doctor_contacts_per_1000,Perusterveydenhuollon lääkärikäynnit,output,2021,MK11,Pohjois-Savo,region,2899.0,PER_1000_PERSONS,context_dependent,thl_sotkanet_indicator_1080,https://sotkanet.fi/sotkanet/fi/metadata/indicators/1080,false,2026-08-15
health,primary_care_doctor_contacts_per_1000,Perusterveydenhuollon lääkärikäynnit,output,2022,MK11,Pohjois-Savo,region,3023.0,PER_1000_PERSONS,context_dependent,thl_sotkanet_indicator_1080,https://sotkanet.fi/sotkanet/fi/metadata/indicators/1080,false,2026-08-15
health,primary_care_doctor_contacts_per_1000,Perusterveydenhuollon lääkärikäynnit,output,2023,MK11,Pohjois-Savo,region,2791.0,PER_1000_PERSONS,context_dependent,thl_sotkanet_indicator_1080,https://sotkanet.fi/sotkanet/fi/metadata/indicators/1080,false,2026-08-15
health,primary_care_doctor_contacts_per_1000,Perusterveydenhuollon lääkärikäynnit,output,2024,MK11,Pohjois-Savo,region,2771.0,PER_1000_PERSONS,context_dependent,thl_sotkanet_indicator_1080,https://sotkanet.fi/sotkanet/fi/metadata/indicators/1080,false,2026-08-15
health,primary_care_doctor_contacts_per_1000,Perusterveydenhuollon lääkärikäynnit,output,2018,MK12,Pohjois-Karjala,region,1160.0,PER_1000_PERSONS,context_dependent,thl_sotkanet_indicator_1080,https://sotkanet.fi/sotkanet/fi/metadata/indicators/1080,false,2026-08-15
health,primary_care_doctor_contacts_per_1000,Perusterveydenhuollon lääkärikäynnit,output,2019,MK12,Pohjois-Karjala,region,1829.0,PER_1000_PERSONS,context_dependent,thl_sotkanet_indicator_1080,https://sotkanet.fi/sotkanet/fi/metadata/indicators/1080,false,2026-08-15
health,primary_care_doctor_contacts_per_1000,Perusterveydenhuollon lääkärikäynnit,output,2020,MK12,Pohjois-Karjala,region,1678.0,PER_1000_PERSONS,context_dependent,thl_sotkanet_indicator_1080,https://sotkanet.fi/sotkanet/fi/metadata/indicators/1080,false,2026-08-15
health,primary_care_doctor_contacts_per_1000,Perusterveydenhuollon lääkärikäynnit,output,2021,MK12,Pohjois-Karjala,region,1759.0,PER_1000_PERSONS,context_dependent,thl_sotkanet_indicator_1080,https://sotkanet.fi/sotkanet/fi/metadata/indicators/1080,false,2026-08-15
health,primary_care_doctor_contacts_per_1000,Perusterveydenhuollon lääkärikäynnit,output,2022,MK12,Pohjois-Karjala,region,1770.0,PER_1000_PERSONS,context_dependent,thl_sotkanet_indicator_1080,https://sotkanet.fi/sotkanet/fi/metadata/indicators/1080,false,2026-08-15
health,primary_care_doctor_contacts_per_1000,Perusterveydenhuollon lääkärikäynnit,output,2023,MK12,Pohjois-Karjala,region,1820.0,PER_1000_PERSONS,context_dependent,thl_sotkanet_indicator_1080,https://sotkanet.fi/sotkanet/fi/metadata/indicators/1080,false,2026-08-15
health,primary_care_doctor_contacts_per_1000,Perusterveydenhuollon lääkärikäynnit,output,2024,MK12,Pohjois-Karjala,region,1873.0,PER_1000_PERSONS,context_dependent,thl_sotkanet_indicator_1080,https://sotkanet.fi/sotkanet/fi/metadata/indicators/1080,false,2026-08-15
health,primary_care_doctor_contacts_per_1000,Perusterveydenhuollon lääkärikäynnit,output,2018,MK13,Keski-Suomi,region,2615.0,PER_1000_PERSONS,context_dependent,thl_sotkanet_indicator_1080,https://sotkanet.fi/sotkanet/fi/metadata/indicators/1080,false,2026-08-15
health,primary_care_doctor_contacts_per_1000,Perusterveydenhuollon lääkärikäynnit,output,2019,MK13,Keski-Suomi,region,2636.0,PER_1000_PERSONS,context_dependent,thl_sotkanet_indicator_1080,https://sotkanet.fi/sotkanet/fi/metadata/indicators/1080,false,2026-08-15
health,primary_care_doctor_contacts_per_1000,Perusterveydenhuollon lääkärikäynnit,output,2020,MK13,Keski-Suomi,region,2261.0,PER_1000_PERSONS,context_dependent,thl_sotkanet_indicator_1080,https://sotkanet.fi/sotkanet/fi/metadata/indicators/1080,false,2026-08-15
health,primary_care_doctor_contacts_per_1000,Perusterveydenhuollon lääkärikäynnit,output,2021,MK13,Keski-Suomi,region,2358.0,PER_1000_PERSONS,context_dependent,thl_sotkanet_indicator_1080,https://sotkanet.fi/sotkanet/fi/metadata/indicators/1080,false,2026-08-15
health,primary_care_doctor_contacts_per_1000,Perusterveydenhuollon lääkärikäynnit,output,2022,MK13,Keski-Suomi,region,2405.0,PER_1000_PERSONS,context_dependent,thl_sotkanet_indicator_1080,https://sotkanet.fi/sotkanet/fi/metadata/indicators/1080,false,2026-08-15
health,primary_care_doctor_contacts_per_1000,Perusterveydenhuollon lääkärikäynnit,output,2023,MK13,Keski-Suomi,region,2431.0,PER_1000_PERSONS,context_dependent,thl_sotkanet_indicator_1080,https://sotkanet.fi/sotkanet/fi/metadata/indicators/1080,false,2026-08-15
health,primary_care_doctor_contacts_per_1000,Perusterveydenhuollon lääkärikäynnit,output,2024,MK13,Keski-Suomi,region,2314.0,PER_1000_PERSONS,context_dependent,thl_sotkanet_indicator_1080,https://sotkanet.fi/sotkanet/fi/metadata/indicators/1080,false,2026-08-15
health,primary_care_doctor_contacts_per_1000,Perusterveydenhuollon lääkärikäynnit,output,2018,MK14,Etelä-Pohjanmaa,region,2483.0,PER_1000_PERSONS,context_dependent,thl_sotkanet_indicator_1080,https://sotkanet.fi/sotkanet/fi/metadata/indicators/1080,false,2026-08-15
health,primary_care_doctor_contacts_per_1000,Perusterveydenhuollon lääkärikäynnit,output,2019,MK14,Etelä-Pohjanmaa,region,2509.0,PER_1000_PERSONS,context_dependent,thl_sotkanet_indicator_1080,https://sotkanet.fi/sotkanet/fi/metadata/indicators/1080,false,2026-08-15
health,primary_care_doctor_contacts_per_1000,Perusterveydenhuollon lääkärikäynnit,output,2020,MK14,Etelä-Pohjanmaa,region,2160.0,PER_1000_PERSONS,context_dependent,thl_sotkanet_indicator_1080,https://sotkanet.fi/sotkanet/fi/metadata/indicators/1080,false,2026-08-15
health,primary_care_doctor_contacts_per_1000,Perusterveydenhuollon lääkärikäynnit,output,2021,MK14,Etelä-Pohjanmaa,region,2372.0,PER_1000_PERSONS,context_dependent,thl_sotkanet_indicator_1080,https://sotkanet.fi/sotkanet/fi/metadata/indicators/1080,false,2026-08-15
health,primary_care_doctor_contacts_per_1000,Perusterveydenhuollon lääkärikäynnit,output,2022,MK14,Etelä-Pohjanmaa,region,2336.0,PER_1000_PERSONS,context_dependent,thl_sotkanet_indicator_1080,https://sotkanet.fi/sotkanet/fi/metadata/indicators/1080,false,2026-08-15
health,primary_care_doctor_contacts_per_1000,Perusterveydenhuollon lääkärikäynnit,output,2023,MK14,Etelä-Pohjanmaa,region,2276.0,PER_1000_PERSONS,context_dependent,thl_sotkanet_indicator_1080,https://sotkanet.fi/sotkanet/fi/metadata/indicators/1080,false,2026-08-15
health,primary_care_doctor_contacts_per_1000,Perusterveydenhuollon lääkärikäynnit,output,2024,MK14,Etelä-Pohjanmaa,region,2202.0,PER_1000_PERSONS,context_dependent,thl_sotkanet_indicator_1080,https://sotkanet.fi/sotkanet/fi/metadata/indicators/1080,false,2026-08-15
health,primary_care_doctor_contacts_per_1000,Perusterveydenhuollon lääkärikäynnit,output,2018,MK15,Pohjanmaa,region,1487.0,PER_1000_PERSONS,context_dependent,thl_sotkanet_indicator_1080,https://sotkanet.fi/sotkanet/fi/metadata/indicators/1080,false,2026-08-15
health,primary_care_doctor_contacts_per_1000,Perusterveydenhuollon lääkärikäynnit,output,2019,MK15,Pohjanmaa,region,1463.0,PER_1000_PERSONS,context_dependent,thl_sotkanet_indicator_1080,https://sotkanet.fi/sotkanet/fi/metadata/indicators/1080,false,2026-08-15
health,primary_care_doctor_contacts_per_1000,Perusterveydenhuollon lääkärikäynnit,output,2020,MK15,Pohjanmaa,region,1423.0,PER_1000_PERSONS,context_dependent,thl_sotkanet_indicator_1080,https://sotkanet.fi/sotkanet/fi/metadata/indicators/1080,false,2026-08-15
health,primary_care_doctor_contacts_per_1000,Perusterveydenhuollon lääkärikäynnit,output,2021,MK15,Pohjanmaa,region,1487.0,PER_1000_PERSONS,context_dependent,thl_sotkanet_indicator_1080,https://sotkanet.fi/sotkanet/fi/metadata/indicators/1080,false,2026-08-15
health,primary_care_doctor_contacts_per_1000,Perusterveydenhuollon lääkärikäynnit,output,2022,MK15,Pohjanmaa,region,1453.0,PER_1000_PERSONS,context_dependent,thl_sotkanet_indicator_1080,https://sotkanet.fi/sotkanet/fi/metadata/indicators/1080,false,2026-08-15
health,primary_care_doctor_contacts_per_1000,Perusterveydenhuollon lääkärikäynnit,output,2023,MK15,Pohjanmaa,region,1415.0,PER_1000_PERSONS,context_dependent,thl_sotkanet_indicator_1080,https://sotkanet.fi/sotkanet/fi/metadata/indicators/1080,false,2026-08-15
health,primary_care_doctor_contacts_per_1000,Perusterveydenhuollon lääkärikäynnit,output,2024,MK15,Pohjanmaa,region,1475.0,PER_1000_PERSONS,context_dependent,thl_sotkanet_indicator_1080,https://sotkanet.fi/sotkanet/fi/metadata/indicators/1080,false,2026-08-15
health,primary_care_doctor_contacts_per_1000,Perusterveydenhuollon lääkärikäynnit,output,2018,MK16,Keski-Pohjanmaa,region,2005.0,PER_1000_PERSONS,context_dependent,thl_sotkanet_indicator_1080,https://sotkanet.fi/sotkanet/fi/metadata/indicators/1080,false,2026-08-15
health,primary_care_doctor_contacts_per_1000,Perusterveydenhuollon lääkärikäynnit,output,2019,MK16,Keski-Pohjanmaa,region,1938.0,PER_1000_PERSONS,context_dependent,thl_sotkanet_indicator_1080,https://sotkanet.fi/sotkanet/fi/metadata/indicators/1080,false,2026-08-15
health,primary_care_doctor_contacts_per_1000,Perusterveydenhuollon lääkärikäynnit,output,2020,MK16,Keski-Pohjanmaa,region,1879.0,PER_1000_PERSONS,context_dependent,thl_sotkanet_indicator_1080,https://sotkanet.fi/sotkanet/fi/metadata/indicators/1080,false,2026-08-15
health,primary_care_doctor_contacts_per_1000,Perusterveydenhuollon lääkärikäynnit,output,2021,MK16,Keski-Pohjanmaa,region,2070.0,PER_1000_PERSONS,context_dependent,thl_sotkanet_indicator_1080,https://sotkanet.fi/sotkanet/fi/metadata/indicators/1080,false,2026-08-15
health,primary_care_doctor_contacts_per_1000,Perusterveydenhuollon lääkärikäynnit,output,2022,MK16,Keski-Pohjanmaa,region,2011.0,PER_1000_PERSONS,context_dependent,thl_sotkanet_indicator_1080,https://sotkanet.fi/sotkanet/fi/metadata/indicators/1080,false,2026-08-15
health,primary_care_doctor_contacts_per_1000,Perusterveydenhuollon lääkärikäynnit,output,2023,MK16,Keski-Pohjanmaa,region,2091.0,PER_1000_PERSONS,context_dependent,thl_sotkanet_indicator_1080,https://sotkanet.fi/sotkanet/fi/metadata/indicators/1080,false,2026-08-15
health,primary_care_doctor_contacts_per_1000,Perusterveydenhuollon lääkärikäynnit,output,2024,MK16,Keski-Pohjanmaa,region,2058.0,PER_1000_PERSONS,context_dependent,thl_sotkanet_indicator_1080,https://sotkanet.fi/sotkanet/fi/metadata/indicators/1080,false,2026-08-15
health,primary_care_doctor_contacts_per_1000,Perusterveydenhuollon lääkärikäynnit,output,2018,MK17,Pohjois-Pohjanmaa,region,2147.0,PER_1000_PERSONS,context_dependent,thl_sotkanet_indicator_1080,https://sotkanet.fi/sotkanet/fi/metadata/indicators/1080,false,2026-08-15
health,primary_care_doctor_contacts_per_1000,Perusterveydenhuollon lääkärikäynnit,output,2019,MK17,Pohjois-Pohjanmaa,region,2205.0,PER_1000_PERSONS,context_dependent,thl_sotkanet_indicator_1080,https://sotkanet.fi/sotkanet/fi/metadata/indicators/1080,false,2026-08-15
health,primary_care_doctor_contacts_per_1000,Perusterveydenhuollon lääkärikäynnit,output,2020,MK17,Pohjois-Pohjanmaa,region,2044.0,PER_1000_PERSONS,context_dependent,thl_sotkanet_indicator_1080,https://sotkanet.fi/sotkanet/fi/metadata/indicators/1080,false,2026-08-15
health,primary_care_doctor_contacts_per_1000,Perusterveydenhuollon lääkärikäynnit,output,2021,MK17,Pohjois-Pohjanmaa,region,2267.0,PER_1000_PERSONS,context_dependent,thl_sotkanet_indicator_1080,https://sotkanet.fi/sotkanet/fi/metadata/indicators/1080,false,2026-08-15
health,primary_care_doctor_contacts_per_1000,Perusterveydenhuollon lääkärikäynnit,output,2022,MK17,Pohjois-Pohjanmaa,region,2261.0,PER_1000_PERSONS,context_dependent,thl_sotkanet_indicator_1080,https://sotkanet.fi/sotkanet/fi/metadata/indicators/1080,false,2026-08-15
health,primary_care_doctor_contacts_per_1000,Perusterveydenhuollon lääkärikäynnit,output,2023,MK17,Pohjois-Pohjanmaa,region,2258.0,PER_1000_PERSONS,context_dependent,thl_sotkanet_indicator_1080,https://sotkanet.fi/sotkanet/fi/metadata/indicators/1080,false,2026-08-15
health,primary_care_doctor_contacts_per_1000,Perusterveydenhuollon lääkärikäynnit,output,2024,MK17,Pohjois-Pohjanmaa,region,2200.0,PER_1000_PERSONS,context_dependent,thl_sotkanet_indicator_1080,https://sotkanet.fi/sotkanet/fi/metadata/indicators/1080,false,2026-08-15
health,primary_care_doctor_contacts_per_1000,Perusterveydenhuollon lääkärikäynnit,output,2018,MK18,Kainuu,region,1955.0,PER_1000_PERSONS,context_dependent,thl_sotkanet_indicator_1080,https://sotkanet.fi/sotkanet/fi/metadata/indicators/1080,false,2026-08-15
health,primary_care_doctor_contacts_per_1000,Perusterveydenhuollon lääkärikäynnit,output,2019,MK18,Kainuu,region,1940.0,PER_1000_PERSONS,context_dependent,thl_sotkanet_indicator_1080,https://sotkanet.fi/sotkanet/fi/metadata/indicators/1080,false,2026-08-15
health,primary_care_doctor_contacts_per_1000,Perusterveydenhuollon lääkärikäynnit,output,2020,MK18,Kainuu,region,1898.0,PER_1000_PERSONS,context_dependent,thl_sotkanet_indicator_1080,https://sotkanet.fi/sotkanet/fi/metadata/indicators/1080,false,2026-08-15
health,primary_care_doctor_contacts_per_1000,Perusterveydenhuollon lääkärikäynnit,output,2021,MK18,Kainuu,region,2046.0,PER_1000_PERSONS,context_dependent,thl_sotkanet_indicator_1080,https://sotkanet.fi/sotkanet/fi/metadata/indicators/1080,false,2026-08-15
health,primary_care_doctor_contacts_per_1000,Perusterveydenhuollon lääkärikäynnit,output,2022,MK18,Kainuu,region,2151.0,PER_1000_PERSONS,context_dependent,thl_sotkanet_indicator_1080,https://sotkanet.fi/sotkanet/fi/metadata/indicators/1080,false,2026-08-15
health,primary_care_doctor_contacts_per_1000,Perusterveydenhuollon lääkärikäynnit,output,2023,MK18,Kainuu,region,2473.0,PER_1000_PERSONS,context_dependent,thl_sotkanet_indicator_1080,https://sotkanet.fi/sotkanet/fi/metadata/indicators/1080,false,2026-08-15
health,primary_care_doctor_contacts_per_1000,Perusterveydenhuollon lääkärikäynnit,output,2024,MK18,Kainuu,region,2187.0,PER_1000_PERSONS,context_dependent,thl_sotkanet_indicator_1080,https://sotkanet.fi/sotkanet/fi/metadata/indicators/1080,false,2026-08-15
health,primary_care_doctor_contacts_per_1000,Perusterveydenhuollon lääkärikäynnit,output,2018,MK19,Lappi,region,1852.0,PER_1000_PERSONS,context_dependent,thl_sotkanet_indicator_1080,https://sotkanet.fi/sotkanet/fi/metadata/indicators/1080,false,2026-08-15
health,primary_care_doctor_contacts_per_1000,Perusterveydenhuollon lääkärikäynnit,output,2019,MK19,Lappi,region,1764.0,PER_1000_PERSONS,context_dependent,thl_sotkanet_indicator_1080,https://sotkanet.fi/sotkanet/fi/metadata/indicators/1080,false,2026-08-15
health,primary_care_doctor_contacts_per_1000,Perusterveydenhuollon lääkärikäynnit,output,2020,MK19,Lappi,region,1715.0,PER_1000_PERSONS,context_dependent,thl_sotkanet_indicator_1080,https://sotkanet.fi/sotkanet/fi/metadata/indicators/1080,false,2026-08-15
health,primary_care_doctor_contacts_per_1000,Perusterveydenhuollon lääkärikäynnit,output,2021,MK19,Lappi,region,1765.0,PER_1000_PERSONS,context_dependent,thl_sotkanet_indicator_1080,https://sotkanet.fi/sotkanet/fi/metadata/indicators/1080,false,2026-08-15
health,primary_care_doctor_contacts_per_1000,Perusterveydenhuollon lääkärikäynnit,output,2022,MK19,Lappi,region,1766.0,PER_1000_PERSONS,context_dependent,thl_sotkanet_indicator_1080,https://sotkanet.fi/sotkanet/fi/metadata/indicators/1080,false,2026-08-15
health,primary_care_doctor_contacts_per_1000,Perusterveydenhuollon lääkärikäynnit,output,2023,MK19,Lappi,region,1745.0,PER_1000_PERSONS,context_dependent,thl_sotkanet_indicator_1080,https://sotkanet.fi/sotkanet/fi/metadata/indicators/1080,false,2026-08-15
health,primary_care_doctor_contacts_per_1000,Perusterveydenhuollon lääkärikäynnit,output,2024,MK19,Lappi,region,1765.0,PER_1000_PERSONS,context_dependent,thl_sotkanet_indicator_1080,https://sotkanet.fi/sotkanet/fi/metadata/indicators/1080,false,2026-08-15
health,primary_care_doctor_contacts_per_1000,Perusterveydenhuollon lääkärikäynnit,output,2018,MK21,Ahvenanmaa,region,1962.0,PER_1000_PERSONS,context_dependent,thl_sotkanet_indicator_1080,https://sotkanet.fi/sotkanet/fi/metadata/indicators/1080,false,2026-08-15
health,primary_care_doctor_contacts_per_1000,Perusterveydenhuollon lääkärikäynnit,output,2019,MK21,Ahvenanmaa,region,2043.0,PER_1000_PERSONS,context_dependent,thl_sotkanet_indicator_1080,https://sotkanet.fi/sotkanet/fi/metadata/indicators/1080,false,2026-08-15
health,primary_care_doctor_contacts_per_1000,Perusterveydenhuollon lääkärikäynnit,output,2020,MK21,Ahvenanmaa,region,2042.0,PER_1000_PERSONS,context_dependent,thl_sotkanet_indicator_1080,https://sotkanet.fi/sotkanet/fi/metadata/indicators/1080,false,2026-08-15
health,primary_care_doctor_contacts_per_1000,Perusterveydenhuollon lääkärikäynnit,output,2021,MK21,Ahvenanmaa,region,2370.0,PER_1000_PERSONS,context_dependent,thl_sotkanet_indicator_1080,https://sotkanet.fi/sotkanet/fi/metadata/indicators/1080,false,2026-08-15
health,primary_care_doctor_contacts_per_1000,Perusterveydenhuollon lääkärikäynnit,output,2022,MK21,Ahvenanmaa,region,2520.0,PER_1000_PERSONS,context_dependent,thl_sotkanet_indicator_1080,https://sotkanet.fi/sotkanet/fi/metadata/indicators/1080,false,2026-08-15
health,primary_care_doctor_contacts_per_1000,Perusterveydenhuollon lääkärikäynnit,output,2023,MK21,Ahvenanmaa,region,2177.0,PER_1000_PERSONS,context_dependent,thl_sotkanet_indicator_1080,https://sotkanet.fi/sotkanet/fi/metadata/indicators/1080,false,2026-08-15
health,primary_care_doctor_contacts_per_1000,Perusterveydenhuollon lääkärikäynnit,output,2024,MK21,Ahvenanmaa,region,2124.0,PER_1000_PERSONS,context_dependent,thl_sotkanet_indicator_1080,https://sotkanet.fi/sotkanet/fi/metadata/indicators/1080,false,2026-08-15
health,self_rated_health_mediocre_or_worse_pct,Terveytensä keskitasoiseksi tai huonommaksi kokevat,outcome,2018,FI,Koko maa,country,33.2,PERCENT,lower_is_better,thl_sotkanet_indicator_4333,https://sotkanet.fi/sotkanet/fi/metadata/indicators/4333,false,2026-08-15
health,self_rated_health_mediocre_or_worse_pct,Terveytensä keskitasoiseksi tai huonommaksi kokevat,outcome,2020,FI,Koko maa,country,36.8,PERCENT,lower_is_better,thl_sotkanet_indicator_4333,https://sotkanet.fi/sotkanet/fi/metadata/indicators/4333,false,2026-08-15
health,self_rated_health_mediocre_or_worse_pct,Terveytensä keskitasoiseksi tai huonommaksi kokevat,outcome,2022,FI,Koko maa,country,36.8,PERCENT,lower_is_better,thl_sotkanet_indicator_4333,https://sotkanet.fi/sotkanet/fi/metadata/indicators/4333,false,2026-08-15
health,self_rated_health_mediocre_or_worse_pct,Terveytensä keskitasoiseksi tai huonommaksi kokevat,outcome,2024,FI,Koko maa,country,37.4,PERCENT,lower_is_better,thl_sotkanet_indicator_4333,https://sotkanet.fi/sotkanet/fi/metadata/indicators/4333,false,2026-08-15
health,self_rated_health_mediocre_or_worse_pct,Terveytensä keskitasoiseksi tai huonommaksi kokevat,outcome,2018,MK01,Uusimaa,region,28.4,PERCENT,lower_is_better,thl_sotkanet_indicator_4333,https://sotkanet.fi/sotkanet/fi/metadata/indicators/4333,false,2026-08-15
health,self_rated_health_mediocre_or_worse_pct,Terveytensä keskitasoiseksi tai huonommaksi kokevat,outcome,2020,MK01,Uusimaa,region,32.8,PERCENT,lower_is_better,thl_sotkanet_indicator_4333,https://sotkanet.fi/sotkanet/fi/metadata/indicators/4333,false,2026-08-15
health,self_rated_health_mediocre_or_worse_pct,Terveytensä keskitasoiseksi tai huonommaksi kokevat,outcome,2022,MK01,Uusimaa,region,32.6,PERCENT,lower_is_better,thl_sotkanet_indicator_4333,https://sotkanet.fi/sotkanet/fi/metadata/indicators/4333,false,2026-08-15
health,self_rated_health_mediocre_or_worse_pct,Terveytensä keskitasoiseksi tai huonommaksi kokevat,outcome,2024,MK01,Uusimaa,region,33.2,PERCENT,lower_is_better,thl_sotkanet_indicator_4333,https://sotkanet.fi/sotkanet/fi/metadata/indicators/4333,false,2026-08-15
health,self_rated_health_mediocre_or_worse_pct,Terveytensä keskitasoiseksi tai huonommaksi kokevat,outcome,2018,MK02,Varsinais-Suomi,region,33.0,PERCENT,lower_is_better,thl_sotkanet_indicator_4333,https://sotkanet.fi/sotkanet/fi/metadata/indicators/4333,false,2026-08-15
health,self_rated_health_mediocre_or_worse_pct,Terveytensä keskitasoiseksi tai huonommaksi kokevat,outcome,2020,MK02,Varsinais-Suomi,region,35.8,PERCENT,lower_is_better,thl_sotkanet_indicator_4333,https://sotkanet.fi/sotkanet/fi/metadata/indicators/4333,false,2026-08-15
health,self_rated_health_mediocre_or_worse_pct,Terveytensä keskitasoiseksi tai huonommaksi kokevat,outcome,2022,MK02,Varsinais-Suomi,region,36.6,PERCENT,lower_is_better,thl_sotkanet_indicator_4333,https://sotkanet.fi/sotkanet/fi/metadata/indicators/4333,false,2026-08-15
health,self_rated_health_mediocre_or_worse_pct,Terveytensä keskitasoiseksi tai huonommaksi kokevat,outcome,2024,MK02,Varsinais-Suomi,region,39.6,PERCENT,lower_is_better,thl_sotkanet_indicator_4333,https://sotkanet.fi/sotkanet/fi/metadata/indicators/4333,false,2026-08-15
health,self_rated_health_mediocre_or_worse_pct,Terveytensä keskitasoiseksi tai huonommaksi kokevat,outcome,2018,MK04,Satakunta,region,39.3,PERCENT,lower_is_better,thl_sotkanet_indicator_4333,https://sotkanet.fi/sotkanet/fi/metadata/indicators/4333,false,2026-08-15
health,self_rated_health_mediocre_or_worse_pct,Terveytensä keskitasoiseksi tai huonommaksi kokevat,outcome,2020,MK04,Satakunta,region,38.9,PERCENT,lower_is_better,thl_sotkanet_indicator_4333,https://sotkanet.fi/sotkanet/fi/metadata/indicators/4333,false,2026-08-15
health,self_rated_health_mediocre_or_worse_pct,Terveytensä keskitasoiseksi tai huonommaksi kokevat,outcome,2022,MK04,Satakunta,region,42.8,PERCENT,lower_is_better,thl_sotkanet_indicator_4333,https://sotkanet.fi/sotkanet/fi/metadata/indicators/4333,false,2026-08-15
health,self_rated_health_mediocre_or_worse_pct,Terveytensä keskitasoiseksi tai huonommaksi kokevat,outcome,2024,MK04,Satakunta,region,42.3,PERCENT,lower_is_better,thl_sotkanet_indicator_4333,https://sotkanet.fi/sotkanet/fi/metadata/indicators/4333,false,2026-08-15
health,self_rated_health_mediocre_or_worse_pct,Terveytensä keskitasoiseksi tai huonommaksi kokevat,outcome,2018,MK05,Kanta-Häme,region,38.0,PERCENT,lower_is_better,thl_sotkanet_indicator_4333,https://sotkanet.fi/sotkanet/fi/metadata/indicators/4333,false,2026-08-15
health,self_rated_health_mediocre_or_worse_pct,Terveytensä keskitasoiseksi tai huonommaksi kokevat,outcome,2020,MK05,Kanta-Häme,region,39.7,PERCENT,lower_is_better,thl_sotkanet_indicator_4333,https://sotkanet.fi/sotkanet/fi/metadata/indicators/4333,false,2026-08-15
health,self_rated_health_mediocre_or_worse_pct,Terveytensä keskitasoiseksi tai huonommaksi kokevat,outcome,2022,MK05,Kanta-Häme,region,40.6,PERCENT,lower_is_better,thl_sotkanet_indicator_4333,https://sotkanet.fi/sotkanet/fi/metadata/indicators/4333,false,2026-08-15
health,self_rated_health_mediocre_or_worse_pct,Terveytensä keskitasoiseksi tai huonommaksi kokevat,outcome,2024,MK05,Kanta-Häme,region,36.8,PERCENT,lower_is_better,thl_sotkanet_indicator_4333,https://sotkanet.fi/sotkanet/fi/metadata/indicators/4333,false,2026-08-15
health,self_rated_health_mediocre_or_worse_pct,Terveytensä keskitasoiseksi tai huonommaksi kokevat,outcome,2018,MK06,Pirkanmaa,region,33.8,PERCENT,lower_is_better,thl_sotkanet_indicator_4333,https://sotkanet.fi/sotkanet/fi/metadata/indicators/4333,false,2026-08-15
health,self_rated_health_mediocre_or_worse_pct,Terveytensä keskitasoiseksi tai huonommaksi kokevat,outcome,2020,MK06,Pirkanmaa,region,40.3,PERCENT,lower_is_better,thl_sotkanet_indicator_4333,https://sotkanet.fi/sotkanet/fi/metadata/indicators/4333,false,2026-08-15
health,self_rated_health_mediocre_or_worse_pct,Terveytensä keskitasoiseksi tai huonommaksi kokevat,outcome,2022,MK06,Pirkanmaa,region,36.3,PERCENT,lower_is_better,thl_sotkanet_indicator_4333,https://sotkanet.fi/sotkanet/fi/metadata/indicators/4333,false,2026-08-15
health,self_rated_health_mediocre_or_worse_pct,Terveytensä keskitasoiseksi tai huonommaksi kokevat,outcome,2024,MK06,Pirkanmaa,region,39.2,PERCENT,lower_is_better,thl_sotkanet_indicator_4333,https://sotkanet.fi/sotkanet/fi/metadata/indicators/4333,false,2026-08-15
health,self_rated_health_mediocre_or_worse_pct,Terveytensä keskitasoiseksi tai huonommaksi kokevat,outcome,2018,MK07,Päijät-Häme,region,35.6,PERCENT,lower_is_better,thl_sotkanet_indicator_4333,https://sotkanet.fi/sotkanet/fi/metadata/indicators/4333,false,2026-08-15
health,self_rated_health_mediocre_or_worse_pct,Terveytensä keskitasoiseksi tai huonommaksi kokevat,outcome,2020,MK07,Päijät-Häme,region,39.7,PERCENT,lower_is_better,thl_sotkanet_indicator_4333,https://sotkanet.fi/sotkanet/fi/metadata/indicators/4333,false,2026-08-15
health,self_rated_health_mediocre_or_worse_pct,Terveytensä keskitasoiseksi tai huonommaksi kokevat,outcome,2022,MK07,Päijät-Häme,region,39.6,PERCENT,lower_is_better,thl_sotkanet_indicator_4333,https://sotkanet.fi/sotkanet/fi/metadata/indicators/4333,false,2026-08-15
health,self_rated_health_mediocre_or_worse_pct,Terveytensä keskitasoiseksi tai huonommaksi kokevat,outcome,2024,MK07,Päijät-Häme,region,39.0,PERCENT,lower_is_better,thl_sotkanet_indicator_4333,https://sotkanet.fi/sotkanet/fi/metadata/indicators/4333,false,2026-08-15
health,self_rated_health_mediocre_or_worse_pct,Terveytensä keskitasoiseksi tai huonommaksi kokevat,outcome,2018,MK08,Kymenlaakso,region,38.0,PERCENT,lower_is_better,thl_sotkanet_indicator_4333,https://sotkanet.fi/sotkanet/fi/metadata/indicators/4333,false,2026-08-15
health,self_rated_health_mediocre_or_worse_pct,Terveytensä keskitasoiseksi tai huonommaksi kokevat,outcome,2020,MK08,Kymenlaakso,region,43.9,PERCENT,lower_is_better,thl_sotkanet_indicator_4333,https://sotkanet.fi/sotkanet/fi/metadata/indicators/4333,false,2026-08-15
health,self_rated_health_mediocre_or_worse_pct,Terveytensä keskitasoiseksi tai huonommaksi kokevat,outcome,2022,MK08,Kymenlaakso,region,43.4,PERCENT,lower_is_better,thl_sotkanet_indicator_4333,https://sotkanet.fi/sotkanet/fi/metadata/indicators/4333,false,2026-08-15
health,self_rated_health_mediocre_or_worse_pct,Terveytensä keskitasoiseksi tai huonommaksi kokevat,outcome,2024,MK08,Kymenlaakso,region,42.3,PERCENT,lower_is_better,thl_sotkanet_indicator_4333,https://sotkanet.fi/sotkanet/fi/metadata/indicators/4333,false,2026-08-15
health,self_rated_health_mediocre_or_worse_pct,Terveytensä keskitasoiseksi tai huonommaksi kokevat,outcome,2018,MK09,Etelä-Karjala,region,37.4,PERCENT,lower_is_better,thl_sotkanet_indicator_4333,https://sotkanet.fi/sotkanet/fi/metadata/indicators/4333,false,2026-08-15
health,self_rated_health_mediocre_or_worse_pct,Terveytensä keskitasoiseksi tai huonommaksi kokevat,outcome,2020,MK09,Etelä-Karjala,region,38.2,PERCENT,lower_is_better,thl_sotkanet_indicator_4333,https://sotkanet.fi/sotkanet/fi/metadata/indicators/4333,false,2026-08-15
health,self_rated_health_mediocre_or_worse_pct,Terveytensä keskitasoiseksi tai huonommaksi kokevat,outcome,2022,MK09,Etelä-Karjala,region,38.4,PERCENT,lower_is_better,thl_sotkanet_indicator_4333,https://sotkanet.fi/sotkanet/fi/metadata/indicators/4333,false,2026-08-15
health,self_rated_health_mediocre_or_worse_pct,Terveytensä keskitasoiseksi tai huonommaksi kokevat,outcome,2024,MK09,Etelä-Karjala,region,34.7,PERCENT,lower_is_better,thl_sotkanet_indicator_4333,https://sotkanet.fi/sotkanet/fi/metadata/indicators/4333,false,2026-08-15
health,self_rated_health_mediocre_or_worse_pct,Terveytensä keskitasoiseksi tai huonommaksi kokevat,outcome,2018,MK10,Etelä-Savo,region,38.0,PERCENT,lower_is_better,thl_sotkanet_indicator_4333,https://sotkanet.fi/sotkanet/fi/metadata/indicators/4333,false,2026-08-15
health,self_rated_health_mediocre_or_worse_pct,Terveytensä keskitasoiseksi tai huonommaksi kokevat,outcome,2020,MK10,Etelä-Savo,region,40.1,PERCENT,lower_is_better,thl_sotkanet_indicator_4333,https://sotkanet.fi/sotkanet/fi/metadata/indicators/4333,false,2026-08-15
health,self_rated_health_mediocre_or_worse_pct,Terveytensä keskitasoiseksi tai huonommaksi kokevat,outcome,2022,MK10,Etelä-Savo,region,39.9,PERCENT,lower_is_better,thl_sotkanet_indicator_4333,https://sotkanet.fi/sotkanet/fi/metadata/indicators/4333,false,2026-08-15
health,self_rated_health_mediocre_or_worse_pct,Terveytensä keskitasoiseksi tai huonommaksi kokevat,outcome,2024,MK10,Etelä-Savo,region,41.2,PERCENT,lower_is_better,thl_sotkanet_indicator_4333,https://sotkanet.fi/sotkanet/fi/metadata/indicators/4333,false,2026-08-15
health,self_rated_health_mediocre_or_worse_pct,Terveytensä keskitasoiseksi tai huonommaksi kokevat,outcome,2018,MK11,Pohjois-Savo,region,35.9,PERCENT,lower_is_better,thl_sotkanet_indicator_4333,https://sotkanet.fi/sotkanet/fi/metadata/indicators/4333,false,2026-08-15
health,self_rated_health_mediocre_or_worse_pct,Terveytensä keskitasoiseksi tai huonommaksi kokevat,outcome,2020,MK11,Pohjois-Savo,region,39.7,PERCENT,lower_is_better,thl_sotkanet_indicator_4333,https://sotkanet.fi/sotkanet/fi/metadata/indicators/4333,false,2026-08-15
health,self_rated_health_mediocre_or_worse_pct,Terveytensä keskitasoiseksi tai huonommaksi kokevat,outcome,2022,MK11,Pohjois-Savo,region,41.7,PERCENT,lower_is_better,thl_sotkanet_indicator_4333,https://sotkanet.fi/sotkanet/fi/metadata/indicators/4333,false,2026-08-15
health,self_rated_health_mediocre_or_worse_pct,Terveytensä keskitasoiseksi tai huonommaksi kokevat,outcome,2024,MK11,Pohjois-Savo,region,43.0,PERCENT,lower_is_better,thl_sotkanet_indicator_4333,https://sotkanet.fi/sotkanet/fi/metadata/indicators/4333,false,2026-08-15
health,self_rated_health_mediocre_or_worse_pct,Terveytensä keskitasoiseksi tai huonommaksi kokevat,outcome,2018,MK12,Pohjois-Karjala,region,38.6,PERCENT,lower_is_better,thl_sotkanet_indicator_4333,https://sotkanet.fi/sotkanet/fi/metadata/indicators/4333,false,2026-08-15
health,self_rated_health_mediocre_or_worse_pct,Terveytensä keskitasoiseksi tai huonommaksi kokevat,outcome,2020,MK12,Pohjois-Karjala,region,41.4,PERCENT,lower_is_better,thl_sotkanet_indicator_4333,https://sotkanet.fi/sotkanet/fi/metadata/indicators/4333,false,2026-08-15
health,self_rated_health_mediocre_or_worse_pct,Terveytensä keskitasoiseksi tai huonommaksi kokevat,outcome,2022,MK12,Pohjois-Karjala,region,40.4,PERCENT,lower_is_better,thl_sotkanet_indicator_4333,https://sotkanet.fi/sotkanet/fi/metadata/indicators/4333,false,2026-08-15
health,self_rated_health_mediocre_or_worse_pct,Terveytensä keskitasoiseksi tai huonommaksi kokevat,outcome,2024,MK12,Pohjois-Karjala,region,40.7,PERCENT,lower_is_better,thl_sotkanet_indicator_4333,https://sotkanet.fi/sotkanet/fi/metadata/indicators/4333,false,2026-08-15
health,self_rated_health_mediocre_or_worse_pct,Terveytensä keskitasoiseksi tai huonommaksi kokevat,outcome,2018,MK13,Keski-Suomi,region,34.3,PERCENT,lower_is_better,thl_sotkanet_indicator_4333,https://sotkanet.fi/sotkanet/fi/metadata/indicators/4333,false,2026-08-15
health,self_rated_health_mediocre_or_worse_pct,Terveytensä keskitasoiseksi tai huonommaksi kokevat,outcome,2020,MK13,Keski-Suomi,region,37.7,PERCENT,lower_is_better,thl_sotkanet_indicator_4333,https://sotkanet.fi/sotkanet/fi/metadata/indicators/4333,false,2026-08-15
health,self_rated_health_mediocre_or_worse_pct,Terveytensä keskitasoiseksi tai huonommaksi kokevat,outcome,2022,MK13,Keski-Suomi,region,38.3,PERCENT,lower_is_better,thl_sotkanet_indicator_4333,https://sotkanet.fi/sotkanet/fi/metadata/indicators/4333,false,2026-08-15
health,self_rated_health_mediocre_or_worse_pct,Terveytensä keskitasoiseksi tai huonommaksi kokevat,outcome,2024,MK13,Keski-Suomi,region,39.7,PERCENT,lower_is_better,thl_sotkanet_indicator_4333,https://sotkanet.fi/sotkanet/fi/metadata/indicators/4333,false,2026-08-15
health,self_rated_health_mediocre_or_worse_pct,Terveytensä keskitasoiseksi tai huonommaksi kokevat,outcome,2018,MK14,Etelä-Pohjanmaa,region,35.7,PERCENT,lower_is_better,thl_sotkanet_indicator_4333,https://sotkanet.fi/sotkanet/fi/metadata/indicators/4333,false,2026-08-15
health,self_rated_health_mediocre_or_worse_pct,Terveytensä keskitasoiseksi tai huonommaksi kokevat,outcome,2020,MK14,Etelä-Pohjanmaa,region,40.6,PERCENT,lower_is_better,thl_sotkanet_indicator_4333,https://sotkanet.fi/sotkanet/fi/metadata/indicators/4333,false,2026-08-15
health,self_rated_health_mediocre_or_worse_pct,Terveytensä keskitasoiseksi tai huonommaksi kokevat,outcome,2022,MK14,Etelä-Pohjanmaa,region,40.1,PERCENT,lower_is_better,thl_sotkanet_indicator_4333,https://sotkanet.fi/sotkanet/fi/metadata/indicators/4333,false,2026-08-15
health,self_rated_health_mediocre_or_worse_pct,Terveytensä keskitasoiseksi tai huonommaksi kokevat,outcome,2024,MK14,Etelä-Pohjanmaa,region,36.5,PERCENT,lower_is_better,thl_sotkanet_indicator_4333,https://sotkanet.fi/sotkanet/fi/metadata/indicators/4333,false,2026-08-15
health,self_rated_health_mediocre_or_worse_pct,Terveytensä keskitasoiseksi tai huonommaksi kokevat,outcome,2018,MK15,Pohjanmaa,region,29.9,PERCENT,lower_is_better,thl_sotkanet_indicator_4333,https://sotkanet.fi/sotkanet/fi/metadata/indicators/4333,false,2026-08-15
health,self_rated_health_mediocre_or_worse_pct,Terveytensä keskitasoiseksi tai huonommaksi kokevat,outcome,2020,MK15,Pohjanmaa,region,34.0,PERCENT,lower_is_better,thl_sotkanet_indicator_4333,https://sotkanet.fi/sotkanet/fi/metadata/indicators/4333,false,2026-08-15
health,self_rated_health_mediocre_or_worse_pct,Terveytensä keskitasoiseksi tai huonommaksi kokevat,outcome,2022,MK15,Pohjanmaa,region,36.1,PERCENT,lower_is_better,thl_sotkanet_indicator_4333,https://sotkanet.fi/sotkanet/fi/metadata/indicators/4333,false,2026-08-15
health,self_rated_health_mediocre_or_worse_pct,Terveytensä keskitasoiseksi tai huonommaksi kokevat,outcome,2024,MK15,Pohjanmaa,region,34.4,PERCENT,lower_is_better,thl_sotkanet_indicator_4333,https://sotkanet.fi/sotkanet/fi/metadata/indicators/4333,false,2026-08-15
health,self_rated_health_mediocre_or_worse_pct,Terveytensä keskitasoiseksi tai huonommaksi kokevat,outcome,2018,MK16,Keski-Pohjanmaa,region,35.2,PERCENT,lower_is_better,thl_sotkanet_indicator_4333,https://sotkanet.fi/sotkanet/fi/metadata/indicators/4333,false,2026-08-15
health,self_rated_health_mediocre_or_worse_pct,Terveytensä keskitasoiseksi tai huonommaksi kokevat,outcome,2020,MK16,Keski-Pohjanmaa,region,37.4,PERCENT,lower_is_better,thl_sotkanet_indicator_4333,https://sotkanet.fi/sotkanet/fi/metadata/indicators/4333,false,2026-08-15
health,self_rated_health_mediocre_or_worse_pct,Terveytensä keskitasoiseksi tai huonommaksi kokevat,outcome,2022,MK16,Keski-Pohjanmaa,region,38.3,PERCENT,lower_is_better,thl_sotkanet_indicator_4333,https://sotkanet.fi/sotkanet/fi/metadata/indicators/4333,false,2026-08-15
health,self_rated_health_mediocre_or_worse_pct,Terveytensä keskitasoiseksi tai huonommaksi kokevat,outcome,2024,MK16,Keski-Pohjanmaa,region,39.1,PERCENT,lower_is_better,thl_sotkanet_indicator_4333,https://sotkanet.fi/sotkanet/fi/metadata/indicators/4333,false,2026-08-15
health,self_rated_health_mediocre_or_worse_pct,Terveytensä keskitasoiseksi tai huonommaksi kokevat,outcome,2018,MK17,Pohjois-Pohjanmaa,region,33.1,PERCENT,lower_is_better,thl_sotkanet_indicator_4333,https://sotkanet.fi/sotkanet/fi/metadata/indicators/4333,false,2026-08-15
health,self_rated_health_mediocre_or_worse_pct,Terveytensä keskitasoiseksi tai huonommaksi kokevat,outcome,2020,MK17,Pohjois-Pohjanmaa,region,36.2,PERCENT,lower_is_better,thl_sotkanet_indicator_4333,https://sotkanet.fi/sotkanet/fi/metadata/indicators/4333,false,2026-08-15
health,self_rated_health_mediocre_or_worse_pct,Terveytensä keskitasoiseksi tai huonommaksi kokevat,outcome,2022,MK17,Pohjois-Pohjanmaa,region,36.1,PERCENT,lower_is_better,thl_sotkanet_indicator_4333,https://sotkanet.fi/sotkanet/fi/metadata/indicators/4333,false,2026-08-15
health,self_rated_health_mediocre_or_worse_pct,Terveytensä keskitasoiseksi tai huonommaksi kokevat,outcome,2024,MK17,Pohjois-Pohjanmaa,region,38.0,PERCENT,lower_is_better,thl_sotkanet_indicator_4333,https://sotkanet.fi/sotkanet/fi/metadata/indicators/4333,false,2026-08-15
health,self_rated_health_mediocre_or_worse_pct,Terveytensä keskitasoiseksi tai huonommaksi kokevat,outcome,2018,MK18,Kainuu,region,38.3,PERCENT,lower_is_better,thl_sotkanet_indicator_4333,https://sotkanet.fi/sotkanet/fi/metadata/indicators/4333,false,2026-08-15
health,self_rated_health_mediocre_or_worse_pct,Terveytensä keskitasoiseksi tai huonommaksi kokevat,outcome,2020,MK18,Kainuu,region,41.6,PERCENT,lower_is_better,thl_sotkanet_indicator_4333,https://sotkanet.fi/sotkanet/fi/metadata/indicators/4333,false,2026-08-15
health,self_rated_health_mediocre_or_worse_pct,Terveytensä keskitasoiseksi tai huonommaksi kokevat,outcome,2022,MK18,Kainuu,region,42.9,PERCENT,lower_is_better,thl_sotkanet_indicator_4333,https://sotkanet.fi/sotkanet/fi/metadata/indicators/4333,false,2026-08-15
health,self_rated_health_mediocre_or_worse_pct,Terveytensä keskitasoiseksi tai huonommaksi kokevat,outcome,2024,MK18,Kainuu,region,42.3,PERCENT,lower_is_better,thl_sotkanet_indicator_4333,https://sotkanet.fi/sotkanet/fi/metadata/indicators/4333,false,2026-08-15
health,self_rated_health_mediocre_or_worse_pct,Terveytensä keskitasoiseksi tai huonommaksi kokevat,outcome,2018,MK19,Lappi,region,35.1,PERCENT,lower_is_better,thl_sotkanet_indicator_4333,https://sotkanet.fi/sotkanet/fi/metadata/indicators/4333,false,2026-08-15
health,self_rated_health_mediocre_or_worse_pct,Terveytensä keskitasoiseksi tai huonommaksi kokevat,outcome,2020,MK19,Lappi,region,35.1,PERCENT,lower_is_better,thl_sotkanet_indicator_4333,https://sotkanet.fi/sotkanet/fi/metadata/indicators/4333,false,2026-08-15
health,self_rated_health_mediocre_or_worse_pct,Terveytensä keskitasoiseksi tai huonommaksi kokevat,outcome,2022,MK19,Lappi,region,38.9,PERCENT,lower_is_better,thl_sotkanet_indicator_4333,https://sotkanet.fi/sotkanet/fi/metadata/indicators/4333,false,2026-08-15
health,self_rated_health_mediocre_or_worse_pct,Terveytensä keskitasoiseksi tai huonommaksi kokevat,outcome,2024,MK19,Lappi,region,38.6,PERCENT,lower_is_better,thl_sotkanet_indicator_4333,https://sotkanet.fi/sotkanet/fi/metadata/indicators/4333,false,2026-08-15
health,self_rated_health_mediocre_or_worse_pct,Terveytensä keskitasoiseksi tai huonommaksi kokevat,outcome,2022,MK21,Ahvenanmaa,region,34.3,PERCENT,lower_is_better,thl_sotkanet_indicator_4333,https://sotkanet.fi/sotkanet/fi/metadata/indicators/4333,false,2026-08-15
health,self_rated_health_mediocre_or_worse_pct,Terveytensä keskitasoiseksi tai huonommaksi kokevat,outcome,2024,MK21,Ahvenanmaa,region,34.4,PERCENT,lower_is_better,thl_sotkanet_indicator_4333,https://sotkanet.fi/sotkanet/fi/metadata/indicators/4333,false,2026-08-15
