metric_id,metric_name_fi,dimension,year,region_code,region_name_fi,region_type,value,absolute_value,unit,direction,source_indicator_id,source_id,source_url,vintage_date
avoidable_emergency_hospitalizations_per_100000,Avohoidon keinoin vältettävissä olevat päivystykselliset sairaalahoitojaksot,whole_chain_outcome_guardrail,2020,FI,Koko maa,country,1446.0,,PER_100000_RESIDENTS_AGE_25_PLUS,lower_is_better,5587,thl_sotkanet_indicator_5587,https://sotkanet.fi/sotkanet/fi/metadata/indicators/5587,2026-08-18
avoidable_emergency_hospitalizations_per_100000,Avohoidon keinoin vältettävissä olevat päivystykselliset sairaalahoitojaksot,whole_chain_outcome_guardrail,2021,FI,Koko maa,country,1297.0,,PER_100000_RESIDENTS_AGE_25_PLUS,lower_is_better,5587,thl_sotkanet_indicator_5587,https://sotkanet.fi/sotkanet/fi/metadata/indicators/5587,2026-08-18
avoidable_emergency_hospitalizations_per_100000,Avohoidon keinoin vältettävissä olevat päivystykselliset sairaalahoitojaksot,whole_chain_outcome_guardrail,2022,FI,Koko maa,country,1129.0,,PER_100000_RESIDENTS_AGE_25_PLUS,lower_is_better,5587,thl_sotkanet_indicator_5587,https://sotkanet.fi/sotkanet/fi/metadata/indicators/5587,2026-08-18
avoidable_emergency_hospitalizations_per_100000,Avohoidon keinoin vältettävissä olevat päivystykselliset sairaalahoitojaksot,whole_chain_outcome_guardrail,2023,FI,Koko maa,country,1081.0,,PER_100000_RESIDENTS_AGE_25_PLUS,lower_is_better,5587,thl_sotkanet_indicator_5587,https://sotkanet.fi/sotkanet/fi/metadata/indicators/5587,2026-08-18
avoidable_emergency_hospitalizations_per_100000,Avohoidon keinoin vältettävissä olevat päivystykselliset sairaalahoitojaksot,whole_chain_outcome_guardrail,2024,FI,Koko maa,country,1045.0,,PER_100000_RESIDENTS_AGE_25_PLUS,lower_is_better,5587,thl_sotkanet_indicator_5587,https://sotkanet.fi/sotkanet/fi/metadata/indicators/5587,2026-08-18
avoidable_emergency_hospitalizations_per_100000,Avohoidon keinoin vältettävissä olevat päivystykselliset sairaalahoitojaksot,whole_chain_outcome_guardrail,2025,FI,Koko maa,country,1050.0,,PER_100000_RESIDENTS_AGE_25_PLUS,lower_is_better,5587,thl_sotkanet_indicator_5587,https://sotkanet.fi/sotkanet/fi/metadata/indicators/5587,2026-08-18
avoidable_emergency_hospitalizations_per_100000,Avohoidon keinoin vältettävissä olevat päivystykselliset sairaalahoitojaksot,whole_chain_outcome_guardrail,2020,HVA-01,Itä-Uudenmaan hyvinvointialue,wellbeing_area,1708.0,,PER_100000_RESIDENTS_AGE_25_PLUS,lower_is_better,5587,thl_sotkanet_indicator_5587,https://sotkanet.fi/sotkanet/fi/metadata/indicators/5587,2026-08-18
avoidable_emergency_hospitalizations_per_100000,Avohoidon keinoin vältettävissä olevat päivystykselliset sairaalahoitojaksot,whole_chain_outcome_guardrail,2021,HVA-01,Itä-Uudenmaan hyvinvointialue,wellbeing_area,1490.0,,PER_100000_RESIDENTS_AGE_25_PLUS,lower_is_better,5587,thl_sotkanet_indicator_5587,https://sotkanet.fi/sotkanet/fi/metadata/indicators/5587,2026-08-18
avoidable_emergency_hospitalizations_per_100000,Avohoidon keinoin vältettävissä olevat päivystykselliset sairaalahoitojaksot,whole_chain_outcome_guardrail,2022,HVA-01,Itä-Uudenmaan hyvinvointialue,wellbeing_area,1242.0,,PER_100000_RESIDENTS_AGE_25_PLUS,lower_is_better,5587,thl_sotkanet_indicator_5587,https://sotkanet.fi/sotkanet/fi/metadata/indicators/5587,2026-08-18
avoidable_emergency_hospitalizations_per_100000,Avohoidon keinoin vältettävissä olevat päivystykselliset sairaalahoitojaksot,whole_chain_outcome_guardrail,2023,HVA-01,Itä-Uudenmaan hyvinvointialue,wellbeing_area,970.0,,PER_100000_RESIDENTS_AGE_25_PLUS,lower_is_better,5587,thl_sotkanet_indicator_5587,https://sotkanet.fi/sotkanet/fi/metadata/indicators/5587,2026-08-18
avoidable_emergency_hospitalizations_per_100000,Avohoidon keinoin vältettävissä olevat päivystykselliset sairaalahoitojaksot,whole_chain_outcome_guardrail,2024,HVA-01,Itä-Uudenmaan hyvinvointialue,wellbeing_area,825.0,,PER_100000_RESIDENTS_AGE_25_PLUS,lower_is_better,5587,thl_sotkanet_indicator_5587,https://sotkanet.fi/sotkanet/fi/metadata/indicators/5587,2026-08-18
avoidable_emergency_hospitalizations_per_100000,Avohoidon keinoin vältettävissä olevat päivystykselliset sairaalahoitojaksot,whole_chain_outcome_guardrail,2025,HVA-01,Itä-Uudenmaan hyvinvointialue,wellbeing_area,826.0,,PER_100000_RESIDENTS_AGE_25_PLUS,lower_is_better,5587,thl_sotkanet_indicator_5587,https://sotkanet.fi/sotkanet/fi/metadata/indicators/5587,2026-08-18
avoidable_emergency_hospitalizations_per_100000,Avohoidon keinoin vältettävissä olevat päivystykselliset sairaalahoitojaksot,whole_chain_outcome_guardrail,2020,HVA-02,Keski-Uudenmaan hyvinvointialue,wellbeing_area,1407.0,,PER_100000_RESIDENTS_AGE_25_PLUS,lower_is_better,5587,thl_sotkanet_indicator_5587,https://sotkanet.fi/sotkanet/fi/metadata/indicators/5587,2026-08-18
avoidable_emergency_hospitalizations_per_100000,Avohoidon keinoin vältettävissä olevat päivystykselliset sairaalahoitojaksot,whole_chain_outcome_guardrail,2021,HVA-02,Keski-Uudenmaan hyvinvointialue,wellbeing_area,1227.0,,PER_100000_RESIDENTS_AGE_25_PLUS,lower_is_better,5587,thl_sotkanet_indicator_5587,https://sotkanet.fi/sotkanet/fi/metadata/indicators/5587,2026-08-18
avoidable_emergency_hospitalizations_per_100000,Avohoidon keinoin vältettävissä olevat päivystykselliset sairaalahoitojaksot,whole_chain_outcome_guardrail,2022,HVA-02,Keski-Uudenmaan hyvinvointialue,wellbeing_area,988.0,,PER_100000_RESIDENTS_AGE_25_PLUS,lower_is_better,5587,thl_sotkanet_indicator_5587,https://sotkanet.fi/sotkanet/fi/metadata/indicators/5587,2026-08-18
avoidable_emergency_hospitalizations_per_100000,Avohoidon keinoin vältettävissä olevat päivystykselliset sairaalahoitojaksot,whole_chain_outcome_guardrail,2023,HVA-02,Keski-Uudenmaan hyvinvointialue,wellbeing_area,835.0,,PER_100000_RESIDENTS_AGE_25_PLUS,lower_is_better,5587,thl_sotkanet_indicator_5587,https://sotkanet.fi/sotkanet/fi/metadata/indicators/5587,2026-08-18
avoidable_emergency_hospitalizations_per_100000,Avohoidon keinoin vältettävissä olevat päivystykselliset sairaalahoitojaksot,whole_chain_outcome_guardrail,2024,HVA-02,Keski-Uudenmaan hyvinvointialue,wellbeing_area,679.0,,PER_100000_RESIDENTS_AGE_25_PLUS,lower_is_better,5587,thl_sotkanet_indicator_5587,https://sotkanet.fi/sotkanet/fi/metadata/indicators/5587,2026-08-18
avoidable_emergency_hospitalizations_per_100000,Avohoidon keinoin vältettävissä olevat päivystykselliset sairaalahoitojaksot,whole_chain_outcome_guardrail,2025,HVA-02,Keski-Uudenmaan hyvinvointialue,wellbeing_area,680.0,,PER_100000_RESIDENTS_AGE_25_PLUS,lower_is_better,5587,thl_sotkanet_indicator_5587,https://sotkanet.fi/sotkanet/fi/metadata/indicators/5587,2026-08-18
avoidable_emergency_hospitalizations_per_100000,Avohoidon keinoin vältettävissä olevat päivystykselliset sairaalahoitojaksot,whole_chain_outcome_guardrail,2020,HVA-03,Länsi-Uudenmaan hyvinvointialue,wellbeing_area,1249.0,,PER_100000_RESIDENTS_AGE_25_PLUS,lower_is_better,5587,thl_sotkanet_indicator_5587,https://sotkanet.fi/sotkanet/fi/metadata/indicators/5587,2026-08-18
avoidable_emergency_hospitalizations_per_100000,Avohoidon keinoin vältettävissä olevat päivystykselliset sairaalahoitojaksot,whole_chain_outcome_guardrail,2021,HVA-03,Länsi-Uudenmaan hyvinvointialue,wellbeing_area,1069.0,,PER_100000_RESIDENTS_AGE_25_PLUS,lower_is_better,5587,thl_sotkanet_indicator_5587,https://sotkanet.fi/sotkanet/fi/metadata/indicators/5587,2026-08-18
avoidable_emergency_hospitalizations_per_100000,Avohoidon keinoin vältettävissä olevat päivystykselliset sairaalahoitojaksot,whole_chain_outcome_guardrail,2022,HVA-03,Länsi-Uudenmaan hyvinvointialue,wellbeing_area,858.0,,PER_100000_RESIDENTS_AGE_25_PLUS,lower_is_better,5587,thl_sotkanet_indicator_5587,https://sotkanet.fi/sotkanet/fi/metadata/indicators/5587,2026-08-18
avoidable_emergency_hospitalizations_per_100000,Avohoidon keinoin vältettävissä olevat päivystykselliset sairaalahoitojaksot,whole_chain_outcome_guardrail,2023,HVA-03,Länsi-Uudenmaan hyvinvointialue,wellbeing_area,811.0,,PER_100000_RESIDENTS_AGE_25_PLUS,lower_is_better,5587,thl_sotkanet_indicator_5587,https://sotkanet.fi/sotkanet/fi/metadata/indicators/5587,2026-08-18
avoidable_emergency_hospitalizations_per_100000,Avohoidon keinoin vältettävissä olevat päivystykselliset sairaalahoitojaksot,whole_chain_outcome_guardrail,2024,HVA-03,Länsi-Uudenmaan hyvinvointialue,wellbeing_area,739.0,,PER_100000_RESIDENTS_AGE_25_PLUS,lower_is_better,5587,thl_sotkanet_indicator_5587,https://sotkanet.fi/sotkanet/fi/metadata/indicators/5587,2026-08-18
avoidable_emergency_hospitalizations_per_100000,Avohoidon keinoin vältettävissä olevat päivystykselliset sairaalahoitojaksot,whole_chain_outcome_guardrail,2025,HVA-03,Länsi-Uudenmaan hyvinvointialue,wellbeing_area,751.0,,PER_100000_RESIDENTS_AGE_25_PLUS,lower_is_better,5587,thl_sotkanet_indicator_5587,https://sotkanet.fi/sotkanet/fi/metadata/indicators/5587,2026-08-18
avoidable_emergency_hospitalizations_per_100000,Avohoidon keinoin vältettävissä olevat päivystykselliset sairaalahoitojaksot,whole_chain_outcome_guardrail,2020,HVA-04,Vantaan ja Keravan hyvinvointialue,wellbeing_area,1479.0,,PER_100000_RESIDENTS_AGE_25_PLUS,lower_is_better,5587,thl_sotkanet_indicator_5587,https://sotkanet.fi/sotkanet/fi/metadata/indicators/5587,2026-08-18
avoidable_emergency_hospitalizations_per_100000,Avohoidon keinoin vältettävissä olevat päivystykselliset sairaalahoitojaksot,whole_chain_outcome_guardrail,2021,HVA-04,Vantaan ja Keravan hyvinvointialue,wellbeing_area,1309.0,,PER_100000_RESIDENTS_AGE_25_PLUS,lower_is_better,5587,thl_sotkanet_indicator_5587,https://sotkanet.fi/sotkanet/fi/metadata/indicators/5587,2026-08-18
avoidable_emergency_hospitalizations_per_100000,Avohoidon keinoin vältettävissä olevat päivystykselliset sairaalahoitojaksot,whole_chain_outcome_guardrail,2022,HVA-04,Vantaan ja Keravan hyvinvointialue,wellbeing_area,1089.0,,PER_100000_RESIDENTS_AGE_25_PLUS,lower_is_better,5587,thl_sotkanet_indicator_5587,https://sotkanet.fi/sotkanet/fi/metadata/indicators/5587,2026-08-18
avoidable_emergency_hospitalizations_per_100000,Avohoidon keinoin vältettävissä olevat päivystykselliset sairaalahoitojaksot,whole_chain_outcome_guardrail,2023,HVA-04,Vantaan ja Keravan hyvinvointialue,wellbeing_area,958.0,,PER_100000_RESIDENTS_AGE_25_PLUS,lower_is_better,5587,thl_sotkanet_indicator_5587,https://sotkanet.fi/sotkanet/fi/metadata/indicators/5587,2026-08-18
avoidable_emergency_hospitalizations_per_100000,Avohoidon keinoin vältettävissä olevat päivystykselliset sairaalahoitojaksot,whole_chain_outcome_guardrail,2024,HVA-04,Vantaan ja Keravan hyvinvointialue,wellbeing_area,847.0,,PER_100000_RESIDENTS_AGE_25_PLUS,lower_is_better,5587,thl_sotkanet_indicator_5587,https://sotkanet.fi/sotkanet/fi/metadata/indicators/5587,2026-08-18
avoidable_emergency_hospitalizations_per_100000,Avohoidon keinoin vältettävissä olevat päivystykselliset sairaalahoitojaksot,whole_chain_outcome_guardrail,2025,HVA-04,Vantaan ja Keravan hyvinvointialue,wellbeing_area,855.0,,PER_100000_RESIDENTS_AGE_25_PLUS,lower_is_better,5587,thl_sotkanet_indicator_5587,https://sotkanet.fi/sotkanet/fi/metadata/indicators/5587,2026-08-18
avoidable_emergency_hospitalizations_per_100000,Avohoidon keinoin vältettävissä olevat päivystykselliset sairaalahoitojaksot,whole_chain_outcome_guardrail,2020,HVA-05,Varsinais-Suomen hyvinvointialue,wellbeing_area,1143.0,,PER_100000_RESIDENTS_AGE_25_PLUS,lower_is_better,5587,thl_sotkanet_indicator_5587,https://sotkanet.fi/sotkanet/fi/metadata/indicators/5587,2026-08-18
avoidable_emergency_hospitalizations_per_100000,Avohoidon keinoin vältettävissä olevat päivystykselliset sairaalahoitojaksot,whole_chain_outcome_guardrail,2021,HVA-05,Varsinais-Suomen hyvinvointialue,wellbeing_area,972.0,,PER_100000_RESIDENTS_AGE_25_PLUS,lower_is_better,5587,thl_sotkanet_indicator_5587,https://sotkanet.fi/sotkanet/fi/metadata/indicators/5587,2026-08-18
avoidable_emergency_hospitalizations_per_100000,Avohoidon keinoin vältettävissä olevat päivystykselliset sairaalahoitojaksot,whole_chain_outcome_guardrail,2022,HVA-05,Varsinais-Suomen hyvinvointialue,wellbeing_area,852.0,,PER_100000_RESIDENTS_AGE_25_PLUS,lower_is_better,5587,thl_sotkanet_indicator_5587,https://sotkanet.fi/sotkanet/fi/metadata/indicators/5587,2026-08-18
avoidable_emergency_hospitalizations_per_100000,Avohoidon keinoin vältettävissä olevat päivystykselliset sairaalahoitojaksot,whole_chain_outcome_guardrail,2023,HVA-05,Varsinais-Suomen hyvinvointialue,wellbeing_area,785.0,,PER_100000_RESIDENTS_AGE_25_PLUS,lower_is_better,5587,thl_sotkanet_indicator_5587,https://sotkanet.fi/sotkanet/fi/metadata/indicators/5587,2026-08-18
avoidable_emergency_hospitalizations_per_100000,Avohoidon keinoin vältettävissä olevat päivystykselliset sairaalahoitojaksot,whole_chain_outcome_guardrail,2024,HVA-05,Varsinais-Suomen hyvinvointialue,wellbeing_area,745.0,,PER_100000_RESIDENTS_AGE_25_PLUS,lower_is_better,5587,thl_sotkanet_indicator_5587,https://sotkanet.fi/sotkanet/fi/metadata/indicators/5587,2026-08-18
avoidable_emergency_hospitalizations_per_100000,Avohoidon keinoin vältettävissä olevat päivystykselliset sairaalahoitojaksot,whole_chain_outcome_guardrail,2025,HVA-05,Varsinais-Suomen hyvinvointialue,wellbeing_area,761.0,,PER_100000_RESIDENTS_AGE_25_PLUS,lower_is_better,5587,thl_sotkanet_indicator_5587,https://sotkanet.fi/sotkanet/fi/metadata/indicators/5587,2026-08-18
avoidable_emergency_hospitalizations_per_100000,Avohoidon keinoin vältettävissä olevat päivystykselliset sairaalahoitojaksot,whole_chain_outcome_guardrail,2020,HVA-06,Satakunnan hyvinvointialue,wellbeing_area,1558.0,,PER_100000_RESIDENTS_AGE_25_PLUS,lower_is_better,5587,thl_sotkanet_indicator_5587,https://sotkanet.fi/sotkanet/fi/metadata/indicators/5587,2026-08-18
avoidable_emergency_hospitalizations_per_100000,Avohoidon keinoin vältettävissä olevat päivystykselliset sairaalahoitojaksot,whole_chain_outcome_guardrail,2021,HVA-06,Satakunnan hyvinvointialue,wellbeing_area,1286.0,,PER_100000_RESIDENTS_AGE_25_PLUS,lower_is_better,5587,thl_sotkanet_indicator_5587,https://sotkanet.fi/sotkanet/fi/metadata/indicators/5587,2026-08-18
avoidable_emergency_hospitalizations_per_100000,Avohoidon keinoin vältettävissä olevat päivystykselliset sairaalahoitojaksot,whole_chain_outcome_guardrail,2022,HVA-06,Satakunnan hyvinvointialue,wellbeing_area,1092.0,,PER_100000_RESIDENTS_AGE_25_PLUS,lower_is_better,5587,thl_sotkanet_indicator_5587,https://sotkanet.fi/sotkanet/fi/metadata/indicators/5587,2026-08-18
avoidable_emergency_hospitalizations_per_100000,Avohoidon keinoin vältettävissä olevat päivystykselliset sairaalahoitojaksot,whole_chain_outcome_guardrail,2023,HVA-06,Satakunnan hyvinvointialue,wellbeing_area,1092.0,,PER_100000_RESIDENTS_AGE_25_PLUS,lower_is_better,5587,thl_sotkanet_indicator_5587,https://sotkanet.fi/sotkanet/fi/metadata/indicators/5587,2026-08-18
avoidable_emergency_hospitalizations_per_100000,Avohoidon keinoin vältettävissä olevat päivystykselliset sairaalahoitojaksot,whole_chain_outcome_guardrail,2024,HVA-06,Satakunnan hyvinvointialue,wellbeing_area,1073.0,,PER_100000_RESIDENTS_AGE_25_PLUS,lower_is_better,5587,thl_sotkanet_indicator_5587,https://sotkanet.fi/sotkanet/fi/metadata/indicators/5587,2026-08-18
avoidable_emergency_hospitalizations_per_100000,Avohoidon keinoin vältettävissä olevat päivystykselliset sairaalahoitojaksot,whole_chain_outcome_guardrail,2025,HVA-06,Satakunnan hyvinvointialue,wellbeing_area,1011.0,,PER_100000_RESIDENTS_AGE_25_PLUS,lower_is_better,5587,thl_sotkanet_indicator_5587,https://sotkanet.fi/sotkanet/fi/metadata/indicators/5587,2026-08-18
avoidable_emergency_hospitalizations_per_100000,Avohoidon keinoin vältettävissä olevat päivystykselliset sairaalahoitojaksot,whole_chain_outcome_guardrail,2020,HVA-07,Kanta-Hämeen hyvinvointialue,wellbeing_area,1574.0,,PER_100000_RESIDENTS_AGE_25_PLUS,lower_is_better,5587,thl_sotkanet_indicator_5587,https://sotkanet.fi/sotkanet/fi/metadata/indicators/5587,2026-08-18
avoidable_emergency_hospitalizations_per_100000,Avohoidon keinoin vältettävissä olevat päivystykselliset sairaalahoitojaksot,whole_chain_outcome_guardrail,2021,HVA-07,Kanta-Hämeen hyvinvointialue,wellbeing_area,1404.0,,PER_100000_RESIDENTS_AGE_25_PLUS,lower_is_better,5587,thl_sotkanet_indicator_5587,https://sotkanet.fi/sotkanet/fi/metadata/indicators/5587,2026-08-18
avoidable_emergency_hospitalizations_per_100000,Avohoidon keinoin vältettävissä olevat päivystykselliset sairaalahoitojaksot,whole_chain_outcome_guardrail,2022,HVA-07,Kanta-Hämeen hyvinvointialue,wellbeing_area,1310.0,,PER_100000_RESIDENTS_AGE_25_PLUS,lower_is_better,5587,thl_sotkanet_indicator_5587,https://sotkanet.fi/sotkanet/fi/metadata/indicators/5587,2026-08-18
avoidable_emergency_hospitalizations_per_100000,Avohoidon keinoin vältettävissä olevat päivystykselliset sairaalahoitojaksot,whole_chain_outcome_guardrail,2023,HVA-07,Kanta-Hämeen hyvinvointialue,wellbeing_area,1332.0,,PER_100000_RESIDENTS_AGE_25_PLUS,lower_is_better,5587,thl_sotkanet_indicator_5587,https://sotkanet.fi/sotkanet/fi/metadata/indicators/5587,2026-08-18
avoidable_emergency_hospitalizations_per_100000,Avohoidon keinoin vältettävissä olevat päivystykselliset sairaalahoitojaksot,whole_chain_outcome_guardrail,2024,HVA-07,Kanta-Hämeen hyvinvointialue,wellbeing_area,1307.0,,PER_100000_RESIDENTS_AGE_25_PLUS,lower_is_better,5587,thl_sotkanet_indicator_5587,https://sotkanet.fi/sotkanet/fi/metadata/indicators/5587,2026-08-18
avoidable_emergency_hospitalizations_per_100000,Avohoidon keinoin vältettävissä olevat päivystykselliset sairaalahoitojaksot,whole_chain_outcome_guardrail,2025,HVA-07,Kanta-Hämeen hyvinvointialue,wellbeing_area,1225.0,,PER_100000_RESIDENTS_AGE_25_PLUS,lower_is_better,5587,thl_sotkanet_indicator_5587,https://sotkanet.fi/sotkanet/fi/metadata/indicators/5587,2026-08-18
avoidable_emergency_hospitalizations_per_100000,Avohoidon keinoin vältettävissä olevat päivystykselliset sairaalahoitojaksot,whole_chain_outcome_guardrail,2020,HVA-08,Pirkanmaan hyvinvointialue,wellbeing_area,1582.0,,PER_100000_RESIDENTS_AGE_25_PLUS,lower_is_better,5587,thl_sotkanet_indicator_5587,https://sotkanet.fi/sotkanet/fi/metadata/indicators/5587,2026-08-18
avoidable_emergency_hospitalizations_per_100000,Avohoidon keinoin vältettävissä olevat päivystykselliset sairaalahoitojaksot,whole_chain_outcome_guardrail,2021,HVA-08,Pirkanmaan hyvinvointialue,wellbeing_area,1479.0,,PER_100000_RESIDENTS_AGE_25_PLUS,lower_is_better,5587,thl_sotkanet_indicator_5587,https://sotkanet.fi/sotkanet/fi/metadata/indicators/5587,2026-08-18
avoidable_emergency_hospitalizations_per_100000,Avohoidon keinoin vältettävissä olevat päivystykselliset sairaalahoitojaksot,whole_chain_outcome_guardrail,2022,HVA-08,Pirkanmaan hyvinvointialue,wellbeing_area,1380.0,,PER_100000_RESIDENTS_AGE_25_PLUS,lower_is_better,5587,thl_sotkanet_indicator_5587,https://sotkanet.fi/sotkanet/fi/metadata/indicators/5587,2026-08-18
avoidable_emergency_hospitalizations_per_100000,Avohoidon keinoin vältettävissä olevat päivystykselliset sairaalahoitojaksot,whole_chain_outcome_guardrail,2023,HVA-08,Pirkanmaan hyvinvointialue,wellbeing_area,1293.0,,PER_100000_RESIDENTS_AGE_25_PLUS,lower_is_better,5587,thl_sotkanet_indicator_5587,https://sotkanet.fi/sotkanet/fi/metadata/indicators/5587,2026-08-18
avoidable_emergency_hospitalizations_per_100000,Avohoidon keinoin vältettävissä olevat päivystykselliset sairaalahoitojaksot,whole_chain_outcome_guardrail,2024,HVA-08,Pirkanmaan hyvinvointialue,wellbeing_area,1289.0,,PER_100000_RESIDENTS_AGE_25_PLUS,lower_is_better,5587,thl_sotkanet_indicator_5587,https://sotkanet.fi/sotkanet/fi/metadata/indicators/5587,2026-08-18
avoidable_emergency_hospitalizations_per_100000,Avohoidon keinoin vältettävissä olevat päivystykselliset sairaalahoitojaksot,whole_chain_outcome_guardrail,2025,HVA-08,Pirkanmaan hyvinvointialue,wellbeing_area,1317.0,,PER_100000_RESIDENTS_AGE_25_PLUS,lower_is_better,5587,thl_sotkanet_indicator_5587,https://sotkanet.fi/sotkanet/fi/metadata/indicators/5587,2026-08-18
avoidable_emergency_hospitalizations_per_100000,Avohoidon keinoin vältettävissä olevat päivystykselliset sairaalahoitojaksot,whole_chain_outcome_guardrail,2020,HVA-09,Päijät-Hämeen hyvinvointialue,wellbeing_area,2116.0,,PER_100000_RESIDENTS_AGE_25_PLUS,lower_is_better,5587,thl_sotkanet_indicator_5587,https://sotkanet.fi/sotkanet/fi/metadata/indicators/5587,2026-08-18
avoidable_emergency_hospitalizations_per_100000,Avohoidon keinoin vältettävissä olevat päivystykselliset sairaalahoitojaksot,whole_chain_outcome_guardrail,2021,HVA-09,Päijät-Hämeen hyvinvointialue,wellbeing_area,1788.0,,PER_100000_RESIDENTS_AGE_25_PLUS,lower_is_better,5587,thl_sotkanet_indicator_5587,https://sotkanet.fi/sotkanet/fi/metadata/indicators/5587,2026-08-18
avoidable_emergency_hospitalizations_per_100000,Avohoidon keinoin vältettävissä olevat päivystykselliset sairaalahoitojaksot,whole_chain_outcome_guardrail,2022,HVA-09,Päijät-Hämeen hyvinvointialue,wellbeing_area,1493.0,,PER_100000_RESIDENTS_AGE_25_PLUS,lower_is_better,5587,thl_sotkanet_indicator_5587,https://sotkanet.fi/sotkanet/fi/metadata/indicators/5587,2026-08-18
avoidable_emergency_hospitalizations_per_100000,Avohoidon keinoin vältettävissä olevat päivystykselliset sairaalahoitojaksot,whole_chain_outcome_guardrail,2023,HVA-09,Päijät-Hämeen hyvinvointialue,wellbeing_area,1376.0,,PER_100000_RESIDENTS_AGE_25_PLUS,lower_is_better,5587,thl_sotkanet_indicator_5587,https://sotkanet.fi/sotkanet/fi/metadata/indicators/5587,2026-08-18
avoidable_emergency_hospitalizations_per_100000,Avohoidon keinoin vältettävissä olevat päivystykselliset sairaalahoitojaksot,whole_chain_outcome_guardrail,2024,HVA-09,Päijät-Hämeen hyvinvointialue,wellbeing_area,1286.0,,PER_100000_RESIDENTS_AGE_25_PLUS,lower_is_better,5587,thl_sotkanet_indicator_5587,https://sotkanet.fi/sotkanet/fi/metadata/indicators/5587,2026-08-18
avoidable_emergency_hospitalizations_per_100000,Avohoidon keinoin vältettävissä olevat päivystykselliset sairaalahoitojaksot,whole_chain_outcome_guardrail,2025,HVA-09,Päijät-Hämeen hyvinvointialue,wellbeing_area,1324.0,,PER_100000_RESIDENTS_AGE_25_PLUS,lower_is_better,5587,thl_sotkanet_indicator_5587,https://sotkanet.fi/sotkanet/fi/metadata/indicators/5587,2026-08-18
avoidable_emergency_hospitalizations_per_100000,Avohoidon keinoin vältettävissä olevat päivystykselliset sairaalahoitojaksot,whole_chain_outcome_guardrail,2020,HVA-10,Kymenlaakson hyvinvointialue,wellbeing_area,1432.0,,PER_100000_RESIDENTS_AGE_25_PLUS,lower_is_better,5587,thl_sotkanet_indicator_5587,https://sotkanet.fi/sotkanet/fi/metadata/indicators/5587,2026-08-18
avoidable_emergency_hospitalizations_per_100000,Avohoidon keinoin vältettävissä olevat päivystykselliset sairaalahoitojaksot,whole_chain_outcome_guardrail,2021,HVA-10,Kymenlaakson hyvinvointialue,wellbeing_area,1385.0,,PER_100000_RESIDENTS_AGE_25_PLUS,lower_is_better,5587,thl_sotkanet_indicator_5587,https://sotkanet.fi/sotkanet/fi/metadata/indicators/5587,2026-08-18
avoidable_emergency_hospitalizations_per_100000,Avohoidon keinoin vältettävissä olevat päivystykselliset sairaalahoitojaksot,whole_chain_outcome_guardrail,2022,HVA-10,Kymenlaakson hyvinvointialue,wellbeing_area,1180.0,,PER_100000_RESIDENTS_AGE_25_PLUS,lower_is_better,5587,thl_sotkanet_indicator_5587,https://sotkanet.fi/sotkanet/fi/metadata/indicators/5587,2026-08-18
avoidable_emergency_hospitalizations_per_100000,Avohoidon keinoin vältettävissä olevat päivystykselliset sairaalahoitojaksot,whole_chain_outcome_guardrail,2023,HVA-10,Kymenlaakson hyvinvointialue,wellbeing_area,957.0,,PER_100000_RESIDENTS_AGE_25_PLUS,lower_is_better,5587,thl_sotkanet_indicator_5587,https://sotkanet.fi/sotkanet/fi/metadata/indicators/5587,2026-08-18
avoidable_emergency_hospitalizations_per_100000,Avohoidon keinoin vältettävissä olevat päivystykselliset sairaalahoitojaksot,whole_chain_outcome_guardrail,2024,HVA-10,Kymenlaakson hyvinvointialue,wellbeing_area,793.0,,PER_100000_RESIDENTS_AGE_25_PLUS,lower_is_better,5587,thl_sotkanet_indicator_5587,https://sotkanet.fi/sotkanet/fi/metadata/indicators/5587,2026-08-18
avoidable_emergency_hospitalizations_per_100000,Avohoidon keinoin vältettävissä olevat päivystykselliset sairaalahoitojaksot,whole_chain_outcome_guardrail,2025,HVA-10,Kymenlaakson hyvinvointialue,wellbeing_area,783.0,,PER_100000_RESIDENTS_AGE_25_PLUS,lower_is_better,5587,thl_sotkanet_indicator_5587,https://sotkanet.fi/sotkanet/fi/metadata/indicators/5587,2026-08-18
avoidable_emergency_hospitalizations_per_100000,Avohoidon keinoin vältettävissä olevat päivystykselliset sairaalahoitojaksot,whole_chain_outcome_guardrail,2020,HVA-11,Etelä-Karjalan hyvinvointialue,wellbeing_area,2074.0,,PER_100000_RESIDENTS_AGE_25_PLUS,lower_is_better,5587,thl_sotkanet_indicator_5587,https://sotkanet.fi/sotkanet/fi/metadata/indicators/5587,2026-08-18
avoidable_emergency_hospitalizations_per_100000,Avohoidon keinoin vältettävissä olevat päivystykselliset sairaalahoitojaksot,whole_chain_outcome_guardrail,2021,HVA-11,Etelä-Karjalan hyvinvointialue,wellbeing_area,2150.0,,PER_100000_RESIDENTS_AGE_25_PLUS,lower_is_better,5587,thl_sotkanet_indicator_5587,https://sotkanet.fi/sotkanet/fi/metadata/indicators/5587,2026-08-18
avoidable_emergency_hospitalizations_per_100000,Avohoidon keinoin vältettävissä olevat päivystykselliset sairaalahoitojaksot,whole_chain_outcome_guardrail,2022,HVA-11,Etelä-Karjalan hyvinvointialue,wellbeing_area,2054.0,,PER_100000_RESIDENTS_AGE_25_PLUS,lower_is_better,5587,thl_sotkanet_indicator_5587,https://sotkanet.fi/sotkanet/fi/metadata/indicators/5587,2026-08-18
avoidable_emergency_hospitalizations_per_100000,Avohoidon keinoin vältettävissä olevat päivystykselliset sairaalahoitojaksot,whole_chain_outcome_guardrail,2023,HVA-11,Etelä-Karjalan hyvinvointialue,wellbeing_area,2023.0,,PER_100000_RESIDENTS_AGE_25_PLUS,lower_is_better,5587,thl_sotkanet_indicator_5587,https://sotkanet.fi/sotkanet/fi/metadata/indicators/5587,2026-08-18
avoidable_emergency_hospitalizations_per_100000,Avohoidon keinoin vältettävissä olevat päivystykselliset sairaalahoitojaksot,whole_chain_outcome_guardrail,2024,HVA-11,Etelä-Karjalan hyvinvointialue,wellbeing_area,2081.0,,PER_100000_RESIDENTS_AGE_25_PLUS,lower_is_better,5587,thl_sotkanet_indicator_5587,https://sotkanet.fi/sotkanet/fi/metadata/indicators/5587,2026-08-18
avoidable_emergency_hospitalizations_per_100000,Avohoidon keinoin vältettävissä olevat päivystykselliset sairaalahoitojaksot,whole_chain_outcome_guardrail,2025,HVA-11,Etelä-Karjalan hyvinvointialue,wellbeing_area,1978.0,,PER_100000_RESIDENTS_AGE_25_PLUS,lower_is_better,5587,thl_sotkanet_indicator_5587,https://sotkanet.fi/sotkanet/fi/metadata/indicators/5587,2026-08-18
avoidable_emergency_hospitalizations_per_100000,Avohoidon keinoin vältettävissä olevat päivystykselliset sairaalahoitojaksot,whole_chain_outcome_guardrail,2020,HVA-12,Etelä-Savon hyvinvointialue,wellbeing_area,1657.0,,PER_100000_RESIDENTS_AGE_25_PLUS,lower_is_better,5587,thl_sotkanet_indicator_5587,https://sotkanet.fi/sotkanet/fi/metadata/indicators/5587,2026-08-18
avoidable_emergency_hospitalizations_per_100000,Avohoidon keinoin vältettävissä olevat päivystykselliset sairaalahoitojaksot,whole_chain_outcome_guardrail,2021,HVA-12,Etelä-Savon hyvinvointialue,wellbeing_area,1555.0,,PER_100000_RESIDENTS_AGE_25_PLUS,lower_is_better,5587,thl_sotkanet_indicator_5587,https://sotkanet.fi/sotkanet/fi/metadata/indicators/5587,2026-08-18
avoidable_emergency_hospitalizations_per_100000,Avohoidon keinoin vältettävissä olevat päivystykselliset sairaalahoitojaksot,whole_chain_outcome_guardrail,2022,HVA-12,Etelä-Savon hyvinvointialue,wellbeing_area,1465.0,,PER_100000_RESIDENTS_AGE_25_PLUS,lower_is_better,5587,thl_sotkanet_indicator_5587,https://sotkanet.fi/sotkanet/fi/metadata/indicators/5587,2026-08-18
avoidable_emergency_hospitalizations_per_100000,Avohoidon keinoin vältettävissä olevat päivystykselliset sairaalahoitojaksot,whole_chain_outcome_guardrail,2023,HVA-12,Etelä-Savon hyvinvointialue,wellbeing_area,1508.0,,PER_100000_RESIDENTS_AGE_25_PLUS,lower_is_better,5587,thl_sotkanet_indicator_5587,https://sotkanet.fi/sotkanet/fi/metadata/indicators/5587,2026-08-18
avoidable_emergency_hospitalizations_per_100000,Avohoidon keinoin vältettävissä olevat päivystykselliset sairaalahoitojaksot,whole_chain_outcome_guardrail,2024,HVA-12,Etelä-Savon hyvinvointialue,wellbeing_area,1488.0,,PER_100000_RESIDENTS_AGE_25_PLUS,lower_is_better,5587,thl_sotkanet_indicator_5587,https://sotkanet.fi/sotkanet/fi/metadata/indicators/5587,2026-08-18
avoidable_emergency_hospitalizations_per_100000,Avohoidon keinoin vältettävissä olevat päivystykselliset sairaalahoitojaksot,whole_chain_outcome_guardrail,2025,HVA-12,Etelä-Savon hyvinvointialue,wellbeing_area,1443.0,,PER_100000_RESIDENTS_AGE_25_PLUS,lower_is_better,5587,thl_sotkanet_indicator_5587,https://sotkanet.fi/sotkanet/fi/metadata/indicators/5587,2026-08-18
avoidable_emergency_hospitalizations_per_100000,Avohoidon keinoin vältettävissä olevat päivystykselliset sairaalahoitojaksot,whole_chain_outcome_guardrail,2020,HVA-13,Pohjois-Savon hyvinvointialue,wellbeing_area,1551.0,,PER_100000_RESIDENTS_AGE_25_PLUS,lower_is_better,5587,thl_sotkanet_indicator_5587,https://sotkanet.fi/sotkanet/fi/metadata/indicators/5587,2026-08-18
avoidable_emergency_hospitalizations_per_100000,Avohoidon keinoin vältettävissä olevat päivystykselliset sairaalahoitojaksot,whole_chain_outcome_guardrail,2021,HVA-13,Pohjois-Savon hyvinvointialue,wellbeing_area,1380.0,,PER_100000_RESIDENTS_AGE_25_PLUS,lower_is_better,5587,thl_sotkanet_indicator_5587,https://sotkanet.fi/sotkanet/fi/metadata/indicators/5587,2026-08-18
avoidable_emergency_hospitalizations_per_100000,Avohoidon keinoin vältettävissä olevat päivystykselliset sairaalahoitojaksot,whole_chain_outcome_guardrail,2022,HVA-13,Pohjois-Savon hyvinvointialue,wellbeing_area,1232.0,,PER_100000_RESIDENTS_AGE_25_PLUS,lower_is_better,5587,thl_sotkanet_indicator_5587,https://sotkanet.fi/sotkanet/fi/metadata/indicators/5587,2026-08-18
avoidable_emergency_hospitalizations_per_100000,Avohoidon keinoin vältettävissä olevat päivystykselliset sairaalahoitojaksot,whole_chain_outcome_guardrail,2023,HVA-13,Pohjois-Savon hyvinvointialue,wellbeing_area,1165.0,,PER_100000_RESIDENTS_AGE_25_PLUS,lower_is_better,5587,thl_sotkanet_indicator_5587,https://sotkanet.fi/sotkanet/fi/metadata/indicators/5587,2026-08-18
avoidable_emergency_hospitalizations_per_100000,Avohoidon keinoin vältettävissä olevat päivystykselliset sairaalahoitojaksot,whole_chain_outcome_guardrail,2024,HVA-13,Pohjois-Savon hyvinvointialue,wellbeing_area,1065.0,,PER_100000_RESIDENTS_AGE_25_PLUS,lower_is_better,5587,thl_sotkanet_indicator_5587,https://sotkanet.fi/sotkanet/fi/metadata/indicators/5587,2026-08-18
avoidable_emergency_hospitalizations_per_100000,Avohoidon keinoin vältettävissä olevat päivystykselliset sairaalahoitojaksot,whole_chain_outcome_guardrail,2025,HVA-13,Pohjois-Savon hyvinvointialue,wellbeing_area,950.0,,PER_100000_RESIDENTS_AGE_25_PLUS,lower_is_better,5587,thl_sotkanet_indicator_5587,https://sotkanet.fi/sotkanet/fi/metadata/indicators/5587,2026-08-18
avoidable_emergency_hospitalizations_per_100000,Avohoidon keinoin vältettävissä olevat päivystykselliset sairaalahoitojaksot,whole_chain_outcome_guardrail,2020,HVA-14,Pohjois-Karjalan hyvinvointialue,wellbeing_area,1722.0,,PER_100000_RESIDENTS_AGE_25_PLUS,lower_is_better,5587,thl_sotkanet_indicator_5587,https://sotkanet.fi/sotkanet/fi/metadata/indicators/5587,2026-08-18
avoidable_emergency_hospitalizations_per_100000,Avohoidon keinoin vältettävissä olevat päivystykselliset sairaalahoitojaksot,whole_chain_outcome_guardrail,2021,HVA-14,Pohjois-Karjalan hyvinvointialue,wellbeing_area,1612.0,,PER_100000_RESIDENTS_AGE_25_PLUS,lower_is_better,5587,thl_sotkanet_indicator_5587,https://sotkanet.fi/sotkanet/fi/metadata/indicators/5587,2026-08-18
avoidable_emergency_hospitalizations_per_100000,Avohoidon keinoin vältettävissä olevat päivystykselliset sairaalahoitojaksot,whole_chain_outcome_guardrail,2022,HVA-14,Pohjois-Karjalan hyvinvointialue,wellbeing_area,1384.0,,PER_100000_RESIDENTS_AGE_25_PLUS,lower_is_better,5587,thl_sotkanet_indicator_5587,https://sotkanet.fi/sotkanet/fi/metadata/indicators/5587,2026-08-18
avoidable_emergency_hospitalizations_per_100000,Avohoidon keinoin vältettävissä olevat päivystykselliset sairaalahoitojaksot,whole_chain_outcome_guardrail,2023,HVA-14,Pohjois-Karjalan hyvinvointialue,wellbeing_area,1331.0,,PER_100000_RESIDENTS_AGE_25_PLUS,lower_is_better,5587,thl_sotkanet_indicator_5587,https://sotkanet.fi/sotkanet/fi/metadata/indicators/5587,2026-08-18
avoidable_emergency_hospitalizations_per_100000,Avohoidon keinoin vältettävissä olevat päivystykselliset sairaalahoitojaksot,whole_chain_outcome_guardrail,2024,HVA-14,Pohjois-Karjalan hyvinvointialue,wellbeing_area,1316.0,,PER_100000_RESIDENTS_AGE_25_PLUS,lower_is_better,5587,thl_sotkanet_indicator_5587,https://sotkanet.fi/sotkanet/fi/metadata/indicators/5587,2026-08-18
avoidable_emergency_hospitalizations_per_100000,Avohoidon keinoin vältettävissä olevat päivystykselliset sairaalahoitojaksot,whole_chain_outcome_guardrail,2025,HVA-14,Pohjois-Karjalan hyvinvointialue,wellbeing_area,1384.0,,PER_100000_RESIDENTS_AGE_25_PLUS,lower_is_better,5587,thl_sotkanet_indicator_5587,https://sotkanet.fi/sotkanet/fi/metadata/indicators/5587,2026-08-18
avoidable_emergency_hospitalizations_per_100000,Avohoidon keinoin vältettävissä olevat päivystykselliset sairaalahoitojaksot,whole_chain_outcome_guardrail,2020,HVA-15,Keski-Suomen hyvinvointialue,wellbeing_area,994.0,,PER_100000_RESIDENTS_AGE_25_PLUS,lower_is_better,5587,thl_sotkanet_indicator_5587,https://sotkanet.fi/sotkanet/fi/metadata/indicators/5587,2026-08-18
avoidable_emergency_hospitalizations_per_100000,Avohoidon keinoin vältettävissä olevat päivystykselliset sairaalahoitojaksot,whole_chain_outcome_guardrail,2021,HVA-15,Keski-Suomen hyvinvointialue,wellbeing_area,897.0,,PER_100000_RESIDENTS_AGE_25_PLUS,lower_is_better,5587,thl_sotkanet_indicator_5587,https://sotkanet.fi/sotkanet/fi/metadata/indicators/5587,2026-08-18
avoidable_emergency_hospitalizations_per_100000,Avohoidon keinoin vältettävissä olevat päivystykselliset sairaalahoitojaksot,whole_chain_outcome_guardrail,2022,HVA-15,Keski-Suomen hyvinvointialue,wellbeing_area,852.0,,PER_100000_RESIDENTS_AGE_25_PLUS,lower_is_better,5587,thl_sotkanet_indicator_5587,https://sotkanet.fi/sotkanet/fi/metadata/indicators/5587,2026-08-18
avoidable_emergency_hospitalizations_per_100000,Avohoidon keinoin vältettävissä olevat päivystykselliset sairaalahoitojaksot,whole_chain_outcome_guardrail,2023,HVA-15,Keski-Suomen hyvinvointialue,wellbeing_area,829.0,,PER_100000_RESIDENTS_AGE_25_PLUS,lower_is_better,5587,thl_sotkanet_indicator_5587,https://sotkanet.fi/sotkanet/fi/metadata/indicators/5587,2026-08-18
avoidable_emergency_hospitalizations_per_100000,Avohoidon keinoin vältettävissä olevat päivystykselliset sairaalahoitojaksot,whole_chain_outcome_guardrail,2024,HVA-15,Keski-Suomen hyvinvointialue,wellbeing_area,896.0,,PER_100000_RESIDENTS_AGE_25_PLUS,lower_is_better,5587,thl_sotkanet_indicator_5587,https://sotkanet.fi/sotkanet/fi/metadata/indicators/5587,2026-08-18
avoidable_emergency_hospitalizations_per_100000,Avohoidon keinoin vältettävissä olevat päivystykselliset sairaalahoitojaksot,whole_chain_outcome_guardrail,2025,HVA-15,Keski-Suomen hyvinvointialue,wellbeing_area,899.0,,PER_100000_RESIDENTS_AGE_25_PLUS,lower_is_better,5587,thl_sotkanet_indicator_5587,https://sotkanet.fi/sotkanet/fi/metadata/indicators/5587,2026-08-18
avoidable_emergency_hospitalizations_per_100000,Avohoidon keinoin vältettävissä olevat päivystykselliset sairaalahoitojaksot,whole_chain_outcome_guardrail,2020,HVA-16,Etelä-Pohjanmaan hyvinvointialue,wellbeing_area,1072.0,,PER_100000_RESIDENTS_AGE_25_PLUS,lower_is_better,5587,thl_sotkanet_indicator_5587,https://sotkanet.fi/sotkanet/fi/metadata/indicators/5587,2026-08-18
avoidable_emergency_hospitalizations_per_100000,Avohoidon keinoin vältettävissä olevat päivystykselliset sairaalahoitojaksot,whole_chain_outcome_guardrail,2021,HVA-16,Etelä-Pohjanmaan hyvinvointialue,wellbeing_area,1096.0,,PER_100000_RESIDENTS_AGE_25_PLUS,lower_is_better,5587,thl_sotkanet_indicator_5587,https://sotkanet.fi/sotkanet/fi/metadata/indicators/5587,2026-08-18
avoidable_emergency_hospitalizations_per_100000,Avohoidon keinoin vältettävissä olevat päivystykselliset sairaalahoitojaksot,whole_chain_outcome_guardrail,2022,HVA-16,Etelä-Pohjanmaan hyvinvointialue,wellbeing_area,1099.0,,PER_100000_RESIDENTS_AGE_25_PLUS,lower_is_better,5587,thl_sotkanet_indicator_5587,https://sotkanet.fi/sotkanet/fi/metadata/indicators/5587,2026-08-18
avoidable_emergency_hospitalizations_per_100000,Avohoidon keinoin vältettävissä olevat päivystykselliset sairaalahoitojaksot,whole_chain_outcome_guardrail,2023,HVA-16,Etelä-Pohjanmaan hyvinvointialue,wellbeing_area,1204.0,,PER_100000_RESIDENTS_AGE_25_PLUS,lower_is_better,5587,thl_sotkanet_indicator_5587,https://sotkanet.fi/sotkanet/fi/metadata/indicators/5587,2026-08-18
avoidable_emergency_hospitalizations_per_100000,Avohoidon keinoin vältettävissä olevat päivystykselliset sairaalahoitojaksot,whole_chain_outcome_guardrail,2024,HVA-16,Etelä-Pohjanmaan hyvinvointialue,wellbeing_area,1238.0,,PER_100000_RESIDENTS_AGE_25_PLUS,lower_is_better,5587,thl_sotkanet_indicator_5587,https://sotkanet.fi/sotkanet/fi/metadata/indicators/5587,2026-08-18
avoidable_emergency_hospitalizations_per_100000,Avohoidon keinoin vältettävissä olevat päivystykselliset sairaalahoitojaksot,whole_chain_outcome_guardrail,2025,HVA-16,Etelä-Pohjanmaan hyvinvointialue,wellbeing_area,1231.0,,PER_100000_RESIDENTS_AGE_25_PLUS,lower_is_better,5587,thl_sotkanet_indicator_5587,https://sotkanet.fi/sotkanet/fi/metadata/indicators/5587,2026-08-18
avoidable_emergency_hospitalizations_per_100000,Avohoidon keinoin vältettävissä olevat päivystykselliset sairaalahoitojaksot,whole_chain_outcome_guardrail,2020,HVA-17,Pohjanmaan hyvinvointialue,wellbeing_area,1336.0,,PER_100000_RESIDENTS_AGE_25_PLUS,lower_is_better,5587,thl_sotkanet_indicator_5587,https://sotkanet.fi/sotkanet/fi/metadata/indicators/5587,2026-08-18
avoidable_emergency_hospitalizations_per_100000,Avohoidon keinoin vältettävissä olevat päivystykselliset sairaalahoitojaksot,whole_chain_outcome_guardrail,2021,HVA-17,Pohjanmaan hyvinvointialue,wellbeing_area,999.0,,PER_100000_RESIDENTS_AGE_25_PLUS,lower_is_better,5587,thl_sotkanet_indicator_5587,https://sotkanet.fi/sotkanet/fi/metadata/indicators/5587,2026-08-18
avoidable_emergency_hospitalizations_per_100000,Avohoidon keinoin vältettävissä olevat päivystykselliset sairaalahoitojaksot,whole_chain_outcome_guardrail,2022,HVA-17,Pohjanmaan hyvinvointialue,wellbeing_area,564.0,,PER_100000_RESIDENTS_AGE_25_PLUS,lower_is_better,5587,thl_sotkanet_indicator_5587,https://sotkanet.fi/sotkanet/fi/metadata/indicators/5587,2026-08-18
avoidable_emergency_hospitalizations_per_100000,Avohoidon keinoin vältettävissä olevat päivystykselliset sairaalahoitojaksot,whole_chain_outcome_guardrail,2023,HVA-17,Pohjanmaan hyvinvointialue,wellbeing_area,515.0,,PER_100000_RESIDENTS_AGE_25_PLUS,lower_is_better,5587,thl_sotkanet_indicator_5587,https://sotkanet.fi/sotkanet/fi/metadata/indicators/5587,2026-08-18
avoidable_emergency_hospitalizations_per_100000,Avohoidon keinoin vältettävissä olevat päivystykselliset sairaalahoitojaksot,whole_chain_outcome_guardrail,2024,HVA-17,Pohjanmaan hyvinvointialue,wellbeing_area,710.0,,PER_100000_RESIDENTS_AGE_25_PLUS,lower_is_better,5587,thl_sotkanet_indicator_5587,https://sotkanet.fi/sotkanet/fi/metadata/indicators/5587,2026-08-18
avoidable_emergency_hospitalizations_per_100000,Avohoidon keinoin vältettävissä olevat päivystykselliset sairaalahoitojaksot,whole_chain_outcome_guardrail,2025,HVA-17,Pohjanmaan hyvinvointialue,wellbeing_area,1000.0,,PER_100000_RESIDENTS_AGE_25_PLUS,lower_is_better,5587,thl_sotkanet_indicator_5587,https://sotkanet.fi/sotkanet/fi/metadata/indicators/5587,2026-08-18
avoidable_emergency_hospitalizations_per_100000,Avohoidon keinoin vältettävissä olevat päivystykselliset sairaalahoitojaksot,whole_chain_outcome_guardrail,2020,HVA-18,Keski-Pohjanmaan hyvinvointialue,wellbeing_area,1720.0,,PER_100000_RESIDENTS_AGE_25_PLUS,lower_is_better,5587,thl_sotkanet_indicator_5587,https://sotkanet.fi/sotkanet/fi/metadata/indicators/5587,2026-08-18
avoidable_emergency_hospitalizations_per_100000,Avohoidon keinoin vältettävissä olevat päivystykselliset sairaalahoitojaksot,whole_chain_outcome_guardrail,2021,HVA-18,Keski-Pohjanmaan hyvinvointialue,wellbeing_area,1798.0,,PER_100000_RESIDENTS_AGE_25_PLUS,lower_is_better,5587,thl_sotkanet_indicator_5587,https://sotkanet.fi/sotkanet/fi/metadata/indicators/5587,2026-08-18
avoidable_emergency_hospitalizations_per_100000,Avohoidon keinoin vältettävissä olevat päivystykselliset sairaalahoitojaksot,whole_chain_outcome_guardrail,2022,HVA-18,Keski-Pohjanmaan hyvinvointialue,wellbeing_area,1705.0,,PER_100000_RESIDENTS_AGE_25_PLUS,lower_is_better,5587,thl_sotkanet_indicator_5587,https://sotkanet.fi/sotkanet/fi/metadata/indicators/5587,2026-08-18
avoidable_emergency_hospitalizations_per_100000,Avohoidon keinoin vältettävissä olevat päivystykselliset sairaalahoitojaksot,whole_chain_outcome_guardrail,2023,HVA-18,Keski-Pohjanmaan hyvinvointialue,wellbeing_area,1625.0,,PER_100000_RESIDENTS_AGE_25_PLUS,lower_is_better,5587,thl_sotkanet_indicator_5587,https://sotkanet.fi/sotkanet/fi/metadata/indicators/5587,2026-08-18
avoidable_emergency_hospitalizations_per_100000,Avohoidon keinoin vältettävissä olevat päivystykselliset sairaalahoitojaksot,whole_chain_outcome_guardrail,2024,HVA-18,Keski-Pohjanmaan hyvinvointialue,wellbeing_area,1634.0,,PER_100000_RESIDENTS_AGE_25_PLUS,lower_is_better,5587,thl_sotkanet_indicator_5587,https://sotkanet.fi/sotkanet/fi/metadata/indicators/5587,2026-08-18
avoidable_emergency_hospitalizations_per_100000,Avohoidon keinoin vältettävissä olevat päivystykselliset sairaalahoitojaksot,whole_chain_outcome_guardrail,2025,HVA-18,Keski-Pohjanmaan hyvinvointialue,wellbeing_area,1605.0,,PER_100000_RESIDENTS_AGE_25_PLUS,lower_is_better,5587,thl_sotkanet_indicator_5587,https://sotkanet.fi/sotkanet/fi/metadata/indicators/5587,2026-08-18
avoidable_emergency_hospitalizations_per_100000,Avohoidon keinoin vältettävissä olevat päivystykselliset sairaalahoitojaksot,whole_chain_outcome_guardrail,2020,HVA-19,Pohjois-Pohjanmaan hyvinvointialue,wellbeing_area,961.0,,PER_100000_RESIDENTS_AGE_25_PLUS,lower_is_better,5587,thl_sotkanet_indicator_5587,https://sotkanet.fi/sotkanet/fi/metadata/indicators/5587,2026-08-18
avoidable_emergency_hospitalizations_per_100000,Avohoidon keinoin vältettävissä olevat päivystykselliset sairaalahoitojaksot,whole_chain_outcome_guardrail,2021,HVA-19,Pohjois-Pohjanmaan hyvinvointialue,wellbeing_area,890.0,,PER_100000_RESIDENTS_AGE_25_PLUS,lower_is_better,5587,thl_sotkanet_indicator_5587,https://sotkanet.fi/sotkanet/fi/metadata/indicators/5587,2026-08-18
avoidable_emergency_hospitalizations_per_100000,Avohoidon keinoin vältettävissä olevat päivystykselliset sairaalahoitojaksot,whole_chain_outcome_guardrail,2022,HVA-19,Pohjois-Pohjanmaan hyvinvointialue,wellbeing_area,827.0,,PER_100000_RESIDENTS_AGE_25_PLUS,lower_is_better,5587,thl_sotkanet_indicator_5587,https://sotkanet.fi/sotkanet/fi/metadata/indicators/5587,2026-08-18
avoidable_emergency_hospitalizations_per_100000,Avohoidon keinoin vältettävissä olevat päivystykselliset sairaalahoitojaksot,whole_chain_outcome_guardrail,2023,HVA-19,Pohjois-Pohjanmaan hyvinvointialue,wellbeing_area,983.0,,PER_100000_RESIDENTS_AGE_25_PLUS,lower_is_better,5587,thl_sotkanet_indicator_5587,https://sotkanet.fi/sotkanet/fi/metadata/indicators/5587,2026-08-18
avoidable_emergency_hospitalizations_per_100000,Avohoidon keinoin vältettävissä olevat päivystykselliset sairaalahoitojaksot,whole_chain_outcome_guardrail,2024,HVA-19,Pohjois-Pohjanmaan hyvinvointialue,wellbeing_area,1055.0,,PER_100000_RESIDENTS_AGE_25_PLUS,lower_is_better,5587,thl_sotkanet_indicator_5587,https://sotkanet.fi/sotkanet/fi/metadata/indicators/5587,2026-08-18
avoidable_emergency_hospitalizations_per_100000,Avohoidon keinoin vältettävissä olevat päivystykselliset sairaalahoitojaksot,whole_chain_outcome_guardrail,2025,HVA-19,Pohjois-Pohjanmaan hyvinvointialue,wellbeing_area,1155.0,,PER_100000_RESIDENTS_AGE_25_PLUS,lower_is_better,5587,thl_sotkanet_indicator_5587,https://sotkanet.fi/sotkanet/fi/metadata/indicators/5587,2026-08-18
avoidable_emergency_hospitalizations_per_100000,Avohoidon keinoin vältettävissä olevat päivystykselliset sairaalahoitojaksot,whole_chain_outcome_guardrail,2020,HVA-20,Kainuun hyvinvointialue,wellbeing_area,1365.0,,PER_100000_RESIDENTS_AGE_25_PLUS,lower_is_better,5587,thl_sotkanet_indicator_5587,https://sotkanet.fi/sotkanet/fi/metadata/indicators/5587,2026-08-18
avoidable_emergency_hospitalizations_per_100000,Avohoidon keinoin vältettävissä olevat päivystykselliset sairaalahoitojaksot,whole_chain_outcome_guardrail,2021,HVA-20,Kainuun hyvinvointialue,wellbeing_area,1123.0,,PER_100000_RESIDENTS_AGE_25_PLUS,lower_is_better,5587,thl_sotkanet_indicator_5587,https://sotkanet.fi/sotkanet/fi/metadata/indicators/5587,2026-08-18
avoidable_emergency_hospitalizations_per_100000,Avohoidon keinoin vältettävissä olevat päivystykselliset sairaalahoitojaksot,whole_chain_outcome_guardrail,2022,HVA-20,Kainuun hyvinvointialue,wellbeing_area,889.0,,PER_100000_RESIDENTS_AGE_25_PLUS,lower_is_better,5587,thl_sotkanet_indicator_5587,https://sotkanet.fi/sotkanet/fi/metadata/indicators/5587,2026-08-18
avoidable_emergency_hospitalizations_per_100000,Avohoidon keinoin vältettävissä olevat päivystykselliset sairaalahoitojaksot,whole_chain_outcome_guardrail,2023,HVA-20,Kainuun hyvinvointialue,wellbeing_area,865.0,,PER_100000_RESIDENTS_AGE_25_PLUS,lower_is_better,5587,thl_sotkanet_indicator_5587,https://sotkanet.fi/sotkanet/fi/metadata/indicators/5587,2026-08-18
avoidable_emergency_hospitalizations_per_100000,Avohoidon keinoin vältettävissä olevat päivystykselliset sairaalahoitojaksot,whole_chain_outcome_guardrail,2024,HVA-20,Kainuun hyvinvointialue,wellbeing_area,844.0,,PER_100000_RESIDENTS_AGE_25_PLUS,lower_is_better,5587,thl_sotkanet_indicator_5587,https://sotkanet.fi/sotkanet/fi/metadata/indicators/5587,2026-08-18
avoidable_emergency_hospitalizations_per_100000,Avohoidon keinoin vältettävissä olevat päivystykselliset sairaalahoitojaksot,whole_chain_outcome_guardrail,2025,HVA-20,Kainuun hyvinvointialue,wellbeing_area,827.0,,PER_100000_RESIDENTS_AGE_25_PLUS,lower_is_better,5587,thl_sotkanet_indicator_5587,https://sotkanet.fi/sotkanet/fi/metadata/indicators/5587,2026-08-18
avoidable_emergency_hospitalizations_per_100000,Avohoidon keinoin vältettävissä olevat päivystykselliset sairaalahoitojaksot,whole_chain_outcome_guardrail,2020,HVA-21,Lapin hyvinvointialue,wellbeing_area,1487.0,,PER_100000_RESIDENTS_AGE_25_PLUS,lower_is_better,5587,thl_sotkanet_indicator_5587,https://sotkanet.fi/sotkanet/fi/metadata/indicators/5587,2026-08-18
avoidable_emergency_hospitalizations_per_100000,Avohoidon keinoin vältettävissä olevat päivystykselliset sairaalahoitojaksot,whole_chain_outcome_guardrail,2021,HVA-21,Lapin hyvinvointialue,wellbeing_area,1335.0,,PER_100000_RESIDENTS_AGE_25_PLUS,lower_is_better,5587,thl_sotkanet_indicator_5587,https://sotkanet.fi/sotkanet/fi/metadata/indicators/5587,2026-08-18
avoidable_emergency_hospitalizations_per_100000,Avohoidon keinoin vältettävissä olevat päivystykselliset sairaalahoitojaksot,whole_chain_outcome_guardrail,2022,HVA-21,Lapin hyvinvointialue,wellbeing_area,1253.0,,PER_100000_RESIDENTS_AGE_25_PLUS,lower_is_better,5587,thl_sotkanet_indicator_5587,https://sotkanet.fi/sotkanet/fi/metadata/indicators/5587,2026-08-18
avoidable_emergency_hospitalizations_per_100000,Avohoidon keinoin vältettävissä olevat päivystykselliset sairaalahoitojaksot,whole_chain_outcome_guardrail,2023,HVA-21,Lapin hyvinvointialue,wellbeing_area,1215.0,,PER_100000_RESIDENTS_AGE_25_PLUS,lower_is_better,5587,thl_sotkanet_indicator_5587,https://sotkanet.fi/sotkanet/fi/metadata/indicators/5587,2026-08-18
avoidable_emergency_hospitalizations_per_100000,Avohoidon keinoin vältettävissä olevat päivystykselliset sairaalahoitojaksot,whole_chain_outcome_guardrail,2024,HVA-21,Lapin hyvinvointialue,wellbeing_area,1153.0,,PER_100000_RESIDENTS_AGE_25_PLUS,lower_is_better,5587,thl_sotkanet_indicator_5587,https://sotkanet.fi/sotkanet/fi/metadata/indicators/5587,2026-08-18
avoidable_emergency_hospitalizations_per_100000,Avohoidon keinoin vältettävissä olevat päivystykselliset sairaalahoitojaksot,whole_chain_outcome_guardrail,2025,HVA-21,Lapin hyvinvointialue,wellbeing_area,1041.0,,PER_100000_RESIDENTS_AGE_25_PLUS,lower_is_better,5587,thl_sotkanet_indicator_5587,https://sotkanet.fi/sotkanet/fi/metadata/indicators/5587,2026-08-18
avoidable_emergency_hospitalizations_per_100000,Avohoidon keinoin vältettävissä olevat päivystykselliset sairaalahoitojaksot,whole_chain_outcome_guardrail,2020,HVA-90,Helsingin kaupunki,wellbeing_area,1592.0,,PER_100000_RESIDENTS_AGE_25_PLUS,lower_is_better,5587,thl_sotkanet_indicator_5587,https://sotkanet.fi/sotkanet/fi/metadata/indicators/5587,2026-08-18
avoidable_emergency_hospitalizations_per_100000,Avohoidon keinoin vältettävissä olevat päivystykselliset sairaalahoitojaksot,whole_chain_outcome_guardrail,2021,HVA-90,Helsingin kaupunki,wellbeing_area,1383.0,,PER_100000_RESIDENTS_AGE_25_PLUS,lower_is_better,5587,thl_sotkanet_indicator_5587,https://sotkanet.fi/sotkanet/fi/metadata/indicators/5587,2026-08-18
avoidable_emergency_hospitalizations_per_100000,Avohoidon keinoin vältettävissä olevat päivystykselliset sairaalahoitojaksot,whole_chain_outcome_guardrail,2022,HVA-90,Helsingin kaupunki,wellbeing_area,1139.0,,PER_100000_RESIDENTS_AGE_25_PLUS,lower_is_better,5587,thl_sotkanet_indicator_5587,https://sotkanet.fi/sotkanet/fi/metadata/indicators/5587,2026-08-18
avoidable_emergency_hospitalizations_per_100000,Avohoidon keinoin vältettävissä olevat päivystykselliset sairaalahoitojaksot,whole_chain_outcome_guardrail,2023,HVA-90,Helsingin kaupunki,wellbeing_area,1049.0,,PER_100000_RESIDENTS_AGE_25_PLUS,lower_is_better,5587,thl_sotkanet_indicator_5587,https://sotkanet.fi/sotkanet/fi/metadata/indicators/5587,2026-08-18
avoidable_emergency_hospitalizations_per_100000,Avohoidon keinoin vältettävissä olevat päivystykselliset sairaalahoitojaksot,whole_chain_outcome_guardrail,2024,HVA-90,Helsingin kaupunki,wellbeing_area,937.0,,PER_100000_RESIDENTS_AGE_25_PLUS,lower_is_better,5587,thl_sotkanet_indicator_5587,https://sotkanet.fi/sotkanet/fi/metadata/indicators/5587,2026-08-18
avoidable_emergency_hospitalizations_per_100000,Avohoidon keinoin vältettävissä olevat päivystykselliset sairaalahoitojaksot,whole_chain_outcome_guardrail,2025,HVA-90,Helsingin kaupunki,wellbeing_area,951.0,,PER_100000_RESIDENTS_AGE_25_PLUS,lower_is_better,5587,thl_sotkanet_indicator_5587,https://sotkanet.fi/sotkanet/fi/metadata/indicators/5587,2026-08-18
experienced_fast_access_pct,Hoitopaikkaan riittävän nopeasti yhteyden saaneet,experienced_access,2020,FI,Koko maa,country,68.4,,PERCENT,higher_is_better,5186,thl_sotkanet_indicator_5186,https://sotkanet.fi/sotkanet/fi/metadata/indicators/5186,2026-08-18
experienced_fast_access_pct,Hoitopaikkaan riittävän nopeasti yhteyden saaneet,experienced_access,2022,FI,Koko maa,country,63.0,,PERCENT,higher_is_better,5186,thl_sotkanet_indicator_5186,https://sotkanet.fi/sotkanet/fi/metadata/indicators/5186,2026-08-18
experienced_fast_access_pct,Hoitopaikkaan riittävän nopeasti yhteyden saaneet,experienced_access,2024,FI,Koko maa,country,64.7,,PERCENT,higher_is_better,5186,thl_sotkanet_indicator_5186,https://sotkanet.fi/sotkanet/fi/metadata/indicators/5186,2026-08-18
experienced_fast_access_pct,Hoitopaikkaan riittävän nopeasti yhteyden saaneet,experienced_access,2020,HVA-01,Itä-Uudenmaan hyvinvointialue,wellbeing_area,65.3,,PERCENT,higher_is_better,5186,thl_sotkanet_indicator_5186,https://sotkanet.fi/sotkanet/fi/metadata/indicators/5186,2026-08-18
experienced_fast_access_pct,Hoitopaikkaan riittävän nopeasti yhteyden saaneet,experienced_access,2022,HVA-01,Itä-Uudenmaan hyvinvointialue,wellbeing_area,61.9,,PERCENT,higher_is_better,5186,thl_sotkanet_indicator_5186,https://sotkanet.fi/sotkanet/fi/metadata/indicators/5186,2026-08-18
experienced_fast_access_pct,Hoitopaikkaan riittävän nopeasti yhteyden saaneet,experienced_access,2024,HVA-01,Itä-Uudenmaan hyvinvointialue,wellbeing_area,64.8,,PERCENT,higher_is_better,5186,thl_sotkanet_indicator_5186,https://sotkanet.fi/sotkanet/fi/metadata/indicators/5186,2026-08-18
experienced_fast_access_pct,Hoitopaikkaan riittävän nopeasti yhteyden saaneet,experienced_access,2020,HVA-02,Keski-Uudenmaan hyvinvointialue,wellbeing_area,70.1,,PERCENT,higher_is_better,5186,thl_sotkanet_indicator_5186,https://sotkanet.fi/sotkanet/fi/metadata/indicators/5186,2026-08-18
experienced_fast_access_pct,Hoitopaikkaan riittävän nopeasti yhteyden saaneet,experienced_access,2022,HVA-02,Keski-Uudenmaan hyvinvointialue,wellbeing_area,60.2,,PERCENT,higher_is_better,5186,thl_sotkanet_indicator_5186,https://sotkanet.fi/sotkanet/fi/metadata/indicators/5186,2026-08-18
experienced_fast_access_pct,Hoitopaikkaan riittävän nopeasti yhteyden saaneet,experienced_access,2024,HVA-02,Keski-Uudenmaan hyvinvointialue,wellbeing_area,60.2,,PERCENT,higher_is_better,5186,thl_sotkanet_indicator_5186,https://sotkanet.fi/sotkanet/fi/metadata/indicators/5186,2026-08-18
experienced_fast_access_pct,Hoitopaikkaan riittävän nopeasti yhteyden saaneet,experienced_access,2020,HVA-03,Länsi-Uudenmaan hyvinvointialue,wellbeing_area,69.0,,PERCENT,higher_is_better,5186,thl_sotkanet_indicator_5186,https://sotkanet.fi/sotkanet/fi/metadata/indicators/5186,2026-08-18
experienced_fast_access_pct,Hoitopaikkaan riittävän nopeasti yhteyden saaneet,experienced_access,2022,HVA-03,Länsi-Uudenmaan hyvinvointialue,wellbeing_area,66.0,,PERCENT,higher_is_better,5186,thl_sotkanet_indicator_5186,https://sotkanet.fi/sotkanet/fi/metadata/indicators/5186,2026-08-18
experienced_fast_access_pct,Hoitopaikkaan riittävän nopeasti yhteyden saaneet,experienced_access,2024,HVA-03,Länsi-Uudenmaan hyvinvointialue,wellbeing_area,67.5,,PERCENT,higher_is_better,5186,thl_sotkanet_indicator_5186,https://sotkanet.fi/sotkanet/fi/metadata/indicators/5186,2026-08-18
experienced_fast_access_pct,Hoitopaikkaan riittävän nopeasti yhteyden saaneet,experienced_access,2020,HVA-04,Vantaan ja Keravan hyvinvointialue,wellbeing_area,66.8,,PERCENT,higher_is_better,5186,thl_sotkanet_indicator_5186,https://sotkanet.fi/sotkanet/fi/metadata/indicators/5186,2026-08-18
experienced_fast_access_pct,Hoitopaikkaan riittävän nopeasti yhteyden saaneet,experienced_access,2022,HVA-04,Vantaan ja Keravan hyvinvointialue,wellbeing_area,64.5,,PERCENT,higher_is_better,5186,thl_sotkanet_indicator_5186,https://sotkanet.fi/sotkanet/fi/metadata/indicators/5186,2026-08-18
experienced_fast_access_pct,Hoitopaikkaan riittävän nopeasti yhteyden saaneet,experienced_access,2024,HVA-04,Vantaan ja Keravan hyvinvointialue,wellbeing_area,63.5,,PERCENT,higher_is_better,5186,thl_sotkanet_indicator_5186,https://sotkanet.fi/sotkanet/fi/metadata/indicators/5186,2026-08-18
experienced_fast_access_pct,Hoitopaikkaan riittävän nopeasti yhteyden saaneet,experienced_access,2020,HVA-05,Varsinais-Suomen hyvinvointialue,wellbeing_area,66.9,,PERCENT,higher_is_better,5186,thl_sotkanet_indicator_5186,https://sotkanet.fi/sotkanet/fi/metadata/indicators/5186,2026-08-18
experienced_fast_access_pct,Hoitopaikkaan riittävän nopeasti yhteyden saaneet,experienced_access,2022,HVA-05,Varsinais-Suomen hyvinvointialue,wellbeing_area,64.8,,PERCENT,higher_is_better,5186,thl_sotkanet_indicator_5186,https://sotkanet.fi/sotkanet/fi/metadata/indicators/5186,2026-08-18
experienced_fast_access_pct,Hoitopaikkaan riittävän nopeasti yhteyden saaneet,experienced_access,2024,HVA-05,Varsinais-Suomen hyvinvointialue,wellbeing_area,66.2,,PERCENT,higher_is_better,5186,thl_sotkanet_indicator_5186,https://sotkanet.fi/sotkanet/fi/metadata/indicators/5186,2026-08-18
experienced_fast_access_pct,Hoitopaikkaan riittävän nopeasti yhteyden saaneet,experienced_access,2020,HVA-06,Satakunnan hyvinvointialue,wellbeing_area,68.0,,PERCENT,higher_is_better,5186,thl_sotkanet_indicator_5186,https://sotkanet.fi/sotkanet/fi/metadata/indicators/5186,2026-08-18
experienced_fast_access_pct,Hoitopaikkaan riittävän nopeasti yhteyden saaneet,experienced_access,2022,HVA-06,Satakunnan hyvinvointialue,wellbeing_area,60.9,,PERCENT,higher_is_better,5186,thl_sotkanet_indicator_5186,https://sotkanet.fi/sotkanet/fi/metadata/indicators/5186,2026-08-18
experienced_fast_access_pct,Hoitopaikkaan riittävän nopeasti yhteyden saaneet,experienced_access,2024,HVA-06,Satakunnan hyvinvointialue,wellbeing_area,61.2,,PERCENT,higher_is_better,5186,thl_sotkanet_indicator_5186,https://sotkanet.fi/sotkanet/fi/metadata/indicators/5186,2026-08-18
experienced_fast_access_pct,Hoitopaikkaan riittävän nopeasti yhteyden saaneet,experienced_access,2020,HVA-07,Kanta-Hämeen hyvinvointialue,wellbeing_area,71.9,,PERCENT,higher_is_better,5186,thl_sotkanet_indicator_5186,https://sotkanet.fi/sotkanet/fi/metadata/indicators/5186,2026-08-18
experienced_fast_access_pct,Hoitopaikkaan riittävän nopeasti yhteyden saaneet,experienced_access,2022,HVA-07,Kanta-Hämeen hyvinvointialue,wellbeing_area,68.2,,PERCENT,higher_is_better,5186,thl_sotkanet_indicator_5186,https://sotkanet.fi/sotkanet/fi/metadata/indicators/5186,2026-08-18
experienced_fast_access_pct,Hoitopaikkaan riittävän nopeasti yhteyden saaneet,experienced_access,2024,HVA-07,Kanta-Hämeen hyvinvointialue,wellbeing_area,71.2,,PERCENT,higher_is_better,5186,thl_sotkanet_indicator_5186,https://sotkanet.fi/sotkanet/fi/metadata/indicators/5186,2026-08-18
experienced_fast_access_pct,Hoitopaikkaan riittävän nopeasti yhteyden saaneet,experienced_access,2020,HVA-08,Pirkanmaan hyvinvointialue,wellbeing_area,68.7,,PERCENT,higher_is_better,5186,thl_sotkanet_indicator_5186,https://sotkanet.fi/sotkanet/fi/metadata/indicators/5186,2026-08-18
experienced_fast_access_pct,Hoitopaikkaan riittävän nopeasti yhteyden saaneet,experienced_access,2022,HVA-08,Pirkanmaan hyvinvointialue,wellbeing_area,62.5,,PERCENT,higher_is_better,5186,thl_sotkanet_indicator_5186,https://sotkanet.fi/sotkanet/fi/metadata/indicators/5186,2026-08-18
experienced_fast_access_pct,Hoitopaikkaan riittävän nopeasti yhteyden saaneet,experienced_access,2024,HVA-08,Pirkanmaan hyvinvointialue,wellbeing_area,68.4,,PERCENT,higher_is_better,5186,thl_sotkanet_indicator_5186,https://sotkanet.fi/sotkanet/fi/metadata/indicators/5186,2026-08-18
experienced_fast_access_pct,Hoitopaikkaan riittävän nopeasti yhteyden saaneet,experienced_access,2020,HVA-09,Päijät-Hämeen hyvinvointialue,wellbeing_area,68.1,,PERCENT,higher_is_better,5186,thl_sotkanet_indicator_5186,https://sotkanet.fi/sotkanet/fi/metadata/indicators/5186,2026-08-18
experienced_fast_access_pct,Hoitopaikkaan riittävän nopeasti yhteyden saaneet,experienced_access,2022,HVA-09,Päijät-Hämeen hyvinvointialue,wellbeing_area,62.5,,PERCENT,higher_is_better,5186,thl_sotkanet_indicator_5186,https://sotkanet.fi/sotkanet/fi/metadata/indicators/5186,2026-08-18
experienced_fast_access_pct,Hoitopaikkaan riittävän nopeasti yhteyden saaneet,experienced_access,2024,HVA-09,Päijät-Hämeen hyvinvointialue,wellbeing_area,66.9,,PERCENT,higher_is_better,5186,thl_sotkanet_indicator_5186,https://sotkanet.fi/sotkanet/fi/metadata/indicators/5186,2026-08-18
experienced_fast_access_pct,Hoitopaikkaan riittävän nopeasti yhteyden saaneet,experienced_access,2020,HVA-10,Kymenlaakson hyvinvointialue,wellbeing_area,62.4,,PERCENT,higher_is_better,5186,thl_sotkanet_indicator_5186,https://sotkanet.fi/sotkanet/fi/metadata/indicators/5186,2026-08-18
experienced_fast_access_pct,Hoitopaikkaan riittävän nopeasti yhteyden saaneet,experienced_access,2022,HVA-10,Kymenlaakson hyvinvointialue,wellbeing_area,56.6,,PERCENT,higher_is_better,5186,thl_sotkanet_indicator_5186,https://sotkanet.fi/sotkanet/fi/metadata/indicators/5186,2026-08-18
experienced_fast_access_pct,Hoitopaikkaan riittävän nopeasti yhteyden saaneet,experienced_access,2024,HVA-10,Kymenlaakson hyvinvointialue,wellbeing_area,62.1,,PERCENT,higher_is_better,5186,thl_sotkanet_indicator_5186,https://sotkanet.fi/sotkanet/fi/metadata/indicators/5186,2026-08-18
experienced_fast_access_pct,Hoitopaikkaan riittävän nopeasti yhteyden saaneet,experienced_access,2020,HVA-11,Etelä-Karjalan hyvinvointialue,wellbeing_area,64.5,,PERCENT,higher_is_better,5186,thl_sotkanet_indicator_5186,https://sotkanet.fi/sotkanet/fi/metadata/indicators/5186,2026-08-18
experienced_fast_access_pct,Hoitopaikkaan riittävän nopeasti yhteyden saaneet,experienced_access,2022,HVA-11,Etelä-Karjalan hyvinvointialue,wellbeing_area,59.6,,PERCENT,higher_is_better,5186,thl_sotkanet_indicator_5186,https://sotkanet.fi/sotkanet/fi/metadata/indicators/5186,2026-08-18
experienced_fast_access_pct,Hoitopaikkaan riittävän nopeasti yhteyden saaneet,experienced_access,2024,HVA-11,Etelä-Karjalan hyvinvointialue,wellbeing_area,58.1,,PERCENT,higher_is_better,5186,thl_sotkanet_indicator_5186,https://sotkanet.fi/sotkanet/fi/metadata/indicators/5186,2026-08-18
experienced_fast_access_pct,Hoitopaikkaan riittävän nopeasti yhteyden saaneet,experienced_access,2020,HVA-12,Etelä-Savon hyvinvointialue,wellbeing_area,69.7,,PERCENT,higher_is_better,5186,thl_sotkanet_indicator_5186,https://sotkanet.fi/sotkanet/fi/metadata/indicators/5186,2026-08-18
experienced_fast_access_pct,Hoitopaikkaan riittävän nopeasti yhteyden saaneet,experienced_access,2022,HVA-12,Etelä-Savon hyvinvointialue,wellbeing_area,60.8,,PERCENT,higher_is_better,5186,thl_sotkanet_indicator_5186,https://sotkanet.fi/sotkanet/fi/metadata/indicators/5186,2026-08-18
experienced_fast_access_pct,Hoitopaikkaan riittävän nopeasti yhteyden saaneet,experienced_access,2024,HVA-12,Etelä-Savon hyvinvointialue,wellbeing_area,59.2,,PERCENT,higher_is_better,5186,thl_sotkanet_indicator_5186,https://sotkanet.fi/sotkanet/fi/metadata/indicators/5186,2026-08-18
experienced_fast_access_pct,Hoitopaikkaan riittävän nopeasti yhteyden saaneet,experienced_access,2020,HVA-13,Pohjois-Savon hyvinvointialue,wellbeing_area,72.4,,PERCENT,higher_is_better,5186,thl_sotkanet_indicator_5186,https://sotkanet.fi/sotkanet/fi/metadata/indicators/5186,2026-08-18
experienced_fast_access_pct,Hoitopaikkaan riittävän nopeasti yhteyden saaneet,experienced_access,2022,HVA-13,Pohjois-Savon hyvinvointialue,wellbeing_area,65.0,,PERCENT,higher_is_better,5186,thl_sotkanet_indicator_5186,https://sotkanet.fi/sotkanet/fi/metadata/indicators/5186,2026-08-18
experienced_fast_access_pct,Hoitopaikkaan riittävän nopeasti yhteyden saaneet,experienced_access,2024,HVA-13,Pohjois-Savon hyvinvointialue,wellbeing_area,63.6,,PERCENT,higher_is_better,5186,thl_sotkanet_indicator_5186,https://sotkanet.fi/sotkanet/fi/metadata/indicators/5186,2026-08-18
experienced_fast_access_pct,Hoitopaikkaan riittävän nopeasti yhteyden saaneet,experienced_access,2020,HVA-14,Pohjois-Karjalan hyvinvointialue,wellbeing_area,63.0,,PERCENT,higher_is_better,5186,thl_sotkanet_indicator_5186,https://sotkanet.fi/sotkanet/fi/metadata/indicators/5186,2026-08-18
experienced_fast_access_pct,Hoitopaikkaan riittävän nopeasti yhteyden saaneet,experienced_access,2022,HVA-14,Pohjois-Karjalan hyvinvointialue,wellbeing_area,55.7,,PERCENT,higher_is_better,5186,thl_sotkanet_indicator_5186,https://sotkanet.fi/sotkanet/fi/metadata/indicators/5186,2026-08-18
experienced_fast_access_pct,Hoitopaikkaan riittävän nopeasti yhteyden saaneet,experienced_access,2024,HVA-14,Pohjois-Karjalan hyvinvointialue,wellbeing_area,56.4,,PERCENT,higher_is_better,5186,thl_sotkanet_indicator_5186,https://sotkanet.fi/sotkanet/fi/metadata/indicators/5186,2026-08-18
experienced_fast_access_pct,Hoitopaikkaan riittävän nopeasti yhteyden saaneet,experienced_access,2020,HVA-15,Keski-Suomen hyvinvointialue,wellbeing_area,68.5,,PERCENT,higher_is_better,5186,thl_sotkanet_indicator_5186,https://sotkanet.fi/sotkanet/fi/metadata/indicators/5186,2026-08-18
experienced_fast_access_pct,Hoitopaikkaan riittävän nopeasti yhteyden saaneet,experienced_access,2022,HVA-15,Keski-Suomen hyvinvointialue,wellbeing_area,63.0,,PERCENT,higher_is_better,5186,thl_sotkanet_indicator_5186,https://sotkanet.fi/sotkanet/fi/metadata/indicators/5186,2026-08-18
experienced_fast_access_pct,Hoitopaikkaan riittävän nopeasti yhteyden saaneet,experienced_access,2024,HVA-15,Keski-Suomen hyvinvointialue,wellbeing_area,64.9,,PERCENT,higher_is_better,5186,thl_sotkanet_indicator_5186,https://sotkanet.fi/sotkanet/fi/metadata/indicators/5186,2026-08-18
experienced_fast_access_pct,Hoitopaikkaan riittävän nopeasti yhteyden saaneet,experienced_access,2020,HVA-16,Etelä-Pohjanmaan hyvinvointialue,wellbeing_area,70.3,,PERCENT,higher_is_better,5186,thl_sotkanet_indicator_5186,https://sotkanet.fi/sotkanet/fi/metadata/indicators/5186,2026-08-18
experienced_fast_access_pct,Hoitopaikkaan riittävän nopeasti yhteyden saaneet,experienced_access,2022,HVA-16,Etelä-Pohjanmaan hyvinvointialue,wellbeing_area,66.0,,PERCENT,higher_is_better,5186,thl_sotkanet_indicator_5186,https://sotkanet.fi/sotkanet/fi/metadata/indicators/5186,2026-08-18
experienced_fast_access_pct,Hoitopaikkaan riittävän nopeasti yhteyden saaneet,experienced_access,2024,HVA-16,Etelä-Pohjanmaan hyvinvointialue,wellbeing_area,63.8,,PERCENT,higher_is_better,5186,thl_sotkanet_indicator_5186,https://sotkanet.fi/sotkanet/fi/metadata/indicators/5186,2026-08-18
experienced_fast_access_pct,Hoitopaikkaan riittävän nopeasti yhteyden saaneet,experienced_access,2020,HVA-17,Pohjanmaan hyvinvointialue,wellbeing_area,67.3,,PERCENT,higher_is_better,5186,thl_sotkanet_indicator_5186,https://sotkanet.fi/sotkanet/fi/metadata/indicators/5186,2026-08-18
experienced_fast_access_pct,Hoitopaikkaan riittävän nopeasti yhteyden saaneet,experienced_access,2022,HVA-17,Pohjanmaan hyvinvointialue,wellbeing_area,64.7,,PERCENT,higher_is_better,5186,thl_sotkanet_indicator_5186,https://sotkanet.fi/sotkanet/fi/metadata/indicators/5186,2026-08-18
experienced_fast_access_pct,Hoitopaikkaan riittävän nopeasti yhteyden saaneet,experienced_access,2024,HVA-17,Pohjanmaan hyvinvointialue,wellbeing_area,62.8,,PERCENT,higher_is_better,5186,thl_sotkanet_indicator_5186,https://sotkanet.fi/sotkanet/fi/metadata/indicators/5186,2026-08-18
experienced_fast_access_pct,Hoitopaikkaan riittävän nopeasti yhteyden saaneet,experienced_access,2020,HVA-18,Keski-Pohjanmaan hyvinvointialue,wellbeing_area,63.0,,PERCENT,higher_is_better,5186,thl_sotkanet_indicator_5186,https://sotkanet.fi/sotkanet/fi/metadata/indicators/5186,2026-08-18
experienced_fast_access_pct,Hoitopaikkaan riittävän nopeasti yhteyden saaneet,experienced_access,2022,HVA-18,Keski-Pohjanmaan hyvinvointialue,wellbeing_area,61.2,,PERCENT,higher_is_better,5186,thl_sotkanet_indicator_5186,https://sotkanet.fi/sotkanet/fi/metadata/indicators/5186,2026-08-18
experienced_fast_access_pct,Hoitopaikkaan riittävän nopeasti yhteyden saaneet,experienced_access,2024,HVA-18,Keski-Pohjanmaan hyvinvointialue,wellbeing_area,63.4,,PERCENT,higher_is_better,5186,thl_sotkanet_indicator_5186,https://sotkanet.fi/sotkanet/fi/metadata/indicators/5186,2026-08-18
experienced_fast_access_pct,Hoitopaikkaan riittävän nopeasti yhteyden saaneet,experienced_access,2020,HVA-19,Pohjois-Pohjanmaan hyvinvointialue,wellbeing_area,67.5,,PERCENT,higher_is_better,5186,thl_sotkanet_indicator_5186,https://sotkanet.fi/sotkanet/fi/metadata/indicators/5186,2026-08-18
experienced_fast_access_pct,Hoitopaikkaan riittävän nopeasti yhteyden saaneet,experienced_access,2022,HVA-19,Pohjois-Pohjanmaan hyvinvointialue,wellbeing_area,60.8,,PERCENT,higher_is_better,5186,thl_sotkanet_indicator_5186,https://sotkanet.fi/sotkanet/fi/metadata/indicators/5186,2026-08-18
experienced_fast_access_pct,Hoitopaikkaan riittävän nopeasti yhteyden saaneet,experienced_access,2024,HVA-19,Pohjois-Pohjanmaan hyvinvointialue,wellbeing_area,59.5,,PERCENT,higher_is_better,5186,thl_sotkanet_indicator_5186,https://sotkanet.fi/sotkanet/fi/metadata/indicators/5186,2026-08-18
experienced_fast_access_pct,Hoitopaikkaan riittävän nopeasti yhteyden saaneet,experienced_access,2020,HVA-20,Kainuun hyvinvointialue,wellbeing_area,62.5,,PERCENT,higher_is_better,5186,thl_sotkanet_indicator_5186,https://sotkanet.fi/sotkanet/fi/metadata/indicators/5186,2026-08-18
experienced_fast_access_pct,Hoitopaikkaan riittävän nopeasti yhteyden saaneet,experienced_access,2022,HVA-20,Kainuun hyvinvointialue,wellbeing_area,57.6,,PERCENT,higher_is_better,5186,thl_sotkanet_indicator_5186,https://sotkanet.fi/sotkanet/fi/metadata/indicators/5186,2026-08-18
experienced_fast_access_pct,Hoitopaikkaan riittävän nopeasti yhteyden saaneet,experienced_access,2024,HVA-20,Kainuun hyvinvointialue,wellbeing_area,61.1,,PERCENT,higher_is_better,5186,thl_sotkanet_indicator_5186,https://sotkanet.fi/sotkanet/fi/metadata/indicators/5186,2026-08-18
experienced_fast_access_pct,Hoitopaikkaan riittävän nopeasti yhteyden saaneet,experienced_access,2020,HVA-21,Lapin hyvinvointialue,wellbeing_area,69.1,,PERCENT,higher_is_better,5186,thl_sotkanet_indicator_5186,https://sotkanet.fi/sotkanet/fi/metadata/indicators/5186,2026-08-18
experienced_fast_access_pct,Hoitopaikkaan riittävän nopeasti yhteyden saaneet,experienced_access,2022,HVA-21,Lapin hyvinvointialue,wellbeing_area,62.6,,PERCENT,higher_is_better,5186,thl_sotkanet_indicator_5186,https://sotkanet.fi/sotkanet/fi/metadata/indicators/5186,2026-08-18
experienced_fast_access_pct,Hoitopaikkaan riittävän nopeasti yhteyden saaneet,experienced_access,2024,HVA-21,Lapin hyvinvointialue,wellbeing_area,62.0,,PERCENT,higher_is_better,5186,thl_sotkanet_indicator_5186,https://sotkanet.fi/sotkanet/fi/metadata/indicators/5186,2026-08-18
experienced_fast_access_pct,Hoitopaikkaan riittävän nopeasti yhteyden saaneet,experienced_access,2020,HVA-90,Helsingin kaupunki,wellbeing_area,72.1,,PERCENT,higher_is_better,5186,thl_sotkanet_indicator_5186,https://sotkanet.fi/sotkanet/fi/metadata/indicators/5186,2026-08-18
experienced_fast_access_pct,Hoitopaikkaan riittävän nopeasti yhteyden saaneet,experienced_access,2022,HVA-90,Helsingin kaupunki,wellbeing_area,64.5,,PERCENT,higher_is_better,5186,thl_sotkanet_indicator_5186,https://sotkanet.fi/sotkanet/fi/metadata/indicators/5186,2026-08-18
experienced_fast_access_pct,Hoitopaikkaan riittävän nopeasti yhteyden saaneet,experienced_access,2024,HVA-90,Helsingin kaupunki,wellbeing_area,69.8,,PERCENT,higher_is_better,5186,thl_sotkanet_indicator_5186,https://sotkanet.fi/sotkanet/fi/metadata/indicators/5186,2026-08-18
experienced_fast_access_pct,Hoitopaikkaan riittävän nopeasti yhteyden saaneet,experienced_access,2022,HVA-91,Ahvenanmaa,wellbeing_area,83.7,,PERCENT,higher_is_better,5186,thl_sotkanet_indicator_5186,https://sotkanet.fi/sotkanet/fi/metadata/indicators/5186,2026-08-18
experienced_fast_access_pct,Hoitopaikkaan riittävän nopeasti yhteyden saaneet,experienced_access,2024,HVA-91,Ahvenanmaa,wellbeing_area,79.2,,PERCENT,higher_is_better,5186,thl_sotkanet_indicator_5186,https://sotkanet.fi/sotkanet/fi/metadata/indicators/5186,2026-08-18
experienced_insufficient_doctor_services_pct,Tarpeeseen nähden riittämättömästi lääkäripalveluja saaneet,unmet_need,2020,FI,Koko maa,country,19.8,,PERCENT_OF_PEOPLE_NEEDING_SERVICES,lower_is_better,4909,thl_sotkanet_indicator_4909,https://sotkanet.fi/sotkanet/fi/metadata/indicators/4909,2026-08-18
experienced_insufficient_doctor_services_pct,Tarpeeseen nähden riittämättömästi lääkäripalveluja saaneet,unmet_need,2022,FI,Koko maa,country,24.9,,PERCENT_OF_PEOPLE_NEEDING_SERVICES,lower_is_better,4909,thl_sotkanet_indicator_4909,https://sotkanet.fi/sotkanet/fi/metadata/indicators/4909,2026-08-18
experienced_insufficient_doctor_services_pct,Tarpeeseen nähden riittämättömästi lääkäripalveluja saaneet,unmet_need,2024,FI,Koko maa,country,24.9,,PERCENT_OF_PEOPLE_NEEDING_SERVICES,lower_is_better,4909,thl_sotkanet_indicator_4909,https://sotkanet.fi/sotkanet/fi/metadata/indicators/4909,2026-08-18
experienced_insufficient_doctor_services_pct,Tarpeeseen nähden riittämättömästi lääkäripalveluja saaneet,unmet_need,2020,HVA-01,Itä-Uudenmaan hyvinvointialue,wellbeing_area,19.8,,PERCENT_OF_PEOPLE_NEEDING_SERVICES,lower_is_better,4909,thl_sotkanet_indicator_4909,https://sotkanet.fi/sotkanet/fi/metadata/indicators/4909,2026-08-18
experienced_insufficient_doctor_services_pct,Tarpeeseen nähden riittämättömästi lääkäripalveluja saaneet,unmet_need,2022,HVA-01,Itä-Uudenmaan hyvinvointialue,wellbeing_area,25.9,,PERCENT_OF_PEOPLE_NEEDING_SERVICES,lower_is_better,4909,thl_sotkanet_indicator_4909,https://sotkanet.fi/sotkanet/fi/metadata/indicators/4909,2026-08-18
experienced_insufficient_doctor_services_pct,Tarpeeseen nähden riittämättömästi lääkäripalveluja saaneet,unmet_need,2024,HVA-01,Itä-Uudenmaan hyvinvointialue,wellbeing_area,22.4,,PERCENT_OF_PEOPLE_NEEDING_SERVICES,lower_is_better,4909,thl_sotkanet_indicator_4909,https://sotkanet.fi/sotkanet/fi/metadata/indicators/4909,2026-08-18
experienced_insufficient_doctor_services_pct,Tarpeeseen nähden riittämättömästi lääkäripalveluja saaneet,unmet_need,2020,HVA-02,Keski-Uudenmaan hyvinvointialue,wellbeing_area,19.9,,PERCENT_OF_PEOPLE_NEEDING_SERVICES,lower_is_better,4909,thl_sotkanet_indicator_4909,https://sotkanet.fi/sotkanet/fi/metadata/indicators/4909,2026-08-18
experienced_insufficient_doctor_services_pct,Tarpeeseen nähden riittämättömästi lääkäripalveluja saaneet,unmet_need,2022,HVA-02,Keski-Uudenmaan hyvinvointialue,wellbeing_area,32.8,,PERCENT_OF_PEOPLE_NEEDING_SERVICES,lower_is_better,4909,thl_sotkanet_indicator_4909,https://sotkanet.fi/sotkanet/fi/metadata/indicators/4909,2026-08-18
experienced_insufficient_doctor_services_pct,Tarpeeseen nähden riittämättömästi lääkäripalveluja saaneet,unmet_need,2024,HVA-02,Keski-Uudenmaan hyvinvointialue,wellbeing_area,30.8,,PERCENT_OF_PEOPLE_NEEDING_SERVICES,lower_is_better,4909,thl_sotkanet_indicator_4909,https://sotkanet.fi/sotkanet/fi/metadata/indicators/4909,2026-08-18
experienced_insufficient_doctor_services_pct,Tarpeeseen nähden riittämättömästi lääkäripalveluja saaneet,unmet_need,2020,HVA-03,Länsi-Uudenmaan hyvinvointialue,wellbeing_area,18.7,,PERCENT_OF_PEOPLE_NEEDING_SERVICES,lower_is_better,4909,thl_sotkanet_indicator_4909,https://sotkanet.fi/sotkanet/fi/metadata/indicators/4909,2026-08-18
experienced_insufficient_doctor_services_pct,Tarpeeseen nähden riittämättömästi lääkäripalveluja saaneet,unmet_need,2022,HVA-03,Länsi-Uudenmaan hyvinvointialue,wellbeing_area,23.6,,PERCENT_OF_PEOPLE_NEEDING_SERVICES,lower_is_better,4909,thl_sotkanet_indicator_4909,https://sotkanet.fi/sotkanet/fi/metadata/indicators/4909,2026-08-18
experienced_insufficient_doctor_services_pct,Tarpeeseen nähden riittämättömästi lääkäripalveluja saaneet,unmet_need,2024,HVA-03,Länsi-Uudenmaan hyvinvointialue,wellbeing_area,29.4,,PERCENT_OF_PEOPLE_NEEDING_SERVICES,lower_is_better,4909,thl_sotkanet_indicator_4909,https://sotkanet.fi/sotkanet/fi/metadata/indicators/4909,2026-08-18
experienced_insufficient_doctor_services_pct,Tarpeeseen nähden riittämättömästi lääkäripalveluja saaneet,unmet_need,2020,HVA-04,Vantaan ja Keravan hyvinvointialue,wellbeing_area,25.1,,PERCENT_OF_PEOPLE_NEEDING_SERVICES,lower_is_better,4909,thl_sotkanet_indicator_4909,https://sotkanet.fi/sotkanet/fi/metadata/indicators/4909,2026-08-18
experienced_insufficient_doctor_services_pct,Tarpeeseen nähden riittämättömästi lääkäripalveluja saaneet,unmet_need,2022,HVA-04,Vantaan ja Keravan hyvinvointialue,wellbeing_area,28.6,,PERCENT_OF_PEOPLE_NEEDING_SERVICES,lower_is_better,4909,thl_sotkanet_indicator_4909,https://sotkanet.fi/sotkanet/fi/metadata/indicators/4909,2026-08-18
experienced_insufficient_doctor_services_pct,Tarpeeseen nähden riittämättömästi lääkäripalveluja saaneet,unmet_need,2024,HVA-04,Vantaan ja Keravan hyvinvointialue,wellbeing_area,24.9,,PERCENT_OF_PEOPLE_NEEDING_SERVICES,lower_is_better,4909,thl_sotkanet_indicator_4909,https://sotkanet.fi/sotkanet/fi/metadata/indicators/4909,2026-08-18
experienced_insufficient_doctor_services_pct,Tarpeeseen nähden riittämättömästi lääkäripalveluja saaneet,unmet_need,2020,HVA-05,Varsinais-Suomen hyvinvointialue,wellbeing_area,19.1,,PERCENT_OF_PEOPLE_NEEDING_SERVICES,lower_is_better,4909,thl_sotkanet_indicator_4909,https://sotkanet.fi/sotkanet/fi/metadata/indicators/4909,2026-08-18
experienced_insufficient_doctor_services_pct,Tarpeeseen nähden riittämättömästi lääkäripalveluja saaneet,unmet_need,2022,HVA-05,Varsinais-Suomen hyvinvointialue,wellbeing_area,23.6,,PERCENT_OF_PEOPLE_NEEDING_SERVICES,lower_is_better,4909,thl_sotkanet_indicator_4909,https://sotkanet.fi/sotkanet/fi/metadata/indicators/4909,2026-08-18
experienced_insufficient_doctor_services_pct,Tarpeeseen nähden riittämättömästi lääkäripalveluja saaneet,unmet_need,2024,HVA-05,Varsinais-Suomen hyvinvointialue,wellbeing_area,19.8,,PERCENT_OF_PEOPLE_NEEDING_SERVICES,lower_is_better,4909,thl_sotkanet_indicator_4909,https://sotkanet.fi/sotkanet/fi/metadata/indicators/4909,2026-08-18
experienced_insufficient_doctor_services_pct,Tarpeeseen nähden riittämättömästi lääkäripalveluja saaneet,unmet_need,2020,HVA-06,Satakunnan hyvinvointialue,wellbeing_area,20.7,,PERCENT_OF_PEOPLE_NEEDING_SERVICES,lower_is_better,4909,thl_sotkanet_indicator_4909,https://sotkanet.fi/sotkanet/fi/metadata/indicators/4909,2026-08-18
experienced_insufficient_doctor_services_pct,Tarpeeseen nähden riittämättömästi lääkäripalveluja saaneet,unmet_need,2022,HVA-06,Satakunnan hyvinvointialue,wellbeing_area,25.1,,PERCENT_OF_PEOPLE_NEEDING_SERVICES,lower_is_better,4909,thl_sotkanet_indicator_4909,https://sotkanet.fi/sotkanet/fi/metadata/indicators/4909,2026-08-18
experienced_insufficient_doctor_services_pct,Tarpeeseen nähden riittämättömästi lääkäripalveluja saaneet,unmet_need,2024,HVA-06,Satakunnan hyvinvointialue,wellbeing_area,26.3,,PERCENT_OF_PEOPLE_NEEDING_SERVICES,lower_is_better,4909,thl_sotkanet_indicator_4909,https://sotkanet.fi/sotkanet/fi/metadata/indicators/4909,2026-08-18
experienced_insufficient_doctor_services_pct,Tarpeeseen nähden riittämättömästi lääkäripalveluja saaneet,unmet_need,2020,HVA-07,Kanta-Hämeen hyvinvointialue,wellbeing_area,17.3,,PERCENT_OF_PEOPLE_NEEDING_SERVICES,lower_is_better,4909,thl_sotkanet_indicator_4909,https://sotkanet.fi/sotkanet/fi/metadata/indicators/4909,2026-08-18
experienced_insufficient_doctor_services_pct,Tarpeeseen nähden riittämättömästi lääkäripalveluja saaneet,unmet_need,2022,HVA-07,Kanta-Hämeen hyvinvointialue,wellbeing_area,18.3,,PERCENT_OF_PEOPLE_NEEDING_SERVICES,lower_is_better,4909,thl_sotkanet_indicator_4909,https://sotkanet.fi/sotkanet/fi/metadata/indicators/4909,2026-08-18
experienced_insufficient_doctor_services_pct,Tarpeeseen nähden riittämättömästi lääkäripalveluja saaneet,unmet_need,2024,HVA-07,Kanta-Hämeen hyvinvointialue,wellbeing_area,19.3,,PERCENT_OF_PEOPLE_NEEDING_SERVICES,lower_is_better,4909,thl_sotkanet_indicator_4909,https://sotkanet.fi/sotkanet/fi/metadata/indicators/4909,2026-08-18
experienced_insufficient_doctor_services_pct,Tarpeeseen nähden riittämättömästi lääkäripalveluja saaneet,unmet_need,2020,HVA-08,Pirkanmaan hyvinvointialue,wellbeing_area,18.7,,PERCENT_OF_PEOPLE_NEEDING_SERVICES,lower_is_better,4909,thl_sotkanet_indicator_4909,https://sotkanet.fi/sotkanet/fi/metadata/indicators/4909,2026-08-18
experienced_insufficient_doctor_services_pct,Tarpeeseen nähden riittämättömästi lääkäripalveluja saaneet,unmet_need,2022,HVA-08,Pirkanmaan hyvinvointialue,wellbeing_area,23.7,,PERCENT_OF_PEOPLE_NEEDING_SERVICES,lower_is_better,4909,thl_sotkanet_indicator_4909,https://sotkanet.fi/sotkanet/fi/metadata/indicators/4909,2026-08-18
experienced_insufficient_doctor_services_pct,Tarpeeseen nähden riittämättömästi lääkäripalveluja saaneet,unmet_need,2024,HVA-08,Pirkanmaan hyvinvointialue,wellbeing_area,22.4,,PERCENT_OF_PEOPLE_NEEDING_SERVICES,lower_is_better,4909,thl_sotkanet_indicator_4909,https://sotkanet.fi/sotkanet/fi/metadata/indicators/4909,2026-08-18
experienced_insufficient_doctor_services_pct,Tarpeeseen nähden riittämättömästi lääkäripalveluja saaneet,unmet_need,2020,HVA-09,Päijät-Hämeen hyvinvointialue,wellbeing_area,23.3,,PERCENT_OF_PEOPLE_NEEDING_SERVICES,lower_is_better,4909,thl_sotkanet_indicator_4909,https://sotkanet.fi/sotkanet/fi/metadata/indicators/4909,2026-08-18
experienced_insufficient_doctor_services_pct,Tarpeeseen nähden riittämättömästi lääkäripalveluja saaneet,unmet_need,2022,HVA-09,Päijät-Hämeen hyvinvointialue,wellbeing_area,23.6,,PERCENT_OF_PEOPLE_NEEDING_SERVICES,lower_is_better,4909,thl_sotkanet_indicator_4909,https://sotkanet.fi/sotkanet/fi/metadata/indicators/4909,2026-08-18
experienced_insufficient_doctor_services_pct,Tarpeeseen nähden riittämättömästi lääkäripalveluja saaneet,unmet_need,2024,HVA-09,Päijät-Hämeen hyvinvointialue,wellbeing_area,26.0,,PERCENT_OF_PEOPLE_NEEDING_SERVICES,lower_is_better,4909,thl_sotkanet_indicator_4909,https://sotkanet.fi/sotkanet/fi/metadata/indicators/4909,2026-08-18
experienced_insufficient_doctor_services_pct,Tarpeeseen nähden riittämättömästi lääkäripalveluja saaneet,unmet_need,2020,HVA-10,Kymenlaakson hyvinvointialue,wellbeing_area,18.9,,PERCENT_OF_PEOPLE_NEEDING_SERVICES,lower_is_better,4909,thl_sotkanet_indicator_4909,https://sotkanet.fi/sotkanet/fi/metadata/indicators/4909,2026-08-18
experienced_insufficient_doctor_services_pct,Tarpeeseen nähden riittämättömästi lääkäripalveluja saaneet,unmet_need,2022,HVA-10,Kymenlaakson hyvinvointialue,wellbeing_area,26.2,,PERCENT_OF_PEOPLE_NEEDING_SERVICES,lower_is_better,4909,thl_sotkanet_indicator_4909,https://sotkanet.fi/sotkanet/fi/metadata/indicators/4909,2026-08-18
experienced_insufficient_doctor_services_pct,Tarpeeseen nähden riittämättömästi lääkäripalveluja saaneet,unmet_need,2024,HVA-10,Kymenlaakson hyvinvointialue,wellbeing_area,20.7,,PERCENT_OF_PEOPLE_NEEDING_SERVICES,lower_is_better,4909,thl_sotkanet_indicator_4909,https://sotkanet.fi/sotkanet/fi/metadata/indicators/4909,2026-08-18
experienced_insufficient_doctor_services_pct,Tarpeeseen nähden riittämättömästi lääkäripalveluja saaneet,unmet_need,2020,HVA-11,Etelä-Karjalan hyvinvointialue,wellbeing_area,21.0,,PERCENT_OF_PEOPLE_NEEDING_SERVICES,lower_is_better,4909,thl_sotkanet_indicator_4909,https://sotkanet.fi/sotkanet/fi/metadata/indicators/4909,2026-08-18
experienced_insufficient_doctor_services_pct,Tarpeeseen nähden riittämättömästi lääkäripalveluja saaneet,unmet_need,2022,HVA-11,Etelä-Karjalan hyvinvointialue,wellbeing_area,26.9,,PERCENT_OF_PEOPLE_NEEDING_SERVICES,lower_is_better,4909,thl_sotkanet_indicator_4909,https://sotkanet.fi/sotkanet/fi/metadata/indicators/4909,2026-08-18
experienced_insufficient_doctor_services_pct,Tarpeeseen nähden riittämättömästi lääkäripalveluja saaneet,unmet_need,2024,HVA-11,Etelä-Karjalan hyvinvointialue,wellbeing_area,24.9,,PERCENT_OF_PEOPLE_NEEDING_SERVICES,lower_is_better,4909,thl_sotkanet_indicator_4909,https://sotkanet.fi/sotkanet/fi/metadata/indicators/4909,2026-08-18
experienced_insufficient_doctor_services_pct,Tarpeeseen nähden riittämättömästi lääkäripalveluja saaneet,unmet_need,2020,HVA-12,Etelä-Savon hyvinvointialue,wellbeing_area,17.7,,PERCENT_OF_PEOPLE_NEEDING_SERVICES,lower_is_better,4909,thl_sotkanet_indicator_4909,https://sotkanet.fi/sotkanet/fi/metadata/indicators/4909,2026-08-18
experienced_insufficient_doctor_services_pct,Tarpeeseen nähden riittämättömästi lääkäripalveluja saaneet,unmet_need,2022,HVA-12,Etelä-Savon hyvinvointialue,wellbeing_area,19.2,,PERCENT_OF_PEOPLE_NEEDING_SERVICES,lower_is_better,4909,thl_sotkanet_indicator_4909,https://sotkanet.fi/sotkanet/fi/metadata/indicators/4909,2026-08-18
experienced_insufficient_doctor_services_pct,Tarpeeseen nähden riittämättömästi lääkäripalveluja saaneet,unmet_need,2024,HVA-12,Etelä-Savon hyvinvointialue,wellbeing_area,24.8,,PERCENT_OF_PEOPLE_NEEDING_SERVICES,lower_is_better,4909,thl_sotkanet_indicator_4909,https://sotkanet.fi/sotkanet/fi/metadata/indicators/4909,2026-08-18
experienced_insufficient_doctor_services_pct,Tarpeeseen nähden riittämättömästi lääkäripalveluja saaneet,unmet_need,2020,HVA-13,Pohjois-Savon hyvinvointialue,wellbeing_area,13.9,,PERCENT_OF_PEOPLE_NEEDING_SERVICES,lower_is_better,4909,thl_sotkanet_indicator_4909,https://sotkanet.fi/sotkanet/fi/metadata/indicators/4909,2026-08-18
experienced_insufficient_doctor_services_pct,Tarpeeseen nähden riittämättömästi lääkäripalveluja saaneet,unmet_need,2022,HVA-13,Pohjois-Savon hyvinvointialue,wellbeing_area,19.7,,PERCENT_OF_PEOPLE_NEEDING_SERVICES,lower_is_better,4909,thl_sotkanet_indicator_4909,https://sotkanet.fi/sotkanet/fi/metadata/indicators/4909,2026-08-18
experienced_insufficient_doctor_services_pct,Tarpeeseen nähden riittämättömästi lääkäripalveluja saaneet,unmet_need,2024,HVA-13,Pohjois-Savon hyvinvointialue,wellbeing_area,24.5,,PERCENT_OF_PEOPLE_NEEDING_SERVICES,lower_is_better,4909,thl_sotkanet_indicator_4909,https://sotkanet.fi/sotkanet/fi/metadata/indicators/4909,2026-08-18
experienced_insufficient_doctor_services_pct,Tarpeeseen nähden riittämättömästi lääkäripalveluja saaneet,unmet_need,2020,HVA-14,Pohjois-Karjalan hyvinvointialue,wellbeing_area,23.0,,PERCENT_OF_PEOPLE_NEEDING_SERVICES,lower_is_better,4909,thl_sotkanet_indicator_4909,https://sotkanet.fi/sotkanet/fi/metadata/indicators/4909,2026-08-18
experienced_insufficient_doctor_services_pct,Tarpeeseen nähden riittämättömästi lääkäripalveluja saaneet,unmet_need,2022,HVA-14,Pohjois-Karjalan hyvinvointialue,wellbeing_area,35.2,,PERCENT_OF_PEOPLE_NEEDING_SERVICES,lower_is_better,4909,thl_sotkanet_indicator_4909,https://sotkanet.fi/sotkanet/fi/metadata/indicators/4909,2026-08-18
experienced_insufficient_doctor_services_pct,Tarpeeseen nähden riittämättömästi lääkäripalveluja saaneet,unmet_need,2024,HVA-14,Pohjois-Karjalan hyvinvointialue,wellbeing_area,32.1,,PERCENT_OF_PEOPLE_NEEDING_SERVICES,lower_is_better,4909,thl_sotkanet_indicator_4909,https://sotkanet.fi/sotkanet/fi/metadata/indicators/4909,2026-08-18
experienced_insufficient_doctor_services_pct,Tarpeeseen nähden riittämättömästi lääkäripalveluja saaneet,unmet_need,2020,HVA-15,Keski-Suomen hyvinvointialue,wellbeing_area,17.2,,PERCENT_OF_PEOPLE_NEEDING_SERVICES,lower_is_better,4909,thl_sotkanet_indicator_4909,https://sotkanet.fi/sotkanet/fi/metadata/indicators/4909,2026-08-18
experienced_insufficient_doctor_services_pct,Tarpeeseen nähden riittämättömästi lääkäripalveluja saaneet,unmet_need,2022,HVA-15,Keski-Suomen hyvinvointialue,wellbeing_area,24.0,,PERCENT_OF_PEOPLE_NEEDING_SERVICES,lower_is_better,4909,thl_sotkanet_indicator_4909,https://sotkanet.fi/sotkanet/fi/metadata/indicators/4909,2026-08-18
experienced_insufficient_doctor_services_pct,Tarpeeseen nähden riittämättömästi lääkäripalveluja saaneet,unmet_need,2024,HVA-15,Keski-Suomen hyvinvointialue,wellbeing_area,25.1,,PERCENT_OF_PEOPLE_NEEDING_SERVICES,lower_is_better,4909,thl_sotkanet_indicator_4909,https://sotkanet.fi/sotkanet/fi/metadata/indicators/4909,2026-08-18
experienced_insufficient_doctor_services_pct,Tarpeeseen nähden riittämättömästi lääkäripalveluja saaneet,unmet_need,2020,HVA-16,Etelä-Pohjanmaan hyvinvointialue,wellbeing_area,14.1,,PERCENT_OF_PEOPLE_NEEDING_SERVICES,lower_is_better,4909,thl_sotkanet_indicator_4909,https://sotkanet.fi/sotkanet/fi/metadata/indicators/4909,2026-08-18
experienced_insufficient_doctor_services_pct,Tarpeeseen nähden riittämättömästi lääkäripalveluja saaneet,unmet_need,2022,HVA-16,Etelä-Pohjanmaan hyvinvointialue,wellbeing_area,22.3,,PERCENT_OF_PEOPLE_NEEDING_SERVICES,lower_is_better,4909,thl_sotkanet_indicator_4909,https://sotkanet.fi/sotkanet/fi/metadata/indicators/4909,2026-08-18
experienced_insufficient_doctor_services_pct,Tarpeeseen nähden riittämättömästi lääkäripalveluja saaneet,unmet_need,2024,HVA-16,Etelä-Pohjanmaan hyvinvointialue,wellbeing_area,24.3,,PERCENT_OF_PEOPLE_NEEDING_SERVICES,lower_is_better,4909,thl_sotkanet_indicator_4909,https://sotkanet.fi/sotkanet/fi/metadata/indicators/4909,2026-08-18
experienced_insufficient_doctor_services_pct,Tarpeeseen nähden riittämättömästi lääkäripalveluja saaneet,unmet_need,2020,HVA-17,Pohjanmaan hyvinvointialue,wellbeing_area,21.8,,PERCENT_OF_PEOPLE_NEEDING_SERVICES,lower_is_better,4909,thl_sotkanet_indicator_4909,https://sotkanet.fi/sotkanet/fi/metadata/indicators/4909,2026-08-18
experienced_insufficient_doctor_services_pct,Tarpeeseen nähden riittämättömästi lääkäripalveluja saaneet,unmet_need,2022,HVA-17,Pohjanmaan hyvinvointialue,wellbeing_area,27.8,,PERCENT_OF_PEOPLE_NEEDING_SERVICES,lower_is_better,4909,thl_sotkanet_indicator_4909,https://sotkanet.fi/sotkanet/fi/metadata/indicators/4909,2026-08-18
experienced_insufficient_doctor_services_pct,Tarpeeseen nähden riittämättömästi lääkäripalveluja saaneet,unmet_need,2024,HVA-17,Pohjanmaan hyvinvointialue,wellbeing_area,19.8,,PERCENT_OF_PEOPLE_NEEDING_SERVICES,lower_is_better,4909,thl_sotkanet_indicator_4909,https://sotkanet.fi/sotkanet/fi/metadata/indicators/4909,2026-08-18
experienced_insufficient_doctor_services_pct,Tarpeeseen nähden riittämättömästi lääkäripalveluja saaneet,unmet_need,2020,HVA-18,Keski-Pohjanmaan hyvinvointialue,wellbeing_area,14.5,,PERCENT_OF_PEOPLE_NEEDING_SERVICES,lower_is_better,4909,thl_sotkanet_indicator_4909,https://sotkanet.fi/sotkanet/fi/metadata/indicators/4909,2026-08-18
experienced_insufficient_doctor_services_pct,Tarpeeseen nähden riittämättömästi lääkäripalveluja saaneet,unmet_need,2022,HVA-18,Keski-Pohjanmaan hyvinvointialue,wellbeing_area,20.3,,PERCENT_OF_PEOPLE_NEEDING_SERVICES,lower_is_better,4909,thl_sotkanet_indicator_4909,https://sotkanet.fi/sotkanet/fi/metadata/indicators/4909,2026-08-18
experienced_insufficient_doctor_services_pct,Tarpeeseen nähden riittämättömästi lääkäripalveluja saaneet,unmet_need,2024,HVA-18,Keski-Pohjanmaan hyvinvointialue,wellbeing_area,21.4,,PERCENT_OF_PEOPLE_NEEDING_SERVICES,lower_is_better,4909,thl_sotkanet_indicator_4909,https://sotkanet.fi/sotkanet/fi/metadata/indicators/4909,2026-08-18
experienced_insufficient_doctor_services_pct,Tarpeeseen nähden riittämättömästi lääkäripalveluja saaneet,unmet_need,2020,HVA-19,Pohjois-Pohjanmaan hyvinvointialue,wellbeing_area,18.9,,PERCENT_OF_PEOPLE_NEEDING_SERVICES,lower_is_better,4909,thl_sotkanet_indicator_4909,https://sotkanet.fi/sotkanet/fi/metadata/indicators/4909,2026-08-18
experienced_insufficient_doctor_services_pct,Tarpeeseen nähden riittämättömästi lääkäripalveluja saaneet,unmet_need,2022,HVA-19,Pohjois-Pohjanmaan hyvinvointialue,wellbeing_area,24.7,,PERCENT_OF_PEOPLE_NEEDING_SERVICES,lower_is_better,4909,thl_sotkanet_indicator_4909,https://sotkanet.fi/sotkanet/fi/metadata/indicators/4909,2026-08-18
experienced_insufficient_doctor_services_pct,Tarpeeseen nähden riittämättömästi lääkäripalveluja saaneet,unmet_need,2024,HVA-19,Pohjois-Pohjanmaan hyvinvointialue,wellbeing_area,27.5,,PERCENT_OF_PEOPLE_NEEDING_SERVICES,lower_is_better,4909,thl_sotkanet_indicator_4909,https://sotkanet.fi/sotkanet/fi/metadata/indicators/4909,2026-08-18
experienced_insufficient_doctor_services_pct,Tarpeeseen nähden riittämättömästi lääkäripalveluja saaneet,unmet_need,2020,HVA-20,Kainuun hyvinvointialue,wellbeing_area,23.1,,PERCENT_OF_PEOPLE_NEEDING_SERVICES,lower_is_better,4909,thl_sotkanet_indicator_4909,https://sotkanet.fi/sotkanet/fi/metadata/indicators/4909,2026-08-18
experienced_insufficient_doctor_services_pct,Tarpeeseen nähden riittämättömästi lääkäripalveluja saaneet,unmet_need,2022,HVA-20,Kainuun hyvinvointialue,wellbeing_area,30.4,,PERCENT_OF_PEOPLE_NEEDING_SERVICES,lower_is_better,4909,thl_sotkanet_indicator_4909,https://sotkanet.fi/sotkanet/fi/metadata/indicators/4909,2026-08-18
experienced_insufficient_doctor_services_pct,Tarpeeseen nähden riittämättömästi lääkäripalveluja saaneet,unmet_need,2024,HVA-20,Kainuun hyvinvointialue,wellbeing_area,27.4,,PERCENT_OF_PEOPLE_NEEDING_SERVICES,lower_is_better,4909,thl_sotkanet_indicator_4909,https://sotkanet.fi/sotkanet/fi/metadata/indicators/4909,2026-08-18
experienced_insufficient_doctor_services_pct,Tarpeeseen nähden riittämättömästi lääkäripalveluja saaneet,unmet_need,2020,HVA-21,Lapin hyvinvointialue,wellbeing_area,18.9,,PERCENT_OF_PEOPLE_NEEDING_SERVICES,lower_is_better,4909,thl_sotkanet_indicator_4909,https://sotkanet.fi/sotkanet/fi/metadata/indicators/4909,2026-08-18
experienced_insufficient_doctor_services_pct,Tarpeeseen nähden riittämättömästi lääkäripalveluja saaneet,unmet_need,2022,HVA-21,Lapin hyvinvointialue,wellbeing_area,24.0,,PERCENT_OF_PEOPLE_NEEDING_SERVICES,lower_is_better,4909,thl_sotkanet_indicator_4909,https://sotkanet.fi/sotkanet/fi/metadata/indicators/4909,2026-08-18
experienced_insufficient_doctor_services_pct,Tarpeeseen nähden riittämättömästi lääkäripalveluja saaneet,unmet_need,2024,HVA-21,Lapin hyvinvointialue,wellbeing_area,20.9,,PERCENT_OF_PEOPLE_NEEDING_SERVICES,lower_is_better,4909,thl_sotkanet_indicator_4909,https://sotkanet.fi/sotkanet/fi/metadata/indicators/4909,2026-08-18
experienced_insufficient_doctor_services_pct,Tarpeeseen nähden riittämättömästi lääkäripalveluja saaneet,unmet_need,2020,HVA-90,Helsingin kaupunki,wellbeing_area,24.1,,PERCENT_OF_PEOPLE_NEEDING_SERVICES,lower_is_better,4909,thl_sotkanet_indicator_4909,https://sotkanet.fi/sotkanet/fi/metadata/indicators/4909,2026-08-18
experienced_insufficient_doctor_services_pct,Tarpeeseen nähden riittämättömästi lääkäripalveluja saaneet,unmet_need,2022,HVA-90,Helsingin kaupunki,wellbeing_area,26.6,,PERCENT_OF_PEOPLE_NEEDING_SERVICES,lower_is_better,4909,thl_sotkanet_indicator_4909,https://sotkanet.fi/sotkanet/fi/metadata/indicators/4909,2026-08-18
experienced_insufficient_doctor_services_pct,Tarpeeseen nähden riittämättömästi lääkäripalveluja saaneet,unmet_need,2024,HVA-90,Helsingin kaupunki,wellbeing_area,27.3,,PERCENT_OF_PEOPLE_NEEDING_SERVICES,lower_is_better,4909,thl_sotkanet_indicator_4909,https://sotkanet.fi/sotkanet/fi/metadata/indicators/4909,2026-08-18
experienced_insufficient_doctor_services_pct,Tarpeeseen nähden riittämättömästi lääkäripalveluja saaneet,unmet_need,2022,HVA-91,Ahvenanmaa,wellbeing_area,14.1,,PERCENT_OF_PEOPLE_NEEDING_SERVICES,lower_is_better,4909,thl_sotkanet_indicator_4909,https://sotkanet.fi/sotkanet/fi/metadata/indicators/4909,2026-08-18
experienced_insufficient_doctor_services_pct,Tarpeeseen nähden riittämättömästi lääkäripalveluja saaneet,unmet_need,2024,HVA-91,Ahvenanmaa,wellbeing_area,15.4,,PERCENT_OF_PEOPLE_NEEDING_SERVICES,lower_is_better,4909,thl_sotkanet_indicator_4909,https://sotkanet.fi/sotkanet/fi/metadata/indicators/4909,2026-08-18
primary_care_cost_nominal_eur_per_resident,Perusterveydenhuollon nettokäyttökustannukset,cost,2020,FI,Koko maa,country,578.9,,EUR_PER_RESIDENT,lower_is_less_input,3764+3766,thl_sotkanet_indicators_3764_3766,https://sotkanet.fi/sotkanet/fi/metadata/indicators/3764;https://sotkanet.fi/sotkanet/fi/metadata/indicators/3766,2026-08-18
primary_care_cost_nominal_eur_per_resident,Perusterveydenhuollon nettokäyttökustannukset,cost,2021,FI,Koko maa,country,544.8,,EUR_PER_RESIDENT,lower_is_less_input,3764+3766,thl_sotkanet_indicators_3764_3766,https://sotkanet.fi/sotkanet/fi/metadata/indicators/3764;https://sotkanet.fi/sotkanet/fi/metadata/indicators/3766,2026-08-18
primary_care_cost_nominal_eur_per_resident,Perusterveydenhuollon nettokäyttökustannukset,cost,2022,FI,Koko maa,country,567.4,,EUR_PER_RESIDENT,lower_is_less_input,3764+3766,thl_sotkanet_indicators_3764_3766,https://sotkanet.fi/sotkanet/fi/metadata/indicators/3764;https://sotkanet.fi/sotkanet/fi/metadata/indicators/3766,2026-08-18
primary_care_cost_nominal_eur_per_resident,Perusterveydenhuollon nettokäyttökustannukset,cost,2023,FI,Koko maa,country,673.4,,EUR_PER_RESIDENT,lower_is_less_input,3764+3766,thl_sotkanet_indicators_3764_3766,https://sotkanet.fi/sotkanet/fi/metadata/indicators/3764;https://sotkanet.fi/sotkanet/fi/metadata/indicators/3766,2026-08-18
primary_care_cost_nominal_eur_per_resident,Perusterveydenhuollon nettokäyttökustannukset,cost,2024,FI,Koko maa,country,676.6,,EUR_PER_RESIDENT,lower_is_less_input,3764+3766,thl_sotkanet_indicators_3764_3766,https://sotkanet.fi/sotkanet/fi/metadata/indicators/3764;https://sotkanet.fi/sotkanet/fi/metadata/indicators/3766,2026-08-18
primary_care_cost_nominal_eur_per_resident,Perusterveydenhuollon nettokäyttökustannukset,cost,2020,HVA-01,Itä-Uudenmaan hyvinvointialue,wellbeing_area,504.0,,EUR_PER_RESIDENT,lower_is_less_input,3764+3766,thl_sotkanet_indicators_3764_3766,https://sotkanet.fi/sotkanet/fi/metadata/indicators/3764;https://sotkanet.fi/sotkanet/fi/metadata/indicators/3766,2026-08-18
primary_care_cost_nominal_eur_per_resident,Perusterveydenhuollon nettokäyttökustannukset,cost,2021,HVA-01,Itä-Uudenmaan hyvinvointialue,wellbeing_area,469.5,,EUR_PER_RESIDENT,lower_is_less_input,3764+3766,thl_sotkanet_indicators_3764_3766,https://sotkanet.fi/sotkanet/fi/metadata/indicators/3764;https://sotkanet.fi/sotkanet/fi/metadata/indicators/3766,2026-08-18
primary_care_cost_nominal_eur_per_resident,Perusterveydenhuollon nettokäyttökustannukset,cost,2022,HVA-01,Itä-Uudenmaan hyvinvointialue,wellbeing_area,545.8,,EUR_PER_RESIDENT,lower_is_less_input,3764+3766,thl_sotkanet_indicators_3764_3766,https://sotkanet.fi/sotkanet/fi/metadata/indicators/3764;https://sotkanet.fi/sotkanet/fi/metadata/indicators/3766,2026-08-18
primary_care_cost_nominal_eur_per_resident,Perusterveydenhuollon nettokäyttökustannukset,cost,2023,HVA-01,Itä-Uudenmaan hyvinvointialue,wellbeing_area,619.8,,EUR_PER_RESIDENT,lower_is_less_input,3764+3766,thl_sotkanet_indicators_3764_3766,https://sotkanet.fi/sotkanet/fi/metadata/indicators/3764;https://sotkanet.fi/sotkanet/fi/metadata/indicators/3766,2026-08-18
primary_care_cost_nominal_eur_per_resident,Perusterveydenhuollon nettokäyttökustannukset,cost,2024,HVA-01,Itä-Uudenmaan hyvinvointialue,wellbeing_area,701.7,,EUR_PER_RESIDENT,lower_is_less_input,3764+3766,thl_sotkanet_indicators_3764_3766,https://sotkanet.fi/sotkanet/fi/metadata/indicators/3764;https://sotkanet.fi/sotkanet/fi/metadata/indicators/3766,2026-08-18
primary_care_cost_nominal_eur_per_resident,Perusterveydenhuollon nettokäyttökustannukset,cost,2020,HVA-02,Keski-Uudenmaan hyvinvointialue,wellbeing_area,604.0,,EUR_PER_RESIDENT,lower_is_less_input,3764+3766,thl_sotkanet_indicators_3764_3766,https://sotkanet.fi/sotkanet/fi/metadata/indicators/3764;https://sotkanet.fi/sotkanet/fi/metadata/indicators/3766,2026-08-18
primary_care_cost_nominal_eur_per_resident,Perusterveydenhuollon nettokäyttökustannukset,cost,2021,HVA-02,Keski-Uudenmaan hyvinvointialue,wellbeing_area,412.8,,EUR_PER_RESIDENT,lower_is_less_input,3764+3766,thl_sotkanet_indicators_3764_3766,https://sotkanet.fi/sotkanet/fi/metadata/indicators/3764;https://sotkanet.fi/sotkanet/fi/metadata/indicators/3766,2026-08-18
primary_care_cost_nominal_eur_per_resident,Perusterveydenhuollon nettokäyttökustannukset,cost,2022,HVA-02,Keski-Uudenmaan hyvinvointialue,wellbeing_area,653.4,,EUR_PER_RESIDENT,lower_is_less_input,3764+3766,thl_sotkanet_indicators_3764_3766,https://sotkanet.fi/sotkanet/fi/metadata/indicators/3764;https://sotkanet.fi/sotkanet/fi/metadata/indicators/3766,2026-08-18
primary_care_cost_nominal_eur_per_resident,Perusterveydenhuollon nettokäyttökustannukset,cost,2023,HVA-02,Keski-Uudenmaan hyvinvointialue,wellbeing_area,677.8,,EUR_PER_RESIDENT,lower_is_less_input,3764+3766,thl_sotkanet_indicators_3764_3766,https://sotkanet.fi/sotkanet/fi/metadata/indicators/3764;https://sotkanet.fi/sotkanet/fi/metadata/indicators/3766,2026-08-18
primary_care_cost_nominal_eur_per_resident,Perusterveydenhuollon nettokäyttökustannukset,cost,2024,HVA-02,Keski-Uudenmaan hyvinvointialue,wellbeing_area,705.9,,EUR_PER_RESIDENT,lower_is_less_input,3764+3766,thl_sotkanet_indicators_3764_3766,https://sotkanet.fi/sotkanet/fi/metadata/indicators/3764;https://sotkanet.fi/sotkanet/fi/metadata/indicators/3766,2026-08-18
primary_care_cost_nominal_eur_per_resident,Perusterveydenhuollon nettokäyttökustannukset,cost,2020,HVA-03,Länsi-Uudenmaan hyvinvointialue,wellbeing_area,542.9,,EUR_PER_RESIDENT,lower_is_less_input,3764+3766,thl_sotkanet_indicators_3764_3766,https://sotkanet.fi/sotkanet/fi/metadata/indicators/3764;https://sotkanet.fi/sotkanet/fi/metadata/indicators/3766,2026-08-18
primary_care_cost_nominal_eur_per_resident,Perusterveydenhuollon nettokäyttökustannukset,cost,2021,HVA-03,Länsi-Uudenmaan hyvinvointialue,wellbeing_area,400.8,,EUR_PER_RESIDENT,lower_is_less_input,3764+3766,thl_sotkanet_indicators_3764_3766,https://sotkanet.fi/sotkanet/fi/metadata/indicators/3764;https://sotkanet.fi/sotkanet/fi/metadata/indicators/3766,2026-08-18
primary_care_cost_nominal_eur_per_resident,Perusterveydenhuollon nettokäyttökustannukset,cost,2022,HVA-03,Länsi-Uudenmaan hyvinvointialue,wellbeing_area,418.8,,EUR_PER_RESIDENT,lower_is_less_input,3764+3766,thl_sotkanet_indicators_3764_3766,https://sotkanet.fi/sotkanet/fi/metadata/indicators/3764;https://sotkanet.fi/sotkanet/fi/metadata/indicators/3766,2026-08-18
primary_care_cost_nominal_eur_per_resident,Perusterveydenhuollon nettokäyttökustannukset,cost,2023,HVA-03,Länsi-Uudenmaan hyvinvointialue,wellbeing_area,543.6,,EUR_PER_RESIDENT,lower_is_less_input,3764+3766,thl_sotkanet_indicators_3764_3766,https://sotkanet.fi/sotkanet/fi/metadata/indicators/3764;https://sotkanet.fi/sotkanet/fi/metadata/indicators/3766,2026-08-18
primary_care_cost_nominal_eur_per_resident,Perusterveydenhuollon nettokäyttökustannukset,cost,2024,HVA-03,Länsi-Uudenmaan hyvinvointialue,wellbeing_area,554.3,,EUR_PER_RESIDENT,lower_is_less_input,3764+3766,thl_sotkanet_indicators_3764_3766,https://sotkanet.fi/sotkanet/fi/metadata/indicators/3764;https://sotkanet.fi/sotkanet/fi/metadata/indicators/3766,2026-08-18
primary_care_cost_nominal_eur_per_resident,Perusterveydenhuollon nettokäyttökustannukset,cost,2020,HVA-04,Vantaan ja Keravan hyvinvointialue,wellbeing_area,538.2,,EUR_PER_RESIDENT,lower_is_less_input,3764+3766,thl_sotkanet_indicators_3764_3766,https://sotkanet.fi/sotkanet/fi/metadata/indicators/3764;https://sotkanet.fi/sotkanet/fi/metadata/indicators/3766,2026-08-18
primary_care_cost_nominal_eur_per_resident,Perusterveydenhuollon nettokäyttökustannukset,cost,2021,HVA-04,Vantaan ja Keravan hyvinvointialue,wellbeing_area,508.1,,EUR_PER_RESIDENT,lower_is_less_input,3764+3766,thl_sotkanet_indicators_3764_3766,https://sotkanet.fi/sotkanet/fi/metadata/indicators/3764;https://sotkanet.fi/sotkanet/fi/metadata/indicators/3766,2026-08-18
primary_care_cost_nominal_eur_per_resident,Perusterveydenhuollon nettokäyttökustannukset,cost,2022,HVA-04,Vantaan ja Keravan hyvinvointialue,wellbeing_area,531.9,,EUR_PER_RESIDENT,lower_is_less_input,3764+3766,thl_sotkanet_indicators_3764_3766,https://sotkanet.fi/sotkanet/fi/metadata/indicators/3764;https://sotkanet.fi/sotkanet/fi/metadata/indicators/3766,2026-08-18
primary_care_cost_nominal_eur_per_resident,Perusterveydenhuollon nettokäyttökustannukset,cost,2023,HVA-04,Vantaan ja Keravan hyvinvointialue,wellbeing_area,608.0,,EUR_PER_RESIDENT,lower_is_less_input,3764+3766,thl_sotkanet_indicators_3764_3766,https://sotkanet.fi/sotkanet/fi/metadata/indicators/3764;https://sotkanet.fi/sotkanet/fi/metadata/indicators/3766,2026-08-18
primary_care_cost_nominal_eur_per_resident,Perusterveydenhuollon nettokäyttökustannukset,cost,2024,HVA-04,Vantaan ja Keravan hyvinvointialue,wellbeing_area,625.8,,EUR_PER_RESIDENT,lower_is_less_input,3764+3766,thl_sotkanet_indicators_3764_3766,https://sotkanet.fi/sotkanet/fi/metadata/indicators/3764;https://sotkanet.fi/sotkanet/fi/metadata/indicators/3766,2026-08-18
primary_care_cost_nominal_eur_per_resident,Perusterveydenhuollon nettokäyttökustannukset,cost,2020,HVA-05,Varsinais-Suomen hyvinvointialue,wellbeing_area,537.3,,EUR_PER_RESIDENT,lower_is_less_input,3764+3766,thl_sotkanet_indicators_3764_3766,https://sotkanet.fi/sotkanet/fi/metadata/indicators/3764;https://sotkanet.fi/sotkanet/fi/metadata/indicators/3766,2026-08-18
primary_care_cost_nominal_eur_per_resident,Perusterveydenhuollon nettokäyttökustannukset,cost,2021,HVA-05,Varsinais-Suomen hyvinvointialue,wellbeing_area,514.9,,EUR_PER_RESIDENT,lower_is_less_input,3764+3766,thl_sotkanet_indicators_3764_3766,https://sotkanet.fi/sotkanet/fi/metadata/indicators/3764;https://sotkanet.fi/sotkanet/fi/metadata/indicators/3766,2026-08-18
primary_care_cost_nominal_eur_per_resident,Perusterveydenhuollon nettokäyttökustannukset,cost,2022,HVA-05,Varsinais-Suomen hyvinvointialue,wellbeing_area,595.6,,EUR_PER_RESIDENT,lower_is_less_input,3764+3766,thl_sotkanet_indicators_3764_3766,https://sotkanet.fi/sotkanet/fi/metadata/indicators/3764;https://sotkanet.fi/sotkanet/fi/metadata/indicators/3766,2026-08-18
primary_care_cost_nominal_eur_per_resident,Perusterveydenhuollon nettokäyttökustannukset,cost,2023,HVA-05,Varsinais-Suomen hyvinvointialue,wellbeing_area,709.0,,EUR_PER_RESIDENT,lower_is_less_input,3764+3766,thl_sotkanet_indicators_3764_3766,https://sotkanet.fi/sotkanet/fi/metadata/indicators/3764;https://sotkanet.fi/sotkanet/fi/metadata/indicators/3766,2026-08-18
primary_care_cost_nominal_eur_per_resident,Perusterveydenhuollon nettokäyttökustannukset,cost,2024,HVA-05,Varsinais-Suomen hyvinvointialue,wellbeing_area,693.8,,EUR_PER_RESIDENT,lower_is_less_input,3764+3766,thl_sotkanet_indicators_3764_3766,https://sotkanet.fi/sotkanet/fi/metadata/indicators/3764;https://sotkanet.fi/sotkanet/fi/metadata/indicators/3766,2026-08-18
primary_care_cost_nominal_eur_per_resident,Perusterveydenhuollon nettokäyttökustannukset,cost,2020,HVA-06,Satakunnan hyvinvointialue,wellbeing_area,581.6,,EUR_PER_RESIDENT,lower_is_less_input,3764+3766,thl_sotkanet_indicators_3764_3766,https://sotkanet.fi/sotkanet/fi/metadata/indicators/3764;https://sotkanet.fi/sotkanet/fi/metadata/indicators/3766,2026-08-18
primary_care_cost_nominal_eur_per_resident,Perusterveydenhuollon nettokäyttökustannukset,cost,2021,HVA-06,Satakunnan hyvinvointialue,wellbeing_area,655.3,,EUR_PER_RESIDENT,lower_is_less_input,3764+3766,thl_sotkanet_indicators_3764_3766,https://sotkanet.fi/sotkanet/fi/metadata/indicators/3764;https://sotkanet.fi/sotkanet/fi/metadata/indicators/3766,2026-08-18
primary_care_cost_nominal_eur_per_resident,Perusterveydenhuollon nettokäyttökustannukset,cost,2022,HVA-06,Satakunnan hyvinvointialue,wellbeing_area,727.1,,EUR_PER_RESIDENT,lower_is_less_input,3764+3766,thl_sotkanet_indicators_3764_3766,https://sotkanet.fi/sotkanet/fi/metadata/indicators/3764;https://sotkanet.fi/sotkanet/fi/metadata/indicators/3766,2026-08-18
primary_care_cost_nominal_eur_per_resident,Perusterveydenhuollon nettokäyttökustannukset,cost,2023,HVA-06,Satakunnan hyvinvointialue,wellbeing_area,802.5,,EUR_PER_RESIDENT,lower_is_less_input,3764+3766,thl_sotkanet_indicators_3764_3766,https://sotkanet.fi/sotkanet/fi/metadata/indicators/3764;https://sotkanet.fi/sotkanet/fi/metadata/indicators/3766,2026-08-18
primary_care_cost_nominal_eur_per_resident,Perusterveydenhuollon nettokäyttökustannukset,cost,2024,HVA-06,Satakunnan hyvinvointialue,wellbeing_area,765.5,,EUR_PER_RESIDENT,lower_is_less_input,3764+3766,thl_sotkanet_indicators_3764_3766,https://sotkanet.fi/sotkanet/fi/metadata/indicators/3764;https://sotkanet.fi/sotkanet/fi/metadata/indicators/3766,2026-08-18
primary_care_cost_nominal_eur_per_resident,Perusterveydenhuollon nettokäyttökustannukset,cost,2020,HVA-07,Kanta-Hämeen hyvinvointialue,wellbeing_area,543.4,,EUR_PER_RESIDENT,lower_is_less_input,3764+3766,thl_sotkanet_indicators_3764_3766,https://sotkanet.fi/sotkanet/fi/metadata/indicators/3764;https://sotkanet.fi/sotkanet/fi/metadata/indicators/3766,2026-08-18
primary_care_cost_nominal_eur_per_resident,Perusterveydenhuollon nettokäyttökustannukset,cost,2021,HVA-07,Kanta-Hämeen hyvinvointialue,wellbeing_area,541.1,,EUR_PER_RESIDENT,lower_is_less_input,3764+3766,thl_sotkanet_indicators_3764_3766,https://sotkanet.fi/sotkanet/fi/metadata/indicators/3764;https://sotkanet.fi/sotkanet/fi/metadata/indicators/3766,2026-08-18
primary_care_cost_nominal_eur_per_resident,Perusterveydenhuollon nettokäyttökustannukset,cost,2022,HVA-07,Kanta-Hämeen hyvinvointialue,wellbeing_area,594.4,,EUR_PER_RESIDENT,lower_is_less_input,3764+3766,thl_sotkanet_indicators_3764_3766,https://sotkanet.fi/sotkanet/fi/metadata/indicators/3764;https://sotkanet.fi/sotkanet/fi/metadata/indicators/3766,2026-08-18
primary_care_cost_nominal_eur_per_resident,Perusterveydenhuollon nettokäyttökustannukset,cost,2023,HVA-07,Kanta-Hämeen hyvinvointialue,wellbeing_area,642.3,,EUR_PER_RESIDENT,lower_is_less_input,3764+3766,thl_sotkanet_indicators_3764_3766,https://sotkanet.fi/sotkanet/fi/metadata/indicators/3764;https://sotkanet.fi/sotkanet/fi/metadata/indicators/3766,2026-08-18
primary_care_cost_nominal_eur_per_resident,Perusterveydenhuollon nettokäyttökustannukset,cost,2024,HVA-07,Kanta-Hämeen hyvinvointialue,wellbeing_area,685.4,,EUR_PER_RESIDENT,lower_is_less_input,3764+3766,thl_sotkanet_indicators_3764_3766,https://sotkanet.fi/sotkanet/fi/metadata/indicators/3764;https://sotkanet.fi/sotkanet/fi/metadata/indicators/3766,2026-08-18
primary_care_cost_nominal_eur_per_resident,Perusterveydenhuollon nettokäyttökustannukset,cost,2020,HVA-08,Pirkanmaan hyvinvointialue,wellbeing_area,566.2,,EUR_PER_RESIDENT,lower_is_less_input,3764+3766,thl_sotkanet_indicators_3764_3766,https://sotkanet.fi/sotkanet/fi/metadata/indicators/3764;https://sotkanet.fi/sotkanet/fi/metadata/indicators/3766,2026-08-18
primary_care_cost_nominal_eur_per_resident,Perusterveydenhuollon nettokäyttökustannukset,cost,2021,HVA-08,Pirkanmaan hyvinvointialue,wellbeing_area,524.4,,EUR_PER_RESIDENT,lower_is_less_input,3764+3766,thl_sotkanet_indicators_3764_3766,https://sotkanet.fi/sotkanet/fi/metadata/indicators/3764;https://sotkanet.fi/sotkanet/fi/metadata/indicators/3766,2026-08-18
primary_care_cost_nominal_eur_per_resident,Perusterveydenhuollon nettokäyttökustannukset,cost,2022,HVA-08,Pirkanmaan hyvinvointialue,wellbeing_area,539.5,,EUR_PER_RESIDENT,lower_is_less_input,3764+3766,thl_sotkanet_indicators_3764_3766,https://sotkanet.fi/sotkanet/fi/metadata/indicators/3764;https://sotkanet.fi/sotkanet/fi/metadata/indicators/3766,2026-08-18
primary_care_cost_nominal_eur_per_resident,Perusterveydenhuollon nettokäyttökustannukset,cost,2023,HVA-08,Pirkanmaan hyvinvointialue,wellbeing_area,714.3,,EUR_PER_RESIDENT,lower_is_less_input,3764+3766,thl_sotkanet_indicators_3764_3766,https://sotkanet.fi/sotkanet/fi/metadata/indicators/3764;https://sotkanet.fi/sotkanet/fi/metadata/indicators/3766,2026-08-18
primary_care_cost_nominal_eur_per_resident,Perusterveydenhuollon nettokäyttökustannukset,cost,2024,HVA-08,Pirkanmaan hyvinvointialue,wellbeing_area,656.5,,EUR_PER_RESIDENT,lower_is_less_input,3764+3766,thl_sotkanet_indicators_3764_3766,https://sotkanet.fi/sotkanet/fi/metadata/indicators/3764;https://sotkanet.fi/sotkanet/fi/metadata/indicators/3766,2026-08-18
primary_care_cost_nominal_eur_per_resident,Perusterveydenhuollon nettokäyttökustannukset,cost,2020,HVA-09,Päijät-Hämeen hyvinvointialue,wellbeing_area,590.3,,EUR_PER_RESIDENT,lower_is_less_input,3764+3766,thl_sotkanet_indicators_3764_3766,https://sotkanet.fi/sotkanet/fi/metadata/indicators/3764;https://sotkanet.fi/sotkanet/fi/metadata/indicators/3766,2026-08-18
primary_care_cost_nominal_eur_per_resident,Perusterveydenhuollon nettokäyttökustannukset,cost,2021,HVA-09,Päijät-Hämeen hyvinvointialue,wellbeing_area,712.5,,EUR_PER_RESIDENT,lower_is_less_input,3764+3766,thl_sotkanet_indicators_3764_3766,https://sotkanet.fi/sotkanet/fi/metadata/indicators/3764;https://sotkanet.fi/sotkanet/fi/metadata/indicators/3766,2026-08-18
primary_care_cost_nominal_eur_per_resident,Perusterveydenhuollon nettokäyttökustannukset,cost,2022,HVA-09,Päijät-Hämeen hyvinvointialue,wellbeing_area,530.0,,EUR_PER_RESIDENT,lower_is_less_input,3764+3766,thl_sotkanet_indicators_3764_3766,https://sotkanet.fi/sotkanet/fi/metadata/indicators/3764;https://sotkanet.fi/sotkanet/fi/metadata/indicators/3766,2026-08-18
primary_care_cost_nominal_eur_per_resident,Perusterveydenhuollon nettokäyttökustannukset,cost,2023,HVA-09,Päijät-Hämeen hyvinvointialue,wellbeing_area,704.6,,EUR_PER_RESIDENT,lower_is_less_input,3764+3766,thl_sotkanet_indicators_3764_3766,https://sotkanet.fi/sotkanet/fi/metadata/indicators/3764;https://sotkanet.fi/sotkanet/fi/metadata/indicators/3766,2026-08-18
primary_care_cost_nominal_eur_per_resident,Perusterveydenhuollon nettokäyttökustannukset,cost,2024,HVA-09,Päijät-Hämeen hyvinvointialue,wellbeing_area,712.1,,EUR_PER_RESIDENT,lower_is_less_input,3764+3766,thl_sotkanet_indicators_3764_3766,https://sotkanet.fi/sotkanet/fi/metadata/indicators/3764;https://sotkanet.fi/sotkanet/fi/metadata/indicators/3766,2026-08-18
primary_care_cost_nominal_eur_per_resident,Perusterveydenhuollon nettokäyttökustannukset,cost,2020,HVA-10,Kymenlaakson hyvinvointialue,wellbeing_area,631.0,,EUR_PER_RESIDENT,lower_is_less_input,3764+3766,thl_sotkanet_indicators_3764_3766,https://sotkanet.fi/sotkanet/fi/metadata/indicators/3764;https://sotkanet.fi/sotkanet/fi/metadata/indicators/3766,2026-08-18
primary_care_cost_nominal_eur_per_resident,Perusterveydenhuollon nettokäyttökustannukset,cost,2021,HVA-10,Kymenlaakson hyvinvointialue,wellbeing_area,651.2,,EUR_PER_RESIDENT,lower_is_less_input,3764+3766,thl_sotkanet_indicators_3764_3766,https://sotkanet.fi/sotkanet/fi/metadata/indicators/3764;https://sotkanet.fi/sotkanet/fi/metadata/indicators/3766,2026-08-18
primary_care_cost_nominal_eur_per_resident,Perusterveydenhuollon nettokäyttökustannukset,cost,2022,HVA-10,Kymenlaakson hyvinvointialue,wellbeing_area,632.3,,EUR_PER_RESIDENT,lower_is_less_input,3764+3766,thl_sotkanet_indicators_3764_3766,https://sotkanet.fi/sotkanet/fi/metadata/indicators/3764;https://sotkanet.fi/sotkanet/fi/metadata/indicators/3766,2026-08-18
primary_care_cost_nominal_eur_per_resident,Perusterveydenhuollon nettokäyttökustannukset,cost,2023,HVA-10,Kymenlaakson hyvinvointialue,wellbeing_area,959.7,,EUR_PER_RESIDENT,lower_is_less_input,3764+3766,thl_sotkanet_indicators_3764_3766,https://sotkanet.fi/sotkanet/fi/metadata/indicators/3764;https://sotkanet.fi/sotkanet/fi/metadata/indicators/3766,2026-08-18
primary_care_cost_nominal_eur_per_resident,Perusterveydenhuollon nettokäyttökustannukset,cost,2024,HVA-10,Kymenlaakson hyvinvointialue,wellbeing_area,1004.6,,EUR_PER_RESIDENT,lower_is_less_input,3764+3766,thl_sotkanet_indicators_3764_3766,https://sotkanet.fi/sotkanet/fi/metadata/indicators/3764;https://sotkanet.fi/sotkanet/fi/metadata/indicators/3766,2026-08-18
primary_care_cost_nominal_eur_per_resident,Perusterveydenhuollon nettokäyttökustannukset,cost,2020,HVA-11,Etelä-Karjalan hyvinvointialue,wellbeing_area,604.9,,EUR_PER_RESIDENT,lower_is_less_input,3764+3766,thl_sotkanet_indicators_3764_3766,https://sotkanet.fi/sotkanet/fi/metadata/indicators/3764;https://sotkanet.fi/sotkanet/fi/metadata/indicators/3766,2026-08-18
primary_care_cost_nominal_eur_per_resident,Perusterveydenhuollon nettokäyttökustannukset,cost,2021,HVA-11,Etelä-Karjalan hyvinvointialue,wellbeing_area,528.5,,EUR_PER_RESIDENT,lower_is_less_input,3764+3766,thl_sotkanet_indicators_3764_3766,https://sotkanet.fi/sotkanet/fi/metadata/indicators/3764;https://sotkanet.fi/sotkanet/fi/metadata/indicators/3766,2026-08-18
primary_care_cost_nominal_eur_per_resident,Perusterveydenhuollon nettokäyttökustannukset,cost,2022,HVA-11,Etelä-Karjalan hyvinvointialue,wellbeing_area,606.1,,EUR_PER_RESIDENT,lower_is_less_input,3764+3766,thl_sotkanet_indicators_3764_3766,https://sotkanet.fi/sotkanet/fi/metadata/indicators/3764;https://sotkanet.fi/sotkanet/fi/metadata/indicators/3766,2026-08-18
primary_care_cost_nominal_eur_per_resident,Perusterveydenhuollon nettokäyttökustannukset,cost,2023,HVA-11,Etelä-Karjalan hyvinvointialue,wellbeing_area,684.1,,EUR_PER_RESIDENT,lower_is_less_input,3764+3766,thl_sotkanet_indicators_3764_3766,https://sotkanet.fi/sotkanet/fi/metadata/indicators/3764;https://sotkanet.fi/sotkanet/fi/metadata/indicators/3766,2026-08-18
primary_care_cost_nominal_eur_per_resident,Perusterveydenhuollon nettokäyttökustannukset,cost,2024,HVA-11,Etelä-Karjalan hyvinvointialue,wellbeing_area,691.0,,EUR_PER_RESIDENT,lower_is_less_input,3764+3766,thl_sotkanet_indicators_3764_3766,https://sotkanet.fi/sotkanet/fi/metadata/indicators/3764;https://sotkanet.fi/sotkanet/fi/metadata/indicators/3766,2026-08-18
primary_care_cost_nominal_eur_per_resident,Perusterveydenhuollon nettokäyttökustannukset,cost,2020,HVA-12,Etelä-Savon hyvinvointialue,wellbeing_area,666.6,,EUR_PER_RESIDENT,lower_is_less_input,3764+3766,thl_sotkanet_indicators_3764_3766,https://sotkanet.fi/sotkanet/fi/metadata/indicators/3764;https://sotkanet.fi/sotkanet/fi/metadata/indicators/3766,2026-08-18
primary_care_cost_nominal_eur_per_resident,Perusterveydenhuollon nettokäyttökustannukset,cost,2021,HVA-12,Etelä-Savon hyvinvointialue,wellbeing_area,542.8,,EUR_PER_RESIDENT,lower_is_less_input,3764+3766,thl_sotkanet_indicators_3764_3766,https://sotkanet.fi/sotkanet/fi/metadata/indicators/3764;https://sotkanet.fi/sotkanet/fi/metadata/indicators/3766,2026-08-18
primary_care_cost_nominal_eur_per_resident,Perusterveydenhuollon nettokäyttökustannukset,cost,2022,HVA-12,Etelä-Savon hyvinvointialue,wellbeing_area,609.8,,EUR_PER_RESIDENT,lower_is_less_input,3764+3766,thl_sotkanet_indicators_3764_3766,https://sotkanet.fi/sotkanet/fi/metadata/indicators/3764;https://sotkanet.fi/sotkanet/fi/metadata/indicators/3766,2026-08-18
primary_care_cost_nominal_eur_per_resident,Perusterveydenhuollon nettokäyttökustannukset,cost,2023,HVA-12,Etelä-Savon hyvinvointialue,wellbeing_area,817.8,,EUR_PER_RESIDENT,lower_is_less_input,3764+3766,thl_sotkanet_indicators_3764_3766,https://sotkanet.fi/sotkanet/fi/metadata/indicators/3764;https://sotkanet.fi/sotkanet/fi/metadata/indicators/3766,2026-08-18
primary_care_cost_nominal_eur_per_resident,Perusterveydenhuollon nettokäyttökustannukset,cost,2024,HVA-12,Etelä-Savon hyvinvointialue,wellbeing_area,887.5,,EUR_PER_RESIDENT,lower_is_less_input,3764+3766,thl_sotkanet_indicators_3764_3766,https://sotkanet.fi/sotkanet/fi/metadata/indicators/3764;https://sotkanet.fi/sotkanet/fi/metadata/indicators/3766,2026-08-18
primary_care_cost_nominal_eur_per_resident,Perusterveydenhuollon nettokäyttökustannukset,cost,2020,HVA-13,Pohjois-Savon hyvinvointialue,wellbeing_area,708.9,,EUR_PER_RESIDENT,lower_is_less_input,3764+3766,thl_sotkanet_indicators_3764_3766,https://sotkanet.fi/sotkanet/fi/metadata/indicators/3764;https://sotkanet.fi/sotkanet/fi/metadata/indicators/3766,2026-08-18
primary_care_cost_nominal_eur_per_resident,Perusterveydenhuollon nettokäyttökustannukset,cost,2021,HVA-13,Pohjois-Savon hyvinvointialue,wellbeing_area,637.5,,EUR_PER_RESIDENT,lower_is_less_input,3764+3766,thl_sotkanet_indicators_3764_3766,https://sotkanet.fi/sotkanet/fi/metadata/indicators/3764;https://sotkanet.fi/sotkanet/fi/metadata/indicators/3766,2026-08-18
primary_care_cost_nominal_eur_per_resident,Perusterveydenhuollon nettokäyttökustannukset,cost,2022,HVA-13,Pohjois-Savon hyvinvointialue,wellbeing_area,664.2,,EUR_PER_RESIDENT,lower_is_less_input,3764+3766,thl_sotkanet_indicators_3764_3766,https://sotkanet.fi/sotkanet/fi/metadata/indicators/3764;https://sotkanet.fi/sotkanet/fi/metadata/indicators/3766,2026-08-18
primary_care_cost_nominal_eur_per_resident,Perusterveydenhuollon nettokäyttökustannukset,cost,2023,HVA-13,Pohjois-Savon hyvinvointialue,wellbeing_area,745.0,,EUR_PER_RESIDENT,lower_is_less_input,3764+3766,thl_sotkanet_indicators_3764_3766,https://sotkanet.fi/sotkanet/fi/metadata/indicators/3764;https://sotkanet.fi/sotkanet/fi/metadata/indicators/3766,2026-08-18
primary_care_cost_nominal_eur_per_resident,Perusterveydenhuollon nettokäyttökustannukset,cost,2024,HVA-13,Pohjois-Savon hyvinvointialue,wellbeing_area,740.0,,EUR_PER_RESIDENT,lower_is_less_input,3764+3766,thl_sotkanet_indicators_3764_3766,https://sotkanet.fi/sotkanet/fi/metadata/indicators/3764;https://sotkanet.fi/sotkanet/fi/metadata/indicators/3766,2026-08-18
primary_care_cost_nominal_eur_per_resident,Perusterveydenhuollon nettokäyttökustannukset,cost,2020,HVA-14,Pohjois-Karjalan hyvinvointialue,wellbeing_area,687.0,,EUR_PER_RESIDENT,lower_is_less_input,3764+3766,thl_sotkanet_indicators_3764_3766,https://sotkanet.fi/sotkanet/fi/metadata/indicators/3764;https://sotkanet.fi/sotkanet/fi/metadata/indicators/3766,2026-08-18
primary_care_cost_nominal_eur_per_resident,Perusterveydenhuollon nettokäyttökustannukset,cost,2021,HVA-14,Pohjois-Karjalan hyvinvointialue,wellbeing_area,671.7,,EUR_PER_RESIDENT,lower_is_less_input,3764+3766,thl_sotkanet_indicators_3764_3766,https://sotkanet.fi/sotkanet/fi/metadata/indicators/3764;https://sotkanet.fi/sotkanet/fi/metadata/indicators/3766,2026-08-18
primary_care_cost_nominal_eur_per_resident,Perusterveydenhuollon nettokäyttökustannukset,cost,2022,HVA-14,Pohjois-Karjalan hyvinvointialue,wellbeing_area,761.1,,EUR_PER_RESIDENT,lower_is_less_input,3764+3766,thl_sotkanet_indicators_3764_3766,https://sotkanet.fi/sotkanet/fi/metadata/indicators/3764;https://sotkanet.fi/sotkanet/fi/metadata/indicators/3766,2026-08-18
primary_care_cost_nominal_eur_per_resident,Perusterveydenhuollon nettokäyttökustannukset,cost,2023,HVA-14,Pohjois-Karjalan hyvinvointialue,wellbeing_area,807.1,,EUR_PER_RESIDENT,lower_is_less_input,3764+3766,thl_sotkanet_indicators_3764_3766,https://sotkanet.fi/sotkanet/fi/metadata/indicators/3764;https://sotkanet.fi/sotkanet/fi/metadata/indicators/3766,2026-08-18
primary_care_cost_nominal_eur_per_resident,Perusterveydenhuollon nettokäyttökustannukset,cost,2024,HVA-14,Pohjois-Karjalan hyvinvointialue,wellbeing_area,829.8,,EUR_PER_RESIDENT,lower_is_less_input,3764+3766,thl_sotkanet_indicators_3764_3766,https://sotkanet.fi/sotkanet/fi/metadata/indicators/3764;https://sotkanet.fi/sotkanet/fi/metadata/indicators/3766,2026-08-18
primary_care_cost_nominal_eur_per_resident,Perusterveydenhuollon nettokäyttökustannukset,cost,2020,HVA-15,Keski-Suomen hyvinvointialue,wellbeing_area,720.5,,EUR_PER_RESIDENT,lower_is_less_input,3764+3766,thl_sotkanet_indicators_3764_3766,https://sotkanet.fi/sotkanet/fi/metadata/indicators/3764;https://sotkanet.fi/sotkanet/fi/metadata/indicators/3766,2026-08-18
primary_care_cost_nominal_eur_per_resident,Perusterveydenhuollon nettokäyttökustannukset,cost,2021,HVA-15,Keski-Suomen hyvinvointialue,wellbeing_area,624.3,,EUR_PER_RESIDENT,lower_is_less_input,3764+3766,thl_sotkanet_indicators_3764_3766,https://sotkanet.fi/sotkanet/fi/metadata/indicators/3764;https://sotkanet.fi/sotkanet/fi/metadata/indicators/3766,2026-08-18
primary_care_cost_nominal_eur_per_resident,Perusterveydenhuollon nettokäyttökustannukset,cost,2022,HVA-15,Keski-Suomen hyvinvointialue,wellbeing_area,692.0,,EUR_PER_RESIDENT,lower_is_less_input,3764+3766,thl_sotkanet_indicators_3764_3766,https://sotkanet.fi/sotkanet/fi/metadata/indicators/3764;https://sotkanet.fi/sotkanet/fi/metadata/indicators/3766,2026-08-18
primary_care_cost_nominal_eur_per_resident,Perusterveydenhuollon nettokäyttökustannukset,cost,2023,HVA-15,Keski-Suomen hyvinvointialue,wellbeing_area,733.4,,EUR_PER_RESIDENT,lower_is_less_input,3764+3766,thl_sotkanet_indicators_3764_3766,https://sotkanet.fi/sotkanet/fi/metadata/indicators/3764;https://sotkanet.fi/sotkanet/fi/metadata/indicators/3766,2026-08-18
primary_care_cost_nominal_eur_per_resident,Perusterveydenhuollon nettokäyttökustannukset,cost,2024,HVA-15,Keski-Suomen hyvinvointialue,wellbeing_area,758.3,,EUR_PER_RESIDENT,lower_is_less_input,3764+3766,thl_sotkanet_indicators_3764_3766,https://sotkanet.fi/sotkanet/fi/metadata/indicators/3764;https://sotkanet.fi/sotkanet/fi/metadata/indicators/3766,2026-08-18
primary_care_cost_nominal_eur_per_resident,Perusterveydenhuollon nettokäyttökustannukset,cost,2020,HVA-16,Etelä-Pohjanmaan hyvinvointialue,wellbeing_area,630.4,,EUR_PER_RESIDENT,lower_is_less_input,3764+3766,thl_sotkanet_indicators_3764_3766,https://sotkanet.fi/sotkanet/fi/metadata/indicators/3764;https://sotkanet.fi/sotkanet/fi/metadata/indicators/3766,2026-08-18
primary_care_cost_nominal_eur_per_resident,Perusterveydenhuollon nettokäyttökustannukset,cost,2021,HVA-16,Etelä-Pohjanmaan hyvinvointialue,wellbeing_area,658.1,,EUR_PER_RESIDENT,lower_is_less_input,3764+3766,thl_sotkanet_indicators_3764_3766,https://sotkanet.fi/sotkanet/fi/metadata/indicators/3764;https://sotkanet.fi/sotkanet/fi/metadata/indicators/3766,2026-08-18
primary_care_cost_nominal_eur_per_resident,Perusterveydenhuollon nettokäyttökustannukset,cost,2022,HVA-16,Etelä-Pohjanmaan hyvinvointialue,wellbeing_area,592.3,,EUR_PER_RESIDENT,lower_is_less_input,3764+3766,thl_sotkanet_indicators_3764_3766,https://sotkanet.fi/sotkanet/fi/metadata/indicators/3764;https://sotkanet.fi/sotkanet/fi/metadata/indicators/3766,2026-08-18
primary_care_cost_nominal_eur_per_resident,Perusterveydenhuollon nettokäyttökustannukset,cost,2023,HVA-16,Etelä-Pohjanmaan hyvinvointialue,wellbeing_area,785.7,,EUR_PER_RESIDENT,lower_is_less_input,3764+3766,thl_sotkanet_indicators_3764_3766,https://sotkanet.fi/sotkanet/fi/metadata/indicators/3764;https://sotkanet.fi/sotkanet/fi/metadata/indicators/3766,2026-08-18
primary_care_cost_nominal_eur_per_resident,Perusterveydenhuollon nettokäyttökustannukset,cost,2024,HVA-16,Etelä-Pohjanmaan hyvinvointialue,wellbeing_area,794.1,,EUR_PER_RESIDENT,lower_is_less_input,3764+3766,thl_sotkanet_indicators_3764_3766,https://sotkanet.fi/sotkanet/fi/metadata/indicators/3764;https://sotkanet.fi/sotkanet/fi/metadata/indicators/3766,2026-08-18
primary_care_cost_nominal_eur_per_resident,Perusterveydenhuollon nettokäyttökustannukset,cost,2020,HVA-17,Pohjanmaan hyvinvointialue,wellbeing_area,607.4,,EUR_PER_RESIDENT,lower_is_less_input,3764+3766,thl_sotkanet_indicators_3764_3766,https://sotkanet.fi/sotkanet/fi/metadata/indicators/3764;https://sotkanet.fi/sotkanet/fi/metadata/indicators/3766,2026-08-18
primary_care_cost_nominal_eur_per_resident,Perusterveydenhuollon nettokäyttökustannukset,cost,2021,HVA-17,Pohjanmaan hyvinvointialue,wellbeing_area,568.3,,EUR_PER_RESIDENT,lower_is_less_input,3764+3766,thl_sotkanet_indicators_3764_3766,https://sotkanet.fi/sotkanet/fi/metadata/indicators/3764;https://sotkanet.fi/sotkanet/fi/metadata/indicators/3766,2026-08-18
primary_care_cost_nominal_eur_per_resident,Perusterveydenhuollon nettokäyttökustannukset,cost,2022,HVA-17,Pohjanmaan hyvinvointialue,wellbeing_area,678.3,,EUR_PER_RESIDENT,lower_is_less_input,3764+3766,thl_sotkanet_indicators_3764_3766,https://sotkanet.fi/sotkanet/fi/metadata/indicators/3764;https://sotkanet.fi/sotkanet/fi/metadata/indicators/3766,2026-08-18
primary_care_cost_nominal_eur_per_resident,Perusterveydenhuollon nettokäyttökustannukset,cost,2023,HVA-17,Pohjanmaan hyvinvointialue,wellbeing_area,783.4,,EUR_PER_RESIDENT,lower_is_less_input,3764+3766,thl_sotkanet_indicators_3764_3766,https://sotkanet.fi/sotkanet/fi/metadata/indicators/3764;https://sotkanet.fi/sotkanet/fi/metadata/indicators/3766,2026-08-18
primary_care_cost_nominal_eur_per_resident,Perusterveydenhuollon nettokäyttökustannukset,cost,2024,HVA-17,Pohjanmaan hyvinvointialue,wellbeing_area,737.9,,EUR_PER_RESIDENT,lower_is_less_input,3764+3766,thl_sotkanet_indicators_3764_3766,https://sotkanet.fi/sotkanet/fi/metadata/indicators/3764;https://sotkanet.fi/sotkanet/fi/metadata/indicators/3766,2026-08-18
primary_care_cost_nominal_eur_per_resident,Perusterveydenhuollon nettokäyttökustannukset,cost,2020,HVA-18,Keski-Pohjanmaan hyvinvointialue,wellbeing_area,610.5,,EUR_PER_RESIDENT,lower_is_less_input,3764+3766,thl_sotkanet_indicators_3764_3766,https://sotkanet.fi/sotkanet/fi/metadata/indicators/3764;https://sotkanet.fi/sotkanet/fi/metadata/indicators/3766,2026-08-18
primary_care_cost_nominal_eur_per_resident,Perusterveydenhuollon nettokäyttökustannukset,cost,2021,HVA-18,Keski-Pohjanmaan hyvinvointialue,wellbeing_area,507.7,,EUR_PER_RESIDENT,lower_is_less_input,3764+3766,thl_sotkanet_indicators_3764_3766,https://sotkanet.fi/sotkanet/fi/metadata/indicators/3764;https://sotkanet.fi/sotkanet/fi/metadata/indicators/3766,2026-08-18
primary_care_cost_nominal_eur_per_resident,Perusterveydenhuollon nettokäyttökustannukset,cost,2022,HVA-18,Keski-Pohjanmaan hyvinvointialue,wellbeing_area,639.9,,EUR_PER_RESIDENT,lower_is_less_input,3764+3766,thl_sotkanet_indicators_3764_3766,https://sotkanet.fi/sotkanet/fi/metadata/indicators/3764;https://sotkanet.fi/sotkanet/fi/metadata/indicators/3766,2026-08-18
primary_care_cost_nominal_eur_per_resident,Perusterveydenhuollon nettokäyttökustannukset,cost,2023,HVA-18,Keski-Pohjanmaan hyvinvointialue,wellbeing_area,738.9,,EUR_PER_RESIDENT,lower_is_less_input,3764+3766,thl_sotkanet_indicators_3764_3766,https://sotkanet.fi/sotkanet/fi/metadata/indicators/3764;https://sotkanet.fi/sotkanet/fi/metadata/indicators/3766,2026-08-18
primary_care_cost_nominal_eur_per_resident,Perusterveydenhuollon nettokäyttökustannukset,cost,2024,HVA-18,Keski-Pohjanmaan hyvinvointialue,wellbeing_area,721.9,,EUR_PER_RESIDENT,lower_is_less_input,3764+3766,thl_sotkanet_indicators_3764_3766,https://sotkanet.fi/sotkanet/fi/metadata/indicators/3764;https://sotkanet.fi/sotkanet/fi/metadata/indicators/3766,2026-08-18
primary_care_cost_nominal_eur_per_resident,Perusterveydenhuollon nettokäyttökustannukset,cost,2020,HVA-19,Pohjois-Pohjanmaan hyvinvointialue,wellbeing_area,715.9,,EUR_PER_RESIDENT,lower_is_less_input,3764+3766,thl_sotkanet_indicators_3764_3766,https://sotkanet.fi/sotkanet/fi/metadata/indicators/3764;https://sotkanet.fi/sotkanet/fi/metadata/indicators/3766,2026-08-18
primary_care_cost_nominal_eur_per_resident,Perusterveydenhuollon nettokäyttökustannukset,cost,2021,HVA-19,Pohjois-Pohjanmaan hyvinvointialue,wellbeing_area,568.5,,EUR_PER_RESIDENT,lower_is_less_input,3764+3766,thl_sotkanet_indicators_3764_3766,https://sotkanet.fi/sotkanet/fi/metadata/indicators/3764;https://sotkanet.fi/sotkanet/fi/metadata/indicators/3766,2026-08-18
primary_care_cost_nominal_eur_per_resident,Perusterveydenhuollon nettokäyttökustannukset,cost,2022,HVA-19,Pohjois-Pohjanmaan hyvinvointialue,wellbeing_area,477.9,,EUR_PER_RESIDENT,lower_is_less_input,3764+3766,thl_sotkanet_indicators_3764_3766,https://sotkanet.fi/sotkanet/fi/metadata/indicators/3764;https://sotkanet.fi/sotkanet/fi/metadata/indicators/3766,2026-08-18
primary_care_cost_nominal_eur_per_resident,Perusterveydenhuollon nettokäyttökustannukset,cost,2023,HVA-19,Pohjois-Pohjanmaan hyvinvointialue,wellbeing_area,633.0,,EUR_PER_RESIDENT,lower_is_less_input,3764+3766,thl_sotkanet_indicators_3764_3766,https://sotkanet.fi/sotkanet/fi/metadata/indicators/3764;https://sotkanet.fi/sotkanet/fi/metadata/indicators/3766,2026-08-18
primary_care_cost_nominal_eur_per_resident,Perusterveydenhuollon nettokäyttökustannukset,cost,2024,HVA-19,Pohjois-Pohjanmaan hyvinvointialue,wellbeing_area,631.0,,EUR_PER_RESIDENT,lower_is_less_input,3764+3766,thl_sotkanet_indicators_3764_3766,https://sotkanet.fi/sotkanet/fi/metadata/indicators/3764;https://sotkanet.fi/sotkanet/fi/metadata/indicators/3766,2026-08-18
primary_care_cost_nominal_eur_per_resident,Perusterveydenhuollon nettokäyttökustannukset,cost,2020,HVA-20,Kainuun hyvinvointialue,wellbeing_area,734.7,,EUR_PER_RESIDENT,lower_is_less_input,3764+3766,thl_sotkanet_indicators_3764_3766,https://sotkanet.fi/sotkanet/fi/metadata/indicators/3764;https://sotkanet.fi/sotkanet/fi/metadata/indicators/3766,2026-08-18
primary_care_cost_nominal_eur_per_resident,Perusterveydenhuollon nettokäyttökustannukset,cost,2021,HVA-20,Kainuun hyvinvointialue,wellbeing_area,614.5,,EUR_PER_RESIDENT,lower_is_less_input,3764+3766,thl_sotkanet_indicators_3764_3766,https://sotkanet.fi/sotkanet/fi/metadata/indicators/3764;https://sotkanet.fi/sotkanet/fi/metadata/indicators/3766,2026-08-18
primary_care_cost_nominal_eur_per_resident,Perusterveydenhuollon nettokäyttökustannukset,cost,2022,HVA-20,Kainuun hyvinvointialue,wellbeing_area,549.4,,EUR_PER_RESIDENT,lower_is_less_input,3764+3766,thl_sotkanet_indicators_3764_3766,https://sotkanet.fi/sotkanet/fi/metadata/indicators/3764;https://sotkanet.fi/sotkanet/fi/metadata/indicators/3766,2026-08-18
primary_care_cost_nominal_eur_per_resident,Perusterveydenhuollon nettokäyttökustannukset,cost,2023,HVA-20,Kainuun hyvinvointialue,wellbeing_area,826.9,,EUR_PER_RESIDENT,lower_is_less_input,3764+3766,thl_sotkanet_indicators_3764_3766,https://sotkanet.fi/sotkanet/fi/metadata/indicators/3764;https://sotkanet.fi/sotkanet/fi/metadata/indicators/3766,2026-08-18
primary_care_cost_nominal_eur_per_resident,Perusterveydenhuollon nettokäyttökustannukset,cost,2024,HVA-20,Kainuun hyvinvointialue,wellbeing_area,833.7,,EUR_PER_RESIDENT,lower_is_less_input,3764+3766,thl_sotkanet_indicators_3764_3766,https://sotkanet.fi/sotkanet/fi/metadata/indicators/3764;https://sotkanet.fi/sotkanet/fi/metadata/indicators/3766,2026-08-18
primary_care_cost_nominal_eur_per_resident,Perusterveydenhuollon nettokäyttökustannukset,cost,2020,HVA-21,Lapin hyvinvointialue,wellbeing_area,768.0,,EUR_PER_RESIDENT,lower_is_less_input,3764+3766,thl_sotkanet_indicators_3764_3766,https://sotkanet.fi/sotkanet/fi/metadata/indicators/3764;https://sotkanet.fi/sotkanet/fi/metadata/indicators/3766,2026-08-18
primary_care_cost_nominal_eur_per_resident,Perusterveydenhuollon nettokäyttökustannukset,cost,2021,HVA-21,Lapin hyvinvointialue,wellbeing_area,675.2,,EUR_PER_RESIDENT,lower_is_less_input,3764+3766,thl_sotkanet_indicators_3764_3766,https://sotkanet.fi/sotkanet/fi/metadata/indicators/3764;https://sotkanet.fi/sotkanet/fi/metadata/indicators/3766,2026-08-18
primary_care_cost_nominal_eur_per_resident,Perusterveydenhuollon nettokäyttökustannukset,cost,2022,HVA-21,Lapin hyvinvointialue,wellbeing_area,784.9,,EUR_PER_RESIDENT,lower_is_less_input,3764+3766,thl_sotkanet_indicators_3764_3766,https://sotkanet.fi/sotkanet/fi/metadata/indicators/3764;https://sotkanet.fi/sotkanet/fi/metadata/indicators/3766,2026-08-18
primary_care_cost_nominal_eur_per_resident,Perusterveydenhuollon nettokäyttökustannukset,cost,2023,HVA-21,Lapin hyvinvointialue,wellbeing_area,905.4,,EUR_PER_RESIDENT,lower_is_less_input,3764+3766,thl_sotkanet_indicators_3764_3766,https://sotkanet.fi/sotkanet/fi/metadata/indicators/3764;https://sotkanet.fi/sotkanet/fi/metadata/indicators/3766,2026-08-18
primary_care_cost_nominal_eur_per_resident,Perusterveydenhuollon nettokäyttökustannukset,cost,2024,HVA-21,Lapin hyvinvointialue,wellbeing_area,927.0,,EUR_PER_RESIDENT,lower_is_less_input,3764+3766,thl_sotkanet_indicators_3764_3766,https://sotkanet.fi/sotkanet/fi/metadata/indicators/3764;https://sotkanet.fi/sotkanet/fi/metadata/indicators/3766,2026-08-18
primary_care_cost_nominal_eur_per_resident,Perusterveydenhuollon nettokäyttökustannukset,cost,2020,HVA-90,Helsingin kaupunki,wellbeing_area,346.4,,EUR_PER_RESIDENT,lower_is_less_input,3764+3766,thl_sotkanet_indicators_3764_3766,https://sotkanet.fi/sotkanet/fi/metadata/indicators/3764;https://sotkanet.fi/sotkanet/fi/metadata/indicators/3766,2026-08-18
primary_care_cost_nominal_eur_per_resident,Perusterveydenhuollon nettokäyttökustannukset,cost,2021,HVA-90,Helsingin kaupunki,wellbeing_area,477.9,,EUR_PER_RESIDENT,lower_is_less_input,3764+3766,thl_sotkanet_indicators_3764_3766,https://sotkanet.fi/sotkanet/fi/metadata/indicators/3764;https://sotkanet.fi/sotkanet/fi/metadata/indicators/3766,2026-08-18
primary_care_cost_nominal_eur_per_resident,Perusterveydenhuollon nettokäyttökustannukset,cost,2022,HVA-90,Helsingin kaupunki,wellbeing_area,439.9,,EUR_PER_RESIDENT,lower_is_less_input,3764+3766,thl_sotkanet_indicators_3764_3766,https://sotkanet.fi/sotkanet/fi/metadata/indicators/3764;https://sotkanet.fi/sotkanet/fi/metadata/indicators/3766,2026-08-18
primary_care_cost_nominal_eur_per_resident,Perusterveydenhuollon nettokäyttökustannukset,cost,2023,HVA-90,Helsingin kaupunki,wellbeing_area,434.1,,EUR_PER_RESIDENT,lower_is_less_input,3764+3766,thl_sotkanet_indicators_3764_3766,https://sotkanet.fi/sotkanet/fi/metadata/indicators/3764;https://sotkanet.fi/sotkanet/fi/metadata/indicators/3766,2026-08-18
primary_care_cost_nominal_eur_per_resident,Perusterveydenhuollon nettokäyttökustannukset,cost,2024,HVA-90,Helsingin kaupunki,wellbeing_area,453.3,,EUR_PER_RESIDENT,lower_is_less_input,3764+3766,thl_sotkanet_indicators_3764_3766,https://sotkanet.fi/sotkanet/fi/metadata/indicators/3764;https://sotkanet.fi/sotkanet/fi/metadata/indicators/3766,2026-08-18
primary_care_cost_nominal_eur_per_resident,Perusterveydenhuollon nettokäyttökustannukset,cost,2020,HVA-91,Ahvenanmaa,wellbeing_area,0.0,,EUR_PER_RESIDENT,lower_is_less_input,3764+3766,thl_sotkanet_indicators_3764_3766,https://sotkanet.fi/sotkanet/fi/metadata/indicators/3764;https://sotkanet.fi/sotkanet/fi/metadata/indicators/3766,2026-08-18
primary_care_doctor_continuity_coci,Hoidon jatkuvuus lääkärikäynneillä (COCI),continuity,2020,FI,Koko maa,country,0.34,,INDEX_0_TO_1,higher_is_better,5502,thl_sotkanet_indicator_5502,https://sotkanet.fi/sotkanet/fi/metadata/indicators/5502,2026-08-18
primary_care_doctor_continuity_coci,Hoidon jatkuvuus lääkärikäynneillä (COCI),continuity,2021,FI,Koko maa,country,0.31,,INDEX_0_TO_1,higher_is_better,5502,thl_sotkanet_indicator_5502,https://sotkanet.fi/sotkanet/fi/metadata/indicators/5502,2026-08-18
primary_care_doctor_continuity_coci,Hoidon jatkuvuus lääkärikäynneillä (COCI),continuity,2022,FI,Koko maa,country,0.29,,INDEX_0_TO_1,higher_is_better,5502,thl_sotkanet_indicator_5502,https://sotkanet.fi/sotkanet/fi/metadata/indicators/5502,2026-08-18
primary_care_doctor_continuity_coci,Hoidon jatkuvuus lääkärikäynneillä (COCI),continuity,2023,FI,Koko maa,country,0.28,,INDEX_0_TO_1,higher_is_better,5502,thl_sotkanet_indicator_5502,https://sotkanet.fi/sotkanet/fi/metadata/indicators/5502,2026-08-18
primary_care_doctor_continuity_coci,Hoidon jatkuvuus lääkärikäynneillä (COCI),continuity,2024,FI,Koko maa,country,0.28,,INDEX_0_TO_1,higher_is_better,5502,thl_sotkanet_indicator_5502,https://sotkanet.fi/sotkanet/fi/metadata/indicators/5502,2026-08-18
primary_care_doctor_continuity_coci,Hoidon jatkuvuus lääkärikäynneillä (COCI),continuity,2025,FI,Koko maa,country,0.29,,INDEX_0_TO_1,higher_is_better,5502,thl_sotkanet_indicator_5502,https://sotkanet.fi/sotkanet/fi/metadata/indicators/5502,2026-08-18
primary_care_doctor_continuity_coci,Hoidon jatkuvuus lääkärikäynneillä (COCI),continuity,2020,HVA-01,Itä-Uudenmaan hyvinvointialue,wellbeing_area,0.34,,INDEX_0_TO_1,higher_is_better,5502,thl_sotkanet_indicator_5502,https://sotkanet.fi/sotkanet/fi/metadata/indicators/5502,2026-08-18
primary_care_doctor_continuity_coci,Hoidon jatkuvuus lääkärikäynneillä (COCI),continuity,2021,HVA-01,Itä-Uudenmaan hyvinvointialue,wellbeing_area,0.35,,INDEX_0_TO_1,higher_is_better,5502,thl_sotkanet_indicator_5502,https://sotkanet.fi/sotkanet/fi/metadata/indicators/5502,2026-08-18
primary_care_doctor_continuity_coci,Hoidon jatkuvuus lääkärikäynneillä (COCI),continuity,2022,HVA-01,Itä-Uudenmaan hyvinvointialue,wellbeing_area,0.36,,INDEX_0_TO_1,higher_is_better,5502,thl_sotkanet_indicator_5502,https://sotkanet.fi/sotkanet/fi/metadata/indicators/5502,2026-08-18
primary_care_doctor_continuity_coci,Hoidon jatkuvuus lääkärikäynneillä (COCI),continuity,2023,HVA-01,Itä-Uudenmaan hyvinvointialue,wellbeing_area,0.33,,INDEX_0_TO_1,higher_is_better,5502,thl_sotkanet_indicator_5502,https://sotkanet.fi/sotkanet/fi/metadata/indicators/5502,2026-08-18
primary_care_doctor_continuity_coci,Hoidon jatkuvuus lääkärikäynneillä (COCI),continuity,2024,HVA-01,Itä-Uudenmaan hyvinvointialue,wellbeing_area,0.31,,INDEX_0_TO_1,higher_is_better,5502,thl_sotkanet_indicator_5502,https://sotkanet.fi/sotkanet/fi/metadata/indicators/5502,2026-08-18
primary_care_doctor_continuity_coci,Hoidon jatkuvuus lääkärikäynneillä (COCI),continuity,2025,HVA-01,Itä-Uudenmaan hyvinvointialue,wellbeing_area,0.33,,INDEX_0_TO_1,higher_is_better,5502,thl_sotkanet_indicator_5502,https://sotkanet.fi/sotkanet/fi/metadata/indicators/5502,2026-08-18
primary_care_doctor_continuity_coci,Hoidon jatkuvuus lääkärikäynneillä (COCI),continuity,2020,HVA-02,Keski-Uudenmaan hyvinvointialue,wellbeing_area,0.38,,INDEX_0_TO_1,higher_is_better,5502,thl_sotkanet_indicator_5502,https://sotkanet.fi/sotkanet/fi/metadata/indicators/5502,2026-08-18
primary_care_doctor_continuity_coci,Hoidon jatkuvuus lääkärikäynneillä (COCI),continuity,2021,HVA-02,Keski-Uudenmaan hyvinvointialue,wellbeing_area,0.33,,INDEX_0_TO_1,higher_is_better,5502,thl_sotkanet_indicator_5502,https://sotkanet.fi/sotkanet/fi/metadata/indicators/5502,2026-08-18
primary_care_doctor_continuity_coci,Hoidon jatkuvuus lääkärikäynneillä (COCI),continuity,2022,HVA-02,Keski-Uudenmaan hyvinvointialue,wellbeing_area,0.28,,INDEX_0_TO_1,higher_is_better,5502,thl_sotkanet_indicator_5502,https://sotkanet.fi/sotkanet/fi/metadata/indicators/5502,2026-08-18
primary_care_doctor_continuity_coci,Hoidon jatkuvuus lääkärikäynneillä (COCI),continuity,2023,HVA-02,Keski-Uudenmaan hyvinvointialue,wellbeing_area,0.24,,INDEX_0_TO_1,higher_is_better,5502,thl_sotkanet_indicator_5502,https://sotkanet.fi/sotkanet/fi/metadata/indicators/5502,2026-08-18
primary_care_doctor_continuity_coci,Hoidon jatkuvuus lääkärikäynneillä (COCI),continuity,2024,HVA-02,Keski-Uudenmaan hyvinvointialue,wellbeing_area,0.23,,INDEX_0_TO_1,higher_is_better,5502,thl_sotkanet_indicator_5502,https://sotkanet.fi/sotkanet/fi/metadata/indicators/5502,2026-08-18
primary_care_doctor_continuity_coci,Hoidon jatkuvuus lääkärikäynneillä (COCI),continuity,2025,HVA-02,Keski-Uudenmaan hyvinvointialue,wellbeing_area,0.28,,INDEX_0_TO_1,higher_is_better,5502,thl_sotkanet_indicator_5502,https://sotkanet.fi/sotkanet/fi/metadata/indicators/5502,2026-08-18
primary_care_doctor_continuity_coci,Hoidon jatkuvuus lääkärikäynneillä (COCI),continuity,2020,HVA-03,Länsi-Uudenmaan hyvinvointialue,wellbeing_area,0.31,,INDEX_0_TO_1,higher_is_better,5502,thl_sotkanet_indicator_5502,https://sotkanet.fi/sotkanet/fi/metadata/indicators/5502,2026-08-18
primary_care_doctor_continuity_coci,Hoidon jatkuvuus lääkärikäynneillä (COCI),continuity,2021,HVA-03,Länsi-Uudenmaan hyvinvointialue,wellbeing_area,0.29,,INDEX_0_TO_1,higher_is_better,5502,thl_sotkanet_indicator_5502,https://sotkanet.fi/sotkanet/fi/metadata/indicators/5502,2026-08-18
primary_care_doctor_continuity_coci,Hoidon jatkuvuus lääkärikäynneillä (COCI),continuity,2022,HVA-03,Länsi-Uudenmaan hyvinvointialue,wellbeing_area,0.29,,INDEX_0_TO_1,higher_is_better,5502,thl_sotkanet_indicator_5502,https://sotkanet.fi/sotkanet/fi/metadata/indicators/5502,2026-08-18
primary_care_doctor_continuity_coci,Hoidon jatkuvuus lääkärikäynneillä (COCI),continuity,2023,HVA-03,Länsi-Uudenmaan hyvinvointialue,wellbeing_area,0.3,,INDEX_0_TO_1,higher_is_better,5502,thl_sotkanet_indicator_5502,https://sotkanet.fi/sotkanet/fi/metadata/indicators/5502,2026-08-18
primary_care_doctor_continuity_coci,Hoidon jatkuvuus lääkärikäynneillä (COCI),continuity,2024,HVA-03,Länsi-Uudenmaan hyvinvointialue,wellbeing_area,0.29,,INDEX_0_TO_1,higher_is_better,5502,thl_sotkanet_indicator_5502,https://sotkanet.fi/sotkanet/fi/metadata/indicators/5502,2026-08-18
primary_care_doctor_continuity_coci,Hoidon jatkuvuus lääkärikäynneillä (COCI),continuity,2025,HVA-03,Länsi-Uudenmaan hyvinvointialue,wellbeing_area,0.3,,INDEX_0_TO_1,higher_is_better,5502,thl_sotkanet_indicator_5502,https://sotkanet.fi/sotkanet/fi/metadata/indicators/5502,2026-08-18
primary_care_doctor_continuity_coci,Hoidon jatkuvuus lääkärikäynneillä (COCI),continuity,2024,HVA-04,Vantaan ja Keravan hyvinvointialue,wellbeing_area,0.29,,INDEX_0_TO_1,higher_is_better,5502,thl_sotkanet_indicator_5502,https://sotkanet.fi/sotkanet/fi/metadata/indicators/5502,2026-08-18
primary_care_doctor_continuity_coci,Hoidon jatkuvuus lääkärikäynneillä (COCI),continuity,2025,HVA-04,Vantaan ja Keravan hyvinvointialue,wellbeing_area,0.34,,INDEX_0_TO_1,higher_is_better,5502,thl_sotkanet_indicator_5502,https://sotkanet.fi/sotkanet/fi/metadata/indicators/5502,2026-08-18
primary_care_doctor_continuity_coci,Hoidon jatkuvuus lääkärikäynneillä (COCI),continuity,2020,HVA-05,Varsinais-Suomen hyvinvointialue,wellbeing_area,0.4,,INDEX_0_TO_1,higher_is_better,5502,thl_sotkanet_indicator_5502,https://sotkanet.fi/sotkanet/fi/metadata/indicators/5502,2026-08-18
primary_care_doctor_continuity_coci,Hoidon jatkuvuus lääkärikäynneillä (COCI),continuity,2021,HVA-05,Varsinais-Suomen hyvinvointialue,wellbeing_area,0.38,,INDEX_0_TO_1,higher_is_better,5502,thl_sotkanet_indicator_5502,https://sotkanet.fi/sotkanet/fi/metadata/indicators/5502,2026-08-18
primary_care_doctor_continuity_coci,Hoidon jatkuvuus lääkärikäynneillä (COCI),continuity,2022,HVA-05,Varsinais-Suomen hyvinvointialue,wellbeing_area,0.36,,INDEX_0_TO_1,higher_is_better,5502,thl_sotkanet_indicator_5502,https://sotkanet.fi/sotkanet/fi/metadata/indicators/5502,2026-08-18
primary_care_doctor_continuity_coci,Hoidon jatkuvuus lääkärikäynneillä (COCI),continuity,2023,HVA-05,Varsinais-Suomen hyvinvointialue,wellbeing_area,0.33,,INDEX_0_TO_1,higher_is_better,5502,thl_sotkanet_indicator_5502,https://sotkanet.fi/sotkanet/fi/metadata/indicators/5502,2026-08-18
primary_care_doctor_continuity_coci,Hoidon jatkuvuus lääkärikäynneillä (COCI),continuity,2024,HVA-05,Varsinais-Suomen hyvinvointialue,wellbeing_area,0.33,,INDEX_0_TO_1,higher_is_better,5502,thl_sotkanet_indicator_5502,https://sotkanet.fi/sotkanet/fi/metadata/indicators/5502,2026-08-18
primary_care_doctor_continuity_coci,Hoidon jatkuvuus lääkärikäynneillä (COCI),continuity,2025,HVA-05,Varsinais-Suomen hyvinvointialue,wellbeing_area,0.35,,INDEX_0_TO_1,higher_is_better,5502,thl_sotkanet_indicator_5502,https://sotkanet.fi/sotkanet/fi/metadata/indicators/5502,2026-08-18
primary_care_doctor_continuity_coci,Hoidon jatkuvuus lääkärikäynneillä (COCI),continuity,2020,HVA-06,Satakunnan hyvinvointialue,wellbeing_area,0.31,,INDEX_0_TO_1,higher_is_better,5502,thl_sotkanet_indicator_5502,https://sotkanet.fi/sotkanet/fi/metadata/indicators/5502,2026-08-18
primary_care_doctor_continuity_coci,Hoidon jatkuvuus lääkärikäynneillä (COCI),continuity,2021,HVA-06,Satakunnan hyvinvointialue,wellbeing_area,0.32,,INDEX_0_TO_1,higher_is_better,5502,thl_sotkanet_indicator_5502,https://sotkanet.fi/sotkanet/fi/metadata/indicators/5502,2026-08-18
primary_care_doctor_continuity_coci,Hoidon jatkuvuus lääkärikäynneillä (COCI),continuity,2022,HVA-06,Satakunnan hyvinvointialue,wellbeing_area,0.32,,INDEX_0_TO_1,higher_is_better,5502,thl_sotkanet_indicator_5502,https://sotkanet.fi/sotkanet/fi/metadata/indicators/5502,2026-08-18
primary_care_doctor_continuity_coci,Hoidon jatkuvuus lääkärikäynneillä (COCI),continuity,2023,HVA-06,Satakunnan hyvinvointialue,wellbeing_area,0.32,,INDEX_0_TO_1,higher_is_better,5502,thl_sotkanet_indicator_5502,https://sotkanet.fi/sotkanet/fi/metadata/indicators/5502,2026-08-18
primary_care_doctor_continuity_coci,Hoidon jatkuvuus lääkärikäynneillä (COCI),continuity,2024,HVA-06,Satakunnan hyvinvointialue,wellbeing_area,0.29,,INDEX_0_TO_1,higher_is_better,5502,thl_sotkanet_indicator_5502,https://sotkanet.fi/sotkanet/fi/metadata/indicators/5502,2026-08-18
primary_care_doctor_continuity_coci,Hoidon jatkuvuus lääkärikäynneillä (COCI),continuity,2025,HVA-06,Satakunnan hyvinvointialue,wellbeing_area,0.26,,INDEX_0_TO_1,higher_is_better,5502,thl_sotkanet_indicator_5502,https://sotkanet.fi/sotkanet/fi/metadata/indicators/5502,2026-08-18
primary_care_doctor_continuity_coci,Hoidon jatkuvuus lääkärikäynneillä (COCI),continuity,2020,HVA-07,Kanta-Hämeen hyvinvointialue,wellbeing_area,0.36,,INDEX_0_TO_1,higher_is_better,5502,thl_sotkanet_indicator_5502,https://sotkanet.fi/sotkanet/fi/metadata/indicators/5502,2026-08-18
primary_care_doctor_continuity_coci,Hoidon jatkuvuus lääkärikäynneillä (COCI),continuity,2021,HVA-07,Kanta-Hämeen hyvinvointialue,wellbeing_area,0.35,,INDEX_0_TO_1,higher_is_better,5502,thl_sotkanet_indicator_5502,https://sotkanet.fi/sotkanet/fi/metadata/indicators/5502,2026-08-18
primary_care_doctor_continuity_coci,Hoidon jatkuvuus lääkärikäynneillä (COCI),continuity,2022,HVA-07,Kanta-Hämeen hyvinvointialue,wellbeing_area,0.33,,INDEX_0_TO_1,higher_is_better,5502,thl_sotkanet_indicator_5502,https://sotkanet.fi/sotkanet/fi/metadata/indicators/5502,2026-08-18
primary_care_doctor_continuity_coci,Hoidon jatkuvuus lääkärikäynneillä (COCI),continuity,2023,HVA-07,Kanta-Hämeen hyvinvointialue,wellbeing_area,0.32,,INDEX_0_TO_1,higher_is_better,5502,thl_sotkanet_indicator_5502,https://sotkanet.fi/sotkanet/fi/metadata/indicators/5502,2026-08-18
primary_care_doctor_continuity_coci,Hoidon jatkuvuus lääkärikäynneillä (COCI),continuity,2024,HVA-07,Kanta-Hämeen hyvinvointialue,wellbeing_area,0.32,,INDEX_0_TO_1,higher_is_better,5502,thl_sotkanet_indicator_5502,https://sotkanet.fi/sotkanet/fi/metadata/indicators/5502,2026-08-18
primary_care_doctor_continuity_coci,Hoidon jatkuvuus lääkärikäynneillä (COCI),continuity,2025,HVA-07,Kanta-Hämeen hyvinvointialue,wellbeing_area,0.32,,INDEX_0_TO_1,higher_is_better,5502,thl_sotkanet_indicator_5502,https://sotkanet.fi/sotkanet/fi/metadata/indicators/5502,2026-08-18
primary_care_doctor_continuity_coci,Hoidon jatkuvuus lääkärikäynneillä (COCI),continuity,2020,HVA-08,Pirkanmaan hyvinvointialue,wellbeing_area,0.34,,INDEX_0_TO_1,higher_is_better,5502,thl_sotkanet_indicator_5502,https://sotkanet.fi/sotkanet/fi/metadata/indicators/5502,2026-08-18
primary_care_doctor_continuity_coci,Hoidon jatkuvuus lääkärikäynneillä (COCI),continuity,2021,HVA-08,Pirkanmaan hyvinvointialue,wellbeing_area,0.33,,INDEX_0_TO_1,higher_is_better,5502,thl_sotkanet_indicator_5502,https://sotkanet.fi/sotkanet/fi/metadata/indicators/5502,2026-08-18
primary_care_doctor_continuity_coci,Hoidon jatkuvuus lääkärikäynneillä (COCI),continuity,2022,HVA-08,Pirkanmaan hyvinvointialue,wellbeing_area,0.32,,INDEX_0_TO_1,higher_is_better,5502,thl_sotkanet_indicator_5502,https://sotkanet.fi/sotkanet/fi/metadata/indicators/5502,2026-08-18
primary_care_doctor_continuity_coci,Hoidon jatkuvuus lääkärikäynneillä (COCI),continuity,2023,HVA-08,Pirkanmaan hyvinvointialue,wellbeing_area,0.32,,INDEX_0_TO_1,higher_is_better,5502,thl_sotkanet_indicator_5502,https://sotkanet.fi/sotkanet/fi/metadata/indicators/5502,2026-08-18
primary_care_doctor_continuity_coci,Hoidon jatkuvuus lääkärikäynneillä (COCI),continuity,2024,HVA-08,Pirkanmaan hyvinvointialue,wellbeing_area,0.33,,INDEX_0_TO_1,higher_is_better,5502,thl_sotkanet_indicator_5502,https://sotkanet.fi/sotkanet/fi/metadata/indicators/5502,2026-08-18
primary_care_doctor_continuity_coci,Hoidon jatkuvuus lääkärikäynneillä (COCI),continuity,2025,HVA-08,Pirkanmaan hyvinvointialue,wellbeing_area,0.33,,INDEX_0_TO_1,higher_is_better,5502,thl_sotkanet_indicator_5502,https://sotkanet.fi/sotkanet/fi/metadata/indicators/5502,2026-08-18
primary_care_doctor_continuity_coci,Hoidon jatkuvuus lääkärikäynneillä (COCI),continuity,2020,HVA-09,Päijät-Hämeen hyvinvointialue,wellbeing_area,0.31,,INDEX_0_TO_1,higher_is_better,5502,thl_sotkanet_indicator_5502,https://sotkanet.fi/sotkanet/fi/metadata/indicators/5502,2026-08-18
primary_care_doctor_continuity_coci,Hoidon jatkuvuus lääkärikäynneillä (COCI),continuity,2021,HVA-09,Päijät-Hämeen hyvinvointialue,wellbeing_area,0.28,,INDEX_0_TO_1,higher_is_better,5502,thl_sotkanet_indicator_5502,https://sotkanet.fi/sotkanet/fi/metadata/indicators/5502,2026-08-18
primary_care_doctor_continuity_coci,Hoidon jatkuvuus lääkärikäynneillä (COCI),continuity,2022,HVA-09,Päijät-Hämeen hyvinvointialue,wellbeing_area,0.27,,INDEX_0_TO_1,higher_is_better,5502,thl_sotkanet_indicator_5502,https://sotkanet.fi/sotkanet/fi/metadata/indicators/5502,2026-08-18
primary_care_doctor_continuity_coci,Hoidon jatkuvuus lääkärikäynneillä (COCI),continuity,2023,HVA-09,Päijät-Hämeen hyvinvointialue,wellbeing_area,0.27,,INDEX_0_TO_1,higher_is_better,5502,thl_sotkanet_indicator_5502,https://sotkanet.fi/sotkanet/fi/metadata/indicators/5502,2026-08-18
primary_care_doctor_continuity_coci,Hoidon jatkuvuus lääkärikäynneillä (COCI),continuity,2024,HVA-09,Päijät-Hämeen hyvinvointialue,wellbeing_area,0.24,,INDEX_0_TO_1,higher_is_better,5502,thl_sotkanet_indicator_5502,https://sotkanet.fi/sotkanet/fi/metadata/indicators/5502,2026-08-18
primary_care_doctor_continuity_coci,Hoidon jatkuvuus lääkärikäynneillä (COCI),continuity,2025,HVA-09,Päijät-Hämeen hyvinvointialue,wellbeing_area,0.23,,INDEX_0_TO_1,higher_is_better,5502,thl_sotkanet_indicator_5502,https://sotkanet.fi/sotkanet/fi/metadata/indicators/5502,2026-08-18
primary_care_doctor_continuity_coci,Hoidon jatkuvuus lääkärikäynneillä (COCI),continuity,2020,HVA-10,Kymenlaakson hyvinvointialue,wellbeing_area,0.41,,INDEX_0_TO_1,higher_is_better,5502,thl_sotkanet_indicator_5502,https://sotkanet.fi/sotkanet/fi/metadata/indicators/5502,2026-08-18
primary_care_doctor_continuity_coci,Hoidon jatkuvuus lääkärikäynneillä (COCI),continuity,2021,HVA-10,Kymenlaakson hyvinvointialue,wellbeing_area,0.32,,INDEX_0_TO_1,higher_is_better,5502,thl_sotkanet_indicator_5502,https://sotkanet.fi/sotkanet/fi/metadata/indicators/5502,2026-08-18
primary_care_doctor_continuity_coci,Hoidon jatkuvuus lääkärikäynneillä (COCI),continuity,2022,HVA-10,Kymenlaakson hyvinvointialue,wellbeing_area,0.28,,INDEX_0_TO_1,higher_is_better,5502,thl_sotkanet_indicator_5502,https://sotkanet.fi/sotkanet/fi/metadata/indicators/5502,2026-08-18
primary_care_doctor_continuity_coci,Hoidon jatkuvuus lääkärikäynneillä (COCI),continuity,2023,HVA-10,Kymenlaakson hyvinvointialue,wellbeing_area,0.25,,INDEX_0_TO_1,higher_is_better,5502,thl_sotkanet_indicator_5502,https://sotkanet.fi/sotkanet/fi/metadata/indicators/5502,2026-08-18
primary_care_doctor_continuity_coci,Hoidon jatkuvuus lääkärikäynneillä (COCI),continuity,2024,HVA-10,Kymenlaakson hyvinvointialue,wellbeing_area,0.22,,INDEX_0_TO_1,higher_is_better,5502,thl_sotkanet_indicator_5502,https://sotkanet.fi/sotkanet/fi/metadata/indicators/5502,2026-08-18
primary_care_doctor_continuity_coci,Hoidon jatkuvuus lääkärikäynneillä (COCI),continuity,2025,HVA-10,Kymenlaakson hyvinvointialue,wellbeing_area,0.21,,INDEX_0_TO_1,higher_is_better,5502,thl_sotkanet_indicator_5502,https://sotkanet.fi/sotkanet/fi/metadata/indicators/5502,2026-08-18
primary_care_doctor_continuity_coci,Hoidon jatkuvuus lääkärikäynneillä (COCI),continuity,2021,HVA-11,Etelä-Karjalan hyvinvointialue,wellbeing_area,0.39,,INDEX_0_TO_1,higher_is_better,5502,thl_sotkanet_indicator_5502,https://sotkanet.fi/sotkanet/fi/metadata/indicators/5502,2026-08-18
primary_care_doctor_continuity_coci,Hoidon jatkuvuus lääkärikäynneillä (COCI),continuity,2022,HVA-11,Etelä-Karjalan hyvinvointialue,wellbeing_area,0.32,,INDEX_0_TO_1,higher_is_better,5502,thl_sotkanet_indicator_5502,https://sotkanet.fi/sotkanet/fi/metadata/indicators/5502,2026-08-18
primary_care_doctor_continuity_coci,Hoidon jatkuvuus lääkärikäynneillä (COCI),continuity,2023,HVA-11,Etelä-Karjalan hyvinvointialue,wellbeing_area,0.3,,INDEX_0_TO_1,higher_is_better,5502,thl_sotkanet_indicator_5502,https://sotkanet.fi/sotkanet/fi/metadata/indicators/5502,2026-08-18
primary_care_doctor_continuity_coci,Hoidon jatkuvuus lääkärikäynneillä (COCI),continuity,2024,HVA-11,Etelä-Karjalan hyvinvointialue,wellbeing_area,0.29,,INDEX_0_TO_1,higher_is_better,5502,thl_sotkanet_indicator_5502,https://sotkanet.fi/sotkanet/fi/metadata/indicators/5502,2026-08-18
primary_care_doctor_continuity_coci,Hoidon jatkuvuus lääkärikäynneillä (COCI),continuity,2025,HVA-11,Etelä-Karjalan hyvinvointialue,wellbeing_area,0.27,,INDEX_0_TO_1,higher_is_better,5502,thl_sotkanet_indicator_5502,https://sotkanet.fi/sotkanet/fi/metadata/indicators/5502,2026-08-18
primary_care_doctor_continuity_coci,Hoidon jatkuvuus lääkärikäynneillä (COCI),continuity,2020,HVA-12,Etelä-Savon hyvinvointialue,wellbeing_area,0.29,,INDEX_0_TO_1,higher_is_better,5502,thl_sotkanet_indicator_5502,https://sotkanet.fi/sotkanet/fi/metadata/indicators/5502,2026-08-18
primary_care_doctor_continuity_coci,Hoidon jatkuvuus lääkärikäynneillä (COCI),continuity,2021,HVA-12,Etelä-Savon hyvinvointialue,wellbeing_area,0.27,,INDEX_0_TO_1,higher_is_better,5502,thl_sotkanet_indicator_5502,https://sotkanet.fi/sotkanet/fi/metadata/indicators/5502,2026-08-18
primary_care_doctor_continuity_coci,Hoidon jatkuvuus lääkärikäynneillä (COCI),continuity,2022,HVA-12,Etelä-Savon hyvinvointialue,wellbeing_area,0.23,,INDEX_0_TO_1,higher_is_better,5502,thl_sotkanet_indicator_5502,https://sotkanet.fi/sotkanet/fi/metadata/indicators/5502,2026-08-18
primary_care_doctor_continuity_coci,Hoidon jatkuvuus lääkärikäynneillä (COCI),continuity,2023,HVA-12,Etelä-Savon hyvinvointialue,wellbeing_area,0.2,,INDEX_0_TO_1,higher_is_better,5502,thl_sotkanet_indicator_5502,https://sotkanet.fi/sotkanet/fi/metadata/indicators/5502,2026-08-18
primary_care_doctor_continuity_coci,Hoidon jatkuvuus lääkärikäynneillä (COCI),continuity,2024,HVA-12,Etelä-Savon hyvinvointialue,wellbeing_area,0.17,,INDEX_0_TO_1,higher_is_better,5502,thl_sotkanet_indicator_5502,https://sotkanet.fi/sotkanet/fi/metadata/indicators/5502,2026-08-18
primary_care_doctor_continuity_coci,Hoidon jatkuvuus lääkärikäynneillä (COCI),continuity,2025,HVA-12,Etelä-Savon hyvinvointialue,wellbeing_area,0.17,,INDEX_0_TO_1,higher_is_better,5502,thl_sotkanet_indicator_5502,https://sotkanet.fi/sotkanet/fi/metadata/indicators/5502,2026-08-18
primary_care_doctor_continuity_coci,Hoidon jatkuvuus lääkärikäynneillä (COCI),continuity,2020,HVA-13,Pohjois-Savon hyvinvointialue,wellbeing_area,0.35,,INDEX_0_TO_1,higher_is_better,5502,thl_sotkanet_indicator_5502,https://sotkanet.fi/sotkanet/fi/metadata/indicators/5502,2026-08-18
primary_care_doctor_continuity_coci,Hoidon jatkuvuus lääkärikäynneillä (COCI),continuity,2021,HVA-13,Pohjois-Savon hyvinvointialue,wellbeing_area,0.34,,INDEX_0_TO_1,higher_is_better,5502,thl_sotkanet_indicator_5502,https://sotkanet.fi/sotkanet/fi/metadata/indicators/5502,2026-08-18
primary_care_doctor_continuity_coci,Hoidon jatkuvuus lääkärikäynneillä (COCI),continuity,2022,HVA-13,Pohjois-Savon hyvinvointialue,wellbeing_area,0.31,,INDEX_0_TO_1,higher_is_better,5502,thl_sotkanet_indicator_5502,https://sotkanet.fi/sotkanet/fi/metadata/indicators/5502,2026-08-18
primary_care_doctor_continuity_coci,Hoidon jatkuvuus lääkärikäynneillä (COCI),continuity,2023,HVA-13,Pohjois-Savon hyvinvointialue,wellbeing_area,0.29,,INDEX_0_TO_1,higher_is_better,5502,thl_sotkanet_indicator_5502,https://sotkanet.fi/sotkanet/fi/metadata/indicators/5502,2026-08-18
primary_care_doctor_continuity_coci,Hoidon jatkuvuus lääkärikäynneillä (COCI),continuity,2024,HVA-13,Pohjois-Savon hyvinvointialue,wellbeing_area,0.3,,INDEX_0_TO_1,higher_is_better,5502,thl_sotkanet_indicator_5502,https://sotkanet.fi/sotkanet/fi/metadata/indicators/5502,2026-08-18
primary_care_doctor_continuity_coci,Hoidon jatkuvuus lääkärikäynneillä (COCI),continuity,2025,HVA-13,Pohjois-Savon hyvinvointialue,wellbeing_area,0.34,,INDEX_0_TO_1,higher_is_better,5502,thl_sotkanet_indicator_5502,https://sotkanet.fi/sotkanet/fi/metadata/indicators/5502,2026-08-18
primary_care_doctor_continuity_coci,Hoidon jatkuvuus lääkärikäynneillä (COCI),continuity,2020,HVA-14,Pohjois-Karjalan hyvinvointialue,wellbeing_area,0.28,,INDEX_0_TO_1,higher_is_better,5502,thl_sotkanet_indicator_5502,https://sotkanet.fi/sotkanet/fi/metadata/indicators/5502,2026-08-18
primary_care_doctor_continuity_coci,Hoidon jatkuvuus lääkärikäynneillä (COCI),continuity,2021,HVA-14,Pohjois-Karjalan hyvinvointialue,wellbeing_area,0.26,,INDEX_0_TO_1,higher_is_better,5502,thl_sotkanet_indicator_5502,https://sotkanet.fi/sotkanet/fi/metadata/indicators/5502,2026-08-18
primary_care_doctor_continuity_coci,Hoidon jatkuvuus lääkärikäynneillä (COCI),continuity,2022,HVA-14,Pohjois-Karjalan hyvinvointialue,wellbeing_area,0.23,,INDEX_0_TO_1,higher_is_better,5502,thl_sotkanet_indicator_5502,https://sotkanet.fi/sotkanet/fi/metadata/indicators/5502,2026-08-18
primary_care_doctor_continuity_coci,Hoidon jatkuvuus lääkärikäynneillä (COCI),continuity,2023,HVA-14,Pohjois-Karjalan hyvinvointialue,wellbeing_area,0.24,,INDEX_0_TO_1,higher_is_better,5502,thl_sotkanet_indicator_5502,https://sotkanet.fi/sotkanet/fi/metadata/indicators/5502,2026-08-18
primary_care_doctor_continuity_coci,Hoidon jatkuvuus lääkärikäynneillä (COCI),continuity,2024,HVA-14,Pohjois-Karjalan hyvinvointialue,wellbeing_area,0.23,,INDEX_0_TO_1,higher_is_better,5502,thl_sotkanet_indicator_5502,https://sotkanet.fi/sotkanet/fi/metadata/indicators/5502,2026-08-18
primary_care_doctor_continuity_coci,Hoidon jatkuvuus lääkärikäynneillä (COCI),continuity,2025,HVA-14,Pohjois-Karjalan hyvinvointialue,wellbeing_area,0.22,,INDEX_0_TO_1,higher_is_better,5502,thl_sotkanet_indicator_5502,https://sotkanet.fi/sotkanet/fi/metadata/indicators/5502,2026-08-18
primary_care_doctor_continuity_coci,Hoidon jatkuvuus lääkärikäynneillä (COCI),continuity,2021,HVA-15,Keski-Suomen hyvinvointialue,wellbeing_area,0.31,,INDEX_0_TO_1,higher_is_better,5502,thl_sotkanet_indicator_5502,https://sotkanet.fi/sotkanet/fi/metadata/indicators/5502,2026-08-18
primary_care_doctor_continuity_coci,Hoidon jatkuvuus lääkärikäynneillä (COCI),continuity,2022,HVA-15,Keski-Suomen hyvinvointialue,wellbeing_area,0.27,,INDEX_0_TO_1,higher_is_better,5502,thl_sotkanet_indicator_5502,https://sotkanet.fi/sotkanet/fi/metadata/indicators/5502,2026-08-18
primary_care_doctor_continuity_coci,Hoidon jatkuvuus lääkärikäynneillä (COCI),continuity,2023,HVA-15,Keski-Suomen hyvinvointialue,wellbeing_area,0.25,,INDEX_0_TO_1,higher_is_better,5502,thl_sotkanet_indicator_5502,https://sotkanet.fi/sotkanet/fi/metadata/indicators/5502,2026-08-18
primary_care_doctor_continuity_coci,Hoidon jatkuvuus lääkärikäynneillä (COCI),continuity,2024,HVA-15,Keski-Suomen hyvinvointialue,wellbeing_area,0.23,,INDEX_0_TO_1,higher_is_better,5502,thl_sotkanet_indicator_5502,https://sotkanet.fi/sotkanet/fi/metadata/indicators/5502,2026-08-18
primary_care_doctor_continuity_coci,Hoidon jatkuvuus lääkärikäynneillä (COCI),continuity,2025,HVA-15,Keski-Suomen hyvinvointialue,wellbeing_area,0.23,,INDEX_0_TO_1,higher_is_better,5502,thl_sotkanet_indicator_5502,https://sotkanet.fi/sotkanet/fi/metadata/indicators/5502,2026-08-18
primary_care_doctor_continuity_coci,Hoidon jatkuvuus lääkärikäynneillä (COCI),continuity,2020,HVA-16,Etelä-Pohjanmaan hyvinvointialue,wellbeing_area,0.17,,INDEX_0_TO_1,higher_is_better,5502,thl_sotkanet_indicator_5502,https://sotkanet.fi/sotkanet/fi/metadata/indicators/5502,2026-08-18
primary_care_doctor_continuity_coci,Hoidon jatkuvuus lääkärikäynneillä (COCI),continuity,2021,HVA-16,Etelä-Pohjanmaan hyvinvointialue,wellbeing_area,0.16,,INDEX_0_TO_1,higher_is_better,5502,thl_sotkanet_indicator_5502,https://sotkanet.fi/sotkanet/fi/metadata/indicators/5502,2026-08-18
primary_care_doctor_continuity_coci,Hoidon jatkuvuus lääkärikäynneillä (COCI),continuity,2022,HVA-16,Etelä-Pohjanmaan hyvinvointialue,wellbeing_area,0.16,,INDEX_0_TO_1,higher_is_better,5502,thl_sotkanet_indicator_5502,https://sotkanet.fi/sotkanet/fi/metadata/indicators/5502,2026-08-18
primary_care_doctor_continuity_coci,Hoidon jatkuvuus lääkärikäynneillä (COCI),continuity,2023,HVA-16,Etelä-Pohjanmaan hyvinvointialue,wellbeing_area,0.14,,INDEX_0_TO_1,higher_is_better,5502,thl_sotkanet_indicator_5502,https://sotkanet.fi/sotkanet/fi/metadata/indicators/5502,2026-08-18
primary_care_doctor_continuity_coci,Hoidon jatkuvuus lääkärikäynneillä (COCI),continuity,2024,HVA-16,Etelä-Pohjanmaan hyvinvointialue,wellbeing_area,0.17,,INDEX_0_TO_1,higher_is_better,5502,thl_sotkanet_indicator_5502,https://sotkanet.fi/sotkanet/fi/metadata/indicators/5502,2026-08-18
primary_care_doctor_continuity_coci,Hoidon jatkuvuus lääkärikäynneillä (COCI),continuity,2025,HVA-16,Etelä-Pohjanmaan hyvinvointialue,wellbeing_area,0.21,,INDEX_0_TO_1,higher_is_better,5502,thl_sotkanet_indicator_5502,https://sotkanet.fi/sotkanet/fi/metadata/indicators/5502,2026-08-18
primary_care_doctor_continuity_coci,Hoidon jatkuvuus lääkärikäynneillä (COCI),continuity,2020,HVA-17,Pohjanmaan hyvinvointialue,wellbeing_area,0.39,,INDEX_0_TO_1,higher_is_better,5502,thl_sotkanet_indicator_5502,https://sotkanet.fi/sotkanet/fi/metadata/indicators/5502,2026-08-18
primary_care_doctor_continuity_coci,Hoidon jatkuvuus lääkärikäynneillä (COCI),continuity,2021,HVA-17,Pohjanmaan hyvinvointialue,wellbeing_area,0.38,,INDEX_0_TO_1,higher_is_better,5502,thl_sotkanet_indicator_5502,https://sotkanet.fi/sotkanet/fi/metadata/indicators/5502,2026-08-18
primary_care_doctor_continuity_coci,Hoidon jatkuvuus lääkärikäynneillä (COCI),continuity,2022,HVA-17,Pohjanmaan hyvinvointialue,wellbeing_area,0.37,,INDEX_0_TO_1,higher_is_better,5502,thl_sotkanet_indicator_5502,https://sotkanet.fi/sotkanet/fi/metadata/indicators/5502,2026-08-18
primary_care_doctor_continuity_coci,Hoidon jatkuvuus lääkärikäynneillä (COCI),continuity,2023,HVA-17,Pohjanmaan hyvinvointialue,wellbeing_area,0.33,,INDEX_0_TO_1,higher_is_better,5502,thl_sotkanet_indicator_5502,https://sotkanet.fi/sotkanet/fi/metadata/indicators/5502,2026-08-18
primary_care_doctor_continuity_coci,Hoidon jatkuvuus lääkärikäynneillä (COCI),continuity,2024,HVA-17,Pohjanmaan hyvinvointialue,wellbeing_area,0.31,,INDEX_0_TO_1,higher_is_better,5502,thl_sotkanet_indicator_5502,https://sotkanet.fi/sotkanet/fi/metadata/indicators/5502,2026-08-18
primary_care_doctor_continuity_coci,Hoidon jatkuvuus lääkärikäynneillä (COCI),continuity,2025,HVA-17,Pohjanmaan hyvinvointialue,wellbeing_area,0.32,,INDEX_0_TO_1,higher_is_better,5502,thl_sotkanet_indicator_5502,https://sotkanet.fi/sotkanet/fi/metadata/indicators/5502,2026-08-18
primary_care_doctor_continuity_coci,Hoidon jatkuvuus lääkärikäynneillä (COCI),continuity,2020,HVA-18,Keski-Pohjanmaan hyvinvointialue,wellbeing_area,0.24,,INDEX_0_TO_1,higher_is_better,5502,thl_sotkanet_indicator_5502,https://sotkanet.fi/sotkanet/fi/metadata/indicators/5502,2026-08-18
primary_care_doctor_continuity_coci,Hoidon jatkuvuus lääkärikäynneillä (COCI),continuity,2021,HVA-18,Keski-Pohjanmaan hyvinvointialue,wellbeing_area,0.26,,INDEX_0_TO_1,higher_is_better,5502,thl_sotkanet_indicator_5502,https://sotkanet.fi/sotkanet/fi/metadata/indicators/5502,2026-08-18
primary_care_doctor_continuity_coci,Hoidon jatkuvuus lääkärikäynneillä (COCI),continuity,2022,HVA-18,Keski-Pohjanmaan hyvinvointialue,wellbeing_area,0.26,,INDEX_0_TO_1,higher_is_better,5502,thl_sotkanet_indicator_5502,https://sotkanet.fi/sotkanet/fi/metadata/indicators/5502,2026-08-18
primary_care_doctor_continuity_coci,Hoidon jatkuvuus lääkärikäynneillä (COCI),continuity,2023,HVA-18,Keski-Pohjanmaan hyvinvointialue,wellbeing_area,0.27,,INDEX_0_TO_1,higher_is_better,5502,thl_sotkanet_indicator_5502,https://sotkanet.fi/sotkanet/fi/metadata/indicators/5502,2026-08-18
primary_care_doctor_continuity_coci,Hoidon jatkuvuus lääkärikäynneillä (COCI),continuity,2024,HVA-18,Keski-Pohjanmaan hyvinvointialue,wellbeing_area,0.28,,INDEX_0_TO_1,higher_is_better,5502,thl_sotkanet_indicator_5502,https://sotkanet.fi/sotkanet/fi/metadata/indicators/5502,2026-08-18
primary_care_doctor_continuity_coci,Hoidon jatkuvuus lääkärikäynneillä (COCI),continuity,2025,HVA-18,Keski-Pohjanmaan hyvinvointialue,wellbeing_area,0.31,,INDEX_0_TO_1,higher_is_better,5502,thl_sotkanet_indicator_5502,https://sotkanet.fi/sotkanet/fi/metadata/indicators/5502,2026-08-18
primary_care_doctor_continuity_coci,Hoidon jatkuvuus lääkärikäynneillä (COCI),continuity,2021,HVA-19,Pohjois-Pohjanmaan hyvinvointialue,wellbeing_area,0.24,,INDEX_0_TO_1,higher_is_better,5502,thl_sotkanet_indicator_5502,https://sotkanet.fi/sotkanet/fi/metadata/indicators/5502,2026-08-18
primary_care_doctor_continuity_coci,Hoidon jatkuvuus lääkärikäynneillä (COCI),continuity,2022,HVA-19,Pohjois-Pohjanmaan hyvinvointialue,wellbeing_area,0.23,,INDEX_0_TO_1,higher_is_better,5502,thl_sotkanet_indicator_5502,https://sotkanet.fi/sotkanet/fi/metadata/indicators/5502,2026-08-18
primary_care_doctor_continuity_coci,Hoidon jatkuvuus lääkärikäynneillä (COCI),continuity,2023,HVA-19,Pohjois-Pohjanmaan hyvinvointialue,wellbeing_area,0.24,,INDEX_0_TO_1,higher_is_better,5502,thl_sotkanet_indicator_5502,https://sotkanet.fi/sotkanet/fi/metadata/indicators/5502,2026-08-18
primary_care_doctor_continuity_coci,Hoidon jatkuvuus lääkärikäynneillä (COCI),continuity,2024,HVA-19,Pohjois-Pohjanmaan hyvinvointialue,wellbeing_area,0.25,,INDEX_0_TO_1,higher_is_better,5502,thl_sotkanet_indicator_5502,https://sotkanet.fi/sotkanet/fi/metadata/indicators/5502,2026-08-18
primary_care_doctor_continuity_coci,Hoidon jatkuvuus lääkärikäynneillä (COCI),continuity,2025,HVA-19,Pohjois-Pohjanmaan hyvinvointialue,wellbeing_area,0.28,,INDEX_0_TO_1,higher_is_better,5502,thl_sotkanet_indicator_5502,https://sotkanet.fi/sotkanet/fi/metadata/indicators/5502,2026-08-18
primary_care_doctor_continuity_coci,Hoidon jatkuvuus lääkärikäynneillä (COCI),continuity,2020,HVA-20,Kainuun hyvinvointialue,wellbeing_area,0.3,,INDEX_0_TO_1,higher_is_better,5502,thl_sotkanet_indicator_5502,https://sotkanet.fi/sotkanet/fi/metadata/indicators/5502,2026-08-18
primary_care_doctor_continuity_coci,Hoidon jatkuvuus lääkärikäynneillä (COCI),continuity,2021,HVA-20,Kainuun hyvinvointialue,wellbeing_area,0.34,,INDEX_0_TO_1,higher_is_better,5502,thl_sotkanet_indicator_5502,https://sotkanet.fi/sotkanet/fi/metadata/indicators/5502,2026-08-18
primary_care_doctor_continuity_coci,Hoidon jatkuvuus lääkärikäynneillä (COCI),continuity,2022,HVA-20,Kainuun hyvinvointialue,wellbeing_area,0.33,,INDEX_0_TO_1,higher_is_better,5502,thl_sotkanet_indicator_5502,https://sotkanet.fi/sotkanet/fi/metadata/indicators/5502,2026-08-18
primary_care_doctor_continuity_coci,Hoidon jatkuvuus lääkärikäynneillä (COCI),continuity,2023,HVA-20,Kainuun hyvinvointialue,wellbeing_area,0.32,,INDEX_0_TO_1,higher_is_better,5502,thl_sotkanet_indicator_5502,https://sotkanet.fi/sotkanet/fi/metadata/indicators/5502,2026-08-18
primary_care_doctor_continuity_coci,Hoidon jatkuvuus lääkärikäynneillä (COCI),continuity,2024,HVA-20,Kainuun hyvinvointialue,wellbeing_area,0.33,,INDEX_0_TO_1,higher_is_better,5502,thl_sotkanet_indicator_5502,https://sotkanet.fi/sotkanet/fi/metadata/indicators/5502,2026-08-18
primary_care_doctor_continuity_coci,Hoidon jatkuvuus lääkärikäynneillä (COCI),continuity,2025,HVA-20,Kainuun hyvinvointialue,wellbeing_area,0.35,,INDEX_0_TO_1,higher_is_better,5502,thl_sotkanet_indicator_5502,https://sotkanet.fi/sotkanet/fi/metadata/indicators/5502,2026-08-18
primary_care_doctor_continuity_coci,Hoidon jatkuvuus lääkärikäynneillä (COCI),continuity,2020,HVA-21,Lapin hyvinvointialue,wellbeing_area,0.28,,INDEX_0_TO_1,higher_is_better,5502,thl_sotkanet_indicator_5502,https://sotkanet.fi/sotkanet/fi/metadata/indicators/5502,2026-08-18
primary_care_doctor_continuity_coci,Hoidon jatkuvuus lääkärikäynneillä (COCI),continuity,2021,HVA-21,Lapin hyvinvointialue,wellbeing_area,0.25,,INDEX_0_TO_1,higher_is_better,5502,thl_sotkanet_indicator_5502,https://sotkanet.fi/sotkanet/fi/metadata/indicators/5502,2026-08-18
primary_care_doctor_continuity_coci,Hoidon jatkuvuus lääkärikäynneillä (COCI),continuity,2022,HVA-21,Lapin hyvinvointialue,wellbeing_area,0.23,,INDEX_0_TO_1,higher_is_better,5502,thl_sotkanet_indicator_5502,https://sotkanet.fi/sotkanet/fi/metadata/indicators/5502,2026-08-18
primary_care_doctor_continuity_coci,Hoidon jatkuvuus lääkärikäynneillä (COCI),continuity,2023,HVA-21,Lapin hyvinvointialue,wellbeing_area,0.23,,INDEX_0_TO_1,higher_is_better,5502,thl_sotkanet_indicator_5502,https://sotkanet.fi/sotkanet/fi/metadata/indicators/5502,2026-08-18
primary_care_doctor_continuity_coci,Hoidon jatkuvuus lääkärikäynneillä (COCI),continuity,2024,HVA-21,Lapin hyvinvointialue,wellbeing_area,0.23,,INDEX_0_TO_1,higher_is_better,5502,thl_sotkanet_indicator_5502,https://sotkanet.fi/sotkanet/fi/metadata/indicators/5502,2026-08-18
primary_care_doctor_continuity_coci,Hoidon jatkuvuus lääkärikäynneillä (COCI),continuity,2025,HVA-21,Lapin hyvinvointialue,wellbeing_area,0.25,,INDEX_0_TO_1,higher_is_better,5502,thl_sotkanet_indicator_5502,https://sotkanet.fi/sotkanet/fi/metadata/indicators/5502,2026-08-18
primary_care_doctor_continuity_coci,Hoidon jatkuvuus lääkärikäynneillä (COCI),continuity,2020,HVA-90,Helsingin kaupunki,wellbeing_area,0.39,,INDEX_0_TO_1,higher_is_better,5502,thl_sotkanet_indicator_5502,https://sotkanet.fi/sotkanet/fi/metadata/indicators/5502,2026-08-18
primary_care_doctor_continuity_coci,Hoidon jatkuvuus lääkärikäynneillä (COCI),continuity,2024,HVA-90,Helsingin kaupunki,wellbeing_area,0.29,,INDEX_0_TO_1,higher_is_better,5502,thl_sotkanet_indicator_5502,https://sotkanet.fi/sotkanet/fi/metadata/indicators/5502,2026-08-18
primary_care_doctor_continuity_coci,Hoidon jatkuvuus lääkärikäynneillä (COCI),continuity,2025,HVA-90,Helsingin kaupunki,wellbeing_area,0.32,,INDEX_0_TO_1,higher_is_better,5502,thl_sotkanet_indicator_5502,https://sotkanet.fi/sotkanet/fi/metadata/indicators/5502,2026-08-18
primary_care_doctor_continuity_coci,Hoidon jatkuvuus lääkärikäynneillä (COCI),continuity,2020,HVA-91,Ahvenanmaa,wellbeing_area,0.33,,INDEX_0_TO_1,higher_is_better,5502,thl_sotkanet_indicator_5502,https://sotkanet.fi/sotkanet/fi/metadata/indicators/5502,2026-08-18
primary_care_doctor_continuity_coci,Hoidon jatkuvuus lääkärikäynneillä (COCI),continuity,2021,HVA-91,Ahvenanmaa,wellbeing_area,0.32,,INDEX_0_TO_1,higher_is_better,5502,thl_sotkanet_indicator_5502,https://sotkanet.fi/sotkanet/fi/metadata/indicators/5502,2026-08-18
primary_care_doctor_continuity_coci,Hoidon jatkuvuus lääkärikäynneillä (COCI),continuity,2022,HVA-91,Ahvenanmaa,wellbeing_area,0.32,,INDEX_0_TO_1,higher_is_better,5502,thl_sotkanet_indicator_5502,https://sotkanet.fi/sotkanet/fi/metadata/indicators/5502,2026-08-18
primary_care_doctor_continuity_coci,Hoidon jatkuvuus lääkärikäynneillä (COCI),continuity,2023,HVA-91,Ahvenanmaa,wellbeing_area,0.34,,INDEX_0_TO_1,higher_is_better,5502,thl_sotkanet_indicator_5502,https://sotkanet.fi/sotkanet/fi/metadata/indicators/5502,2026-08-18
primary_care_doctor_continuity_coci,Hoidon jatkuvuus lääkärikäynneillä (COCI),continuity,2024,HVA-91,Ahvenanmaa,wellbeing_area,0.33,,INDEX_0_TO_1,higher_is_better,5502,thl_sotkanet_indicator_5502,https://sotkanet.fi/sotkanet/fi/metadata/indicators/5502,2026-08-18
primary_care_doctor_continuity_coci,Hoidon jatkuvuus lääkärikäynneillä (COCI),continuity,2025,HVA-91,Ahvenanmaa,wellbeing_area,0.32,,INDEX_0_TO_1,higher_is_better,5502,thl_sotkanet_indicator_5502,https://sotkanet.fi/sotkanet/fi/metadata/indicators/5502,2026-08-18
primary_care_doctor_visits_per_1000,"Perusterveydenhuollon avohoidon lääkärikäynnit, kaikki yhteystavat",output,2020,FI,Koko maa,country,1785.0,9876649,PER_1000_RESIDENTS,context_dependent,1080,thl_sotkanet_indicator_1080,https://sotkanet.fi/sotkanet/fi/metadata/indicators/1080,2026-08-18
primary_care_doctor_visits_per_1000,"Perusterveydenhuollon avohoidon lääkärikäynnit, kaikki yhteystavat",output,2021,FI,Koko maa,country,1806.0,10020299,PER_1000_RESIDENTS,context_dependent,1080,thl_sotkanet_indicator_1080,https://sotkanet.fi/sotkanet/fi/metadata/indicators/1080,2026-08-18
primary_care_doctor_visits_per_1000,"Perusterveydenhuollon avohoidon lääkärikäynnit, kaikki yhteystavat",output,2022,FI,Koko maa,country,1878.0,10450646,PER_1000_RESIDENTS,context_dependent,1080,thl_sotkanet_indicator_1080,https://sotkanet.fi/sotkanet/fi/metadata/indicators/1080,2026-08-18
primary_care_doctor_visits_per_1000,"Perusterveydenhuollon avohoidon lääkärikäynnit, kaikki yhteystavat",output,2023,FI,Koko maa,country,1925.0,10786223,PER_1000_RESIDENTS,context_dependent,1080,thl_sotkanet_indicator_1080,https://sotkanet.fi/sotkanet/fi/metadata/indicators/1080,2026-08-18
primary_care_doctor_visits_per_1000,"Perusterveydenhuollon avohoidon lääkärikäynnit, kaikki yhteystavat",output,2024,FI,Koko maa,country,2022.0,11398452,PER_1000_RESIDENTS,context_dependent,1080,thl_sotkanet_indicator_1080,https://sotkanet.fi/sotkanet/fi/metadata/indicators/1080,2026-08-18
primary_care_doctor_visits_per_1000,"Perusterveydenhuollon avohoidon lääkärikäynnit, kaikki yhteystavat",output,2020,HVA-01,Itä-Uudenmaan hyvinvointialue,wellbeing_area,1338.0,131467,PER_1000_RESIDENTS,context_dependent,1080,thl_sotkanet_indicator_1080,https://sotkanet.fi/sotkanet/fi/metadata/indicators/1080,2026-08-18
primary_care_doctor_visits_per_1000,"Perusterveydenhuollon avohoidon lääkärikäynnit, kaikki yhteystavat",output,2021,HVA-01,Itä-Uudenmaan hyvinvointialue,wellbeing_area,1445.0,143209,PER_1000_RESIDENTS,context_dependent,1080,thl_sotkanet_indicator_1080,https://sotkanet.fi/sotkanet/fi/metadata/indicators/1080,2026-08-18
primary_care_doctor_visits_per_1000,"Perusterveydenhuollon avohoidon lääkärikäynnit, kaikki yhteystavat",output,2022,HVA-01,Itä-Uudenmaan hyvinvointialue,wellbeing_area,1441.0,142637,PER_1000_RESIDENTS,context_dependent,1080,thl_sotkanet_indicator_1080,https://sotkanet.fi/sotkanet/fi/metadata/indicators/1080,2026-08-18
primary_care_doctor_visits_per_1000,"Perusterveydenhuollon avohoidon lääkärikäynnit, kaikki yhteystavat",output,2023,HVA-01,Itä-Uudenmaan hyvinvointialue,wellbeing_area,1403.0,138881,PER_1000_RESIDENTS,context_dependent,1080,thl_sotkanet_indicator_1080,https://sotkanet.fi/sotkanet/fi/metadata/indicators/1080,2026-08-18
primary_care_doctor_visits_per_1000,"Perusterveydenhuollon avohoidon lääkärikäynnit, kaikki yhteystavat",output,2024,HVA-01,Itä-Uudenmaan hyvinvointialue,wellbeing_area,1435.0,142696,PER_1000_RESIDENTS,context_dependent,1080,thl_sotkanet_indicator_1080,https://sotkanet.fi/sotkanet/fi/metadata/indicators/1080,2026-08-18
primary_care_doctor_visits_per_1000,"Perusterveydenhuollon avohoidon lääkärikäynnit, kaikki yhteystavat",output,2020,HVA-02,Keski-Uudenmaan hyvinvointialue,wellbeing_area,1905.0,379704,PER_1000_RESIDENTS,context_dependent,1080,thl_sotkanet_indicator_1080,https://sotkanet.fi/sotkanet/fi/metadata/indicators/1080,2026-08-18
primary_care_doctor_visits_per_1000,"Perusterveydenhuollon avohoidon lääkärikäynnit, kaikki yhteystavat",output,2021,HVA-02,Keski-Uudenmaan hyvinvointialue,wellbeing_area,1739.0,351065,PER_1000_RESIDENTS,context_dependent,1080,thl_sotkanet_indicator_1080,https://sotkanet.fi/sotkanet/fi/metadata/indicators/1080,2026-08-18
primary_care_doctor_visits_per_1000,"Perusterveydenhuollon avohoidon lääkärikäynnit, kaikki yhteystavat",output,2022,HVA-02,Keski-Uudenmaan hyvinvointialue,wellbeing_area,1134.0,230353,PER_1000_RESIDENTS,context_dependent,1080,thl_sotkanet_indicator_1080,https://sotkanet.fi/sotkanet/fi/metadata/indicators/1080,2026-08-18
primary_care_doctor_visits_per_1000,"Perusterveydenhuollon avohoidon lääkärikäynnit, kaikki yhteystavat",output,2023,HVA-02,Keski-Uudenmaan hyvinvointialue,wellbeing_area,1008.0,207100,PER_1000_RESIDENTS,context_dependent,1080,thl_sotkanet_indicator_1080,https://sotkanet.fi/sotkanet/fi/metadata/indicators/1080,2026-08-18
primary_care_doctor_visits_per_1000,"Perusterveydenhuollon avohoidon lääkärikäynnit, kaikki yhteystavat",output,2024,HVA-02,Keski-Uudenmaan hyvinvointialue,wellbeing_area,797.0,165048,PER_1000_RESIDENTS,context_dependent,1080,thl_sotkanet_indicator_1080,https://sotkanet.fi/sotkanet/fi/metadata/indicators/1080,2026-08-18
primary_care_doctor_visits_per_1000,"Perusterveydenhuollon avohoidon lääkärikäynnit, kaikki yhteystavat",output,2020,HVA-03,Länsi-Uudenmaan hyvinvointialue,wellbeing_area,1501.0,711320,PER_1000_RESIDENTS,context_dependent,1080,thl_sotkanet_indicator_1080,https://sotkanet.fi/sotkanet/fi/metadata/indicators/1080,2026-08-18
primary_care_doctor_visits_per_1000,"Perusterveydenhuollon avohoidon lääkärikäynnit, kaikki yhteystavat",output,2021,HVA-03,Länsi-Uudenmaan hyvinvointialue,wellbeing_area,1483.0,710079,PER_1000_RESIDENTS,context_dependent,1080,thl_sotkanet_indicator_1080,https://sotkanet.fi/sotkanet/fi/metadata/indicators/1080,2026-08-18
primary_care_doctor_visits_per_1000,"Perusterveydenhuollon avohoidon lääkärikäynnit, kaikki yhteystavat",output,2022,HVA-03,Länsi-Uudenmaan hyvinvointialue,wellbeing_area,1470.0,714958,PER_1000_RESIDENTS,context_dependent,1080,thl_sotkanet_indicator_1080,https://sotkanet.fi/sotkanet/fi/metadata/indicators/1080,2026-08-18
primary_care_doctor_visits_per_1000,"Perusterveydenhuollon avohoidon lääkärikäynnit, kaikki yhteystavat",output,2023,HVA-03,Länsi-Uudenmaan hyvinvointialue,wellbeing_area,1447.0,716273,PER_1000_RESIDENTS,context_dependent,1080,thl_sotkanet_indicator_1080,https://sotkanet.fi/sotkanet/fi/metadata/indicators/1080,2026-08-18
primary_care_doctor_visits_per_1000,"Perusterveydenhuollon avohoidon lääkärikäynnit, kaikki yhteystavat",output,2024,HVA-03,Länsi-Uudenmaan hyvinvointialue,wellbeing_area,1461.0,733479,PER_1000_RESIDENTS,context_dependent,1080,thl_sotkanet_indicator_1080,https://sotkanet.fi/sotkanet/fi/metadata/indicators/1080,2026-08-18
primary_care_doctor_visits_per_1000,"Perusterveydenhuollon avohoidon lääkärikäynnit, kaikki yhteystavat",output,2020,HVA-04,Vantaan ja Keravan hyvinvointialue,wellbeing_area,911.0,249908,PER_1000_RESIDENTS,context_dependent,1080,thl_sotkanet_indicator_1080,https://sotkanet.fi/sotkanet/fi/metadata/indicators/1080,2026-08-18
primary_care_doctor_visits_per_1000,"Perusterveydenhuollon avohoidon lääkärikäynnit, kaikki yhteystavat",output,2021,HVA-04,Vantaan ja Keravan hyvinvointialue,wellbeing_area,831.0,229781,PER_1000_RESIDENTS,context_dependent,1080,thl_sotkanet_indicator_1080,https://sotkanet.fi/sotkanet/fi/metadata/indicators/1080,2026-08-18
primary_care_doctor_visits_per_1000,"Perusterveydenhuollon avohoidon lääkärikäynnit, kaikki yhteystavat",output,2022,HVA-04,Vantaan ja Keravan hyvinvointialue,wellbeing_area,1363.0,382443,PER_1000_RESIDENTS,context_dependent,1080,thl_sotkanet_indicator_1080,https://sotkanet.fi/sotkanet/fi/metadata/indicators/1080,2026-08-18
primary_care_doctor_visits_per_1000,"Perusterveydenhuollon avohoidon lääkärikäynnit, kaikki yhteystavat",output,2023,HVA-04,Vantaan ja Keravan hyvinvointialue,wellbeing_area,1944.0,555360,PER_1000_RESIDENTS,context_dependent,1080,thl_sotkanet_indicator_1080,https://sotkanet.fi/sotkanet/fi/metadata/indicators/1080,2026-08-18
primary_care_doctor_visits_per_1000,"Perusterveydenhuollon avohoidon lääkärikäynnit, kaikki yhteystavat",output,2024,HVA-04,Vantaan ja Keravan hyvinvointialue,wellbeing_area,2763.0,800565,PER_1000_RESIDENTS,context_dependent,1080,thl_sotkanet_indicator_1080,https://sotkanet.fi/sotkanet/fi/metadata/indicators/1080,2026-08-18
primary_care_doctor_visits_per_1000,"Perusterveydenhuollon avohoidon lääkärikäynnit, kaikki yhteystavat",output,2020,HVA-05,Varsinais-Suomen hyvinvointialue,wellbeing_area,1844.0,887531,PER_1000_RESIDENTS,context_dependent,1080,thl_sotkanet_indicator_1080,https://sotkanet.fi/sotkanet/fi/metadata/indicators/1080,2026-08-18
primary_care_doctor_visits_per_1000,"Perusterveydenhuollon avohoidon lääkärikäynnit, kaikki yhteystavat",output,2021,HVA-05,Varsinais-Suomen hyvinvointialue,wellbeing_area,1863.0,900643,PER_1000_RESIDENTS,context_dependent,1080,thl_sotkanet_indicator_1080,https://sotkanet.fi/sotkanet/fi/metadata/indicators/1080,2026-08-18
primary_care_doctor_visits_per_1000,"Perusterveydenhuollon avohoidon lääkärikäynnit, kaikki yhteystavat",output,2022,HVA-05,Varsinais-Suomen hyvinvointialue,wellbeing_area,1825.0,886338,PER_1000_RESIDENTS,context_dependent,1080,thl_sotkanet_indicator_1080,https://sotkanet.fi/sotkanet/fi/metadata/indicators/1080,2026-08-18
primary_care_doctor_visits_per_1000,"Perusterveydenhuollon avohoidon lääkärikäynnit, kaikki yhteystavat",output,2023,HVA-05,Varsinais-Suomen hyvinvointialue,wellbeing_area,1752.0,859670,PER_1000_RESIDENTS,context_dependent,1080,thl_sotkanet_indicator_1080,https://sotkanet.fi/sotkanet/fi/metadata/indicators/1080,2026-08-18
primary_care_doctor_visits_per_1000,"Perusterveydenhuollon avohoidon lääkärikäynnit, kaikki yhteystavat",output,2024,HVA-05,Varsinais-Suomen hyvinvointialue,wellbeing_area,1741.0,861475,PER_1000_RESIDENTS,context_dependent,1080,thl_sotkanet_indicator_1080,https://sotkanet.fi/sotkanet/fi/metadata/indicators/1080,2026-08-18
primary_care_doctor_visits_per_1000,"Perusterveydenhuollon avohoidon lääkärikäynnit, kaikki yhteystavat",output,2020,HVA-06,Satakunnan hyvinvointialue,wellbeing_area,2106.0,453603,PER_1000_RESIDENTS,context_dependent,1080,thl_sotkanet_indicator_1080,https://sotkanet.fi/sotkanet/fi/metadata/indicators/1080,2026-08-18
primary_care_doctor_visits_per_1000,"Perusterveydenhuollon avohoidon lääkärikäynnit, kaikki yhteystavat",output,2021,HVA-06,Satakunnan hyvinvointialue,wellbeing_area,2229.0,477570,PER_1000_RESIDENTS,context_dependent,1080,thl_sotkanet_indicator_1080,https://sotkanet.fi/sotkanet/fi/metadata/indicators/1080,2026-08-18
primary_care_doctor_visits_per_1000,"Perusterveydenhuollon avohoidon lääkärikäynnit, kaikki yhteystavat",output,2022,HVA-06,Satakunnan hyvinvointialue,wellbeing_area,2301.0,489174,PER_1000_RESIDENTS,context_dependent,1080,thl_sotkanet_indicator_1080,https://sotkanet.fi/sotkanet/fi/metadata/indicators/1080,2026-08-18
primary_care_doctor_visits_per_1000,"Perusterveydenhuollon avohoidon lääkärikäynnit, kaikki yhteystavat",output,2023,HVA-06,Satakunnan hyvinvointialue,wellbeing_area,2296.0,486103,PER_1000_RESIDENTS,context_dependent,1080,thl_sotkanet_indicator_1080,https://sotkanet.fi/sotkanet/fi/metadata/indicators/1080,2026-08-18
primary_care_doctor_visits_per_1000,"Perusterveydenhuollon avohoidon lääkärikäynnit, kaikki yhteystavat",output,2024,HVA-06,Satakunnan hyvinvointialue,wellbeing_area,2311.0,488194,PER_1000_RESIDENTS,context_dependent,1080,thl_sotkanet_indicator_1080,https://sotkanet.fi/sotkanet/fi/metadata/indicators/1080,2026-08-18
primary_care_doctor_visits_per_1000,"Perusterveydenhuollon avohoidon lääkärikäynnit, kaikki yhteystavat",output,2020,HVA-07,Kanta-Hämeen hyvinvointialue,wellbeing_area,2316.0,395015,PER_1000_RESIDENTS,context_dependent,1080,thl_sotkanet_indicator_1080,https://sotkanet.fi/sotkanet/fi/metadata/indicators/1080,2026-08-18
primary_care_doctor_visits_per_1000,"Perusterveydenhuollon avohoidon lääkärikäynnit, kaikki yhteystavat",output,2021,HVA-07,Kanta-Hämeen hyvinvointialue,wellbeing_area,2403.0,409098,PER_1000_RESIDENTS,context_dependent,1080,thl_sotkanet_indicator_1080,https://sotkanet.fi/sotkanet/fi/metadata/indicators/1080,2026-08-18
primary_care_doctor_visits_per_1000,"Perusterveydenhuollon avohoidon lääkärikäynnit, kaikki yhteystavat",output,2022,HVA-07,Kanta-Hämeen hyvinvointialue,wellbeing_area,2436.0,413034,PER_1000_RESIDENTS,context_dependent,1080,thl_sotkanet_indicator_1080,https://sotkanet.fi/sotkanet/fi/metadata/indicators/1080,2026-08-18
primary_care_doctor_visits_per_1000,"Perusterveydenhuollon avohoidon lääkärikäynnit, kaikki yhteystavat",output,2023,HVA-07,Kanta-Hämeen hyvinvointialue,wellbeing_area,2476.0,419804,PER_1000_RESIDENTS,context_dependent,1080,thl_sotkanet_indicator_1080,https://sotkanet.fi/sotkanet/fi/metadata/indicators/1080,2026-08-18
primary_care_doctor_visits_per_1000,"Perusterveydenhuollon avohoidon lääkärikäynnit, kaikki yhteystavat",output,2024,HVA-07,Kanta-Hämeen hyvinvointialue,wellbeing_area,2551.0,432218,PER_1000_RESIDENTS,context_dependent,1080,thl_sotkanet_indicator_1080,https://sotkanet.fi/sotkanet/fi/metadata/indicators/1080,2026-08-18
primary_care_doctor_visits_per_1000,"Perusterveydenhuollon avohoidon lääkärikäynnit, kaikki yhteystavat",output,2020,HVA-08,Pirkanmaan hyvinvointialue,wellbeing_area,1756.0,918330,PER_1000_RESIDENTS,context_dependent,1080,thl_sotkanet_indicator_1080,https://sotkanet.fi/sotkanet/fi/metadata/indicators/1080,2026-08-18
primary_care_doctor_visits_per_1000,"Perusterveydenhuollon avohoidon lääkärikäynnit, kaikki yhteystavat",output,2021,HVA-08,Pirkanmaan hyvinvointialue,wellbeing_area,1877.0,990232,PER_1000_RESIDENTS,context_dependent,1080,thl_sotkanet_indicator_1080,https://sotkanet.fi/sotkanet/fi/metadata/indicators/1080,2026-08-18
primary_care_doctor_visits_per_1000,"Perusterveydenhuollon avohoidon lääkärikäynnit, kaikki yhteystavat",output,2022,HVA-08,Pirkanmaan hyvinvointialue,wellbeing_area,1889.0,1006087,PER_1000_RESIDENTS,context_dependent,1080,thl_sotkanet_indicator_1080,https://sotkanet.fi/sotkanet/fi/metadata/indicators/1080,2026-08-18
primary_care_doctor_visits_per_1000,"Perusterveydenhuollon avohoidon lääkärikäynnit, kaikki yhteystavat",output,2023,HVA-08,Pirkanmaan hyvinvointialue,wellbeing_area,2020.0,1089225,PER_1000_RESIDENTS,context_dependent,1080,thl_sotkanet_indicator_1080,https://sotkanet.fi/sotkanet/fi/metadata/indicators/1080,2026-08-18
primary_care_doctor_visits_per_1000,"Perusterveydenhuollon avohoidon lääkärikäynnit, kaikki yhteystavat",output,2024,HVA-08,Pirkanmaan hyvinvointialue,wellbeing_area,1915.0,1044226,PER_1000_RESIDENTS,context_dependent,1080,thl_sotkanet_indicator_1080,https://sotkanet.fi/sotkanet/fi/metadata/indicators/1080,2026-08-18
primary_care_doctor_visits_per_1000,"Perusterveydenhuollon avohoidon lääkärikäynnit, kaikki yhteystavat",output,2020,HVA-09,Päijät-Hämeen hyvinvointialue,wellbeing_area,2118.0,435905,PER_1000_RESIDENTS,context_dependent,1080,thl_sotkanet_indicator_1080,https://sotkanet.fi/sotkanet/fi/metadata/indicators/1080,2026-08-18
primary_care_doctor_visits_per_1000,"Perusterveydenhuollon avohoidon lääkärikäynnit, kaikki yhteystavat",output,2021,HVA-09,Päijät-Hämeen hyvinvointialue,wellbeing_area,1919.0,393703,PER_1000_RESIDENTS,context_dependent,1080,thl_sotkanet_indicator_1080,https://sotkanet.fi/sotkanet/fi/metadata/indicators/1080,2026-08-18
primary_care_doctor_visits_per_1000,"Perusterveydenhuollon avohoidon lääkärikäynnit, kaikki yhteystavat",output,2022,HVA-09,Päijät-Hämeen hyvinvointialue,wellbeing_area,2497.0,510700,PER_1000_RESIDENTS,context_dependent,1080,thl_sotkanet_indicator_1080,https://sotkanet.fi/sotkanet/fi/metadata/indicators/1080,2026-08-18
primary_care_doctor_visits_per_1000,"Perusterveydenhuollon avohoidon lääkärikäynnit, kaikki yhteystavat",output,2023,HVA-09,Päijät-Hämeen hyvinvointialue,wellbeing_area,2123.0,434143,PER_1000_RESIDENTS,context_dependent,1080,thl_sotkanet_indicator_1080,https://sotkanet.fi/sotkanet/fi/metadata/indicators/1080,2026-08-18
primary_care_doctor_visits_per_1000,"Perusterveydenhuollon avohoidon lääkärikäynnit, kaikki yhteystavat",output,2024,HVA-09,Päijät-Hämeen hyvinvointialue,wellbeing_area,2031.0,415559,PER_1000_RESIDENTS,context_dependent,1080,thl_sotkanet_indicator_1080,https://sotkanet.fi/sotkanet/fi/metadata/indicators/1080,2026-08-18
primary_care_doctor_visits_per_1000,"Perusterveydenhuollon avohoidon lääkärikäynnit, kaikki yhteystavat",output,2020,HVA-10,Kymenlaakson hyvinvointialue,wellbeing_area,1704.0,277448,PER_1000_RESIDENTS,context_dependent,1080,thl_sotkanet_indicator_1080,https://sotkanet.fi/sotkanet/fi/metadata/indicators/1080,2026-08-18
primary_care_doctor_visits_per_1000,"Perusterveydenhuollon avohoidon lääkärikäynnit, kaikki yhteystavat",output,2021,HVA-10,Kymenlaakson hyvinvointialue,wellbeing_area,1882.0,303676,PER_1000_RESIDENTS,context_dependent,1080,thl_sotkanet_indicator_1080,https://sotkanet.fi/sotkanet/fi/metadata/indicators/1080,2026-08-18
primary_care_doctor_visits_per_1000,"Perusterveydenhuollon avohoidon lääkärikäynnit, kaikki yhteystavat",output,2022,HVA-10,Kymenlaakson hyvinvointialue,wellbeing_area,1860.0,296684,PER_1000_RESIDENTS,context_dependent,1080,thl_sotkanet_indicator_1080,https://sotkanet.fi/sotkanet/fi/metadata/indicators/1080,2026-08-18
primary_care_doctor_visits_per_1000,"Perusterveydenhuollon avohoidon lääkärikäynnit, kaikki yhteystavat",output,2023,HVA-10,Kymenlaakson hyvinvointialue,wellbeing_area,2055.0,326045,PER_1000_RESIDENTS,context_dependent,1080,thl_sotkanet_indicator_1080,https://sotkanet.fi/sotkanet/fi/metadata/indicators/1080,2026-08-18
primary_care_doctor_visits_per_1000,"Perusterveydenhuollon avohoidon lääkärikäynnit, kaikki yhteystavat",output,2024,HVA-10,Kymenlaakson hyvinvointialue,wellbeing_area,2177.0,342810,PER_1000_RESIDENTS,context_dependent,1080,thl_sotkanet_indicator_1080,https://sotkanet.fi/sotkanet/fi/metadata/indicators/1080,2026-08-18
primary_care_doctor_visits_per_1000,"Perusterveydenhuollon avohoidon lääkärikäynnit, kaikki yhteystavat",output,2020,HVA-11,Etelä-Karjalan hyvinvointialue,wellbeing_area,1788.0,226887,PER_1000_RESIDENTS,context_dependent,1080,thl_sotkanet_indicator_1080,https://sotkanet.fi/sotkanet/fi/metadata/indicators/1080,2026-08-18
primary_care_doctor_visits_per_1000,"Perusterveydenhuollon avohoidon lääkärikäynnit, kaikki yhteystavat",output,2021,HVA-11,Etelä-Karjalan hyvinvointialue,wellbeing_area,1814.0,228790,PER_1000_RESIDENTS,context_dependent,1080,thl_sotkanet_indicator_1080,https://sotkanet.fi/sotkanet/fi/metadata/indicators/1080,2026-08-18
primary_care_doctor_visits_per_1000,"Perusterveydenhuollon avohoidon lääkärikäynnit, kaikki yhteystavat",output,2022,HVA-11,Etelä-Karjalan hyvinvointialue,wellbeing_area,1741.0,218297,PER_1000_RESIDENTS,context_dependent,1080,thl_sotkanet_indicator_1080,https://sotkanet.fi/sotkanet/fi/metadata/indicators/1080,2026-08-18
primary_care_doctor_visits_per_1000,"Perusterveydenhuollon avohoidon lääkärikäynnit, kaikki yhteystavat",output,2023,HVA-11,Etelä-Karjalan hyvinvointialue,wellbeing_area,1812.0,226849,PER_1000_RESIDENTS,context_dependent,1080,thl_sotkanet_indicator_1080,https://sotkanet.fi/sotkanet/fi/metadata/indicators/1080,2026-08-18
primary_care_doctor_visits_per_1000,"Perusterveydenhuollon avohoidon lääkärikäynnit, kaikki yhteystavat",output,2024,HVA-11,Etelä-Karjalan hyvinvointialue,wellbeing_area,1734.0,216867,PER_1000_RESIDENTS,context_dependent,1080,thl_sotkanet_indicator_1080,https://sotkanet.fi/sotkanet/fi/metadata/indicators/1080,2026-08-18
primary_care_doctor_visits_per_1000,"Perusterveydenhuollon avohoidon lääkärikäynnit, kaikki yhteystavat",output,2020,HVA-12,Etelä-Savon hyvinvointialue,wellbeing_area,2191.0,290727,PER_1000_RESIDENTS,context_dependent,1080,thl_sotkanet_indicator_1080,https://sotkanet.fi/sotkanet/fi/metadata/indicators/1080,2026-08-18
primary_care_doctor_visits_per_1000,"Perusterveydenhuollon avohoidon lääkärikäynnit, kaikki yhteystavat",output,2021,HVA-12,Etelä-Savon hyvinvointialue,wellbeing_area,2185.0,287727,PER_1000_RESIDENTS,context_dependent,1080,thl_sotkanet_indicator_1080,https://sotkanet.fi/sotkanet/fi/metadata/indicators/1080,2026-08-18
primary_care_doctor_visits_per_1000,"Perusterveydenhuollon avohoidon lääkärikäynnit, kaikki yhteystavat",output,2022,HVA-12,Etelä-Savon hyvinvointialue,wellbeing_area,2300.0,300040,PER_1000_RESIDENTS,context_dependent,1080,thl_sotkanet_indicator_1080,https://sotkanet.fi/sotkanet/fi/metadata/indicators/1080,2026-08-18
primary_care_doctor_visits_per_1000,"Perusterveydenhuollon avohoidon lääkärikäynnit, kaikki yhteystavat",output,2023,HVA-12,Etelä-Savon hyvinvointialue,wellbeing_area,2239.0,290839,PER_1000_RESIDENTS,context_dependent,1080,thl_sotkanet_indicator_1080,https://sotkanet.fi/sotkanet/fi/metadata/indicators/1080,2026-08-18
primary_care_doctor_visits_per_1000,"Perusterveydenhuollon avohoidon lääkärikäynnit, kaikki yhteystavat",output,2024,HVA-12,Etelä-Savon hyvinvointialue,wellbeing_area,2295.0,296980,PER_1000_RESIDENTS,context_dependent,1080,thl_sotkanet_indicator_1080,https://sotkanet.fi/sotkanet/fi/metadata/indicators/1080,2026-08-18
primary_care_doctor_visits_per_1000,"Perusterveydenhuollon avohoidon lääkärikäynnit, kaikki yhteystavat",output,2020,HVA-13,Pohjois-Savon hyvinvointialue,wellbeing_area,2764.0,686280,PER_1000_RESIDENTS,context_dependent,1080,thl_sotkanet_indicator_1080,https://sotkanet.fi/sotkanet/fi/metadata/indicators/1080,2026-08-18
primary_care_doctor_visits_per_1000,"Perusterveydenhuollon avohoidon lääkärikäynnit, kaikki yhteystavat",output,2021,HVA-13,Pohjois-Savon hyvinvointialue,wellbeing_area,2899.0,719886,PER_1000_RESIDENTS,context_dependent,1080,thl_sotkanet_indicator_1080,https://sotkanet.fi/sotkanet/fi/metadata/indicators/1080,2026-08-18
primary_care_doctor_visits_per_1000,"Perusterveydenhuollon avohoidon lääkärikäynnit, kaikki yhteystavat",output,2022,HVA-13,Pohjois-Savon hyvinvointialue,wellbeing_area,3023.0,748807,PER_1000_RESIDENTS,context_dependent,1080,thl_sotkanet_indicator_1080,https://sotkanet.fi/sotkanet/fi/metadata/indicators/1080,2026-08-18
primary_care_doctor_visits_per_1000,"Perusterveydenhuollon avohoidon lääkärikäynnit, kaikki yhteystavat",output,2023,HVA-13,Pohjois-Savon hyvinvointialue,wellbeing_area,2791.0,692774,PER_1000_RESIDENTS,context_dependent,1080,thl_sotkanet_indicator_1080,https://sotkanet.fi/sotkanet/fi/metadata/indicators/1080,2026-08-18
primary_care_doctor_visits_per_1000,"Perusterveydenhuollon avohoidon lääkärikäynnit, kaikki yhteystavat",output,2024,HVA-13,Pohjois-Savon hyvinvointialue,wellbeing_area,2771.0,689382,PER_1000_RESIDENTS,context_dependent,1080,thl_sotkanet_indicator_1080,https://sotkanet.fi/sotkanet/fi/metadata/indicators/1080,2026-08-18
primary_care_doctor_visits_per_1000,"Perusterveydenhuollon avohoidon lääkärikäynnit, kaikki yhteystavat",output,2020,HVA-14,Pohjois-Karjalan hyvinvointialue,wellbeing_area,1678.0,274411,PER_1000_RESIDENTS,context_dependent,1080,thl_sotkanet_indicator_1080,https://sotkanet.fi/sotkanet/fi/metadata/indicators/1080,2026-08-18
primary_care_doctor_visits_per_1000,"Perusterveydenhuollon avohoidon lääkärikäynnit, kaikki yhteystavat",output,2021,HVA-14,Pohjois-Karjalan hyvinvointialue,wellbeing_area,1759.0,287277,PER_1000_RESIDENTS,context_dependent,1080,thl_sotkanet_indicator_1080,https://sotkanet.fi/sotkanet/fi/metadata/indicators/1080,2026-08-18
primary_care_doctor_visits_per_1000,"Perusterveydenhuollon avohoidon lääkärikäynnit, kaikki yhteystavat",output,2022,HVA-14,Pohjois-Karjalan hyvinvointialue,wellbeing_area,1770.0,287617,PER_1000_RESIDENTS,context_dependent,1080,thl_sotkanet_indicator_1080,https://sotkanet.fi/sotkanet/fi/metadata/indicators/1080,2026-08-18
primary_care_doctor_visits_per_1000,"Perusterveydenhuollon avohoidon lääkärikäynnit, kaikki yhteystavat",output,2023,HVA-14,Pohjois-Karjalan hyvinvointialue,wellbeing_area,1820.0,295467,PER_1000_RESIDENTS,context_dependent,1080,thl_sotkanet_indicator_1080,https://sotkanet.fi/sotkanet/fi/metadata/indicators/1080,2026-08-18
primary_care_doctor_visits_per_1000,"Perusterveydenhuollon avohoidon lääkärikäynnit, kaikki yhteystavat",output,2024,HVA-14,Pohjois-Karjalan hyvinvointialue,wellbeing_area,1873.0,303589,PER_1000_RESIDENTS,context_dependent,1080,thl_sotkanet_indicator_1080,https://sotkanet.fi/sotkanet/fi/metadata/indicators/1080,2026-08-18
primary_care_doctor_visits_per_1000,"Perusterveydenhuollon avohoidon lääkärikäynnit, kaikki yhteystavat",output,2020,HVA-15,Keski-Suomen hyvinvointialue,wellbeing_area,2261.0,616470,PER_1000_RESIDENTS,context_dependent,1080,thl_sotkanet_indicator_1080,https://sotkanet.fi/sotkanet/fi/metadata/indicators/1080,2026-08-18
primary_care_doctor_visits_per_1000,"Perusterveydenhuollon avohoidon lääkärikäynnit, kaikki yhteystavat",output,2021,HVA-15,Keski-Suomen hyvinvointialue,wellbeing_area,2358.0,642912,PER_1000_RESIDENTS,context_dependent,1080,thl_sotkanet_indicator_1080,https://sotkanet.fi/sotkanet/fi/metadata/indicators/1080,2026-08-18
primary_care_doctor_visits_per_1000,"Perusterveydenhuollon avohoidon lääkärikäynnit, kaikki yhteystavat",output,2022,HVA-15,Keski-Suomen hyvinvointialue,wellbeing_area,2405.0,655144,PER_1000_RESIDENTS,context_dependent,1080,thl_sotkanet_indicator_1080,https://sotkanet.fi/sotkanet/fi/metadata/indicators/1080,2026-08-18
primary_care_doctor_visits_per_1000,"Perusterveydenhuollon avohoidon lääkärikäynnit, kaikki yhteystavat",output,2023,HVA-15,Keski-Suomen hyvinvointialue,wellbeing_area,2431.0,664384,PER_1000_RESIDENTS,context_dependent,1080,thl_sotkanet_indicator_1080,https://sotkanet.fi/sotkanet/fi/metadata/indicators/1080,2026-08-18
primary_care_doctor_visits_per_1000,"Perusterveydenhuollon avohoidon lääkärikäynnit, kaikki yhteystavat",output,2024,HVA-15,Keski-Suomen hyvinvointialue,wellbeing_area,2314.0,634178,PER_1000_RESIDENTS,context_dependent,1080,thl_sotkanet_indicator_1080,https://sotkanet.fi/sotkanet/fi/metadata/indicators/1080,2026-08-18
primary_care_doctor_visits_per_1000,"Perusterveydenhuollon avohoidon lääkärikäynnit, kaikki yhteystavat",output,2020,HVA-16,Etelä-Pohjanmaan hyvinvointialue,wellbeing_area,2160.0,415104,PER_1000_RESIDENTS,context_dependent,1080,thl_sotkanet_indicator_1080,https://sotkanet.fi/sotkanet/fi/metadata/indicators/1080,2026-08-18
primary_care_doctor_visits_per_1000,"Perusterveydenhuollon avohoidon lääkärikäynnit, kaikki yhteystavat",output,2021,HVA-16,Etelä-Pohjanmaan hyvinvointialue,wellbeing_area,2372.0,454876,PER_1000_RESIDENTS,context_dependent,1080,thl_sotkanet_indicator_1080,https://sotkanet.fi/sotkanet/fi/metadata/indicators/1080,2026-08-18
primary_care_doctor_visits_per_1000,"Perusterveydenhuollon avohoidon lääkärikäynnit, kaikki yhteystavat",output,2022,HVA-16,Etelä-Pohjanmaan hyvinvointialue,wellbeing_area,2336.0,445653,PER_1000_RESIDENTS,context_dependent,1080,thl_sotkanet_indicator_1080,https://sotkanet.fi/sotkanet/fi/metadata/indicators/1080,2026-08-18
primary_care_doctor_visits_per_1000,"Perusterveydenhuollon avohoidon lääkärikäynnit, kaikki yhteystavat",output,2023,HVA-16,Etelä-Pohjanmaan hyvinvointialue,wellbeing_area,2276.0,433688,PER_1000_RESIDENTS,context_dependent,1080,thl_sotkanet_indicator_1080,https://sotkanet.fi/sotkanet/fi/metadata/indicators/1080,2026-08-18
primary_care_doctor_visits_per_1000,"Perusterveydenhuollon avohoidon lääkärikäynnit, kaikki yhteystavat",output,2024,HVA-16,Etelä-Pohjanmaan hyvinvointialue,wellbeing_area,2202.0,418162,PER_1000_RESIDENTS,context_dependent,1080,thl_sotkanet_indicator_1080,https://sotkanet.fi/sotkanet/fi/metadata/indicators/1080,2026-08-18
primary_care_doctor_visits_per_1000,"Perusterveydenhuollon avohoidon lääkärikäynnit, kaikki yhteystavat",output,2020,HVA-17,Pohjanmaan hyvinvointialue,wellbeing_area,1423.0,250105,PER_1000_RESIDENTS,context_dependent,1080,thl_sotkanet_indicator_1080,https://sotkanet.fi/sotkanet/fi/metadata/indicators/1080,2026-08-18
primary_care_doctor_visits_per_1000,"Perusterveydenhuollon avohoidon lääkärikäynnit, kaikki yhteystavat",output,2021,HVA-17,Pohjanmaan hyvinvointialue,wellbeing_area,1487.0,261793,PER_1000_RESIDENTS,context_dependent,1080,thl_sotkanet_indicator_1080,https://sotkanet.fi/sotkanet/fi/metadata/indicators/1080,2026-08-18
primary_care_doctor_visits_per_1000,"Perusterveydenhuollon avohoidon lääkärikäynnit, kaikki yhteystavat",output,2022,HVA-17,Pohjanmaan hyvinvointialue,wellbeing_area,1453.0,256206,PER_1000_RESIDENTS,context_dependent,1080,thl_sotkanet_indicator_1080,https://sotkanet.fi/sotkanet/fi/metadata/indicators/1080,2026-08-18
primary_care_doctor_visits_per_1000,"Perusterveydenhuollon avohoidon lääkärikäynnit, kaikki yhteystavat",output,2023,HVA-17,Pohjanmaan hyvinvointialue,wellbeing_area,1415.0,251381,PER_1000_RESIDENTS,context_dependent,1080,thl_sotkanet_indicator_1080,https://sotkanet.fi/sotkanet/fi/metadata/indicators/1080,2026-08-18
primary_care_doctor_visits_per_1000,"Perusterveydenhuollon avohoidon lääkärikäynnit, kaikki yhteystavat",output,2024,HVA-17,Pohjanmaan hyvinvointialue,wellbeing_area,1475.0,263618,PER_1000_RESIDENTS,context_dependent,1080,thl_sotkanet_indicator_1080,https://sotkanet.fi/sotkanet/fi/metadata/indicators/1080,2026-08-18
primary_care_doctor_visits_per_1000,"Perusterveydenhuollon avohoidon lääkärikäynnit, kaikki yhteystavat",output,2020,HVA-18,Keski-Pohjanmaan hyvinvointialue,wellbeing_area,1879.0,127738,PER_1000_RESIDENTS,context_dependent,1080,thl_sotkanet_indicator_1080,https://sotkanet.fi/sotkanet/fi/metadata/indicators/1080,2026-08-18
primary_care_doctor_visits_per_1000,"Perusterveydenhuollon avohoidon lääkärikäynnit, kaikki yhteystavat",output,2021,HVA-18,Keski-Pohjanmaan hyvinvointialue,wellbeing_area,2070.0,140581,PER_1000_RESIDENTS,context_dependent,1080,thl_sotkanet_indicator_1080,https://sotkanet.fi/sotkanet/fi/metadata/indicators/1080,2026-08-18
primary_care_doctor_visits_per_1000,"Perusterveydenhuollon avohoidon lääkärikäynnit, kaikki yhteystavat",output,2022,HVA-18,Keski-Pohjanmaan hyvinvointialue,wellbeing_area,2011.0,136369,PER_1000_RESIDENTS,context_dependent,1080,thl_sotkanet_indicator_1080,https://sotkanet.fi/sotkanet/fi/metadata/indicators/1080,2026-08-18
primary_care_doctor_visits_per_1000,"Perusterveydenhuollon avohoidon lääkärikäynnit, kaikki yhteystavat",output,2023,HVA-18,Keski-Pohjanmaan hyvinvointialue,wellbeing_area,2091.0,141652,PER_1000_RESIDENTS,context_dependent,1080,thl_sotkanet_indicator_1080,https://sotkanet.fi/sotkanet/fi/metadata/indicators/1080,2026-08-18
primary_care_doctor_visits_per_1000,"Perusterveydenhuollon avohoidon lääkärikäynnit, kaikki yhteystavat",output,2024,HVA-18,Keski-Pohjanmaan hyvinvointialue,wellbeing_area,2058.0,139343,PER_1000_RESIDENTS,context_dependent,1080,thl_sotkanet_indicator_1080,https://sotkanet.fi/sotkanet/fi/metadata/indicators/1080,2026-08-18
primary_care_doctor_visits_per_1000,"Perusterveydenhuollon avohoidon lääkärikäynnit, kaikki yhteystavat",output,2020,HVA-19,Pohjois-Pohjanmaan hyvinvointialue,wellbeing_area,2044.0,845974,PER_1000_RESIDENTS,context_dependent,1080,thl_sotkanet_indicator_1080,https://sotkanet.fi/sotkanet/fi/metadata/indicators/1080,2026-08-18
primary_care_doctor_visits_per_1000,"Perusterveydenhuollon avohoidon lääkärikäynnit, kaikki yhteystavat",output,2021,HVA-19,Pohjois-Pohjanmaan hyvinvointialue,wellbeing_area,2267.0,942210,PER_1000_RESIDENTS,context_dependent,1080,thl_sotkanet_indicator_1080,https://sotkanet.fi/sotkanet/fi/metadata/indicators/1080,2026-08-18
primary_care_doctor_visits_per_1000,"Perusterveydenhuollon avohoidon lääkärikäynnit, kaikki yhteystavat",output,2022,HVA-19,Pohjois-Pohjanmaan hyvinvointialue,wellbeing_area,2261.0,941812,PER_1000_RESIDENTS,context_dependent,1080,thl_sotkanet_indicator_1080,https://sotkanet.fi/sotkanet/fi/metadata/indicators/1080,2026-08-18
primary_care_doctor_visits_per_1000,"Perusterveydenhuollon avohoidon lääkärikäynnit, kaikki yhteystavat",output,2023,HVA-19,Pohjois-Pohjanmaan hyvinvointialue,wellbeing_area,2258.0,944113,PER_1000_RESIDENTS,context_dependent,1080,thl_sotkanet_indicator_1080,https://sotkanet.fi/sotkanet/fi/metadata/indicators/1080,2026-08-18
primary_care_doctor_visits_per_1000,"Perusterveydenhuollon avohoidon lääkärikäynnit, kaikki yhteystavat",output,2024,HVA-19,Pohjois-Pohjanmaan hyvinvointialue,wellbeing_area,2200.0,920331,PER_1000_RESIDENTS,context_dependent,1080,thl_sotkanet_indicator_1080,https://sotkanet.fi/sotkanet/fi/metadata/indicators/1080,2026-08-18
primary_care_doctor_visits_per_1000,"Perusterveydenhuollon avohoidon lääkärikäynnit, kaikki yhteystavat",output,2020,HVA-20,Kainuun hyvinvointialue,wellbeing_area,1898.0,136020,PER_1000_RESIDENTS,context_dependent,1080,thl_sotkanet_indicator_1080,https://sotkanet.fi/sotkanet/fi/metadata/indicators/1080,2026-08-18
primary_care_doctor_visits_per_1000,"Perusterveydenhuollon avohoidon lääkärikäynnit, kaikki yhteystavat",output,2021,HVA-20,Kainuun hyvinvointialue,wellbeing_area,2046.0,145768,PER_1000_RESIDENTS,context_dependent,1080,thl_sotkanet_indicator_1080,https://sotkanet.fi/sotkanet/fi/metadata/indicators/1080,2026-08-18
primary_care_doctor_visits_per_1000,"Perusterveydenhuollon avohoidon lääkärikäynnit, kaikki yhteystavat",output,2022,HVA-20,Kainuun hyvinvointialue,wellbeing_area,2151.0,151674,PER_1000_RESIDENTS,context_dependent,1080,thl_sotkanet_indicator_1080,https://sotkanet.fi/sotkanet/fi/metadata/indicators/1080,2026-08-18
primary_care_doctor_visits_per_1000,"Perusterveydenhuollon avohoidon lääkärikäynnit, kaikki yhteystavat",output,2023,HVA-20,Kainuun hyvinvointialue,wellbeing_area,2473.0,173509,PER_1000_RESIDENTS,context_dependent,1080,thl_sotkanet_indicator_1080,https://sotkanet.fi/sotkanet/fi/metadata/indicators/1080,2026-08-18
primary_care_doctor_visits_per_1000,"Perusterveydenhuollon avohoidon lääkärikäynnit, kaikki yhteystavat",output,2024,HVA-20,Kainuun hyvinvointialue,wellbeing_area,2187.0,152281,PER_1000_RESIDENTS,context_dependent,1080,thl_sotkanet_indicator_1080,https://sotkanet.fi/sotkanet/fi/metadata/indicators/1080,2026-08-18
primary_care_doctor_visits_per_1000,"Perusterveydenhuollon avohoidon lääkärikäynnit, kaikki yhteystavat",output,2020,HVA-21,Lapin hyvinvointialue,wellbeing_area,1715.0,302922,PER_1000_RESIDENTS,context_dependent,1080,thl_sotkanet_indicator_1080,https://sotkanet.fi/sotkanet/fi/metadata/indicators/1080,2026-08-18
primary_care_doctor_visits_per_1000,"Perusterveydenhuollon avohoidon lääkärikäynnit, kaikki yhteystavat",output,2021,HVA-21,Lapin hyvinvointialue,wellbeing_area,1765.0,311560,PER_1000_RESIDENTS,context_dependent,1080,thl_sotkanet_indicator_1080,https://sotkanet.fi/sotkanet/fi/metadata/indicators/1080,2026-08-18
primary_care_doctor_visits_per_1000,"Perusterveydenhuollon avohoidon lääkärikäynnit, kaikki yhteystavat",output,2022,HVA-21,Lapin hyvinvointialue,wellbeing_area,1766.0,310420,PER_1000_RESIDENTS,context_dependent,1080,thl_sotkanet_indicator_1080,https://sotkanet.fi/sotkanet/fi/metadata/indicators/1080,2026-08-18
primary_care_doctor_visits_per_1000,"Perusterveydenhuollon avohoidon lääkärikäynnit, kaikki yhteystavat",output,2023,HVA-21,Lapin hyvinvointialue,wellbeing_area,1745.0,307383,PER_1000_RESIDENTS,context_dependent,1080,thl_sotkanet_indicator_1080,https://sotkanet.fi/sotkanet/fi/metadata/indicators/1080,2026-08-18
primary_care_doctor_visits_per_1000,"Perusterveydenhuollon avohoidon lääkärikäynnit, kaikki yhteystavat",output,2024,HVA-21,Lapin hyvinvointialue,wellbeing_area,1765.0,310825,PER_1000_RESIDENTS,context_dependent,1080,thl_sotkanet_indicator_1080,https://sotkanet.fi/sotkanet/fi/metadata/indicators/1080,2026-08-18
primary_care_doctor_visits_per_1000,"Perusterveydenhuollon avohoidon lääkärikäynnit, kaikki yhteystavat",output,2020,HVA-90,Helsingin kaupunki,wellbeing_area,1221.0,802248,PER_1000_RESIDENTS,context_dependent,1080,thl_sotkanet_indicator_1080,https://sotkanet.fi/sotkanet/fi/metadata/indicators/1080,2026-08-18
primary_care_doctor_visits_per_1000,"Perusterveydenhuollon avohoidon lääkärikäynnit, kaikki yhteystavat",output,2021,HVA-90,Helsingin kaupunki,wellbeing_area,935.0,615953,PER_1000_RESIDENTS,context_dependent,1080,thl_sotkanet_indicator_1080,https://sotkanet.fi/sotkanet/fi/metadata/indicators/1080,2026-08-18
primary_care_doctor_visits_per_1000,"Perusterveydenhuollon avohoidon lääkärikäynnit, kaikki yhteystavat",output,2022,HVA-90,Helsingin kaupunki,wellbeing_area,1280.0,849701,PER_1000_RESIDENTS,context_dependent,1080,thl_sotkanet_indicator_1080,https://sotkanet.fi/sotkanet/fi/metadata/indicators/1080,2026-08-18
primary_care_doctor_visits_per_1000,"Perusterveydenhuollon avohoidon lääkärikäynnit, kaikki yhteystavat",output,2023,HVA-90,Helsingin kaupunki,wellbeing_area,1579.0,1065107,PER_1000_RESIDENTS,context_dependent,1080,thl_sotkanet_indicator_1080,https://sotkanet.fi/sotkanet/fi/metadata/indicators/1080,2026-08-18
primary_care_doctor_visits_per_1000,"Perusterveydenhuollon avohoidon lääkärikäynnit, kaikki yhteystavat",output,2024,HVA-90,Helsingin kaupunki,wellbeing_area,2283.0,1561512,PER_1000_RESIDENTS,context_dependent,1080,thl_sotkanet_indicator_1080,https://sotkanet.fi/sotkanet/fi/metadata/indicators/1080,2026-08-18
primary_care_doctor_visits_per_1000,"Perusterveydenhuollon avohoidon lääkärikäynnit, kaikki yhteystavat",output,2020,HVA-91,Ahvenanmaa,wellbeing_area,2042.0,61532,PER_1000_RESIDENTS,context_dependent,1080,thl_sotkanet_indicator_1080,https://sotkanet.fi/sotkanet/fi/metadata/indicators/1080,2026-08-18
primary_care_doctor_visits_per_1000,"Perusterveydenhuollon avohoidon lääkärikäynnit, kaikki yhteystavat",output,2021,HVA-91,Ahvenanmaa,wellbeing_area,2370.0,71910,PER_1000_RESIDENTS,context_dependent,1080,thl_sotkanet_indicator_1080,https://sotkanet.fi/sotkanet/fi/metadata/indicators/1080,2026-08-18
primary_care_doctor_visits_per_1000,"Perusterveydenhuollon avohoidon lääkärikäynnit, kaikki yhteystavat",output,2022,HVA-91,Ahvenanmaa,wellbeing_area,2520.0,76498,PER_1000_RESIDENTS,context_dependent,1080,thl_sotkanet_indicator_1080,https://sotkanet.fi/sotkanet/fi/metadata/indicators/1080,2026-08-18
primary_care_doctor_visits_per_1000,"Perusterveydenhuollon avohoidon lääkärikäynnit, kaikki yhteystavat",output,2023,HVA-91,Ahvenanmaa,wellbeing_area,2177.0,66473,PER_1000_RESIDENTS,context_dependent,1080,thl_sotkanet_indicator_1080,https://sotkanet.fi/sotkanet/fi/metadata/indicators/1080,2026-08-18
primary_care_doctor_visits_per_1000,"Perusterveydenhuollon avohoidon lääkärikäynnit, kaikki yhteystavat",output,2024,HVA-91,Ahvenanmaa,wellbeing_area,2124.0,65114,PER_1000_RESIDENTS,context_dependent,1080,thl_sotkanet_indicator_1080,https://sotkanet.fi/sotkanet/fi/metadata/indicators/1080,2026-08-18
primary_care_emergency_visits_per_1000,"Päivystyskäynnit perusterveydenhuollossa, mukaan lukien yhteispäivystys",care_path_spillover,2020,FI,Koko maa,country,359.8,1991001,PER_1000_RESIDENTS,lower_is_better_with_need_adjustment,5081,thl_sotkanet_indicator_5081,https://sotkanet.fi/sotkanet/fi/metadata/indicators/5081,2026-08-18
primary_care_emergency_visits_per_1000,"Päivystyskäynnit perusterveydenhuollossa, mukaan lukien yhteispäivystys",care_path_spillover,2021,FI,Koko maa,country,423.7,2350609,PER_1000_RESIDENTS,lower_is_better_with_need_adjustment,5081,thl_sotkanet_indicator_5081,https://sotkanet.fi/sotkanet/fi/metadata/indicators/5081,2026-08-18
primary_care_emergency_visits_per_1000,"Päivystyskäynnit perusterveydenhuollossa, mukaan lukien yhteispäivystys",care_path_spillover,2022,FI,Koko maa,country,406.6,2262156,PER_1000_RESIDENTS,lower_is_better_with_need_adjustment,5081,thl_sotkanet_indicator_5081,https://sotkanet.fi/sotkanet/fi/metadata/indicators/5081,2026-08-18
primary_care_emergency_visits_per_1000,"Päivystyskäynnit perusterveydenhuollossa, mukaan lukien yhteispäivystys",care_path_spillover,2023,FI,Koko maa,country,448.2,2511602,PER_1000_RESIDENTS,lower_is_better_with_need_adjustment,5081,thl_sotkanet_indicator_5081,https://sotkanet.fi/sotkanet/fi/metadata/indicators/5081,2026-08-18
primary_care_emergency_visits_per_1000,"Päivystyskäynnit perusterveydenhuollossa, mukaan lukien yhteispäivystys",care_path_spillover,2024,FI,Koko maa,country,518.5,2921974,PER_1000_RESIDENTS,lower_is_better_with_need_adjustment,5081,thl_sotkanet_indicator_5081,https://sotkanet.fi/sotkanet/fi/metadata/indicators/5081,2026-08-18
primary_care_emergency_visits_per_1000,"Päivystyskäynnit perusterveydenhuollossa, mukaan lukien yhteispäivystys",care_path_spillover,2025,FI,Koko maa,country,545.8,3085383,PER_1000_RESIDENTS,lower_is_better_with_need_adjustment,5081,thl_sotkanet_indicator_5081,https://sotkanet.fi/sotkanet/fi/metadata/indicators/5081,2026-08-18
primary_care_emergency_visits_per_1000,"Päivystyskäynnit perusterveydenhuollossa, mukaan lukien yhteispäivystys",care_path_spillover,2020,HVA-01,Itä-Uudenmaan hyvinvointialue,wellbeing_area,355.1,34894,PER_1000_RESIDENTS,lower_is_better_with_need_adjustment,5081,thl_sotkanet_indicator_5081,https://sotkanet.fi/sotkanet/fi/metadata/indicators/5081,2026-08-18
primary_care_emergency_visits_per_1000,"Päivystyskäynnit perusterveydenhuollossa, mukaan lukien yhteispäivystys",care_path_spillover,2021,HVA-01,Itä-Uudenmaan hyvinvointialue,wellbeing_area,373.3,36984,PER_1000_RESIDENTS,lower_is_better_with_need_adjustment,5081,thl_sotkanet_indicator_5081,https://sotkanet.fi/sotkanet/fi/metadata/indicators/5081,2026-08-18
primary_care_emergency_visits_per_1000,"Päivystyskäynnit perusterveydenhuollossa, mukaan lukien yhteispäivystys",care_path_spillover,2022,HVA-01,Itä-Uudenmaan hyvinvointialue,wellbeing_area,434.0,42950,PER_1000_RESIDENTS,lower_is_better_with_need_adjustment,5081,thl_sotkanet_indicator_5081,https://sotkanet.fi/sotkanet/fi/metadata/indicators/5081,2026-08-18
primary_care_emergency_visits_per_1000,"Päivystyskäynnit perusterveydenhuollossa, mukaan lukien yhteispäivystys",care_path_spillover,2023,HVA-01,Itä-Uudenmaan hyvinvointialue,wellbeing_area,437.5,43310,PER_1000_RESIDENTS,lower_is_better_with_need_adjustment,5081,thl_sotkanet_indicator_5081,https://sotkanet.fi/sotkanet/fi/metadata/indicators/5081,2026-08-18
primary_care_emergency_visits_per_1000,"Päivystyskäynnit perusterveydenhuollossa, mukaan lukien yhteispäivystys",care_path_spillover,2024,HVA-01,Itä-Uudenmaan hyvinvointialue,wellbeing_area,414.1,41167,PER_1000_RESIDENTS,lower_is_better_with_need_adjustment,5081,thl_sotkanet_indicator_5081,https://sotkanet.fi/sotkanet/fi/metadata/indicators/5081,2026-08-18
primary_care_emergency_visits_per_1000,"Päivystyskäynnit perusterveydenhuollossa, mukaan lukien yhteispäivystys",care_path_spillover,2025,HVA-01,Itä-Uudenmaan hyvinvointialue,wellbeing_area,400.1,39844,PER_1000_RESIDENTS,lower_is_better_with_need_adjustment,5081,thl_sotkanet_indicator_5081,https://sotkanet.fi/sotkanet/fi/metadata/indicators/5081,2026-08-18
primary_care_emergency_visits_per_1000,"Päivystyskäynnit perusterveydenhuollossa, mukaan lukien yhteispäivystys",care_path_spillover,2020,HVA-02,Keski-Uudenmaan hyvinvointialue,wellbeing_area,316.9,63161,PER_1000_RESIDENTS,lower_is_better_with_need_adjustment,5081,thl_sotkanet_indicator_5081,https://sotkanet.fi/sotkanet/fi/metadata/indicators/5081,2026-08-18
primary_care_emergency_visits_per_1000,"Päivystyskäynnit perusterveydenhuollossa, mukaan lukien yhteispäivystys",care_path_spillover,2021,HVA-02,Keski-Uudenmaan hyvinvointialue,wellbeing_area,314.2,63419,PER_1000_RESIDENTS,lower_is_better_with_need_adjustment,5081,thl_sotkanet_indicator_5081,https://sotkanet.fi/sotkanet/fi/metadata/indicators/5081,2026-08-18
primary_care_emergency_visits_per_1000,"Päivystyskäynnit perusterveydenhuollossa, mukaan lukien yhteispäivystys",care_path_spillover,2022,HVA-02,Keski-Uudenmaan hyvinvointialue,wellbeing_area,338.8,68847,PER_1000_RESIDENTS,lower_is_better_with_need_adjustment,5081,thl_sotkanet_indicator_5081,https://sotkanet.fi/sotkanet/fi/metadata/indicators/5081,2026-08-18
primary_care_emergency_visits_per_1000,"Päivystyskäynnit perusterveydenhuollossa, mukaan lukien yhteispäivystys",care_path_spillover,2023,HVA-02,Keski-Uudenmaan hyvinvointialue,wellbeing_area,368.5,75715,PER_1000_RESIDENTS,lower_is_better_with_need_adjustment,5081,thl_sotkanet_indicator_5081,https://sotkanet.fi/sotkanet/fi/metadata/indicators/5081,2026-08-18
primary_care_emergency_visits_per_1000,"Päivystyskäynnit perusterveydenhuollossa, mukaan lukien yhteispäivystys",care_path_spillover,2024,HVA-02,Keski-Uudenmaan hyvinvointialue,wellbeing_area,487.0,100853,PER_1000_RESIDENTS,lower_is_better_with_need_adjustment,5081,thl_sotkanet_indicator_5081,https://sotkanet.fi/sotkanet/fi/metadata/indicators/5081,2026-08-18
primary_care_emergency_visits_per_1000,"Päivystyskäynnit perusterveydenhuollossa, mukaan lukien yhteispäivystys",care_path_spillover,2025,HVA-02,Keski-Uudenmaan hyvinvointialue,wellbeing_area,764.8,158726,PER_1000_RESIDENTS,lower_is_better_with_need_adjustment,5081,thl_sotkanet_indicator_5081,https://sotkanet.fi/sotkanet/fi/metadata/indicators/5081,2026-08-18
primary_care_emergency_visits_per_1000,"Päivystyskäynnit perusterveydenhuollossa, mukaan lukien yhteispäivystys",care_path_spillover,2020,HVA-03,Länsi-Uudenmaan hyvinvointialue,wellbeing_area,358.5,169857,PER_1000_RESIDENTS,lower_is_better_with_need_adjustment,5081,thl_sotkanet_indicator_5081,https://sotkanet.fi/sotkanet/fi/metadata/indicators/5081,2026-08-18
primary_care_emergency_visits_per_1000,"Päivystyskäynnit perusterveydenhuollossa, mukaan lukien yhteispäivystys",care_path_spillover,2021,HVA-03,Länsi-Uudenmaan hyvinvointialue,wellbeing_area,388.1,185886,PER_1000_RESIDENTS,lower_is_better_with_need_adjustment,5081,thl_sotkanet_indicator_5081,https://sotkanet.fi/sotkanet/fi/metadata/indicators/5081,2026-08-18
primary_care_emergency_visits_per_1000,"Päivystyskäynnit perusterveydenhuollossa, mukaan lukien yhteispäivystys",care_path_spillover,2022,HVA-03,Länsi-Uudenmaan hyvinvointialue,wellbeing_area,379.7,184681,PER_1000_RESIDENTS,lower_is_better_with_need_adjustment,5081,thl_sotkanet_indicator_5081,https://sotkanet.fi/sotkanet/fi/metadata/indicators/5081,2026-08-18
primary_care_emergency_visits_per_1000,"Päivystyskäynnit perusterveydenhuollossa, mukaan lukien yhteispäivystys",care_path_spillover,2023,HVA-03,Länsi-Uudenmaan hyvinvointialue,wellbeing_area,363.3,179830,PER_1000_RESIDENTS,lower_is_better_with_need_adjustment,5081,thl_sotkanet_indicator_5081,https://sotkanet.fi/sotkanet/fi/metadata/indicators/5081,2026-08-18
primary_care_emergency_visits_per_1000,"Päivystyskäynnit perusterveydenhuollossa, mukaan lukien yhteispäivystys",care_path_spillover,2024,HVA-03,Länsi-Uudenmaan hyvinvointialue,wellbeing_area,389.7,195664,PER_1000_RESIDENTS,lower_is_better_with_need_adjustment,5081,thl_sotkanet_indicator_5081,https://sotkanet.fi/sotkanet/fi/metadata/indicators/5081,2026-08-18
primary_care_emergency_visits_per_1000,"Päivystyskäynnit perusterveydenhuollossa, mukaan lukien yhteispäivystys",care_path_spillover,2025,HVA-03,Länsi-Uudenmaan hyvinvointialue,wellbeing_area,407.4,206303,PER_1000_RESIDENTS,lower_is_better_with_need_adjustment,5081,thl_sotkanet_indicator_5081,https://sotkanet.fi/sotkanet/fi/metadata/indicators/5081,2026-08-18
primary_care_emergency_visits_per_1000,"Päivystyskäynnit perusterveydenhuollossa, mukaan lukien yhteispäivystys",care_path_spillover,2020,HVA-04,Vantaan ja Keravan hyvinvointialue,wellbeing_area,160.7,44076,PER_1000_RESIDENTS,lower_is_better_with_need_adjustment,5081,thl_sotkanet_indicator_5081,https://sotkanet.fi/sotkanet/fi/metadata/indicators/5081,2026-08-18
primary_care_emergency_visits_per_1000,"Päivystyskäynnit perusterveydenhuollossa, mukaan lukien yhteispäivystys",care_path_spillover,2021,HVA-04,Vantaan ja Keravan hyvinvointialue,wellbeing_area,169.5,46857,PER_1000_RESIDENTS,lower_is_better_with_need_adjustment,5081,thl_sotkanet_indicator_5081,https://sotkanet.fi/sotkanet/fi/metadata/indicators/5081,2026-08-18
primary_care_emergency_visits_per_1000,"Päivystyskäynnit perusterveydenhuollossa, mukaan lukien yhteispäivystys",care_path_spillover,2022,HVA-04,Vantaan ja Keravan hyvinvointialue,wellbeing_area,162.8,45662,PER_1000_RESIDENTS,lower_is_better_with_need_adjustment,5081,thl_sotkanet_indicator_5081,https://sotkanet.fi/sotkanet/fi/metadata/indicators/5081,2026-08-18
primary_care_emergency_visits_per_1000,"Päivystyskäynnit perusterveydenhuollossa, mukaan lukien yhteispäivystys",care_path_spillover,2023,HVA-04,Vantaan ja Keravan hyvinvointialue,wellbeing_area,485.2,138590,PER_1000_RESIDENTS,lower_is_better_with_need_adjustment,5081,thl_sotkanet_indicator_5081,https://sotkanet.fi/sotkanet/fi/metadata/indicators/5081,2026-08-18
primary_care_emergency_visits_per_1000,"Päivystyskäynnit perusterveydenhuollossa, mukaan lukien yhteispäivystys",care_path_spillover,2024,HVA-04,Vantaan ja Keravan hyvinvointialue,wellbeing_area,716.8,207679,PER_1000_RESIDENTS,lower_is_better_with_need_adjustment,5081,thl_sotkanet_indicator_5081,https://sotkanet.fi/sotkanet/fi/metadata/indicators/5081,2026-08-18
primary_care_emergency_visits_per_1000,"Päivystyskäynnit perusterveydenhuollossa, mukaan lukien yhteispäivystys",care_path_spillover,2025,HVA-04,Vantaan ja Keravan hyvinvointialue,wellbeing_area,736.5,214867,PER_1000_RESIDENTS,lower_is_better_with_need_adjustment,5081,thl_sotkanet_indicator_5081,https://sotkanet.fi/sotkanet/fi/metadata/indicators/5081,2026-08-18
primary_care_emergency_visits_per_1000,"Päivystyskäynnit perusterveydenhuollossa, mukaan lukien yhteispäivystys",care_path_spillover,2020,HVA-05,Varsinais-Suomen hyvinvointialue,wellbeing_area,500.9,241147,PER_1000_RESIDENTS,lower_is_better_with_need_adjustment,5081,thl_sotkanet_indicator_5081,https://sotkanet.fi/sotkanet/fi/metadata/indicators/5081,2026-08-18
primary_care_emergency_visits_per_1000,"Päivystyskäynnit perusterveydenhuollossa, mukaan lukien yhteispäivystys",care_path_spillover,2021,HVA-05,Varsinais-Suomen hyvinvointialue,wellbeing_area,459.0,221940,PER_1000_RESIDENTS,lower_is_better_with_need_adjustment,5081,thl_sotkanet_indicator_5081,https://sotkanet.fi/sotkanet/fi/metadata/indicators/5081,2026-08-18
primary_care_emergency_visits_per_1000,"Päivystyskäynnit perusterveydenhuollossa, mukaan lukien yhteispäivystys",care_path_spillover,2022,HVA-05,Varsinais-Suomen hyvinvointialue,wellbeing_area,413.7,200891,PER_1000_RESIDENTS,lower_is_better_with_need_adjustment,5081,thl_sotkanet_indicator_5081,https://sotkanet.fi/sotkanet/fi/metadata/indicators/5081,2026-08-18
primary_care_emergency_visits_per_1000,"Päivystyskäynnit perusterveydenhuollossa, mukaan lukien yhteispäivystys",care_path_spillover,2023,HVA-05,Varsinais-Suomen hyvinvointialue,wellbeing_area,413.6,202968,PER_1000_RESIDENTS,lower_is_better_with_need_adjustment,5081,thl_sotkanet_indicator_5081,https://sotkanet.fi/sotkanet/fi/metadata/indicators/5081,2026-08-18
primary_care_emergency_visits_per_1000,"Päivystyskäynnit perusterveydenhuollossa, mukaan lukien yhteispäivystys",care_path_spillover,2024,HVA-05,Varsinais-Suomen hyvinvointialue,wellbeing_area,441.8,218592,PER_1000_RESIDENTS,lower_is_better_with_need_adjustment,5081,thl_sotkanet_indicator_5081,https://sotkanet.fi/sotkanet/fi/metadata/indicators/5081,2026-08-18
primary_care_emergency_visits_per_1000,"Päivystyskäynnit perusterveydenhuollossa, mukaan lukien yhteispäivystys",care_path_spillover,2025,HVA-05,Varsinais-Suomen hyvinvointialue,wellbeing_area,565.0,281277,PER_1000_RESIDENTS,lower_is_better_with_need_adjustment,5081,thl_sotkanet_indicator_5081,https://sotkanet.fi/sotkanet/fi/metadata/indicators/5081,2026-08-18
primary_care_emergency_visits_per_1000,"Päivystyskäynnit perusterveydenhuollossa, mukaan lukien yhteispäivystys",care_path_spillover,2020,HVA-06,Satakunnan hyvinvointialue,wellbeing_area,204.4,44031,PER_1000_RESIDENTS,lower_is_better_with_need_adjustment,5081,thl_sotkanet_indicator_5081,https://sotkanet.fi/sotkanet/fi/metadata/indicators/5081,2026-08-18
primary_care_emergency_visits_per_1000,"Päivystyskäynnit perusterveydenhuollossa, mukaan lukien yhteispäivystys",care_path_spillover,2021,HVA-06,Satakunnan hyvinvointialue,wellbeing_area,186.7,40012,PER_1000_RESIDENTS,lower_is_better_with_need_adjustment,5081,thl_sotkanet_indicator_5081,https://sotkanet.fi/sotkanet/fi/metadata/indicators/5081,2026-08-18
primary_care_emergency_visits_per_1000,"Päivystyskäynnit perusterveydenhuollossa, mukaan lukien yhteispäivystys",care_path_spillover,2022,HVA-06,Satakunnan hyvinvointialue,wellbeing_area,217.1,46143,PER_1000_RESIDENTS,lower_is_better_with_need_adjustment,5081,thl_sotkanet_indicator_5081,https://sotkanet.fi/sotkanet/fi/metadata/indicators/5081,2026-08-18
primary_care_emergency_visits_per_1000,"Päivystyskäynnit perusterveydenhuollossa, mukaan lukien yhteispäivystys",care_path_spillover,2023,HVA-06,Satakunnan hyvinvointialue,wellbeing_area,194.3,41141,PER_1000_RESIDENTS,lower_is_better_with_need_adjustment,5081,thl_sotkanet_indicator_5081,https://sotkanet.fi/sotkanet/fi/metadata/indicators/5081,2026-08-18
primary_care_emergency_visits_per_1000,"Päivystyskäynnit perusterveydenhuollossa, mukaan lukien yhteispäivystys",care_path_spillover,2024,HVA-06,Satakunnan hyvinvointialue,wellbeing_area,180.3,38094,PER_1000_RESIDENTS,lower_is_better_with_need_adjustment,5081,thl_sotkanet_indicator_5081,https://sotkanet.fi/sotkanet/fi/metadata/indicators/5081,2026-08-18
primary_care_emergency_visits_per_1000,"Päivystyskäynnit perusterveydenhuollossa, mukaan lukien yhteispäivystys",care_path_spillover,2025,HVA-06,Satakunnan hyvinvointialue,wellbeing_area,285.7,60023,PER_1000_RESIDENTS,lower_is_better_with_need_adjustment,5081,thl_sotkanet_indicator_5081,https://sotkanet.fi/sotkanet/fi/metadata/indicators/5081,2026-08-18
primary_care_emergency_visits_per_1000,"Päivystyskäynnit perusterveydenhuollossa, mukaan lukien yhteispäivystys",care_path_spillover,2020,HVA-07,Kanta-Hämeen hyvinvointialue,wellbeing_area,470.4,80234,PER_1000_RESIDENTS,lower_is_better_with_need_adjustment,5081,thl_sotkanet_indicator_5081,https://sotkanet.fi/sotkanet/fi/metadata/indicators/5081,2026-08-18
primary_care_emergency_visits_per_1000,"Päivystyskäynnit perusterveydenhuollossa, mukaan lukien yhteispäivystys",care_path_spillover,2021,HVA-07,Kanta-Hämeen hyvinvointialue,wellbeing_area,602.7,102592,PER_1000_RESIDENTS,lower_is_better_with_need_adjustment,5081,thl_sotkanet_indicator_5081,https://sotkanet.fi/sotkanet/fi/metadata/indicators/5081,2026-08-18
primary_care_emergency_visits_per_1000,"Päivystyskäynnit perusterveydenhuollossa, mukaan lukien yhteispäivystys",care_path_spillover,2022,HVA-07,Kanta-Hämeen hyvinvointialue,wellbeing_area,576.4,97722,PER_1000_RESIDENTS,lower_is_better_with_need_adjustment,5081,thl_sotkanet_indicator_5081,https://sotkanet.fi/sotkanet/fi/metadata/indicators/5081,2026-08-18
primary_care_emergency_visits_per_1000,"Päivystyskäynnit perusterveydenhuollossa, mukaan lukien yhteispäivystys",care_path_spillover,2023,HVA-07,Kanta-Hämeen hyvinvointialue,wellbeing_area,541.3,91783,PER_1000_RESIDENTS,lower_is_better_with_need_adjustment,5081,thl_sotkanet_indicator_5081,https://sotkanet.fi/sotkanet/fi/metadata/indicators/5081,2026-08-18
primary_care_emergency_visits_per_1000,"Päivystyskäynnit perusterveydenhuollossa, mukaan lukien yhteispäivystys",care_path_spillover,2024,HVA-07,Kanta-Hämeen hyvinvointialue,wellbeing_area,566.6,96008,PER_1000_RESIDENTS,lower_is_better_with_need_adjustment,5081,thl_sotkanet_indicator_5081,https://sotkanet.fi/sotkanet/fi/metadata/indicators/5081,2026-08-18
primary_care_emergency_visits_per_1000,"Päivystyskäynnit perusterveydenhuollossa, mukaan lukien yhteispäivystys",care_path_spillover,2025,HVA-07,Kanta-Hämeen hyvinvointialue,wellbeing_area,624.1,105442,PER_1000_RESIDENTS,lower_is_better_with_need_adjustment,5081,thl_sotkanet_indicator_5081,https://sotkanet.fi/sotkanet/fi/metadata/indicators/5081,2026-08-18
primary_care_emergency_visits_per_1000,"Päivystyskäynnit perusterveydenhuollossa, mukaan lukien yhteispäivystys",care_path_spillover,2020,HVA-08,Pirkanmaan hyvinvointialue,wellbeing_area,338.3,176860,PER_1000_RESIDENTS,lower_is_better_with_need_adjustment,5081,thl_sotkanet_indicator_5081,https://sotkanet.fi/sotkanet/fi/metadata/indicators/5081,2026-08-18
primary_care_emergency_visits_per_1000,"Päivystyskäynnit perusterveydenhuollossa, mukaan lukien yhteispäivystys",care_path_spillover,2021,HVA-08,Pirkanmaan hyvinvointialue,wellbeing_area,420.0,221550,PER_1000_RESIDENTS,lower_is_better_with_need_adjustment,5081,thl_sotkanet_indicator_5081,https://sotkanet.fi/sotkanet/fi/metadata/indicators/5081,2026-08-18
primary_care_emergency_visits_per_1000,"Päivystyskäynnit perusterveydenhuollossa, mukaan lukien yhteispäivystys",care_path_spillover,2022,HVA-08,Pirkanmaan hyvinvointialue,wellbeing_area,441.5,235182,PER_1000_RESIDENTS,lower_is_better_with_need_adjustment,5081,thl_sotkanet_indicator_5081,https://sotkanet.fi/sotkanet/fi/metadata/indicators/5081,2026-08-18
primary_care_emergency_visits_per_1000,"Päivystyskäynnit perusterveydenhuollossa, mukaan lukien yhteispäivystys",care_path_spillover,2023,HVA-08,Pirkanmaan hyvinvointialue,wellbeing_area,495.3,267118,PER_1000_RESIDENTS,lower_is_better_with_need_adjustment,5081,thl_sotkanet_indicator_5081,https://sotkanet.fi/sotkanet/fi/metadata/indicators/5081,2026-08-18
primary_care_emergency_visits_per_1000,"Päivystyskäynnit perusterveydenhuollossa, mukaan lukien yhteispäivystys",care_path_spillover,2024,HVA-08,Pirkanmaan hyvinvointialue,wellbeing_area,549.1,299501,PER_1000_RESIDENTS,lower_is_better_with_need_adjustment,5081,thl_sotkanet_indicator_5081,https://sotkanet.fi/sotkanet/fi/metadata/indicators/5081,2026-08-18
primary_care_emergency_visits_per_1000,"Päivystyskäynnit perusterveydenhuollossa, mukaan lukien yhteispäivystys",care_path_spillover,2025,HVA-08,Pirkanmaan hyvinvointialue,wellbeing_area,534.7,293476,PER_1000_RESIDENTS,lower_is_better_with_need_adjustment,5081,thl_sotkanet_indicator_5081,https://sotkanet.fi/sotkanet/fi/metadata/indicators/5081,2026-08-18
primary_care_emergency_visits_per_1000,"Päivystyskäynnit perusterveydenhuollossa, mukaan lukien yhteispäivystys",care_path_spillover,2020,HVA-09,Päijät-Hämeen hyvinvointialue,wellbeing_area,206.4,42473,PER_1000_RESIDENTS,lower_is_better_with_need_adjustment,5081,thl_sotkanet_indicator_5081,https://sotkanet.fi/sotkanet/fi/metadata/indicators/5081,2026-08-18
primary_care_emergency_visits_per_1000,"Päivystyskäynnit perusterveydenhuollossa, mukaan lukien yhteispäivystys",care_path_spillover,2021,HVA-09,Päijät-Hämeen hyvinvointialue,wellbeing_area,148.0,30352,PER_1000_RESIDENTS,lower_is_better_with_need_adjustment,5081,thl_sotkanet_indicator_5081,https://sotkanet.fi/sotkanet/fi/metadata/indicators/5081,2026-08-18
primary_care_emergency_visits_per_1000,"Päivystyskäynnit perusterveydenhuollossa, mukaan lukien yhteispäivystys",care_path_spillover,2022,HVA-09,Päijät-Hämeen hyvinvointialue,wellbeing_area,175.4,35865,PER_1000_RESIDENTS,lower_is_better_with_need_adjustment,5081,thl_sotkanet_indicator_5081,https://sotkanet.fi/sotkanet/fi/metadata/indicators/5081,2026-08-18
primary_care_emergency_visits_per_1000,"Päivystyskäynnit perusterveydenhuollossa, mukaan lukien yhteispäivystys",care_path_spillover,2023,HVA-09,Päijät-Hämeen hyvinvointialue,wellbeing_area,263.2,53819,PER_1000_RESIDENTS,lower_is_better_with_need_adjustment,5081,thl_sotkanet_indicator_5081,https://sotkanet.fi/sotkanet/fi/metadata/indicators/5081,2026-08-18
primary_care_emergency_visits_per_1000,"Päivystyskäynnit perusterveydenhuollossa, mukaan lukien yhteispäivystys",care_path_spillover,2024,HVA-09,Päijät-Hämeen hyvinvointialue,wellbeing_area,273.0,55856,PER_1000_RESIDENTS,lower_is_better_with_need_adjustment,5081,thl_sotkanet_indicator_5081,https://sotkanet.fi/sotkanet/fi/metadata/indicators/5081,2026-08-18
primary_care_emergency_visits_per_1000,"Päivystyskäynnit perusterveydenhuollossa, mukaan lukien yhteispäivystys",care_path_spillover,2025,HVA-09,Päijät-Hämeen hyvinvointialue,wellbeing_area,191.2,39110,PER_1000_RESIDENTS,lower_is_better_with_need_adjustment,5081,thl_sotkanet_indicator_5081,https://sotkanet.fi/sotkanet/fi/metadata/indicators/5081,2026-08-18
primary_care_emergency_visits_per_1000,"Päivystyskäynnit perusterveydenhuollossa, mukaan lukien yhteispäivystys",care_path_spillover,2020,HVA-10,Kymenlaakson hyvinvointialue,wellbeing_area,475.0,77330,PER_1000_RESIDENTS,lower_is_better_with_need_adjustment,5081,thl_sotkanet_indicator_5081,https://sotkanet.fi/sotkanet/fi/metadata/indicators/5081,2026-08-18
primary_care_emergency_visits_per_1000,"Päivystyskäynnit perusterveydenhuollossa, mukaan lukien yhteispäivystys",care_path_spillover,2021,HVA-10,Kymenlaakson hyvinvointialue,wellbeing_area,474.7,76620,PER_1000_RESIDENTS,lower_is_better_with_need_adjustment,5081,thl_sotkanet_indicator_5081,https://sotkanet.fi/sotkanet/fi/metadata/indicators/5081,2026-08-18
primary_care_emergency_visits_per_1000,"Päivystyskäynnit perusterveydenhuollossa, mukaan lukien yhteispäivystys",care_path_spillover,2022,HVA-10,Kymenlaakson hyvinvointialue,wellbeing_area,479.8,76518,PER_1000_RESIDENTS,lower_is_better_with_need_adjustment,5081,thl_sotkanet_indicator_5081,https://sotkanet.fi/sotkanet/fi/metadata/indicators/5081,2026-08-18
primary_care_emergency_visits_per_1000,"Päivystyskäynnit perusterveydenhuollossa, mukaan lukien yhteispäivystys",care_path_spillover,2023,HVA-10,Kymenlaakson hyvinvointialue,wellbeing_area,448.1,71099,PER_1000_RESIDENTS,lower_is_better_with_need_adjustment,5081,thl_sotkanet_indicator_5081,https://sotkanet.fi/sotkanet/fi/metadata/indicators/5081,2026-08-18
primary_care_emergency_visits_per_1000,"Päivystyskäynnit perusterveydenhuollossa, mukaan lukien yhteispäivystys",care_path_spillover,2024,HVA-10,Kymenlaakson hyvinvointialue,wellbeing_area,415.4,65401,PER_1000_RESIDENTS,lower_is_better_with_need_adjustment,5081,thl_sotkanet_indicator_5081,https://sotkanet.fi/sotkanet/fi/metadata/indicators/5081,2026-08-18
primary_care_emergency_visits_per_1000,"Päivystyskäynnit perusterveydenhuollossa, mukaan lukien yhteispäivystys",care_path_spillover,2025,HVA-10,Kymenlaakson hyvinvointialue,wellbeing_area,396.0,61862,PER_1000_RESIDENTS,lower_is_better_with_need_adjustment,5081,thl_sotkanet_indicator_5081,https://sotkanet.fi/sotkanet/fi/metadata/indicators/5081,2026-08-18
primary_care_emergency_visits_per_1000,"Päivystyskäynnit perusterveydenhuollossa, mukaan lukien yhteispäivystys",care_path_spillover,2020,HVA-11,Etelä-Karjalan hyvinvointialue,wellbeing_area,774.6,98314,PER_1000_RESIDENTS,lower_is_better_with_need_adjustment,5081,thl_sotkanet_indicator_5081,https://sotkanet.fi/sotkanet/fi/metadata/indicators/5081,2026-08-18
primary_care_emergency_visits_per_1000,"Päivystyskäynnit perusterveydenhuollossa, mukaan lukien yhteispäivystys",care_path_spillover,2021,HVA-11,Etelä-Karjalan hyvinvointialue,wellbeing_area,723.5,91240,PER_1000_RESIDENTS,lower_is_better_with_need_adjustment,5081,thl_sotkanet_indicator_5081,https://sotkanet.fi/sotkanet/fi/metadata/indicators/5081,2026-08-18
primary_care_emergency_visits_per_1000,"Päivystyskäynnit perusterveydenhuollossa, mukaan lukien yhteispäivystys",care_path_spillover,2022,HVA-11,Etelä-Karjalan hyvinvointialue,wellbeing_area,702.9,88110,PER_1000_RESIDENTS,lower_is_better_with_need_adjustment,5081,thl_sotkanet_indicator_5081,https://sotkanet.fi/sotkanet/fi/metadata/indicators/5081,2026-08-18
primary_care_emergency_visits_per_1000,"Päivystyskäynnit perusterveydenhuollossa, mukaan lukien yhteispäivystys",care_path_spillover,2023,HVA-11,Etelä-Karjalan hyvinvointialue,wellbeing_area,777.3,97285,PER_1000_RESIDENTS,lower_is_better_with_need_adjustment,5081,thl_sotkanet_indicator_5081,https://sotkanet.fi/sotkanet/fi/metadata/indicators/5081,2026-08-18
primary_care_emergency_visits_per_1000,"Päivystyskäynnit perusterveydenhuollossa, mukaan lukien yhteispäivystys",care_path_spillover,2024,HVA-11,Etelä-Karjalan hyvinvointialue,wellbeing_area,757.6,94760,PER_1000_RESIDENTS,lower_is_better_with_need_adjustment,5081,thl_sotkanet_indicator_5081,https://sotkanet.fi/sotkanet/fi/metadata/indicators/5081,2026-08-18
primary_care_emergency_visits_per_1000,"Päivystyskäynnit perusterveydenhuollossa, mukaan lukien yhteispäivystys",care_path_spillover,2025,HVA-11,Etelä-Karjalan hyvinvointialue,wellbeing_area,664.1,82505,PER_1000_RESIDENTS,lower_is_better_with_need_adjustment,5081,thl_sotkanet_indicator_5081,https://sotkanet.fi/sotkanet/fi/metadata/indicators/5081,2026-08-18
primary_care_emergency_visits_per_1000,"Päivystyskäynnit perusterveydenhuollossa, mukaan lukien yhteispäivystys",care_path_spillover,2020,HVA-12,Etelä-Savon hyvinvointialue,wellbeing_area,257.3,34145,PER_1000_RESIDENTS,lower_is_better_with_need_adjustment,5081,thl_sotkanet_indicator_5081,https://sotkanet.fi/sotkanet/fi/metadata/indicators/5081,2026-08-18
primary_care_emergency_visits_per_1000,"Päivystyskäynnit perusterveydenhuollossa, mukaan lukien yhteispäivystys",care_path_spillover,2021,HVA-12,Etelä-Savon hyvinvointialue,wellbeing_area,324.9,42791,PER_1000_RESIDENTS,lower_is_better_with_need_adjustment,5081,thl_sotkanet_indicator_5081,https://sotkanet.fi/sotkanet/fi/metadata/indicators/5081,2026-08-18
primary_care_emergency_visits_per_1000,"Päivystyskäynnit perusterveydenhuollossa, mukaan lukien yhteispäivystys",care_path_spillover,2022,HVA-12,Etelä-Savon hyvinvointialue,wellbeing_area,424.2,55331,PER_1000_RESIDENTS,lower_is_better_with_need_adjustment,5081,thl_sotkanet_indicator_5081,https://sotkanet.fi/sotkanet/fi/metadata/indicators/5081,2026-08-18
primary_care_emergency_visits_per_1000,"Päivystyskäynnit perusterveydenhuollossa, mukaan lukien yhteispäivystys",care_path_spillover,2023,HVA-12,Etelä-Savon hyvinvointialue,wellbeing_area,456.9,59362,PER_1000_RESIDENTS,lower_is_better_with_need_adjustment,5081,thl_sotkanet_indicator_5081,https://sotkanet.fi/sotkanet/fi/metadata/indicators/5081,2026-08-18
primary_care_emergency_visits_per_1000,"Päivystyskäynnit perusterveydenhuollossa, mukaan lukien yhteispäivystys",care_path_spillover,2024,HVA-12,Etelä-Savon hyvinvointialue,wellbeing_area,462.6,59846,PER_1000_RESIDENTS,lower_is_better_with_need_adjustment,5081,thl_sotkanet_indicator_5081,https://sotkanet.fi/sotkanet/fi/metadata/indicators/5081,2026-08-18
primary_care_emergency_visits_per_1000,"Päivystyskäynnit perusterveydenhuollossa, mukaan lukien yhteispäivystys",care_path_spillover,2025,HVA-12,Etelä-Savon hyvinvointialue,wellbeing_area,422.4,54122,PER_1000_RESIDENTS,lower_is_better_with_need_adjustment,5081,thl_sotkanet_indicator_5081,https://sotkanet.fi/sotkanet/fi/metadata/indicators/5081,2026-08-18
primary_care_emergency_visits_per_1000,"Päivystyskäynnit perusterveydenhuollossa, mukaan lukien yhteispäivystys",care_path_spillover,2020,HVA-13,Pohjois-Savon hyvinvointialue,wellbeing_area,706.0,175285,PER_1000_RESIDENTS,lower_is_better_with_need_adjustment,5081,thl_sotkanet_indicator_5081,https://sotkanet.fi/sotkanet/fi/metadata/indicators/5081,2026-08-18
primary_care_emergency_visits_per_1000,"Päivystyskäynnit perusterveydenhuollossa, mukaan lukien yhteispäivystys",care_path_spillover,2021,HVA-13,Pohjois-Savon hyvinvointialue,wellbeing_area,1064.2,264318,PER_1000_RESIDENTS,lower_is_better_with_need_adjustment,5081,thl_sotkanet_indicator_5081,https://sotkanet.fi/sotkanet/fi/metadata/indicators/5081,2026-08-18
primary_care_emergency_visits_per_1000,"Päivystyskäynnit perusterveydenhuollossa, mukaan lukien yhteispäivystys",care_path_spillover,2022,HVA-13,Pohjois-Savon hyvinvointialue,wellbeing_area,985.6,244110,PER_1000_RESIDENTS,lower_is_better_with_need_adjustment,5081,thl_sotkanet_indicator_5081,https://sotkanet.fi/sotkanet/fi/metadata/indicators/5081,2026-08-18
primary_care_emergency_visits_per_1000,"Päivystyskäynnit perusterveydenhuollossa, mukaan lukien yhteispäivystys",care_path_spillover,2023,HVA-13,Pohjois-Savon hyvinvointialue,wellbeing_area,891.4,221241,PER_1000_RESIDENTS,lower_is_better_with_need_adjustment,5081,thl_sotkanet_indicator_5081,https://sotkanet.fi/sotkanet/fi/metadata/indicators/5081,2026-08-18
primary_care_emergency_visits_per_1000,"Päivystyskäynnit perusterveydenhuollossa, mukaan lukien yhteispäivystys",care_path_spillover,2024,HVA-13,Pohjois-Savon hyvinvointialue,wellbeing_area,909.5,226288,PER_1000_RESIDENTS,lower_is_better_with_need_adjustment,5081,thl_sotkanet_indicator_5081,https://sotkanet.fi/sotkanet/fi/metadata/indicators/5081,2026-08-18
primary_care_emergency_visits_per_1000,"Päivystyskäynnit perusterveydenhuollossa, mukaan lukien yhteispäivystys",care_path_spillover,2025,HVA-13,Pohjois-Savon hyvinvointialue,wellbeing_area,917.8,228078,PER_1000_RESIDENTS,lower_is_better_with_need_adjustment,5081,thl_sotkanet_indicator_5081,https://sotkanet.fi/sotkanet/fi/metadata/indicators/5081,2026-08-18
primary_care_emergency_visits_per_1000,"Päivystyskäynnit perusterveydenhuollossa, mukaan lukien yhteispäivystys",care_path_spillover,2020,HVA-14,Pohjois-Karjalan hyvinvointialue,wellbeing_area,373.8,61130,PER_1000_RESIDENTS,lower_is_better_with_need_adjustment,5081,thl_sotkanet_indicator_5081,https://sotkanet.fi/sotkanet/fi/metadata/indicators/5081,2026-08-18
primary_care_emergency_visits_per_1000,"Päivystyskäynnit perusterveydenhuollossa, mukaan lukien yhteispäivystys",care_path_spillover,2021,HVA-14,Pohjois-Karjalan hyvinvointialue,wellbeing_area,192.5,31429,PER_1000_RESIDENTS,lower_is_better_with_need_adjustment,5081,thl_sotkanet_indicator_5081,https://sotkanet.fi/sotkanet/fi/metadata/indicators/5081,2026-08-18
primary_care_emergency_visits_per_1000,"Päivystyskäynnit perusterveydenhuollossa, mukaan lukien yhteispäivystys",care_path_spillover,2022,HVA-14,Pohjois-Karjalan hyvinvointialue,wellbeing_area,234.9,38176,PER_1000_RESIDENTS,lower_is_better_with_need_adjustment,5081,thl_sotkanet_indicator_5081,https://sotkanet.fi/sotkanet/fi/metadata/indicators/5081,2026-08-18
primary_care_emergency_visits_per_1000,"Päivystyskäynnit perusterveydenhuollossa, mukaan lukien yhteispäivystys",care_path_spillover,2023,HVA-14,Pohjois-Karjalan hyvinvointialue,wellbeing_area,256.2,41587,PER_1000_RESIDENTS,lower_is_better_with_need_adjustment,5081,thl_sotkanet_indicator_5081,https://sotkanet.fi/sotkanet/fi/metadata/indicators/5081,2026-08-18
primary_care_emergency_visits_per_1000,"Päivystyskäynnit perusterveydenhuollossa, mukaan lukien yhteispäivystys",care_path_spillover,2024,HVA-14,Pohjois-Karjalan hyvinvointialue,wellbeing_area,304.7,49387,PER_1000_RESIDENTS,lower_is_better_with_need_adjustment,5081,thl_sotkanet_indicator_5081,https://sotkanet.fi/sotkanet/fi/metadata/indicators/5081,2026-08-18
primary_care_emergency_visits_per_1000,"Päivystyskäynnit perusterveydenhuollossa, mukaan lukien yhteispäivystys",care_path_spillover,2025,HVA-14,Pohjois-Karjalan hyvinvointialue,wellbeing_area,247.9,40008,PER_1000_RESIDENTS,lower_is_better_with_need_adjustment,5081,thl_sotkanet_indicator_5081,https://sotkanet.fi/sotkanet/fi/metadata/indicators/5081,2026-08-18
primary_care_emergency_visits_per_1000,"Päivystyskäynnit perusterveydenhuollossa, mukaan lukien yhteispäivystys",care_path_spillover,2020,HVA-15,Keski-Suomen hyvinvointialue,wellbeing_area,482.1,131430,PER_1000_RESIDENTS,lower_is_better_with_need_adjustment,5081,thl_sotkanet_indicator_5081,https://sotkanet.fi/sotkanet/fi/metadata/indicators/5081,2026-08-18
primary_care_emergency_visits_per_1000,"Päivystyskäynnit perusterveydenhuollossa, mukaan lukien yhteispäivystys",care_path_spillover,2021,HVA-15,Keski-Suomen hyvinvointialue,wellbeing_area,615.8,167909,PER_1000_RESIDENTS,lower_is_better_with_need_adjustment,5081,thl_sotkanet_indicator_5081,https://sotkanet.fi/sotkanet/fi/metadata/indicators/5081,2026-08-18
primary_care_emergency_visits_per_1000,"Päivystyskäynnit perusterveydenhuollossa, mukaan lukien yhteispäivystys",care_path_spillover,2022,HVA-15,Keski-Suomen hyvinvointialue,wellbeing_area,622.5,169579,PER_1000_RESIDENTS,lower_is_better_with_need_adjustment,5081,thl_sotkanet_indicator_5081,https://sotkanet.fi/sotkanet/fi/metadata/indicators/5081,2026-08-18
primary_care_emergency_visits_per_1000,"Päivystyskäynnit perusterveydenhuollossa, mukaan lukien yhteispäivystys",care_path_spillover,2023,HVA-15,Keski-Suomen hyvinvointialue,wellbeing_area,588.7,160879,PER_1000_RESIDENTS,lower_is_better_with_need_adjustment,5081,thl_sotkanet_indicator_5081,https://sotkanet.fi/sotkanet/fi/metadata/indicators/5081,2026-08-18
primary_care_emergency_visits_per_1000,"Päivystyskäynnit perusterveydenhuollossa, mukaan lukien yhteispäivystys",care_path_spillover,2024,HVA-15,Keski-Suomen hyvinvointialue,wellbeing_area,584.5,160221,PER_1000_RESIDENTS,lower_is_better_with_need_adjustment,5081,thl_sotkanet_indicator_5081,https://sotkanet.fi/sotkanet/fi/metadata/indicators/5081,2026-08-18
primary_care_emergency_visits_per_1000,"Päivystyskäynnit perusterveydenhuollossa, mukaan lukien yhteispäivystys",care_path_spillover,2025,HVA-15,Keski-Suomen hyvinvointialue,wellbeing_area,615.6,168520,PER_1000_RESIDENTS,lower_is_better_with_need_adjustment,5081,thl_sotkanet_indicator_5081,https://sotkanet.fi/sotkanet/fi/metadata/indicators/5081,2026-08-18
primary_care_emergency_visits_per_1000,"Päivystyskäynnit perusterveydenhuollossa, mukaan lukien yhteispäivystys",care_path_spillover,2020,HVA-16,Etelä-Pohjanmaan hyvinvointialue,wellbeing_area,101.2,19443,PER_1000_RESIDENTS,lower_is_better_with_need_adjustment,5081,thl_sotkanet_indicator_5081,https://sotkanet.fi/sotkanet/fi/metadata/indicators/5081,2026-08-18
primary_care_emergency_visits_per_1000,"Päivystyskäynnit perusterveydenhuollossa, mukaan lukien yhteispäivystys",care_path_spillover,2021,HVA-16,Etelä-Pohjanmaan hyvinvointialue,wellbeing_area,133.8,25667,PER_1000_RESIDENTS,lower_is_better_with_need_adjustment,5081,thl_sotkanet_indicator_5081,https://sotkanet.fi/sotkanet/fi/metadata/indicators/5081,2026-08-18
primary_care_emergency_visits_per_1000,"Päivystyskäynnit perusterveydenhuollossa, mukaan lukien yhteispäivystys",care_path_spillover,2022,HVA-16,Etelä-Pohjanmaan hyvinvointialue,wellbeing_area,109.0,20799,PER_1000_RESIDENTS,lower_is_better_with_need_adjustment,5081,thl_sotkanet_indicator_5081,https://sotkanet.fi/sotkanet/fi/metadata/indicators/5081,2026-08-18
primary_care_emergency_visits_per_1000,"Päivystyskäynnit perusterveydenhuollossa, mukaan lukien yhteispäivystys",care_path_spillover,2023,HVA-16,Etelä-Pohjanmaan hyvinvointialue,wellbeing_area,115.6,22031,PER_1000_RESIDENTS,lower_is_better_with_need_adjustment,5081,thl_sotkanet_indicator_5081,https://sotkanet.fi/sotkanet/fi/metadata/indicators/5081,2026-08-18
primary_care_emergency_visits_per_1000,"Päivystyskäynnit perusterveydenhuollossa, mukaan lukien yhteispäivystys",care_path_spillover,2024,HVA-16,Etelä-Pohjanmaan hyvinvointialue,wellbeing_area,399.0,75781,PER_1000_RESIDENTS,lower_is_better_with_need_adjustment,5081,thl_sotkanet_indicator_5081,https://sotkanet.fi/sotkanet/fi/metadata/indicators/5081,2026-08-18
primary_care_emergency_visits_per_1000,"Päivystyskäynnit perusterveydenhuollossa, mukaan lukien yhteispäivystys",care_path_spillover,2025,HVA-16,Etelä-Pohjanmaan hyvinvointialue,wellbeing_area,481.8,91280,PER_1000_RESIDENTS,lower_is_better_with_need_adjustment,5081,thl_sotkanet_indicator_5081,https://sotkanet.fi/sotkanet/fi/metadata/indicators/5081,2026-08-18
primary_care_emergency_visits_per_1000,"Päivystyskäynnit perusterveydenhuollossa, mukaan lukien yhteispäivystys",care_path_spillover,2020,HVA-17,Pohjanmaan hyvinvointialue,wellbeing_area,516.2,90755,PER_1000_RESIDENTS,lower_is_better_with_need_adjustment,5081,thl_sotkanet_indicator_5081,https://sotkanet.fi/sotkanet/fi/metadata/indicators/5081,2026-08-18
primary_care_emergency_visits_per_1000,"Päivystyskäynnit perusterveydenhuollossa, mukaan lukien yhteispäivystys",care_path_spillover,2021,HVA-17,Pohjanmaan hyvinvointialue,wellbeing_area,709.6,124916,PER_1000_RESIDENTS,lower_is_better_with_need_adjustment,5081,thl_sotkanet_indicator_5081,https://sotkanet.fi/sotkanet/fi/metadata/indicators/5081,2026-08-18
primary_care_emergency_visits_per_1000,"Päivystyskäynnit perusterveydenhuollossa, mukaan lukien yhteispäivystys",care_path_spillover,2022,HVA-17,Pohjanmaan hyvinvointialue,wellbeing_area,723.8,127625,PER_1000_RESIDENTS,lower_is_better_with_need_adjustment,5081,thl_sotkanet_indicator_5081,https://sotkanet.fi/sotkanet/fi/metadata/indicators/5081,2026-08-18
primary_care_emergency_visits_per_1000,"Päivystyskäynnit perusterveydenhuollossa, mukaan lukien yhteispäivystys",care_path_spillover,2023,HVA-17,Pohjanmaan hyvinvointialue,wellbeing_area,607.9,107958,PER_1000_RESIDENTS,lower_is_better_with_need_adjustment,5081,thl_sotkanet_indicator_5081,https://sotkanet.fi/sotkanet/fi/metadata/indicators/5081,2026-08-18
primary_care_emergency_visits_per_1000,"Päivystyskäynnit perusterveydenhuollossa, mukaan lukien yhteispäivystys",care_path_spillover,2024,HVA-17,Pohjanmaan hyvinvointialue,wellbeing_area,619.6,110757,PER_1000_RESIDENTS,lower_is_better_with_need_adjustment,5081,thl_sotkanet_indicator_5081,https://sotkanet.fi/sotkanet/fi/metadata/indicators/5081,2026-08-18
primary_care_emergency_visits_per_1000,"Päivystyskäynnit perusterveydenhuollossa, mukaan lukien yhteispäivystys",care_path_spillover,2025,HVA-17,Pohjanmaan hyvinvointialue,wellbeing_area,647.5,116257,PER_1000_RESIDENTS,lower_is_better_with_need_adjustment,5081,thl_sotkanet_indicator_5081,https://sotkanet.fi/sotkanet/fi/metadata/indicators/5081,2026-08-18
primary_care_emergency_visits_per_1000,"Päivystyskäynnit perusterveydenhuollossa, mukaan lukien yhteispäivystys",care_path_spillover,2020,HVA-18,Keski-Pohjanmaan hyvinvointialue,wellbeing_area,328.3,22321,PER_1000_RESIDENTS,lower_is_better_with_need_adjustment,5081,thl_sotkanet_indicator_5081,https://sotkanet.fi/sotkanet/fi/metadata/indicators/5081,2026-08-18
primary_care_emergency_visits_per_1000,"Päivystyskäynnit perusterveydenhuollossa, mukaan lukien yhteispäivystys",care_path_spillover,2021,HVA-18,Keski-Pohjanmaan hyvinvointialue,wellbeing_area,295.0,20038,PER_1000_RESIDENTS,lower_is_better_with_need_adjustment,5081,thl_sotkanet_indicator_5081,https://sotkanet.fi/sotkanet/fi/metadata/indicators/5081,2026-08-18
primary_care_emergency_visits_per_1000,"Päivystyskäynnit perusterveydenhuollossa, mukaan lukien yhteispäivystys",care_path_spillover,2022,HVA-18,Keski-Pohjanmaan hyvinvointialue,wellbeing_area,378.4,25657,PER_1000_RESIDENTS,lower_is_better_with_need_adjustment,5081,thl_sotkanet_indicator_5081,https://sotkanet.fi/sotkanet/fi/metadata/indicators/5081,2026-08-18
primary_care_emergency_visits_per_1000,"Päivystyskäynnit perusterveydenhuollossa, mukaan lukien yhteispäivystys",care_path_spillover,2023,HVA-18,Keski-Pohjanmaan hyvinvointialue,wellbeing_area,389.1,26353,PER_1000_RESIDENTS,lower_is_better_with_need_adjustment,5081,thl_sotkanet_indicator_5081,https://sotkanet.fi/sotkanet/fi/metadata/indicators/5081,2026-08-18
primary_care_emergency_visits_per_1000,"Päivystyskäynnit perusterveydenhuollossa, mukaan lukien yhteispäivystys",care_path_spillover,2024,HVA-18,Keski-Pohjanmaan hyvinvointialue,wellbeing_area,454.2,30757,PER_1000_RESIDENTS,lower_is_better_with_need_adjustment,5081,thl_sotkanet_indicator_5081,https://sotkanet.fi/sotkanet/fi/metadata/indicators/5081,2026-08-18
primary_care_emergency_visits_per_1000,"Päivystyskäynnit perusterveydenhuollossa, mukaan lukien yhteispäivystys",care_path_spillover,2025,HVA-18,Keski-Pohjanmaan hyvinvointialue,wellbeing_area,530.4,35800,PER_1000_RESIDENTS,lower_is_better_with_need_adjustment,5081,thl_sotkanet_indicator_5081,https://sotkanet.fi/sotkanet/fi/metadata/indicators/5081,2026-08-18
primary_care_emergency_visits_per_1000,"Päivystyskäynnit perusterveydenhuollossa, mukaan lukien yhteispäivystys",care_path_spillover,2020,HVA-19,Pohjois-Pohjanmaan hyvinvointialue,wellbeing_area,355.1,146956,PER_1000_RESIDENTS,lower_is_better_with_need_adjustment,5081,thl_sotkanet_indicator_5081,https://sotkanet.fi/sotkanet/fi/metadata/indicators/5081,2026-08-18
primary_care_emergency_visits_per_1000,"Päivystyskäynnit perusterveydenhuollossa, mukaan lukien yhteispäivystys",care_path_spillover,2021,HVA-19,Pohjois-Pohjanmaan hyvinvointialue,wellbeing_area,464.3,192967,PER_1000_RESIDENTS,lower_is_better_with_need_adjustment,5081,thl_sotkanet_indicator_5081,https://sotkanet.fi/sotkanet/fi/metadata/indicators/5081,2026-08-18
primary_care_emergency_visits_per_1000,"Päivystyskäynnit perusterveydenhuollossa, mukaan lukien yhteispäivystys",care_path_spillover,2022,HVA-19,Pohjois-Pohjanmaan hyvinvointialue,wellbeing_area,458.7,191078,PER_1000_RESIDENTS,lower_is_better_with_need_adjustment,5081,thl_sotkanet_indicator_5081,https://sotkanet.fi/sotkanet/fi/metadata/indicators/5081,2026-08-18
primary_care_emergency_visits_per_1000,"Päivystyskäynnit perusterveydenhuollossa, mukaan lukien yhteispäivystys",care_path_spillover,2023,HVA-19,Pohjois-Pohjanmaan hyvinvointialue,wellbeing_area,412.1,172355,PER_1000_RESIDENTS,lower_is_better_with_need_adjustment,5081,thl_sotkanet_indicator_5081,https://sotkanet.fi/sotkanet/fi/metadata/indicators/5081,2026-08-18
primary_care_emergency_visits_per_1000,"Päivystyskäynnit perusterveydenhuollossa, mukaan lukien yhteispäivystys",care_path_spillover,2024,HVA-19,Pohjois-Pohjanmaan hyvinvointialue,wellbeing_area,473.8,198200,PER_1000_RESIDENTS,lower_is_better_with_need_adjustment,5081,thl_sotkanet_indicator_5081,https://sotkanet.fi/sotkanet/fi/metadata/indicators/5081,2026-08-18
primary_care_emergency_visits_per_1000,"Päivystyskäynnit perusterveydenhuollossa, mukaan lukien yhteispäivystys",care_path_spillover,2025,HVA-19,Pohjois-Pohjanmaan hyvinvointialue,wellbeing_area,557.1,232847,PER_1000_RESIDENTS,lower_is_better_with_need_adjustment,5081,thl_sotkanet_indicator_5081,https://sotkanet.fi/sotkanet/fi/metadata/indicators/5081,2026-08-18
primary_care_emergency_visits_per_1000,"Päivystyskäynnit perusterveydenhuollossa, mukaan lukien yhteispäivystys",care_path_spillover,2020,HVA-20,Kainuun hyvinvointialue,wellbeing_area,566.3,40586,PER_1000_RESIDENTS,lower_is_better_with_need_adjustment,5081,thl_sotkanet_indicator_5081,https://sotkanet.fi/sotkanet/fi/metadata/indicators/5081,2026-08-18
primary_care_emergency_visits_per_1000,"Päivystyskäynnit perusterveydenhuollossa, mukaan lukien yhteispäivystys",care_path_spillover,2021,HVA-20,Kainuun hyvinvointialue,wellbeing_area,408.1,29080,PER_1000_RESIDENTS,lower_is_better_with_need_adjustment,5081,thl_sotkanet_indicator_5081,https://sotkanet.fi/sotkanet/fi/metadata/indicators/5081,2026-08-18
primary_care_emergency_visits_per_1000,"Päivystyskäynnit perusterveydenhuollossa, mukaan lukien yhteispäivystys",care_path_spillover,2022,HVA-20,Kainuun hyvinvointialue,wellbeing_area,278.9,19670,PER_1000_RESIDENTS,lower_is_better_with_need_adjustment,5081,thl_sotkanet_indicator_5081,https://sotkanet.fi/sotkanet/fi/metadata/indicators/5081,2026-08-18
primary_care_emergency_visits_per_1000,"Päivystyskäynnit perusterveydenhuollossa, mukaan lukien yhteispäivystys",care_path_spillover,2023,HVA-20,Kainuun hyvinvointialue,wellbeing_area,268.1,18814,PER_1000_RESIDENTS,lower_is_better_with_need_adjustment,5081,thl_sotkanet_indicator_5081,https://sotkanet.fi/sotkanet/fi/metadata/indicators/5081,2026-08-18
primary_care_emergency_visits_per_1000,"Päivystyskäynnit perusterveydenhuollossa, mukaan lukien yhteispäivystys",care_path_spillover,2024,HVA-20,Kainuun hyvinvointialue,wellbeing_area,257.3,17916,PER_1000_RESIDENTS,lower_is_better_with_need_adjustment,5081,thl_sotkanet_indicator_5081,https://sotkanet.fi/sotkanet/fi/metadata/indicators/5081,2026-08-18
primary_care_emergency_visits_per_1000,"Päivystyskäynnit perusterveydenhuollossa, mukaan lukien yhteispäivystys",care_path_spillover,2025,HVA-20,Kainuun hyvinvointialue,wellbeing_area,411.0,28441,PER_1000_RESIDENTS,lower_is_better_with_need_adjustment,5081,thl_sotkanet_indicator_5081,https://sotkanet.fi/sotkanet/fi/metadata/indicators/5081,2026-08-18
primary_care_emergency_visits_per_1000,"Päivystyskäynnit perusterveydenhuollossa, mukaan lukien yhteispäivystys",care_path_spillover,2020,HVA-21,Lapin hyvinvointialue,wellbeing_area,516.4,91227,PER_1000_RESIDENTS,lower_is_better_with_need_adjustment,5081,thl_sotkanet_indicator_5081,https://sotkanet.fi/sotkanet/fi/metadata/indicators/5081,2026-08-18
primary_care_emergency_visits_per_1000,"Päivystyskäynnit perusterveydenhuollossa, mukaan lukien yhteispäivystys",care_path_spillover,2021,HVA-21,Lapin hyvinvointialue,wellbeing_area,828.1,146155,PER_1000_RESIDENTS,lower_is_better_with_need_adjustment,5081,thl_sotkanet_indicator_5081,https://sotkanet.fi/sotkanet/fi/metadata/indicators/5081,2026-08-18
primary_care_emergency_visits_per_1000,"Päivystyskäynnit perusterveydenhuollossa, mukaan lukien yhteispäivystys",care_path_spillover,2022,HVA-21,Lapin hyvinvointialue,wellbeing_area,665.3,116962,PER_1000_RESIDENTS,lower_is_better_with_need_adjustment,5081,thl_sotkanet_indicator_5081,https://sotkanet.fi/sotkanet/fi/metadata/indicators/5081,2026-08-18
primary_care_emergency_visits_per_1000,"Päivystyskäynnit perusterveydenhuollossa, mukaan lukien yhteispäivystys",care_path_spillover,2023,HVA-21,Lapin hyvinvointialue,wellbeing_area,564.2,99384,PER_1000_RESIDENTS,lower_is_better_with_need_adjustment,5081,thl_sotkanet_indicator_5081,https://sotkanet.fi/sotkanet/fi/metadata/indicators/5081,2026-08-18
primary_care_emergency_visits_per_1000,"Päivystyskäynnit perusterveydenhuollossa, mukaan lukien yhteispäivystys",care_path_spillover,2024,HVA-21,Lapin hyvinvointialue,wellbeing_area,530.9,93517,PER_1000_RESIDENTS,lower_is_better_with_need_adjustment,5081,thl_sotkanet_indicator_5081,https://sotkanet.fi/sotkanet/fi/metadata/indicators/5081,2026-08-18
primary_care_emergency_visits_per_1000,"Päivystyskäynnit perusterveydenhuollossa, mukaan lukien yhteispäivystys",care_path_spillover,2025,HVA-21,Lapin hyvinvointialue,wellbeing_area,534.0,94097,PER_1000_RESIDENTS,lower_is_better_with_need_adjustment,5081,thl_sotkanet_indicator_5081,https://sotkanet.fi/sotkanet/fi/metadata/indicators/5081,2026-08-18
primary_care_emergency_visits_per_1000,"Päivystyskäynnit perusterveydenhuollossa, mukaan lukien yhteispäivystys",care_path_spillover,2020,HVA-90,Helsingin kaupunki,wellbeing_area,126.2,82889,PER_1000_RESIDENTS,lower_is_better_with_need_adjustment,5081,thl_sotkanet_indicator_5081,https://sotkanet.fi/sotkanet/fi/metadata/indicators/5081,2026-08-18
primary_care_emergency_visits_per_1000,"Päivystyskäynnit perusterveydenhuollossa, mukaan lukien yhteispäivystys",care_path_spillover,2021,HVA-90,Helsingin kaupunki,wellbeing_area,157.7,103849,PER_1000_RESIDENTS,lower_is_better_with_need_adjustment,5081,thl_sotkanet_indicator_5081,https://sotkanet.fi/sotkanet/fi/metadata/indicators/5081,2026-08-18
primary_care_emergency_visits_per_1000,"Päivystyskäynnit perusterveydenhuollossa, mukaan lukien yhteispäivystys",care_path_spillover,2022,HVA-90,Helsingin kaupunki,wellbeing_area,147.7,98045,PER_1000_RESIDENTS,lower_is_better_with_need_adjustment,5081,thl_sotkanet_indicator_5081,https://sotkanet.fi/sotkanet/fi/metadata/indicators/5081,2026-08-18
primary_care_emergency_visits_per_1000,"Päivystyskäynnit perusterveydenhuollossa, mukaan lukien yhteispäivystys",care_path_spillover,2023,HVA-90,Helsingin kaupunki,wellbeing_area,421.7,284434,PER_1000_RESIDENTS,lower_is_better_with_need_adjustment,5081,thl_sotkanet_indicator_5081,https://sotkanet.fi/sotkanet/fi/metadata/indicators/5081,2026-08-18
primary_care_emergency_visits_per_1000,"Päivystyskäynnit perusterveydenhuollossa, mukaan lukien yhteispäivystys",care_path_spillover,2024,HVA-90,Helsingin kaupunki,wellbeing_area,658.7,450557,PER_1000_RESIDENTS,lower_is_better_with_need_adjustment,5081,thl_sotkanet_indicator_5081,https://sotkanet.fi/sotkanet/fi/metadata/indicators/5081,2026-08-18
primary_care_emergency_visits_per_1000,"Päivystyskäynnit perusterveydenhuollossa, mukaan lukien yhteispäivystys",care_path_spillover,2025,HVA-90,Helsingin kaupunki,wellbeing_area,604.5,419778,PER_1000_RESIDENTS,lower_is_better_with_need_adjustment,5081,thl_sotkanet_indicator_5081,https://sotkanet.fi/sotkanet/fi/metadata/indicators/5081,2026-08-18
primary_care_emergency_visits_per_1000,"Päivystyskäynnit perusterveydenhuollossa, mukaan lukien yhteispäivystys",care_path_spillover,2020,HVA-91,Ahvenanmaa,wellbeing_area,304.0,9160,PER_1000_RESIDENTS,lower_is_better_with_need_adjustment,5081,thl_sotkanet_indicator_5081,https://sotkanet.fi/sotkanet/fi/metadata/indicators/5081,2026-08-18
primary_care_emergency_visits_per_1000,"Päivystyskäynnit perusterveydenhuollossa, mukaan lukien yhteispäivystys",care_path_spillover,2021,HVA-91,Ahvenanmaa,wellbeing_area,266.0,8070,PER_1000_RESIDENTS,lower_is_better_with_need_adjustment,5081,thl_sotkanet_indicator_5081,https://sotkanet.fi/sotkanet/fi/metadata/indicators/5081,2026-08-18
primary_care_emergency_visits_per_1000,"Päivystyskäynnit perusterveydenhuollossa, mukaan lukien yhteispäivystys",care_path_spillover,2022,HVA-91,Ahvenanmaa,wellbeing_area,301.5,9152,PER_1000_RESIDENTS,lower_is_better_with_need_adjustment,5081,thl_sotkanet_indicator_5081,https://sotkanet.fi/sotkanet/fi/metadata/indicators/5081,2026-08-18
primary_care_emergency_visits_per_1000,"Päivystyskäynnit perusterveydenhuollossa, mukaan lukien yhteispäivystys",care_path_spillover,2023,HVA-91,Ahvenanmaa,wellbeing_area,301.9,9219,PER_1000_RESIDENTS,lower_is_better_with_need_adjustment,5081,thl_sotkanet_indicator_5081,https://sotkanet.fi/sotkanet/fi/metadata/indicators/5081,2026-08-18
primary_care_emergency_visits_per_1000,"Päivystyskäynnit perusterveydenhuollossa, mukaan lukien yhteispäivystys",care_path_spillover,2024,HVA-91,Ahvenanmaa,wellbeing_area,361.4,11079,PER_1000_RESIDENTS,lower_is_better_with_need_adjustment,5081,thl_sotkanet_indicator_5081,https://sotkanet.fi/sotkanet/fi/metadata/indicators/5081,2026-08-18
primary_care_emergency_visits_per_1000,"Päivystyskäynnit perusterveydenhuollossa, mukaan lukien yhteispäivystys",care_path_spillover,2025,HVA-91,Ahvenanmaa,wellbeing_area,350.2,10799,PER_1000_RESIDENTS,lower_is_better_with_need_adjustment,5081,thl_sotkanet_indicator_5081,https://sotkanet.fi/sotkanet/fi/metadata/indicators/5081,2026-08-18
primary_care_inpatient_cost_eur_per_resident,Perusterveydenhuollon vuodeosastohoidon nettokäyttökustannukset,cost_component,2020,FI,Koko maa,country,162.6,899708,EUR_PER_RESIDENT,lower_is_less_input,3764,thl_sotkanet_indicator_3764,https://sotkanet.fi/sotkanet/fi/metadata/indicators/3764,2026-08-18
primary_care_inpatient_cost_eur_per_resident,Perusterveydenhuollon vuodeosastohoidon nettokäyttökustannukset,cost_component,2021,FI,Koko maa,country,146.9,814996,EUR_PER_RESIDENT,lower_is_less_input,3764,thl_sotkanet_indicator_3764,https://sotkanet.fi/sotkanet/fi/metadata/indicators/3764,2026-08-18
primary_care_inpatient_cost_eur_per_resident,Perusterveydenhuollon vuodeosastohoidon nettokäyttökustannukset,cost_component,2022,FI,Koko maa,country,148.3,825412,EUR_PER_RESIDENT,lower_is_less_input,3764,thl_sotkanet_indicator_3764,https://sotkanet.fi/sotkanet/fi/metadata/indicators/3764,2026-08-18
primary_care_inpatient_cost_eur_per_resident,Perusterveydenhuollon vuodeosastohoidon nettokäyttökustannukset,cost_component,2023,FI,Koko maa,country,180.8,1013167,EUR_PER_RESIDENT,lower_is_less_input,3764,thl_sotkanet_indicator_3764,https://sotkanet.fi/sotkanet/fi/metadata/indicators/3764,2026-08-18
primary_care_inpatient_cost_eur_per_resident,Perusterveydenhuollon vuodeosastohoidon nettokäyttökustannukset,cost_component,2024,FI,Koko maa,country,174.4,982799,EUR_PER_RESIDENT,lower_is_less_input,3764,thl_sotkanet_indicator_3764,https://sotkanet.fi/sotkanet/fi/metadata/indicators/3764,2026-08-18
primary_care_inpatient_cost_eur_per_resident,Perusterveydenhuollon vuodeosastohoidon nettokäyttökustannukset,cost_component,2020,HVA-01,Itä-Uudenmaan hyvinvointialue,wellbeing_area,125.0,12281,EUR_PER_RESIDENT,lower_is_less_input,3764,thl_sotkanet_indicator_3764,https://sotkanet.fi/sotkanet/fi/metadata/indicators/3764,2026-08-18
primary_care_inpatient_cost_eur_per_resident,Perusterveydenhuollon vuodeosastohoidon nettokäyttökustannukset,cost_component,2021,HVA-01,Itä-Uudenmaan hyvinvointialue,wellbeing_area,117.0,11595,EUR_PER_RESIDENT,lower_is_less_input,3764,thl_sotkanet_indicator_3764,https://sotkanet.fi/sotkanet/fi/metadata/indicators/3764,2026-08-18
primary_care_inpatient_cost_eur_per_resident,Perusterveydenhuollon vuodeosastohoidon nettokäyttökustannukset,cost_component,2022,HVA-01,Itä-Uudenmaan hyvinvointialue,wellbeing_area,124.9,12363,EUR_PER_RESIDENT,lower_is_less_input,3764,thl_sotkanet_indicator_3764,https://sotkanet.fi/sotkanet/fi/metadata/indicators/3764,2026-08-18
primary_care_inpatient_cost_eur_per_resident,Perusterveydenhuollon vuodeosastohoidon nettokäyttökustannukset,cost_component,2023,HVA-01,Itä-Uudenmaan hyvinvointialue,wellbeing_area,156.7,15507,EUR_PER_RESIDENT,lower_is_less_input,3764,thl_sotkanet_indicator_3764,https://sotkanet.fi/sotkanet/fi/metadata/indicators/3764,2026-08-18
primary_care_inpatient_cost_eur_per_resident,Perusterveydenhuollon vuodeosastohoidon nettokäyttökustannukset,cost_component,2024,HVA-01,Itä-Uudenmaan hyvinvointialue,wellbeing_area,163.3,16234,EUR_PER_RESIDENT,lower_is_less_input,3764,thl_sotkanet_indicator_3764,https://sotkanet.fi/sotkanet/fi/metadata/indicators/3764,2026-08-18
primary_care_inpatient_cost_eur_per_resident,Perusterveydenhuollon vuodeosastohoidon nettokäyttökustannukset,cost_component,2020,HVA-02,Keski-Uudenmaan hyvinvointialue,wellbeing_area,133.6,26631,EUR_PER_RESIDENT,lower_is_less_input,3764,thl_sotkanet_indicator_3764,https://sotkanet.fi/sotkanet/fi/metadata/indicators/3764,2026-08-18
primary_care_inpatient_cost_eur_per_resident,Perusterveydenhuollon vuodeosastohoidon nettokäyttökustannukset,cost_component,2021,HVA-02,Keski-Uudenmaan hyvinvointialue,wellbeing_area,131.6,26558,EUR_PER_RESIDENT,lower_is_less_input,3764,thl_sotkanet_indicator_3764,https://sotkanet.fi/sotkanet/fi/metadata/indicators/3764,2026-08-18
primary_care_inpatient_cost_eur_per_resident,Perusterveydenhuollon vuodeosastohoidon nettokäyttökustannukset,cost_component,2022,HVA-02,Keski-Uudenmaan hyvinvointialue,wellbeing_area,188.5,38302,EUR_PER_RESIDENT,lower_is_less_input,3764,thl_sotkanet_indicator_3764,https://sotkanet.fi/sotkanet/fi/metadata/indicators/3764,2026-08-18
primary_care_inpatient_cost_eur_per_resident,Perusterveydenhuollon vuodeosastohoidon nettokäyttökustannukset,cost_component,2023,HVA-02,Keski-Uudenmaan hyvinvointialue,wellbeing_area,164.9,33868,EUR_PER_RESIDENT,lower_is_less_input,3764,thl_sotkanet_indicator_3764,https://sotkanet.fi/sotkanet/fi/metadata/indicators/3764,2026-08-18
primary_care_inpatient_cost_eur_per_resident,Perusterveydenhuollon vuodeosastohoidon nettokäyttökustannukset,cost_component,2024,HVA-02,Keski-Uudenmaan hyvinvointialue,wellbeing_area,165.5,34273,EUR_PER_RESIDENT,lower_is_less_input,3764,thl_sotkanet_indicator_3764,https://sotkanet.fi/sotkanet/fi/metadata/indicators/3764,2026-08-18
primary_care_inpatient_cost_eur_per_resident,Perusterveydenhuollon vuodeosastohoidon nettokäyttökustannukset,cost_component,2020,HVA-03,Länsi-Uudenmaan hyvinvointialue,wellbeing_area,142.7,67638,EUR_PER_RESIDENT,lower_is_less_input,3764,thl_sotkanet_indicator_3764,https://sotkanet.fi/sotkanet/fi/metadata/indicators/3764,2026-08-18
primary_care_inpatient_cost_eur_per_resident,Perusterveydenhuollon vuodeosastohoidon nettokäyttökustannukset,cost_component,2021,HVA-03,Länsi-Uudenmaan hyvinvointialue,wellbeing_area,59.2,28344,EUR_PER_RESIDENT,lower_is_less_input,3764,thl_sotkanet_indicator_3764,https://sotkanet.fi/sotkanet/fi/metadata/indicators/3764,2026-08-18
primary_care_inpatient_cost_eur_per_resident,Perusterveydenhuollon vuodeosastohoidon nettokäyttökustannukset,cost_component,2022,HVA-03,Länsi-Uudenmaan hyvinvointialue,wellbeing_area,64.5,31376,EUR_PER_RESIDENT,lower_is_less_input,3764,thl_sotkanet_indicator_3764,https://sotkanet.fi/sotkanet/fi/metadata/indicators/3764,2026-08-18
primary_care_inpatient_cost_eur_per_resident,Perusterveydenhuollon vuodeosastohoidon nettokäyttökustannukset,cost_component,2023,HVA-03,Länsi-Uudenmaan hyvinvointialue,wellbeing_area,134.6,66641,EUR_PER_RESIDENT,lower_is_less_input,3764,thl_sotkanet_indicator_3764,https://sotkanet.fi/sotkanet/fi/metadata/indicators/3764,2026-08-18
primary_care_inpatient_cost_eur_per_resident,Perusterveydenhuollon vuodeosastohoidon nettokäyttökustannukset,cost_component,2024,HVA-03,Länsi-Uudenmaan hyvinvointialue,wellbeing_area,140.1,70337,EUR_PER_RESIDENT,lower_is_less_input,3764,thl_sotkanet_indicator_3764,https://sotkanet.fi/sotkanet/fi/metadata/indicators/3764,2026-08-18
primary_care_inpatient_cost_eur_per_resident,Perusterveydenhuollon vuodeosastohoidon nettokäyttökustannukset,cost_component,2020,HVA-04,Vantaan ja Keravan hyvinvointialue,wellbeing_area,144.9,39741,EUR_PER_RESIDENT,lower_is_less_input,3764,thl_sotkanet_indicator_3764,https://sotkanet.fi/sotkanet/fi/metadata/indicators/3764,2026-08-18
primary_care_inpatient_cost_eur_per_resident,Perusterveydenhuollon vuodeosastohoidon nettokäyttökustannukset,cost_component,2021,HVA-04,Vantaan ja Keravan hyvinvointialue,wellbeing_area,121.9,33696,EUR_PER_RESIDENT,lower_is_less_input,3764,thl_sotkanet_indicator_3764,https://sotkanet.fi/sotkanet/fi/metadata/indicators/3764,2026-08-18
primary_care_inpatient_cost_eur_per_resident,Perusterveydenhuollon vuodeosastohoidon nettokäyttökustannukset,cost_component,2022,HVA-04,Vantaan ja Keravan hyvinvointialue,wellbeing_area,131.3,36831,EUR_PER_RESIDENT,lower_is_less_input,3764,thl_sotkanet_indicator_3764,https://sotkanet.fi/sotkanet/fi/metadata/indicators/3764,2026-08-18
primary_care_inpatient_cost_eur_per_resident,Perusterveydenhuollon vuodeosastohoidon nettokäyttökustannukset,cost_component,2023,HVA-04,Vantaan ja Keravan hyvinvointialue,wellbeing_area,146.6,41866,EUR_PER_RESIDENT,lower_is_less_input,3764,thl_sotkanet_indicator_3764,https://sotkanet.fi/sotkanet/fi/metadata/indicators/3764,2026-08-18
primary_care_inpatient_cost_eur_per_resident,Perusterveydenhuollon vuodeosastohoidon nettokäyttökustannukset,cost_component,2024,HVA-04,Vantaan ja Keravan hyvinvointialue,wellbeing_area,109.2,31625,EUR_PER_RESIDENT,lower_is_less_input,3764,thl_sotkanet_indicator_3764,https://sotkanet.fi/sotkanet/fi/metadata/indicators/3764,2026-08-18
primary_care_inpatient_cost_eur_per_resident,Perusterveydenhuollon vuodeosastohoidon nettokäyttökustannukset,cost_component,2020,HVA-05,Varsinais-Suomen hyvinvointialue,wellbeing_area,196.0,94331,EUR_PER_RESIDENT,lower_is_less_input,3764,thl_sotkanet_indicator_3764,https://sotkanet.fi/sotkanet/fi/metadata/indicators/3764,2026-08-18
primary_care_inpatient_cost_eur_per_resident,Perusterveydenhuollon vuodeosastohoidon nettokäyttökustannukset,cost_component,2021,HVA-05,Varsinais-Suomen hyvinvointialue,wellbeing_area,162.3,78469,EUR_PER_RESIDENT,lower_is_less_input,3764,thl_sotkanet_indicator_3764,https://sotkanet.fi/sotkanet/fi/metadata/indicators/3764,2026-08-18
primary_care_inpatient_cost_eur_per_resident,Perusterveydenhuollon vuodeosastohoidon nettokäyttökustannukset,cost_component,2022,HVA-05,Varsinais-Suomen hyvinvointialue,wellbeing_area,164.9,80062,EUR_PER_RESIDENT,lower_is_less_input,3764,thl_sotkanet_indicator_3764,https://sotkanet.fi/sotkanet/fi/metadata/indicators/3764,2026-08-18
primary_care_inpatient_cost_eur_per_resident,Perusterveydenhuollon vuodeosastohoidon nettokäyttökustannukset,cost_component,2023,HVA-05,Varsinais-Suomen hyvinvointialue,wellbeing_area,210.6,103370,EUR_PER_RESIDENT,lower_is_less_input,3764,thl_sotkanet_indicator_3764,https://sotkanet.fi/sotkanet/fi/metadata/indicators/3764,2026-08-18
primary_care_inpatient_cost_eur_per_resident,Perusterveydenhuollon vuodeosastohoidon nettokäyttökustannukset,cost_component,2024,HVA-05,Varsinais-Suomen hyvinvointialue,wellbeing_area,192.1,95062,EUR_PER_RESIDENT,lower_is_less_input,3764,thl_sotkanet_indicator_3764,https://sotkanet.fi/sotkanet/fi/metadata/indicators/3764,2026-08-18
primary_care_inpatient_cost_eur_per_resident,Perusterveydenhuollon vuodeosastohoidon nettokäyttökustannukset,cost_component,2020,HVA-06,Satakunnan hyvinvointialue,wellbeing_area,203.4,43826,EUR_PER_RESIDENT,lower_is_less_input,3764,thl_sotkanet_indicator_3764,https://sotkanet.fi/sotkanet/fi/metadata/indicators/3764,2026-08-18
primary_care_inpatient_cost_eur_per_resident,Perusterveydenhuollon vuodeosastohoidon nettokäyttökustannukset,cost_component,2021,HVA-06,Satakunnan hyvinvointialue,wellbeing_area,194.8,41735,EUR_PER_RESIDENT,lower_is_less_input,3764,thl_sotkanet_indicator_3764,https://sotkanet.fi/sotkanet/fi/metadata/indicators/3764,2026-08-18
primary_care_inpatient_cost_eur_per_resident,Perusterveydenhuollon vuodeosastohoidon nettokäyttökustannukset,cost_component,2022,HVA-06,Satakunnan hyvinvointialue,wellbeing_area,214.1,45503,EUR_PER_RESIDENT,lower_is_less_input,3764,thl_sotkanet_indicator_3764,https://sotkanet.fi/sotkanet/fi/metadata/indicators/3764,2026-08-18
primary_care_inpatient_cost_eur_per_resident,Perusterveydenhuollon vuodeosastohoidon nettokäyttökustannukset,cost_component,2023,HVA-06,Satakunnan hyvinvointialue,wellbeing_area,229.5,48593,EUR_PER_RESIDENT,lower_is_less_input,3764,thl_sotkanet_indicator_3764,https://sotkanet.fi/sotkanet/fi/metadata/indicators/3764,2026-08-18
primary_care_inpatient_cost_eur_per_resident,Perusterveydenhuollon vuodeosastohoidon nettokäyttökustannukset,cost_component,2024,HVA-06,Satakunnan hyvinvointialue,wellbeing_area,216.4,45722,EUR_PER_RESIDENT,lower_is_less_input,3764,thl_sotkanet_indicator_3764,https://sotkanet.fi/sotkanet/fi/metadata/indicators/3764,2026-08-18
primary_care_inpatient_cost_eur_per_resident,Perusterveydenhuollon vuodeosastohoidon nettokäyttökustannukset,cost_component,2020,HVA-07,Kanta-Hämeen hyvinvointialue,wellbeing_area,132.1,22541,EUR_PER_RESIDENT,lower_is_less_input,3764,thl_sotkanet_indicator_3764,https://sotkanet.fi/sotkanet/fi/metadata/indicators/3764,2026-08-18
primary_care_inpatient_cost_eur_per_resident,Perusterveydenhuollon vuodeosastohoidon nettokäyttökustannukset,cost_component,2021,HVA-07,Kanta-Hämeen hyvinvointialue,wellbeing_area,136.7,23263,EUR_PER_RESIDENT,lower_is_less_input,3764,thl_sotkanet_indicator_3764,https://sotkanet.fi/sotkanet/fi/metadata/indicators/3764,2026-08-18
primary_care_inpatient_cost_eur_per_resident,Perusterveydenhuollon vuodeosastohoidon nettokäyttökustannukset,cost_component,2022,HVA-07,Kanta-Hämeen hyvinvointialue,wellbeing_area,133.0,22550,EUR_PER_RESIDENT,lower_is_less_input,3764,thl_sotkanet_indicator_3764,https://sotkanet.fi/sotkanet/fi/metadata/indicators/3764,2026-08-18
primary_care_inpatient_cost_eur_per_resident,Perusterveydenhuollon vuodeosastohoidon nettokäyttökustannukset,cost_component,2023,HVA-07,Kanta-Hämeen hyvinvointialue,wellbeing_area,158.9,26933,EUR_PER_RESIDENT,lower_is_less_input,3764,thl_sotkanet_indicator_3764,https://sotkanet.fi/sotkanet/fi/metadata/indicators/3764,2026-08-18
primary_care_inpatient_cost_eur_per_resident,Perusterveydenhuollon vuodeosastohoidon nettokäyttökustannukset,cost_component,2024,HVA-07,Kanta-Hämeen hyvinvointialue,wellbeing_area,171.4,29049,EUR_PER_RESIDENT,lower_is_less_input,3764,thl_sotkanet_indicator_3764,https://sotkanet.fi/sotkanet/fi/metadata/indicators/3764,2026-08-18
primary_care_inpatient_cost_eur_per_resident,Perusterveydenhuollon vuodeosastohoidon nettokäyttökustannukset,cost_component,2020,HVA-08,Pirkanmaan hyvinvointialue,wellbeing_area,138.2,72236,EUR_PER_RESIDENT,lower_is_less_input,3764,thl_sotkanet_indicator_3764,https://sotkanet.fi/sotkanet/fi/metadata/indicators/3764,2026-08-18
primary_care_inpatient_cost_eur_per_resident,Perusterveydenhuollon vuodeosastohoidon nettokäyttökustannukset,cost_component,2021,HVA-08,Pirkanmaan hyvinvointialue,wellbeing_area,143.0,75439,EUR_PER_RESIDENT,lower_is_less_input,3764,thl_sotkanet_indicator_3764,https://sotkanet.fi/sotkanet/fi/metadata/indicators/3764,2026-08-18
primary_care_inpatient_cost_eur_per_resident,Perusterveydenhuollon vuodeosastohoidon nettokäyttökustannukset,cost_component,2022,HVA-08,Pirkanmaan hyvinvointialue,wellbeing_area,148.4,79062,EUR_PER_RESIDENT,lower_is_less_input,3764,thl_sotkanet_indicator_3764,https://sotkanet.fi/sotkanet/fi/metadata/indicators/3764,2026-08-18
primary_care_inpatient_cost_eur_per_resident,Perusterveydenhuollon vuodeosastohoidon nettokäyttökustannukset,cost_component,2023,HVA-08,Pirkanmaan hyvinvointialue,wellbeing_area,197.5,106507,EUR_PER_RESIDENT,lower_is_less_input,3764,thl_sotkanet_indicator_3764,https://sotkanet.fi/sotkanet/fi/metadata/indicators/3764,2026-08-18
primary_care_inpatient_cost_eur_per_resident,Perusterveydenhuollon vuodeosastohoidon nettokäyttökustannukset,cost_component,2024,HVA-08,Pirkanmaan hyvinvointialue,wellbeing_area,184.8,100767,EUR_PER_RESIDENT,lower_is_less_input,3764,thl_sotkanet_indicator_3764,https://sotkanet.fi/sotkanet/fi/metadata/indicators/3764,2026-08-18
primary_care_inpatient_cost_eur_per_resident,Perusterveydenhuollon vuodeosastohoidon nettokäyttökustannukset,cost_component,2020,HVA-09,Päijät-Hämeen hyvinvointialue,wellbeing_area,176.2,36251,EUR_PER_RESIDENT,lower_is_less_input,3764,thl_sotkanet_indicator_3764,https://sotkanet.fi/sotkanet/fi/metadata/indicators/3764,2026-08-18
primary_care_inpatient_cost_eur_per_resident,Perusterveydenhuollon vuodeosastohoidon nettokäyttökustannukset,cost_component,2021,HVA-09,Päijät-Hämeen hyvinvointialue,wellbeing_area,162.0,33228,EUR_PER_RESIDENT,lower_is_less_input,3764,thl_sotkanet_indicator_3764,https://sotkanet.fi/sotkanet/fi/metadata/indicators/3764,2026-08-18
primary_care_inpatient_cost_eur_per_resident,Perusterveydenhuollon vuodeosastohoidon nettokäyttökustannukset,cost_component,2022,HVA-09,Päijät-Hämeen hyvinvointialue,wellbeing_area,183.1,37439,EUR_PER_RESIDENT,lower_is_less_input,3764,thl_sotkanet_indicator_3764,https://sotkanet.fi/sotkanet/fi/metadata/indicators/3764,2026-08-18
primary_care_inpatient_cost_eur_per_resident,Perusterveydenhuollon vuodeosastohoidon nettokäyttökustannukset,cost_component,2023,HVA-09,Päijät-Hämeen hyvinvointialue,wellbeing_area,199.1,40709,EUR_PER_RESIDENT,lower_is_less_input,3764,thl_sotkanet_indicator_3764,https://sotkanet.fi/sotkanet/fi/metadata/indicators/3764,2026-08-18
primary_care_inpatient_cost_eur_per_resident,Perusterveydenhuollon vuodeosastohoidon nettokäyttökustannukset,cost_component,2024,HVA-09,Päijät-Hämeen hyvinvointialue,wellbeing_area,199.7,40857,EUR_PER_RESIDENT,lower_is_less_input,3764,thl_sotkanet_indicator_3764,https://sotkanet.fi/sotkanet/fi/metadata/indicators/3764,2026-08-18
primary_care_inpatient_cost_eur_per_resident,Perusterveydenhuollon vuodeosastohoidon nettokäyttökustannukset,cost_component,2020,HVA-10,Kymenlaakson hyvinvointialue,wellbeing_area,166.6,27122,EUR_PER_RESIDENT,lower_is_less_input,3764,thl_sotkanet_indicator_3764,https://sotkanet.fi/sotkanet/fi/metadata/indicators/3764,2026-08-18
primary_care_inpatient_cost_eur_per_resident,Perusterveydenhuollon vuodeosastohoidon nettokäyttökustannukset,cost_component,2021,HVA-10,Kymenlaakson hyvinvointialue,wellbeing_area,202.2,32627,EUR_PER_RESIDENT,lower_is_less_input,3764,thl_sotkanet_indicator_3764,https://sotkanet.fi/sotkanet/fi/metadata/indicators/3764,2026-08-18
primary_care_inpatient_cost_eur_per_resident,Perusterveydenhuollon vuodeosastohoidon nettokäyttökustannukset,cost_component,2022,HVA-10,Kymenlaakson hyvinvointialue,wellbeing_area,171.2,27299,EUR_PER_RESIDENT,lower_is_less_input,3764,thl_sotkanet_indicator_3764,https://sotkanet.fi/sotkanet/fi/metadata/indicators/3764,2026-08-18
primary_care_inpatient_cost_eur_per_resident,Perusterveydenhuollon vuodeosastohoidon nettokäyttökustannukset,cost_component,2023,HVA-10,Kymenlaakson hyvinvointialue,wellbeing_area,208.6,33104,EUR_PER_RESIDENT,lower_is_less_input,3764,thl_sotkanet_indicator_3764,https://sotkanet.fi/sotkanet/fi/metadata/indicators/3764,2026-08-18
primary_care_inpatient_cost_eur_per_resident,Perusterveydenhuollon vuodeosastohoidon nettokäyttökustannukset,cost_component,2024,HVA-10,Kymenlaakson hyvinvointialue,wellbeing_area,223.4,35170,EUR_PER_RESIDENT,lower_is_less_input,3764,thl_sotkanet_indicator_3764,https://sotkanet.fi/sotkanet/fi/metadata/indicators/3764,2026-08-18
primary_care_inpatient_cost_eur_per_resident,Perusterveydenhuollon vuodeosastohoidon nettokäyttökustannukset,cost_component,2020,HVA-11,Etelä-Karjalan hyvinvointialue,wellbeing_area,136.8,17357,EUR_PER_RESIDENT,lower_is_less_input,3764,thl_sotkanet_indicator_3764,https://sotkanet.fi/sotkanet/fi/metadata/indicators/3764,2026-08-18
primary_care_inpatient_cost_eur_per_resident,Perusterveydenhuollon vuodeosastohoidon nettokäyttökustannukset,cost_component,2021,HVA-11,Etelä-Karjalan hyvinvointialue,wellbeing_area,131.0,16517,EUR_PER_RESIDENT,lower_is_less_input,3764,thl_sotkanet_indicator_3764,https://sotkanet.fi/sotkanet/fi/metadata/indicators/3764,2026-08-18
primary_care_inpatient_cost_eur_per_resident,Perusterveydenhuollon vuodeosastohoidon nettokäyttökustannukset,cost_component,2022,HVA-11,Etelä-Karjalan hyvinvointialue,wellbeing_area,132.8,16647,EUR_PER_RESIDENT,lower_is_less_input,3764,thl_sotkanet_indicator_3764,https://sotkanet.fi/sotkanet/fi/metadata/indicators/3764,2026-08-18
primary_care_inpatient_cost_eur_per_resident,Perusterveydenhuollon vuodeosastohoidon nettokäyttökustannukset,cost_component,2023,HVA-11,Etelä-Karjalan hyvinvointialue,wellbeing_area,158.5,19835,EUR_PER_RESIDENT,lower_is_less_input,3764,thl_sotkanet_indicator_3764,https://sotkanet.fi/sotkanet/fi/metadata/indicators/3764,2026-08-18
primary_care_inpatient_cost_eur_per_resident,Perusterveydenhuollon vuodeosastohoidon nettokäyttökustannukset,cost_component,2024,HVA-11,Etelä-Karjalan hyvinvointialue,wellbeing_area,155.1,19399,EUR_PER_RESIDENT,lower_is_less_input,3764,thl_sotkanet_indicator_3764,https://sotkanet.fi/sotkanet/fi/metadata/indicators/3764,2026-08-18
primary_care_inpatient_cost_eur_per_resident,Perusterveydenhuollon vuodeosastohoidon nettokäyttökustannukset,cost_component,2020,HVA-12,Etelä-Savon hyvinvointialue,wellbeing_area,191.2,25378,EUR_PER_RESIDENT,lower_is_less_input,3764,thl_sotkanet_indicator_3764,https://sotkanet.fi/sotkanet/fi/metadata/indicators/3764,2026-08-18
primary_care_inpatient_cost_eur_per_resident,Perusterveydenhuollon vuodeosastohoidon nettokäyttökustannukset,cost_component,2021,HVA-12,Etelä-Savon hyvinvointialue,wellbeing_area,152.3,20054,EUR_PER_RESIDENT,lower_is_less_input,3764,thl_sotkanet_indicator_3764,https://sotkanet.fi/sotkanet/fi/metadata/indicators/3764,2026-08-18
primary_care_inpatient_cost_eur_per_resident,Perusterveydenhuollon vuodeosastohoidon nettokäyttökustannukset,cost_component,2022,HVA-12,Etelä-Savon hyvinvointialue,wellbeing_area,182.4,23796,EUR_PER_RESIDENT,lower_is_less_input,3764,thl_sotkanet_indicator_3764,https://sotkanet.fi/sotkanet/fi/metadata/indicators/3764,2026-08-18
primary_care_inpatient_cost_eur_per_resident,Perusterveydenhuollon vuodeosastohoidon nettokäyttökustannukset,cost_component,2023,HVA-12,Etelä-Savon hyvinvointialue,wellbeing_area,246.3,31994,EUR_PER_RESIDENT,lower_is_less_input,3764,thl_sotkanet_indicator_3764,https://sotkanet.fi/sotkanet/fi/metadata/indicators/3764,2026-08-18
primary_care_inpatient_cost_eur_per_resident,Perusterveydenhuollon vuodeosastohoidon nettokäyttökustannukset,cost_component,2024,HVA-12,Etelä-Savon hyvinvointialue,wellbeing_area,217.6,28158,EUR_PER_RESIDENT,lower_is_less_input,3764,thl_sotkanet_indicator_3764,https://sotkanet.fi/sotkanet/fi/metadata/indicators/3764,2026-08-18
primary_care_inpatient_cost_eur_per_resident,Perusterveydenhuollon vuodeosastohoidon nettokäyttökustannukset,cost_component,2020,HVA-13,Pohjois-Savon hyvinvointialue,wellbeing_area,213.7,53048,EUR_PER_RESIDENT,lower_is_less_input,3764,thl_sotkanet_indicator_3764,https://sotkanet.fi/sotkanet/fi/metadata/indicators/3764,2026-08-18
primary_care_inpatient_cost_eur_per_resident,Perusterveydenhuollon vuodeosastohoidon nettokäyttökustannukset,cost_component,2021,HVA-13,Pohjois-Savon hyvinvointialue,wellbeing_area,185.6,46090,EUR_PER_RESIDENT,lower_is_less_input,3764,thl_sotkanet_indicator_3764,https://sotkanet.fi/sotkanet/fi/metadata/indicators/3764,2026-08-18
primary_care_inpatient_cost_eur_per_resident,Perusterveydenhuollon vuodeosastohoidon nettokäyttökustannukset,cost_component,2022,HVA-13,Pohjois-Savon hyvinvointialue,wellbeing_area,191.4,47398,EUR_PER_RESIDENT,lower_is_less_input,3764,thl_sotkanet_indicator_3764,https://sotkanet.fi/sotkanet/fi/metadata/indicators/3764,2026-08-18
primary_care_inpatient_cost_eur_per_resident,Perusterveydenhuollon vuodeosastohoidon nettokäyttökustannukset,cost_component,2023,HVA-13,Pohjois-Savon hyvinvointialue,wellbeing_area,225.6,55988,EUR_PER_RESIDENT,lower_is_less_input,3764,thl_sotkanet_indicator_3764,https://sotkanet.fi/sotkanet/fi/metadata/indicators/3764,2026-08-18
primary_care_inpatient_cost_eur_per_resident,Perusterveydenhuollon vuodeosastohoidon nettokäyttökustannukset,cost_component,2024,HVA-13,Pohjois-Savon hyvinvointialue,wellbeing_area,225.7,56164,EUR_PER_RESIDENT,lower_is_less_input,3764,thl_sotkanet_indicator_3764,https://sotkanet.fi/sotkanet/fi/metadata/indicators/3764,2026-08-18
primary_care_inpatient_cost_eur_per_resident,Perusterveydenhuollon vuodeosastohoidon nettokäyttökustannukset,cost_component,2020,HVA-14,Pohjois-Karjalan hyvinvointialue,wellbeing_area,247.6,40499,EUR_PER_RESIDENT,lower_is_less_input,3764,thl_sotkanet_indicator_3764,https://sotkanet.fi/sotkanet/fi/metadata/indicators/3764,2026-08-18
primary_care_inpatient_cost_eur_per_resident,Perusterveydenhuollon vuodeosastohoidon nettokäyttökustannukset,cost_component,2021,HVA-14,Pohjois-Karjalan hyvinvointialue,wellbeing_area,234.9,38351,EUR_PER_RESIDENT,lower_is_less_input,3764,thl_sotkanet_indicator_3764,https://sotkanet.fi/sotkanet/fi/metadata/indicators/3764,2026-08-18
primary_care_inpatient_cost_eur_per_resident,Perusterveydenhuollon vuodeosastohoidon nettokäyttökustannukset,cost_component,2022,HVA-14,Pohjois-Karjalan hyvinvointialue,wellbeing_area,243.2,39533,EUR_PER_RESIDENT,lower_is_less_input,3764,thl_sotkanet_indicator_3764,https://sotkanet.fi/sotkanet/fi/metadata/indicators/3764,2026-08-18
primary_care_inpatient_cost_eur_per_resident,Perusterveydenhuollon vuodeosastohoidon nettokäyttökustannukset,cost_component,2023,HVA-14,Pohjois-Karjalan hyvinvointialue,wellbeing_area,245.7,39881,EUR_PER_RESIDENT,lower_is_less_input,3764,thl_sotkanet_indicator_3764,https://sotkanet.fi/sotkanet/fi/metadata/indicators/3764,2026-08-18
primary_care_inpatient_cost_eur_per_resident,Perusterveydenhuollon vuodeosastohoidon nettokäyttökustannukset,cost_component,2024,HVA-14,Pohjois-Karjalan hyvinvointialue,wellbeing_area,237.0,38422,EUR_PER_RESIDENT,lower_is_less_input,3764,thl_sotkanet_indicator_3764,https://sotkanet.fi/sotkanet/fi/metadata/indicators/3764,2026-08-18
primary_care_inpatient_cost_eur_per_resident,Perusterveydenhuollon vuodeosastohoidon nettokäyttökustannukset,cost_component,2020,HVA-15,Keski-Suomen hyvinvointialue,wellbeing_area,179.2,48849,EUR_PER_RESIDENT,lower_is_less_input,3764,thl_sotkanet_indicator_3764,https://sotkanet.fi/sotkanet/fi/metadata/indicators/3764,2026-08-18
primary_care_inpatient_cost_eur_per_resident,Perusterveydenhuollon vuodeosastohoidon nettokäyttökustannukset,cost_component,2021,HVA-15,Keski-Suomen hyvinvointialue,wellbeing_area,177.2,48325,EUR_PER_RESIDENT,lower_is_less_input,3764,thl_sotkanet_indicator_3764,https://sotkanet.fi/sotkanet/fi/metadata/indicators/3764,2026-08-18
primary_care_inpatient_cost_eur_per_resident,Perusterveydenhuollon vuodeosastohoidon nettokäyttökustannukset,cost_component,2022,HVA-15,Keski-Suomen hyvinvointialue,wellbeing_area,172.8,47065,EUR_PER_RESIDENT,lower_is_less_input,3764,thl_sotkanet_indicator_3764,https://sotkanet.fi/sotkanet/fi/metadata/indicators/3764,2026-08-18
primary_care_inpatient_cost_eur_per_resident,Perusterveydenhuollon vuodeosastohoidon nettokäyttökustannukset,cost_component,2023,HVA-15,Keski-Suomen hyvinvointialue,wellbeing_area,228.7,62509,EUR_PER_RESIDENT,lower_is_less_input,3764,thl_sotkanet_indicator_3764,https://sotkanet.fi/sotkanet/fi/metadata/indicators/3764,2026-08-18
primary_care_inpatient_cost_eur_per_resident,Perusterveydenhuollon vuodeosastohoidon nettokäyttökustannukset,cost_component,2024,HVA-15,Keski-Suomen hyvinvointialue,wellbeing_area,233.3,63943,EUR_PER_RESIDENT,lower_is_less_input,3764,thl_sotkanet_indicator_3764,https://sotkanet.fi/sotkanet/fi/metadata/indicators/3764,2026-08-18
primary_care_inpatient_cost_eur_per_resident,Perusterveydenhuollon vuodeosastohoidon nettokäyttökustannukset,cost_component,2020,HVA-16,Etelä-Pohjanmaan hyvinvointialue,wellbeing_area,179.4,34467,EUR_PER_RESIDENT,lower_is_less_input,3764,thl_sotkanet_indicator_3764,https://sotkanet.fi/sotkanet/fi/metadata/indicators/3764,2026-08-18
primary_care_inpatient_cost_eur_per_resident,Perusterveydenhuollon vuodeosastohoidon nettokäyttökustannukset,cost_component,2021,HVA-16,Etelä-Pohjanmaan hyvinvointialue,wellbeing_area,177.0,33937,EUR_PER_RESIDENT,lower_is_less_input,3764,thl_sotkanet_indicator_3764,https://sotkanet.fi/sotkanet/fi/metadata/indicators/3764,2026-08-18
primary_care_inpatient_cost_eur_per_resident,Perusterveydenhuollon vuodeosastohoidon nettokäyttökustannukset,cost_component,2022,HVA-16,Etelä-Pohjanmaan hyvinvointialue,wellbeing_area,187.5,35764,EUR_PER_RESIDENT,lower_is_less_input,3764,thl_sotkanet_indicator_3764,https://sotkanet.fi/sotkanet/fi/metadata/indicators/3764,2026-08-18
primary_care_inpatient_cost_eur_per_resident,Perusterveydenhuollon vuodeosastohoidon nettokäyttökustannukset,cost_component,2023,HVA-16,Etelä-Pohjanmaan hyvinvointialue,wellbeing_area,218.4,41615,EUR_PER_RESIDENT,lower_is_less_input,3764,thl_sotkanet_indicator_3764,https://sotkanet.fi/sotkanet/fi/metadata/indicators/3764,2026-08-18
primary_care_inpatient_cost_eur_per_resident,Perusterveydenhuollon vuodeosastohoidon nettokäyttökustannukset,cost_component,2024,HVA-16,Etelä-Pohjanmaan hyvinvointialue,wellbeing_area,216.3,41082,EUR_PER_RESIDENT,lower_is_less_input,3764,thl_sotkanet_indicator_3764,https://sotkanet.fi/sotkanet/fi/metadata/indicators/3764,2026-08-18
primary_care_inpatient_cost_eur_per_resident,Perusterveydenhuollon vuodeosastohoidon nettokäyttökustannukset,cost_component,2020,HVA-17,Pohjanmaan hyvinvointialue,wellbeing_area,140.2,24648,EUR_PER_RESIDENT,lower_is_less_input,3764,thl_sotkanet_indicator_3764,https://sotkanet.fi/sotkanet/fi/metadata/indicators/3764,2026-08-18
primary_care_inpatient_cost_eur_per_resident,Perusterveydenhuollon vuodeosastohoidon nettokäyttökustannukset,cost_component,2021,HVA-17,Pohjanmaan hyvinvointialue,wellbeing_area,138.2,24330,EUR_PER_RESIDENT,lower_is_less_input,3764,thl_sotkanet_indicator_3764,https://sotkanet.fi/sotkanet/fi/metadata/indicators/3764,2026-08-18
primary_care_inpatient_cost_eur_per_resident,Perusterveydenhuollon vuodeosastohoidon nettokäyttökustannukset,cost_component,2022,HVA-17,Pohjanmaan hyvinvointialue,wellbeing_area,154.6,27259,EUR_PER_RESIDENT,lower_is_less_input,3764,thl_sotkanet_indicator_3764,https://sotkanet.fi/sotkanet/fi/metadata/indicators/3764,2026-08-18
primary_care_inpatient_cost_eur_per_resident,Perusterveydenhuollon vuodeosastohoidon nettokäyttökustannukset,cost_component,2023,HVA-17,Pohjanmaan hyvinvointialue,wellbeing_area,208.0,36933,EUR_PER_RESIDENT,lower_is_less_input,3764,thl_sotkanet_indicator_3764,https://sotkanet.fi/sotkanet/fi/metadata/indicators/3764,2026-08-18
primary_care_inpatient_cost_eur_per_resident,Perusterveydenhuollon vuodeosastohoidon nettokäyttökustannukset,cost_component,2024,HVA-17,Pohjanmaan hyvinvointialue,wellbeing_area,181.5,32443,EUR_PER_RESIDENT,lower_is_less_input,3764,thl_sotkanet_indicator_3764,https://sotkanet.fi/sotkanet/fi/metadata/indicators/3764,2026-08-18
primary_care_inpatient_cost_eur_per_resident,Perusterveydenhuollon vuodeosastohoidon nettokäyttökustannukset,cost_component,2020,HVA-18,Keski-Pohjanmaan hyvinvointialue,wellbeing_area,162.2,11027,EUR_PER_RESIDENT,lower_is_less_input,3764,thl_sotkanet_indicator_3764,https://sotkanet.fi/sotkanet/fi/metadata/indicators/3764,2026-08-18
primary_care_inpatient_cost_eur_per_resident,Perusterveydenhuollon vuodeosastohoidon nettokäyttökustannukset,cost_component,2021,HVA-18,Keski-Pohjanmaan hyvinvointialue,wellbeing_area,106.2,7211,EUR_PER_RESIDENT,lower_is_less_input,3764,thl_sotkanet_indicator_3764,https://sotkanet.fi/sotkanet/fi/metadata/indicators/3764,2026-08-18
primary_care_inpatient_cost_eur_per_resident,Perusterveydenhuollon vuodeosastohoidon nettokäyttökustannukset,cost_component,2022,HVA-18,Keski-Pohjanmaan hyvinvointialue,wellbeing_area,128.2,8696,EUR_PER_RESIDENT,lower_is_less_input,3764,thl_sotkanet_indicator_3764,https://sotkanet.fi/sotkanet/fi/metadata/indicators/3764,2026-08-18
primary_care_inpatient_cost_eur_per_resident,Perusterveydenhuollon vuodeosastohoidon nettokäyttökustannukset,cost_component,2023,HVA-18,Keski-Pohjanmaan hyvinvointialue,wellbeing_area,191.6,12976,EUR_PER_RESIDENT,lower_is_less_input,3764,thl_sotkanet_indicator_3764,https://sotkanet.fi/sotkanet/fi/metadata/indicators/3764,2026-08-18
primary_care_inpatient_cost_eur_per_resident,Perusterveydenhuollon vuodeosastohoidon nettokäyttökustannukset,cost_component,2024,HVA-18,Keski-Pohjanmaan hyvinvointialue,wellbeing_area,183.5,12429,EUR_PER_RESIDENT,lower_is_less_input,3764,thl_sotkanet_indicator_3764,https://sotkanet.fi/sotkanet/fi/metadata/indicators/3764,2026-08-18
primary_care_inpatient_cost_eur_per_resident,Perusterveydenhuollon vuodeosastohoidon nettokäyttökustannukset,cost_component,2020,HVA-19,Pohjois-Pohjanmaan hyvinvointialue,wellbeing_area,205.2,84906,EUR_PER_RESIDENT,lower_is_less_input,3764,thl_sotkanet_indicator_3764,https://sotkanet.fi/sotkanet/fi/metadata/indicators/3764,2026-08-18
primary_care_inpatient_cost_eur_per_resident,Perusterveydenhuollon vuodeosastohoidon nettokäyttökustannukset,cost_component,2021,HVA-19,Pohjois-Pohjanmaan hyvinvointialue,wellbeing_area,182.1,75677,EUR_PER_RESIDENT,lower_is_less_input,3764,thl_sotkanet_indicator_3764,https://sotkanet.fi/sotkanet/fi/metadata/indicators/3764,2026-08-18
primary_care_inpatient_cost_eur_per_resident,Perusterveydenhuollon vuodeosastohoidon nettokäyttökustannukset,cost_component,2022,HVA-19,Pohjois-Pohjanmaan hyvinvointialue,wellbeing_area,126.5,52703,EUR_PER_RESIDENT,lower_is_less_input,3764,thl_sotkanet_indicator_3764,https://sotkanet.fi/sotkanet/fi/metadata/indicators/3764,2026-08-18
primary_care_inpatient_cost_eur_per_resident,Perusterveydenhuollon vuodeosastohoidon nettokäyttökustannukset,cost_component,2023,HVA-19,Pohjois-Pohjanmaan hyvinvointialue,wellbeing_area,149.7,62589,EUR_PER_RESIDENT,lower_is_less_input,3764,thl_sotkanet_indicator_3764,https://sotkanet.fi/sotkanet/fi/metadata/indicators/3764,2026-08-18
primary_care_inpatient_cost_eur_per_resident,Perusterveydenhuollon vuodeosastohoidon nettokäyttökustannukset,cost_component,2024,HVA-19,Pohjois-Pohjanmaan hyvinvointialue,wellbeing_area,140.8,58910,EUR_PER_RESIDENT,lower_is_less_input,3764,thl_sotkanet_indicator_3764,https://sotkanet.fi/sotkanet/fi/metadata/indicators/3764,2026-08-18
primary_care_inpatient_cost_eur_per_resident,Perusterveydenhuollon vuodeosastohoidon nettokäyttökustannukset,cost_component,2020,HVA-20,Kainuun hyvinvointialue,wellbeing_area,180.7,12950,EUR_PER_RESIDENT,lower_is_less_input,3764,thl_sotkanet_indicator_3764,https://sotkanet.fi/sotkanet/fi/metadata/indicators/3764,2026-08-18
primary_care_inpatient_cost_eur_per_resident,Perusterveydenhuollon vuodeosastohoidon nettokäyttökustannukset,cost_component,2021,HVA-20,Kainuun hyvinvointialue,wellbeing_area,142.9,10180,EUR_PER_RESIDENT,lower_is_less_input,3764,thl_sotkanet_indicator_3764,https://sotkanet.fi/sotkanet/fi/metadata/indicators/3764,2026-08-18
primary_care_inpatient_cost_eur_per_resident,Perusterveydenhuollon vuodeosastohoidon nettokäyttökustannukset,cost_component,2022,HVA-20,Kainuun hyvinvointialue,wellbeing_area,70.7,4989,EUR_PER_RESIDENT,lower_is_less_input,3764,thl_sotkanet_indicator_3764,https://sotkanet.fi/sotkanet/fi/metadata/indicators/3764,2026-08-18
primary_care_inpatient_cost_eur_per_resident,Perusterveydenhuollon vuodeosastohoidon nettokäyttökustannukset,cost_component,2023,HVA-20,Kainuun hyvinvointialue,wellbeing_area,253.0,17753,EUR_PER_RESIDENT,lower_is_less_input,3764,thl_sotkanet_indicator_3764,https://sotkanet.fi/sotkanet/fi/metadata/indicators/3764,2026-08-18
primary_care_inpatient_cost_eur_per_resident,Perusterveydenhuollon vuodeosastohoidon nettokäyttökustannukset,cost_component,2024,HVA-20,Kainuun hyvinvointialue,wellbeing_area,242.5,16888,EUR_PER_RESIDENT,lower_is_less_input,3764,thl_sotkanet_indicator_3764,https://sotkanet.fi/sotkanet/fi/metadata/indicators/3764,2026-08-18
primary_care_inpatient_cost_eur_per_resident,Perusterveydenhuollon vuodeosastohoidon nettokäyttökustannukset,cost_component,2020,HVA-21,Lapin hyvinvointialue,wellbeing_area,240.3,42453,EUR_PER_RESIDENT,lower_is_less_input,3764,thl_sotkanet_indicator_3764,https://sotkanet.fi/sotkanet/fi/metadata/indicators/3764,2026-08-18
primary_care_inpatient_cost_eur_per_resident,Perusterveydenhuollon vuodeosastohoidon nettokäyttökustannukset,cost_component,2021,HVA-21,Lapin hyvinvointialue,wellbeing_area,251.2,44331,EUR_PER_RESIDENT,lower_is_less_input,3764,thl_sotkanet_indicator_3764,https://sotkanet.fi/sotkanet/fi/metadata/indicators/3764,2026-08-18
primary_care_inpatient_cost_eur_per_resident,Perusterveydenhuollon vuodeosastohoidon nettokäyttökustannukset,cost_component,2022,HVA-21,Lapin hyvinvointialue,wellbeing_area,270.8,47599,EUR_PER_RESIDENT,lower_is_less_input,3764,thl_sotkanet_indicator_3764,https://sotkanet.fi/sotkanet/fi/metadata/indicators/3764,2026-08-18
primary_care_inpatient_cost_eur_per_resident,Perusterveydenhuollon vuodeosastohoidon nettokäyttökustannukset,cost_component,2023,HVA-21,Lapin hyvinvointialue,wellbeing_area,290.8,51229,EUR_PER_RESIDENT,lower_is_less_input,3764,thl_sotkanet_indicator_3764,https://sotkanet.fi/sotkanet/fi/metadata/indicators/3764,2026-08-18
primary_care_inpatient_cost_eur_per_resident,Perusterveydenhuollon vuodeosastohoidon nettokäyttökustannukset,cost_component,2024,HVA-21,Lapin hyvinvointialue,wellbeing_area,283.7,49972,EUR_PER_RESIDENT,lower_is_less_input,3764,thl_sotkanet_indicator_3764,https://sotkanet.fi/sotkanet/fi/metadata/indicators/3764,2026-08-18
primary_care_inpatient_cost_eur_per_resident,Perusterveydenhuollon vuodeosastohoidon nettokäyttökustannukset,cost_component,2020,HVA-90,Helsingin kaupunki,wellbeing_area,93.7,61528,EUR_PER_RESIDENT,lower_is_less_input,3764,thl_sotkanet_indicator_3764,https://sotkanet.fi/sotkanet/fi/metadata/indicators/3764,2026-08-18
primary_care_inpatient_cost_eur_per_resident,Perusterveydenhuollon vuodeosastohoidon nettokäyttökustannukset,cost_component,2021,HVA-90,Helsingin kaupunki,wellbeing_area,98.8,65039,EUR_PER_RESIDENT,lower_is_less_input,3764,thl_sotkanet_indicator_3764,https://sotkanet.fi/sotkanet/fi/metadata/indicators/3764,2026-08-18
primary_care_inpatient_cost_eur_per_resident,Perusterveydenhuollon vuodeosastohoidon nettokäyttökustannukset,cost_component,2022,HVA-90,Helsingin kaupunki,wellbeing_area,95.1,63176,EUR_PER_RESIDENT,lower_is_less_input,3764,thl_sotkanet_indicator_3764,https://sotkanet.fi/sotkanet/fi/metadata/indicators/3764,2026-08-18
primary_care_inpatient_cost_eur_per_resident,Perusterveydenhuollon vuodeosastohoidon nettokäyttökustannukset,cost_component,2023,HVA-90,Helsingin kaupunki,wellbeing_area,93.1,62769,EUR_PER_RESIDENT,lower_is_less_input,3764,thl_sotkanet_indicator_3764,https://sotkanet.fi/sotkanet/fi/metadata/indicators/3764,2026-08-18
primary_care_inpatient_cost_eur_per_resident,Perusterveydenhuollon vuodeosastohoidon nettokäyttökustannukset,cost_component,2024,HVA-90,Helsingin kaupunki,wellbeing_area,96.3,65892,EUR_PER_RESIDENT,lower_is_less_input,3764,thl_sotkanet_indicator_3764,https://sotkanet.fi/sotkanet/fi/metadata/indicators/3764,2026-08-18
primary_care_inpatient_cost_eur_per_resident,Perusterveydenhuollon vuodeosastohoidon nettokäyttökustannukset,cost_component,2020,HVA-91,Ahvenanmaa,wellbeing_area,0.0,0,EUR_PER_RESIDENT,lower_is_less_input,3764,thl_sotkanet_indicator_3764,https://sotkanet.fi/sotkanet/fi/metadata/indicators/3764,2026-08-18
primary_care_outpatient_cost_eur_per_resident,Perusterveydenhuollon avohoidon nettokäyttökustannukset,cost_component,2020,FI,Koko maa,country,416.3,2303517,EUR_PER_RESIDENT,lower_is_less_input,3766,thl_sotkanet_indicator_3766,https://sotkanet.fi/sotkanet/fi/metadata/indicators/3766,2026-08-18
primary_care_outpatient_cost_eur_per_resident,Perusterveydenhuollon avohoidon nettokäyttökustannukset,cost_component,2021,FI,Koko maa,country,397.9,2207519,EUR_PER_RESIDENT,lower_is_less_input,3766,thl_sotkanet_indicator_3766,https://sotkanet.fi/sotkanet/fi/metadata/indicators/3766,2026-08-18
primary_care_outpatient_cost_eur_per_resident,Perusterveydenhuollon avohoidon nettokäyttökustannukset,cost_component,2022,FI,Koko maa,country,419.1,2331644,EUR_PER_RESIDENT,lower_is_less_input,3766,thl_sotkanet_indicator_3766,https://sotkanet.fi/sotkanet/fi/metadata/indicators/3766,2026-08-18
primary_care_outpatient_cost_eur_per_resident,Perusterveydenhuollon avohoidon nettokäyttökustannukset,cost_component,2023,FI,Koko maa,country,492.6,2760623,EUR_PER_RESIDENT,lower_is_less_input,3766,thl_sotkanet_indicator_3766,https://sotkanet.fi/sotkanet/fi/metadata/indicators/3766,2026-08-18
primary_care_outpatient_cost_eur_per_resident,Perusterveydenhuollon avohoidon nettokäyttökustannukset,cost_component,2024,FI,Koko maa,country,502.2,2830630,EUR_PER_RESIDENT,lower_is_less_input,3766,thl_sotkanet_indicator_3766,https://sotkanet.fi/sotkanet/fi/metadata/indicators/3766,2026-08-18
primary_care_outpatient_cost_eur_per_resident,Perusterveydenhuollon avohoidon nettokäyttökustannukset,cost_component,2020,HVA-01,Itä-Uudenmaan hyvinvointialue,wellbeing_area,379.0,37236,EUR_PER_RESIDENT,lower_is_less_input,3766,thl_sotkanet_indicator_3766,https://sotkanet.fi/sotkanet/fi/metadata/indicators/3766,2026-08-18
primary_care_outpatient_cost_eur_per_resident,Perusterveydenhuollon avohoidon nettokäyttökustannukset,cost_component,2021,HVA-01,Itä-Uudenmaan hyvinvointialue,wellbeing_area,352.5,34921,EUR_PER_RESIDENT,lower_is_less_input,3766,thl_sotkanet_indicator_3766,https://sotkanet.fi/sotkanet/fi/metadata/indicators/3766,2026-08-18
primary_care_outpatient_cost_eur_per_resident,Perusterveydenhuollon avohoidon nettokäyttökustannukset,cost_component,2022,HVA-01,Itä-Uudenmaan hyvinvointialue,wellbeing_area,420.9,41659,EUR_PER_RESIDENT,lower_is_less_input,3766,thl_sotkanet_indicator_3766,https://sotkanet.fi/sotkanet/fi/metadata/indicators/3766,2026-08-18
primary_care_outpatient_cost_eur_per_resident,Perusterveydenhuollon avohoidon nettokäyttökustannukset,cost_component,2023,HVA-01,Itä-Uudenmaan hyvinvointialue,wellbeing_area,463.1,45844,EUR_PER_RESIDENT,lower_is_less_input,3766,thl_sotkanet_indicator_3766,https://sotkanet.fi/sotkanet/fi/metadata/indicators/3766,2026-08-18
primary_care_outpatient_cost_eur_per_resident,Perusterveydenhuollon avohoidon nettokäyttökustannukset,cost_component,2024,HVA-01,Itä-Uudenmaan hyvinvointialue,wellbeing_area,538.4,53522,EUR_PER_RESIDENT,lower_is_less_input,3766,thl_sotkanet_indicator_3766,https://sotkanet.fi/sotkanet/fi/metadata/indicators/3766,2026-08-18
primary_care_outpatient_cost_eur_per_resident,Perusterveydenhuollon avohoidon nettokäyttökustannukset,cost_component,2020,HVA-02,Keski-Uudenmaan hyvinvointialue,wellbeing_area,470.4,93767,EUR_PER_RESIDENT,lower_is_less_input,3766,thl_sotkanet_indicator_3766,https://sotkanet.fi/sotkanet/fi/metadata/indicators/3766,2026-08-18
primary_care_outpatient_cost_eur_per_resident,Perusterveydenhuollon avohoidon nettokäyttökustannukset,cost_component,2021,HVA-02,Keski-Uudenmaan hyvinvointialue,wellbeing_area,281.2,56764,EUR_PER_RESIDENT,lower_is_less_input,3766,thl_sotkanet_indicator_3766,https://sotkanet.fi/sotkanet/fi/metadata/indicators/3766,2026-08-18
primary_care_outpatient_cost_eur_per_resident,Perusterveydenhuollon avohoidon nettokäyttökustannukset,cost_component,2022,HVA-02,Keski-Uudenmaan hyvinvointialue,wellbeing_area,464.9,94472,EUR_PER_RESIDENT,lower_is_less_input,3766,thl_sotkanet_indicator_3766,https://sotkanet.fi/sotkanet/fi/metadata/indicators/3766,2026-08-18
primary_care_outpatient_cost_eur_per_resident,Perusterveydenhuollon avohoidon nettokäyttökustannukset,cost_component,2023,HVA-02,Keski-Uudenmaan hyvinvointialue,wellbeing_area,512.9,105372,EUR_PER_RESIDENT,lower_is_less_input,3766,thl_sotkanet_indicator_3766,https://sotkanet.fi/sotkanet/fi/metadata/indicators/3766,2026-08-18
primary_care_outpatient_cost_eur_per_resident,Perusterveydenhuollon avohoidon nettokäyttökustannukset,cost_component,2024,HVA-02,Keski-Uudenmaan hyvinvointialue,wellbeing_area,540.4,111911,EUR_PER_RESIDENT,lower_is_less_input,3766,thl_sotkanet_indicator_3766,https://sotkanet.fi/sotkanet/fi/metadata/indicators/3766,2026-08-18
primary_care_outpatient_cost_eur_per_resident,Perusterveydenhuollon avohoidon nettokäyttökustannukset,cost_component,2020,HVA-03,Länsi-Uudenmaan hyvinvointialue,wellbeing_area,400.2,189616,EUR_PER_RESIDENT,lower_is_less_input,3766,thl_sotkanet_indicator_3766,https://sotkanet.fi/sotkanet/fi/metadata/indicators/3766,2026-08-18
primary_care_outpatient_cost_eur_per_resident,Perusterveydenhuollon avohoidon nettokäyttökustannukset,cost_component,2021,HVA-03,Länsi-Uudenmaan hyvinvointialue,wellbeing_area,341.6,163587,EUR_PER_RESIDENT,lower_is_less_input,3766,thl_sotkanet_indicator_3766,https://sotkanet.fi/sotkanet/fi/metadata/indicators/3766,2026-08-18
primary_care_outpatient_cost_eur_per_resident,Perusterveydenhuollon avohoidon nettokäyttökustannukset,cost_component,2022,HVA-03,Länsi-Uudenmaan hyvinvointialue,wellbeing_area,354.3,172337,EUR_PER_RESIDENT,lower_is_less_input,3766,thl_sotkanet_indicator_3766,https://sotkanet.fi/sotkanet/fi/metadata/indicators/3766,2026-08-18
primary_care_outpatient_cost_eur_per_resident,Perusterveydenhuollon avohoidon nettokäyttökustannukset,cost_component,2023,HVA-03,Länsi-Uudenmaan hyvinvointialue,wellbeing_area,409.0,202447,EUR_PER_RESIDENT,lower_is_less_input,3766,thl_sotkanet_indicator_3766,https://sotkanet.fi/sotkanet/fi/metadata/indicators/3766,2026-08-18
primary_care_outpatient_cost_eur_per_resident,Perusterveydenhuollon avohoidon nettokäyttökustannukset,cost_component,2024,HVA-03,Länsi-Uudenmaan hyvinvointialue,wellbeing_area,414.2,207946,EUR_PER_RESIDENT,lower_is_less_input,3766,thl_sotkanet_indicator_3766,https://sotkanet.fi/sotkanet/fi/metadata/indicators/3766,2026-08-18
primary_care_outpatient_cost_eur_per_resident,Perusterveydenhuollon avohoidon nettokäyttökustannukset,cost_component,2020,HVA-04,Vantaan ja Keravan hyvinvointialue,wellbeing_area,393.3,107891,EUR_PER_RESIDENT,lower_is_less_input,3766,thl_sotkanet_indicator_3766,https://sotkanet.fi/sotkanet/fi/metadata/indicators/3766,2026-08-18
primary_care_outpatient_cost_eur_per_resident,Perusterveydenhuollon avohoidon nettokäyttökustannukset,cost_component,2021,HVA-04,Vantaan ja Keravan hyvinvointialue,wellbeing_area,386.2,106757,EUR_PER_RESIDENT,lower_is_less_input,3766,thl_sotkanet_indicator_3766,https://sotkanet.fi/sotkanet/fi/metadata/indicators/3766,2026-08-18
primary_care_outpatient_cost_eur_per_resident,Perusterveydenhuollon avohoidon nettokäyttökustannukset,cost_component,2022,HVA-04,Vantaan ja Keravan hyvinvointialue,wellbeing_area,400.6,112378,EUR_PER_RESIDENT,lower_is_less_input,3766,thl_sotkanet_indicator_3766,https://sotkanet.fi/sotkanet/fi/metadata/indicators/3766,2026-08-18
primary_care_outpatient_cost_eur_per_resident,Perusterveydenhuollon avohoidon nettokäyttökustannukset,cost_component,2023,HVA-04,Vantaan ja Keravan hyvinvointialue,wellbeing_area,461.4,131798,EUR_PER_RESIDENT,lower_is_less_input,3766,thl_sotkanet_indicator_3766,https://sotkanet.fi/sotkanet/fi/metadata/indicators/3766,2026-08-18
primary_care_outpatient_cost_eur_per_resident,Perusterveydenhuollon avohoidon nettokäyttökustannukset,cost_component,2024,HVA-04,Vantaan ja Keravan hyvinvointialue,wellbeing_area,516.6,149686,EUR_PER_RESIDENT,lower_is_less_input,3766,thl_sotkanet_indicator_3766,https://sotkanet.fi/sotkanet/fi/metadata/indicators/3766,2026-08-18
primary_care_outpatient_cost_eur_per_resident,Perusterveydenhuollon avohoidon nettokäyttökustannukset,cost_component,2020,HVA-05,Varsinais-Suomen hyvinvointialue,wellbeing_area,341.3,164296,EUR_PER_RESIDENT,lower_is_less_input,3766,thl_sotkanet_indicator_3766,https://sotkanet.fi/sotkanet/fi/metadata/indicators/3766,2026-08-18
primary_care_outpatient_cost_eur_per_resident,Perusterveydenhuollon avohoidon nettokäyttökustannukset,cost_component,2021,HVA-05,Varsinais-Suomen hyvinvointialue,wellbeing_area,352.6,170473,EUR_PER_RESIDENT,lower_is_less_input,3766,thl_sotkanet_indicator_3766,https://sotkanet.fi/sotkanet/fi/metadata/indicators/3766,2026-08-18
primary_care_outpatient_cost_eur_per_resident,Perusterveydenhuollon avohoidon nettokäyttökustannukset,cost_component,2022,HVA-05,Varsinais-Suomen hyvinvointialue,wellbeing_area,430.7,209153,EUR_PER_RESIDENT,lower_is_less_input,3766,thl_sotkanet_indicator_3766,https://sotkanet.fi/sotkanet/fi/metadata/indicators/3766,2026-08-18
primary_care_outpatient_cost_eur_per_resident,Perusterveydenhuollon avohoidon nettokäyttökustannukset,cost_component,2023,HVA-05,Varsinais-Suomen hyvinvointialue,wellbeing_area,498.4,244629,EUR_PER_RESIDENT,lower_is_less_input,3766,thl_sotkanet_indicator_3766,https://sotkanet.fi/sotkanet/fi/metadata/indicators/3766,2026-08-18
primary_care_outpatient_cost_eur_per_resident,Perusterveydenhuollon avohoidon nettokäyttökustannukset,cost_component,2024,HVA-05,Varsinais-Suomen hyvinvointialue,wellbeing_area,501.7,248261,EUR_PER_RESIDENT,lower_is_less_input,3766,thl_sotkanet_indicator_3766,https://sotkanet.fi/sotkanet/fi/metadata/indicators/3766,2026-08-18
primary_care_outpatient_cost_eur_per_resident,Perusterveydenhuollon avohoidon nettokäyttökustannukset,cost_component,2020,HVA-06,Satakunnan hyvinvointialue,wellbeing_area,378.2,81479,EUR_PER_RESIDENT,lower_is_less_input,3766,thl_sotkanet_indicator_3766,https://sotkanet.fi/sotkanet/fi/metadata/indicators/3766,2026-08-18
primary_care_outpatient_cost_eur_per_resident,Perusterveydenhuollon avohoidon nettokäyttökustannukset,cost_component,2021,HVA-06,Satakunnan hyvinvointialue,wellbeing_area,460.5,98669,EUR_PER_RESIDENT,lower_is_less_input,3766,thl_sotkanet_indicator_3766,https://sotkanet.fi/sotkanet/fi/metadata/indicators/3766,2026-08-18
primary_care_outpatient_cost_eur_per_resident,Perusterveydenhuollon avohoidon nettokäyttökustannukset,cost_component,2022,HVA-06,Satakunnan hyvinvointialue,wellbeing_area,513.0,109046,EUR_PER_RESIDENT,lower_is_less_input,3766,thl_sotkanet_indicator_3766,https://sotkanet.fi/sotkanet/fi/metadata/indicators/3766,2026-08-18
primary_care_outpatient_cost_eur_per_resident,Perusterveydenhuollon avohoidon nettokäyttökustannukset,cost_component,2023,HVA-06,Satakunnan hyvinvointialue,wellbeing_area,573.0,121336,EUR_PER_RESIDENT,lower_is_less_input,3766,thl_sotkanet_indicator_3766,https://sotkanet.fi/sotkanet/fi/metadata/indicators/3766,2026-08-18
primary_care_outpatient_cost_eur_per_resident,Perusterveydenhuollon avohoidon nettokäyttökustannukset,cost_component,2024,HVA-06,Satakunnan hyvinvointialue,wellbeing_area,549.1,116009,EUR_PER_RESIDENT,lower_is_less_input,3766,thl_sotkanet_indicator_3766,https://sotkanet.fi/sotkanet/fi/metadata/indicators/3766,2026-08-18
primary_care_outpatient_cost_eur_per_resident,Perusterveydenhuollon avohoidon nettokäyttökustannukset,cost_component,2020,HVA-07,Kanta-Hämeen hyvinvointialue,wellbeing_area,411.3,70157,EUR_PER_RESIDENT,lower_is_less_input,3766,thl_sotkanet_indicator_3766,https://sotkanet.fi/sotkanet/fi/metadata/indicators/3766,2026-08-18
primary_care_outpatient_cost_eur_per_resident,Perusterveydenhuollon avohoidon nettokäyttökustannukset,cost_component,2021,HVA-07,Kanta-Hämeen hyvinvointialue,wellbeing_area,404.4,68829,EUR_PER_RESIDENT,lower_is_less_input,3766,thl_sotkanet_indicator_3766,https://sotkanet.fi/sotkanet/fi/metadata/indicators/3766,2026-08-18
primary_care_outpatient_cost_eur_per_resident,Perusterveydenhuollon avohoidon nettokäyttökustannukset,cost_component,2022,HVA-07,Kanta-Hämeen hyvinvointialue,wellbeing_area,461.4,78223,EUR_PER_RESIDENT,lower_is_less_input,3766,thl_sotkanet_indicator_3766,https://sotkanet.fi/sotkanet/fi/metadata/indicators/3766,2026-08-18
primary_care_outpatient_cost_eur_per_resident,Perusterveydenhuollon avohoidon nettokäyttökustannukset,cost_component,2023,HVA-07,Kanta-Hämeen hyvinvointialue,wellbeing_area,483.4,81956,EUR_PER_RESIDENT,lower_is_less_input,3766,thl_sotkanet_indicator_3766,https://sotkanet.fi/sotkanet/fi/metadata/indicators/3766,2026-08-18
primary_care_outpatient_cost_eur_per_resident,Perusterveydenhuollon avohoidon nettokäyttökustannukset,cost_component,2024,HVA-07,Kanta-Hämeen hyvinvointialue,wellbeing_area,514.0,87107,EUR_PER_RESIDENT,lower_is_less_input,3766,thl_sotkanet_indicator_3766,https://sotkanet.fi/sotkanet/fi/metadata/indicators/3766,2026-08-18
primary_care_outpatient_cost_eur_per_resident,Perusterveydenhuollon avohoidon nettokäyttökustannukset,cost_component,2020,HVA-08,Pirkanmaan hyvinvointialue,wellbeing_area,428.0,223795,EUR_PER_RESIDENT,lower_is_less_input,3766,thl_sotkanet_indicator_3766,https://sotkanet.fi/sotkanet/fi/metadata/indicators/3766,2026-08-18
primary_care_outpatient_cost_eur_per_resident,Perusterveydenhuollon avohoidon nettokäyttökustannukset,cost_component,2021,HVA-08,Pirkanmaan hyvinvointialue,wellbeing_area,381.4,201203,EUR_PER_RESIDENT,lower_is_less_input,3766,thl_sotkanet_indicator_3766,https://sotkanet.fi/sotkanet/fi/metadata/indicators/3766,2026-08-18
primary_care_outpatient_cost_eur_per_resident,Perusterveydenhuollon avohoidon nettokäyttökustannukset,cost_component,2022,HVA-08,Pirkanmaan hyvinvointialue,wellbeing_area,391.1,208326,EUR_PER_RESIDENT,lower_is_less_input,3766,thl_sotkanet_indicator_3766,https://sotkanet.fi/sotkanet/fi/metadata/indicators/3766,2026-08-18
primary_care_outpatient_cost_eur_per_resident,Perusterveydenhuollon avohoidon nettokäyttökustannukset,cost_component,2023,HVA-08,Pirkanmaan hyvinvointialue,wellbeing_area,516.8,278732,EUR_PER_RESIDENT,lower_is_less_input,3766,thl_sotkanet_indicator_3766,https://sotkanet.fi/sotkanet/fi/metadata/indicators/3766,2026-08-18
primary_care_outpatient_cost_eur_per_resident,Perusterveydenhuollon avohoidon nettokäyttökustannukset,cost_component,2024,HVA-08,Pirkanmaan hyvinvointialue,wellbeing_area,471.7,257264,EUR_PER_RESIDENT,lower_is_less_input,3766,thl_sotkanet_indicator_3766,https://sotkanet.fi/sotkanet/fi/metadata/indicators/3766,2026-08-18
primary_care_outpatient_cost_eur_per_resident,Perusterveydenhuollon avohoidon nettokäyttökustannukset,cost_component,2020,HVA-09,Päijät-Hämeen hyvinvointialue,wellbeing_area,414.1,85215,EUR_PER_RESIDENT,lower_is_less_input,3766,thl_sotkanet_indicator_3766,https://sotkanet.fi/sotkanet/fi/metadata/indicators/3766,2026-08-18
primary_care_outpatient_cost_eur_per_resident,Perusterveydenhuollon avohoidon nettokäyttökustannukset,cost_component,2021,HVA-09,Päijät-Hämeen hyvinvointialue,wellbeing_area,550.5,112918,EUR_PER_RESIDENT,lower_is_less_input,3766,thl_sotkanet_indicator_3766,https://sotkanet.fi/sotkanet/fi/metadata/indicators/3766,2026-08-18
primary_care_outpatient_cost_eur_per_resident,Perusterveydenhuollon avohoidon nettokäyttökustannukset,cost_component,2022,HVA-09,Päijät-Hämeen hyvinvointialue,wellbeing_area,346.9,70960,EUR_PER_RESIDENT,lower_is_less_input,3766,thl_sotkanet_indicator_3766,https://sotkanet.fi/sotkanet/fi/metadata/indicators/3766,2026-08-18
primary_care_outpatient_cost_eur_per_resident,Perusterveydenhuollon avohoidon nettokäyttökustannukset,cost_component,2023,HVA-09,Päijät-Hämeen hyvinvointialue,wellbeing_area,505.5,103370,EUR_PER_RESIDENT,lower_is_less_input,3766,thl_sotkanet_indicator_3766,https://sotkanet.fi/sotkanet/fi/metadata/indicators/3766,2026-08-18
primary_care_outpatient_cost_eur_per_resident,Perusterveydenhuollon avohoidon nettokäyttökustannukset,cost_component,2024,HVA-09,Päijät-Hämeen hyvinvointialue,wellbeing_area,512.4,104856,EUR_PER_RESIDENT,lower_is_less_input,3766,thl_sotkanet_indicator_3766,https://sotkanet.fi/sotkanet/fi/metadata/indicators/3766,2026-08-18
primary_care_outpatient_cost_eur_per_resident,Perusterveydenhuollon avohoidon nettokäyttökustannukset,cost_component,2020,HVA-10,Kymenlaakson hyvinvointialue,wellbeing_area,464.4,75615,EUR_PER_RESIDENT,lower_is_less_input,3766,thl_sotkanet_indicator_3766,https://sotkanet.fi/sotkanet/fi/metadata/indicators/3766,2026-08-18
primary_care_outpatient_cost_eur_per_resident,Perusterveydenhuollon avohoidon nettokäyttökustannukset,cost_component,2021,HVA-10,Kymenlaakson hyvinvointialue,wellbeing_area,449.0,72457,EUR_PER_RESIDENT,lower_is_less_input,3766,thl_sotkanet_indicator_3766,https://sotkanet.fi/sotkanet/fi/metadata/indicators/3766,2026-08-18
primary_care_outpatient_cost_eur_per_resident,Perusterveydenhuollon avohoidon nettokäyttökustannukset,cost_component,2022,HVA-10,Kymenlaakson hyvinvointialue,wellbeing_area,461.1,73536,EUR_PER_RESIDENT,lower_is_less_input,3766,thl_sotkanet_indicator_3766,https://sotkanet.fi/sotkanet/fi/metadata/indicators/3766,2026-08-18
primary_care_outpatient_cost_eur_per_resident,Perusterveydenhuollon avohoidon nettokäyttökustannukset,cost_component,2023,HVA-10,Kymenlaakson hyvinvointialue,wellbeing_area,751.1,119165,EUR_PER_RESIDENT,lower_is_less_input,3766,thl_sotkanet_indicator_3766,https://sotkanet.fi/sotkanet/fi/metadata/indicators/3766,2026-08-18
primary_care_outpatient_cost_eur_per_resident,Perusterveydenhuollon avohoidon nettokäyttökustannukset,cost_component,2024,HVA-10,Kymenlaakson hyvinvointialue,wellbeing_area,781.2,122996,EUR_PER_RESIDENT,lower_is_less_input,3766,thl_sotkanet_indicator_3766,https://sotkanet.fi/sotkanet/fi/metadata/indicators/3766,2026-08-18
primary_care_outpatient_cost_eur_per_resident,Perusterveydenhuollon avohoidon nettokäyttökustannukset,cost_component,2020,HVA-11,Etelä-Karjalan hyvinvointialue,wellbeing_area,468.1,59415,EUR_PER_RESIDENT,lower_is_less_input,3766,thl_sotkanet_indicator_3766,https://sotkanet.fi/sotkanet/fi/metadata/indicators/3766,2026-08-18
primary_care_outpatient_cost_eur_per_resident,Perusterveydenhuollon avohoidon nettokäyttökustannukset,cost_component,2021,HVA-11,Etelä-Karjalan hyvinvointialue,wellbeing_area,397.5,50131,EUR_PER_RESIDENT,lower_is_less_input,3766,thl_sotkanet_indicator_3766,https://sotkanet.fi/sotkanet/fi/metadata/indicators/3766,2026-08-18
primary_care_outpatient_cost_eur_per_resident,Perusterveydenhuollon avohoidon nettokäyttökustannukset,cost_component,2022,HVA-11,Etelä-Karjalan hyvinvointialue,wellbeing_area,473.3,59330,EUR_PER_RESIDENT,lower_is_less_input,3766,thl_sotkanet_indicator_3766,https://sotkanet.fi/sotkanet/fi/metadata/indicators/3766,2026-08-18
primary_care_outpatient_cost_eur_per_resident,Perusterveydenhuollon avohoidon nettokäyttökustannukset,cost_component,2023,HVA-11,Etelä-Karjalan hyvinvointialue,wellbeing_area,525.6,65791,EUR_PER_RESIDENT,lower_is_less_input,3766,thl_sotkanet_indicator_3766,https://sotkanet.fi/sotkanet/fi/metadata/indicators/3766,2026-08-18
primary_care_outpatient_cost_eur_per_resident,Perusterveydenhuollon avohoidon nettokäyttökustannukset,cost_component,2024,HVA-11,Etelä-Karjalan hyvinvointialue,wellbeing_area,535.9,67028,EUR_PER_RESIDENT,lower_is_less_input,3766,thl_sotkanet_indicator_3766,https://sotkanet.fi/sotkanet/fi/metadata/indicators/3766,2026-08-18
primary_care_outpatient_cost_eur_per_resident,Perusterveydenhuollon avohoidon nettokäyttökustannukset,cost_component,2020,HVA-12,Etelä-Savon hyvinvointialue,wellbeing_area,475.4,63084,EUR_PER_RESIDENT,lower_is_less_input,3766,thl_sotkanet_indicator_3766,https://sotkanet.fi/sotkanet/fi/metadata/indicators/3766,2026-08-18
primary_care_outpatient_cost_eur_per_resident,Perusterveydenhuollon avohoidon nettokäyttökustannukset,cost_component,2021,HVA-12,Etelä-Savon hyvinvointialue,wellbeing_area,390.5,51430,EUR_PER_RESIDENT,lower_is_less_input,3766,thl_sotkanet_indicator_3766,https://sotkanet.fi/sotkanet/fi/metadata/indicators/3766,2026-08-18
primary_care_outpatient_cost_eur_per_resident,Perusterveydenhuollon avohoidon nettokäyttökustannukset,cost_component,2022,HVA-12,Etelä-Savon hyvinvointialue,wellbeing_area,427.4,55761,EUR_PER_RESIDENT,lower_is_less_input,3766,thl_sotkanet_indicator_3766,https://sotkanet.fi/sotkanet/fi/metadata/indicators/3766,2026-08-18
primary_care_outpatient_cost_eur_per_resident,Perusterveydenhuollon avohoidon nettokäyttökustannukset,cost_component,2023,HVA-12,Etelä-Savon hyvinvointialue,wellbeing_area,571.5,74243,EUR_PER_RESIDENT,lower_is_less_input,3766,thl_sotkanet_indicator_3766,https://sotkanet.fi/sotkanet/fi/metadata/indicators/3766,2026-08-18
primary_care_outpatient_cost_eur_per_resident,Perusterveydenhuollon avohoidon nettokäyttökustannukset,cost_component,2024,HVA-12,Etelä-Savon hyvinvointialue,wellbeing_area,669.9,86668,EUR_PER_RESIDENT,lower_is_less_input,3766,thl_sotkanet_indicator_3766,https://sotkanet.fi/sotkanet/fi/metadata/indicators/3766,2026-08-18
primary_care_outpatient_cost_eur_per_resident,Perusterveydenhuollon avohoidon nettokäyttökustannukset,cost_component,2020,HVA-13,Pohjois-Savon hyvinvointialue,wellbeing_area,495.2,122947,EUR_PER_RESIDENT,lower_is_less_input,3766,thl_sotkanet_indicator_3766,https://sotkanet.fi/sotkanet/fi/metadata/indicators/3766,2026-08-18
primary_care_outpatient_cost_eur_per_resident,Perusterveydenhuollon avohoidon nettokäyttökustannukset,cost_component,2021,HVA-13,Pohjois-Savon hyvinvointialue,wellbeing_area,451.9,112238,EUR_PER_RESIDENT,lower_is_less_input,3766,thl_sotkanet_indicator_3766,https://sotkanet.fi/sotkanet/fi/metadata/indicators/3766,2026-08-18
primary_care_outpatient_cost_eur_per_resident,Perusterveydenhuollon avohoidon nettokäyttökustannukset,cost_component,2022,HVA-13,Pohjois-Savon hyvinvointialue,wellbeing_area,472.8,117111,EUR_PER_RESIDENT,lower_is_less_input,3766,thl_sotkanet_indicator_3766,https://sotkanet.fi/sotkanet/fi/metadata/indicators/3766,2026-08-18
primary_care_outpatient_cost_eur_per_resident,Perusterveydenhuollon avohoidon nettokäyttökustannukset,cost_component,2023,HVA-13,Pohjois-Savon hyvinvointialue,wellbeing_area,519.4,128899,EUR_PER_RESIDENT,lower_is_less_input,3766,thl_sotkanet_indicator_3766,https://sotkanet.fi/sotkanet/fi/metadata/indicators/3766,2026-08-18
primary_care_outpatient_cost_eur_per_resident,Perusterveydenhuollon avohoidon nettokäyttökustannukset,cost_component,2024,HVA-13,Pohjois-Savon hyvinvointialue,wellbeing_area,514.3,127956,EUR_PER_RESIDENT,lower_is_less_input,3766,thl_sotkanet_indicator_3766,https://sotkanet.fi/sotkanet/fi/metadata/indicators/3766,2026-08-18
primary_care_outpatient_cost_eur_per_resident,Perusterveydenhuollon avohoidon nettokäyttökustannukset,cost_component,2020,HVA-14,Pohjois-Karjalan hyvinvointialue,wellbeing_area,439.4,71864,EUR_PER_RESIDENT,lower_is_less_input,3766,thl_sotkanet_indicator_3766,https://sotkanet.fi/sotkanet/fi/metadata/indicators/3766,2026-08-18
primary_care_outpatient_cost_eur_per_resident,Perusterveydenhuollon avohoidon nettokäyttökustannukset,cost_component,2021,HVA-14,Pohjois-Karjalan hyvinvointialue,wellbeing_area,436.8,71325,EUR_PER_RESIDENT,lower_is_less_input,3766,thl_sotkanet_indicator_3766,https://sotkanet.fi/sotkanet/fi/metadata/indicators/3766,2026-08-18
primary_care_outpatient_cost_eur_per_resident,Perusterveydenhuollon avohoidon nettokäyttökustannukset,cost_component,2022,HVA-14,Pohjois-Karjalan hyvinvointialue,wellbeing_area,517.9,84181,EUR_PER_RESIDENT,lower_is_less_input,3766,thl_sotkanet_indicator_3766,https://sotkanet.fi/sotkanet/fi/metadata/indicators/3766,2026-08-18
primary_care_outpatient_cost_eur_per_resident,Perusterveydenhuollon avohoidon nettokäyttökustannukset,cost_component,2023,HVA-14,Pohjois-Karjalan hyvinvointialue,wellbeing_area,561.4,91123,EUR_PER_RESIDENT,lower_is_less_input,3766,thl_sotkanet_indicator_3766,https://sotkanet.fi/sotkanet/fi/metadata/indicators/3766,2026-08-18
primary_care_outpatient_cost_eur_per_resident,Perusterveydenhuollon avohoidon nettokäyttökustannukset,cost_component,2024,HVA-14,Pohjois-Karjalan hyvinvointialue,wellbeing_area,592.8,96092,EUR_PER_RESIDENT,lower_is_less_input,3766,thl_sotkanet_indicator_3766,https://sotkanet.fi/sotkanet/fi/metadata/indicators/3766,2026-08-18
primary_care_outpatient_cost_eur_per_resident,Perusterveydenhuollon avohoidon nettokäyttökustannukset,cost_component,2020,HVA-15,Keski-Suomen hyvinvointialue,wellbeing_area,541.3,147576,EUR_PER_RESIDENT,lower_is_less_input,3766,thl_sotkanet_indicator_3766,https://sotkanet.fi/sotkanet/fi/metadata/indicators/3766,2026-08-18
primary_care_outpatient_cost_eur_per_resident,Perusterveydenhuollon avohoidon nettokäyttökustannukset,cost_component,2021,HVA-15,Keski-Suomen hyvinvointialue,wellbeing_area,447.1,121905,EUR_PER_RESIDENT,lower_is_less_input,3766,thl_sotkanet_indicator_3766,https://sotkanet.fi/sotkanet/fi/metadata/indicators/3766,2026-08-18
primary_care_outpatient_cost_eur_per_resident,Perusterveydenhuollon avohoidon nettokäyttökustannukset,cost_component,2022,HVA-15,Keski-Suomen hyvinvointialue,wellbeing_area,519.2,141452,EUR_PER_RESIDENT,lower_is_less_input,3766,thl_sotkanet_indicator_3766,https://sotkanet.fi/sotkanet/fi/metadata/indicators/3766,2026-08-18
primary_care_outpatient_cost_eur_per_resident,Perusterveydenhuollon avohoidon nettokäyttökustannukset,cost_component,2023,HVA-15,Keski-Suomen hyvinvointialue,wellbeing_area,504.7,137913,EUR_PER_RESIDENT,lower_is_less_input,3766,thl_sotkanet_indicator_3766,https://sotkanet.fi/sotkanet/fi/metadata/indicators/3766,2026-08-18
primary_care_outpatient_cost_eur_per_resident,Perusterveydenhuollon avohoidon nettokäyttökustannukset,cost_component,2024,HVA-15,Keski-Suomen hyvinvointialue,wellbeing_area,525.0,143913,EUR_PER_RESIDENT,lower_is_less_input,3766,thl_sotkanet_indicator_3766,https://sotkanet.fi/sotkanet/fi/metadata/indicators/3766,2026-08-18
primary_care_outpatient_cost_eur_per_resident,Perusterveydenhuollon avohoidon nettokäyttökustannukset,cost_component,2020,HVA-16,Etelä-Pohjanmaan hyvinvointialue,wellbeing_area,451.0,86651,EUR_PER_RESIDENT,lower_is_less_input,3766,thl_sotkanet_indicator_3766,https://sotkanet.fi/sotkanet/fi/metadata/indicators/3766,2026-08-18
primary_care_outpatient_cost_eur_per_resident,Perusterveydenhuollon avohoidon nettokäyttökustannukset,cost_component,2021,HVA-16,Etelä-Pohjanmaan hyvinvointialue,wellbeing_area,481.1,92266,EUR_PER_RESIDENT,lower_is_less_input,3766,thl_sotkanet_indicator_3766,https://sotkanet.fi/sotkanet/fi/metadata/indicators/3766,2026-08-18
primary_care_outpatient_cost_eur_per_resident,Perusterveydenhuollon avohoidon nettokäyttökustannukset,cost_component,2022,HVA-16,Etelä-Pohjanmaan hyvinvointialue,wellbeing_area,404.8,77226,EUR_PER_RESIDENT,lower_is_less_input,3766,thl_sotkanet_indicator_3766,https://sotkanet.fi/sotkanet/fi/metadata/indicators/3766,2026-08-18
primary_care_outpatient_cost_eur_per_resident,Perusterveydenhuollon avohoidon nettokäyttökustannukset,cost_component,2023,HVA-16,Etelä-Pohjanmaan hyvinvointialue,wellbeing_area,567.3,108096,EUR_PER_RESIDENT,lower_is_less_input,3766,thl_sotkanet_indicator_3766,https://sotkanet.fi/sotkanet/fi/metadata/indicators/3766,2026-08-18
primary_care_outpatient_cost_eur_per_resident,Perusterveydenhuollon avohoidon nettokäyttökustannukset,cost_component,2024,HVA-16,Etelä-Pohjanmaan hyvinvointialue,wellbeing_area,577.8,109746,EUR_PER_RESIDENT,lower_is_less_input,3766,thl_sotkanet_indicator_3766,https://sotkanet.fi/sotkanet/fi/metadata/indicators/3766,2026-08-18
primary_care_outpatient_cost_eur_per_resident,Perusterveydenhuollon avohoidon nettokäyttökustannukset,cost_component,2020,HVA-17,Pohjanmaan hyvinvointialue,wellbeing_area,467.2,82141,EUR_PER_RESIDENT,lower_is_less_input,3766,thl_sotkanet_indicator_3766,https://sotkanet.fi/sotkanet/fi/metadata/indicators/3766,2026-08-18
primary_care_outpatient_cost_eur_per_resident,Perusterveydenhuollon avohoidon nettokäyttökustannukset,cost_component,2021,HVA-17,Pohjanmaan hyvinvointialue,wellbeing_area,430.1,75713,EUR_PER_RESIDENT,lower_is_less_input,3766,thl_sotkanet_indicator_3766,https://sotkanet.fi/sotkanet/fi/metadata/indicators/3766,2026-08-18
primary_care_outpatient_cost_eur_per_resident,Perusterveydenhuollon avohoidon nettokäyttökustannukset,cost_component,2022,HVA-17,Pohjanmaan hyvinvointialue,wellbeing_area,523.7,92346,EUR_PER_RESIDENT,lower_is_less_input,3766,thl_sotkanet_indicator_3766,https://sotkanet.fi/sotkanet/fi/metadata/indicators/3766,2026-08-18
primary_care_outpatient_cost_eur_per_resident,Perusterveydenhuollon avohoidon nettokäyttökustannukset,cost_component,2023,HVA-17,Pohjanmaan hyvinvointialue,wellbeing_area,575.4,102189,EUR_PER_RESIDENT,lower_is_less_input,3766,thl_sotkanet_indicator_3766,https://sotkanet.fi/sotkanet/fi/metadata/indicators/3766,2026-08-18
primary_care_outpatient_cost_eur_per_resident,Perusterveydenhuollon avohoidon nettokäyttökustannukset,cost_component,2024,HVA-17,Pohjanmaan hyvinvointialue,wellbeing_area,556.4,99454,EUR_PER_RESIDENT,lower_is_less_input,3766,thl_sotkanet_indicator_3766,https://sotkanet.fi/sotkanet/fi/metadata/indicators/3766,2026-08-18
primary_care_outpatient_cost_eur_per_resident,Perusterveydenhuollon avohoidon nettokäyttökustannukset,cost_component,2020,HVA-18,Keski-Pohjanmaan hyvinvointialue,wellbeing_area,448.3,30479,EUR_PER_RESIDENT,lower_is_less_input,3766,thl_sotkanet_indicator_3766,https://sotkanet.fi/sotkanet/fi/metadata/indicators/3766,2026-08-18
primary_care_outpatient_cost_eur_per_resident,Perusterveydenhuollon avohoidon nettokäyttökustannukset,cost_component,2021,HVA-18,Keski-Pohjanmaan hyvinvointialue,wellbeing_area,401.5,27269,EUR_PER_RESIDENT,lower_is_less_input,3766,thl_sotkanet_indicator_3766,https://sotkanet.fi/sotkanet/fi/metadata/indicators/3766,2026-08-18
primary_care_outpatient_cost_eur_per_resident,Perusterveydenhuollon avohoidon nettokäyttökustannukset,cost_component,2022,HVA-18,Keski-Pohjanmaan hyvinvointialue,wellbeing_area,511.7,34696,EUR_PER_RESIDENT,lower_is_less_input,3766,thl_sotkanet_indicator_3766,https://sotkanet.fi/sotkanet/fi/metadata/indicators/3766,2026-08-18
primary_care_outpatient_cost_eur_per_resident,Perusterveydenhuollon avohoidon nettokäyttökustannukset,cost_component,2023,HVA-18,Keski-Pohjanmaan hyvinvointialue,wellbeing_area,547.3,37069,EUR_PER_RESIDENT,lower_is_less_input,3766,thl_sotkanet_indicator_3766,https://sotkanet.fi/sotkanet/fi/metadata/indicators/3766,2026-08-18
primary_care_outpatient_cost_eur_per_resident,Perusterveydenhuollon avohoidon nettokäyttökustannukset,cost_component,2024,HVA-18,Keski-Pohjanmaan hyvinvointialue,wellbeing_area,538.4,36459,EUR_PER_RESIDENT,lower_is_less_input,3766,thl_sotkanet_indicator_3766,https://sotkanet.fi/sotkanet/fi/metadata/indicators/3766,2026-08-18
primary_care_outpatient_cost_eur_per_resident,Perusterveydenhuollon avohoidon nettokäyttökustannukset,cost_component,2020,HVA-19,Pohjois-Pohjanmaan hyvinvointialue,wellbeing_area,510.7,211337,EUR_PER_RESIDENT,lower_is_less_input,3766,thl_sotkanet_indicator_3766,https://sotkanet.fi/sotkanet/fi/metadata/indicators/3766,2026-08-18
primary_care_outpatient_cost_eur_per_resident,Perusterveydenhuollon avohoidon nettokäyttökustannukset,cost_component,2021,HVA-19,Pohjois-Pohjanmaan hyvinvointialue,wellbeing_area,386.4,160584,EUR_PER_RESIDENT,lower_is_less_input,3766,thl_sotkanet_indicator_3766,https://sotkanet.fi/sotkanet/fi/metadata/indicators/3766,2026-08-18
primary_care_outpatient_cost_eur_per_resident,Perusterveydenhuollon avohoidon nettokäyttökustannukset,cost_component,2022,HVA-19,Pohjois-Pohjanmaan hyvinvointialue,wellbeing_area,351.4,146390,EUR_PER_RESIDENT,lower_is_less_input,3766,thl_sotkanet_indicator_3766,https://sotkanet.fi/sotkanet/fi/metadata/indicators/3766,2026-08-18
primary_care_outpatient_cost_eur_per_resident,Perusterveydenhuollon avohoidon nettokäyttökustannukset,cost_component,2023,HVA-19,Pohjois-Pohjanmaan hyvinvointialue,wellbeing_area,483.3,202137,EUR_PER_RESIDENT,lower_is_less_input,3766,thl_sotkanet_indicator_3766,https://sotkanet.fi/sotkanet/fi/metadata/indicators/3766,2026-08-18
primary_care_outpatient_cost_eur_per_resident,Perusterveydenhuollon avohoidon nettokäyttökustannukset,cost_component,2024,HVA-19,Pohjois-Pohjanmaan hyvinvointialue,wellbeing_area,490.2,205077,EUR_PER_RESIDENT,lower_is_less_input,3766,thl_sotkanet_indicator_3766,https://sotkanet.fi/sotkanet/fi/metadata/indicators/3766,2026-08-18
primary_care_outpatient_cost_eur_per_resident,Perusterveydenhuollon avohoidon nettokäyttökustannukset,cost_component,2020,HVA-20,Kainuun hyvinvointialue,wellbeing_area,554.0,39703,EUR_PER_RESIDENT,lower_is_less_input,3766,thl_sotkanet_indicator_3766,https://sotkanet.fi/sotkanet/fi/metadata/indicators/3766,2026-08-18
primary_care_outpatient_cost_eur_per_resident,Perusterveydenhuollon avohoidon nettokäyttökustannukset,cost_component,2021,HVA-20,Kainuun hyvinvointialue,wellbeing_area,471.6,33603,EUR_PER_RESIDENT,lower_is_less_input,3766,thl_sotkanet_indicator_3766,https://sotkanet.fi/sotkanet/fi/metadata/indicators/3766,2026-08-18
primary_care_outpatient_cost_eur_per_resident,Perusterveydenhuollon avohoidon nettokäyttökustannukset,cost_component,2022,HVA-20,Kainuun hyvinvointialue,wellbeing_area,478.7,33760,EUR_PER_RESIDENT,lower_is_less_input,3766,thl_sotkanet_indicator_3766,https://sotkanet.fi/sotkanet/fi/metadata/indicators/3766,2026-08-18
primary_care_outpatient_cost_eur_per_resident,Perusterveydenhuollon avohoidon nettokäyttökustannukset,cost_component,2023,HVA-20,Kainuun hyvinvointialue,wellbeing_area,573.9,40270,EUR_PER_RESIDENT,lower_is_less_input,3766,thl_sotkanet_indicator_3766,https://sotkanet.fi/sotkanet/fi/metadata/indicators/3766,2026-08-18
primary_care_outpatient_cost_eur_per_resident,Perusterveydenhuollon avohoidon nettokäyttökustannukset,cost_component,2024,HVA-20,Kainuun hyvinvointialue,wellbeing_area,591.2,41171,EUR_PER_RESIDENT,lower_is_less_input,3766,thl_sotkanet_indicator_3766,https://sotkanet.fi/sotkanet/fi/metadata/indicators/3766,2026-08-18
primary_care_outpatient_cost_eur_per_resident,Perusterveydenhuollon avohoidon nettokäyttökustannukset,cost_component,2020,HVA-21,Lapin hyvinvointialue,wellbeing_area,527.7,93227,EUR_PER_RESIDENT,lower_is_less_input,3766,thl_sotkanet_indicator_3766,https://sotkanet.fi/sotkanet/fi/metadata/indicators/3766,2026-08-18
primary_care_outpatient_cost_eur_per_resident,Perusterveydenhuollon avohoidon nettokäyttökustannukset,cost_component,2021,HVA-21,Lapin hyvinvointialue,wellbeing_area,424.0,74841,EUR_PER_RESIDENT,lower_is_less_input,3766,thl_sotkanet_indicator_3766,https://sotkanet.fi/sotkanet/fi/metadata/indicators/3766,2026-08-18
primary_care_outpatient_cost_eur_per_resident,Perusterveydenhuollon avohoidon nettokäyttökustannukset,cost_component,2022,HVA-21,Lapin hyvinvointialue,wellbeing_area,514.1,90377,EUR_PER_RESIDENT,lower_is_less_input,3766,thl_sotkanet_indicator_3766,https://sotkanet.fi/sotkanet/fi/metadata/indicators/3766,2026-08-18
primary_care_outpatient_cost_eur_per_resident,Perusterveydenhuollon avohoidon nettokäyttökustannukset,cost_component,2023,HVA-21,Lapin hyvinvointialue,wellbeing_area,614.6,108261,EUR_PER_RESIDENT,lower_is_less_input,3766,thl_sotkanet_indicator_3766,https://sotkanet.fi/sotkanet/fi/metadata/indicators/3766,2026-08-18
primary_care_outpatient_cost_eur_per_resident,Perusterveydenhuollon avohoidon nettokäyttökustannukset,cost_component,2024,HVA-21,Lapin hyvinvointialue,wellbeing_area,643.3,113320,EUR_PER_RESIDENT,lower_is_less_input,3766,thl_sotkanet_indicator_3766,https://sotkanet.fi/sotkanet/fi/metadata/indicators/3766,2026-08-18
primary_care_outpatient_cost_eur_per_resident,Perusterveydenhuollon avohoidon nettokäyttökustannukset,cost_component,2020,HVA-90,Helsingin kaupunki,wellbeing_area,252.7,166026,EUR_PER_RESIDENT,lower_is_less_input,3766,thl_sotkanet_indicator_3766,https://sotkanet.fi/sotkanet/fi/metadata/indicators/3766,2026-08-18
primary_care_outpatient_cost_eur_per_resident,Perusterveydenhuollon avohoidon nettokäyttökustannukset,cost_component,2021,HVA-90,Helsingin kaupunki,wellbeing_area,379.1,249634,EUR_PER_RESIDENT,lower_is_less_input,3766,thl_sotkanet_indicator_3766,https://sotkanet.fi/sotkanet/fi/metadata/indicators/3766,2026-08-18
primary_care_outpatient_cost_eur_per_resident,Perusterveydenhuollon avohoidon nettokäyttökustannukset,cost_component,2022,HVA-90,Helsingin kaupunki,wellbeing_area,344.8,228927,EUR_PER_RESIDENT,lower_is_less_input,3766,thl_sotkanet_indicator_3766,https://sotkanet.fi/sotkanet/fi/metadata/indicators/3766,2026-08-18
primary_care_outpatient_cost_eur_per_resident,Perusterveydenhuollon avohoidon nettokäyttökustannukset,cost_component,2023,HVA-90,Helsingin kaupunki,wellbeing_area,341.0,229981,EUR_PER_RESIDENT,lower_is_less_input,3766,thl_sotkanet_indicator_3766,https://sotkanet.fi/sotkanet/fi/metadata/indicators/3766,2026-08-18
primary_care_outpatient_cost_eur_per_resident,Perusterveydenhuollon avohoidon nettokäyttökustannukset,cost_component,2024,HVA-90,Helsingin kaupunki,wellbeing_area,357.0,244189,EUR_PER_RESIDENT,lower_is_less_input,3766,thl_sotkanet_indicator_3766,https://sotkanet.fi/sotkanet/fi/metadata/indicators/3766,2026-08-18
primary_care_outpatient_cost_eur_per_resident,Perusterveydenhuollon avohoidon nettokäyttökustannukset,cost_component,2020,HVA-91,Ahvenanmaa,wellbeing_area,0.0,0,EUR_PER_RESIDENT,lower_is_less_input,3766,thl_sotkanet_indicator_3766,https://sotkanet.fi/sotkanet/fi/metadata/indicators/3766,2026-08-18
primary_care_wait_over_7d_pct,Kiireettömän lääkärikäynnin odotusaika yli 7 päivää,timely_access,2021,FI,Koko maa,country,38.3,244074,PERCENT_OF_REALIZED_VISITS,lower_is_better,6411,thl_sotkanet_indicator_6411,https://sotkanet.fi/sotkanet/fi/metadata/indicators/6411,2026-08-18
primary_care_wait_over_7d_pct,Kiireettömän lääkärikäynnin odotusaika yli 7 päivää,timely_access,2022,FI,Koko maa,country,42.2,279265,PERCENT_OF_REALIZED_VISITS,lower_is_better,6411,thl_sotkanet_indicator_6411,https://sotkanet.fi/sotkanet/fi/metadata/indicators/6411,2026-08-18
primary_care_wait_over_7d_pct,Kiireettömän lääkärikäynnin odotusaika yli 7 päivää,timely_access,2023,FI,Koko maa,country,48.5,402667,PERCENT_OF_REALIZED_VISITS,lower_is_better,6411,thl_sotkanet_indicator_6411,https://sotkanet.fi/sotkanet/fi/metadata/indicators/6411,2026-08-18
primary_care_wait_over_7d_pct,Kiireettömän lääkärikäynnin odotusaika yli 7 päivää,timely_access,2024,FI,Koko maa,country,43.4,489916,PERCENT_OF_REALIZED_VISITS,lower_is_better,6411,thl_sotkanet_indicator_6411,https://sotkanet.fi/sotkanet/fi/metadata/indicators/6411,2026-08-18
primary_care_wait_over_7d_pct,Kiireettömän lääkärikäynnin odotusaika yli 7 päivää,timely_access,2025,FI,Koko maa,country,54.7,649315,PERCENT_OF_REALIZED_VISITS,lower_is_better,6411,thl_sotkanet_indicator_6411,https://sotkanet.fi/sotkanet/fi/metadata/indicators/6411,2026-08-18
primary_care_wait_over_7d_pct,Kiireettömän lääkärikäynnin odotusaika yli 7 päivää,timely_access,2021,HVA-01,Itä-Uudenmaan hyvinvointialue,wellbeing_area,56.1,4689,PERCENT_OF_REALIZED_VISITS,lower_is_better,6411,thl_sotkanet_indicator_6411,https://sotkanet.fi/sotkanet/fi/metadata/indicators/6411,2026-08-18
primary_care_wait_over_7d_pct,Kiireettömän lääkärikäynnin odotusaika yli 7 päivää,timely_access,2022,HVA-01,Itä-Uudenmaan hyvinvointialue,wellbeing_area,59.3,5232,PERCENT_OF_REALIZED_VISITS,lower_is_better,6411,thl_sotkanet_indicator_6411,https://sotkanet.fi/sotkanet/fi/metadata/indicators/6411,2026-08-18
primary_care_wait_over_7d_pct,Kiireettömän lääkärikäynnin odotusaika yli 7 päivää,timely_access,2023,HVA-01,Itä-Uudenmaan hyvinvointialue,wellbeing_area,58.1,7344,PERCENT_OF_REALIZED_VISITS,lower_is_better,6411,thl_sotkanet_indicator_6411,https://sotkanet.fi/sotkanet/fi/metadata/indicators/6411,2026-08-18
primary_care_wait_over_7d_pct,Kiireettömän lääkärikäynnin odotusaika yli 7 päivää,timely_access,2024,HVA-01,Itä-Uudenmaan hyvinvointialue,wellbeing_area,49.7,6812,PERCENT_OF_REALIZED_VISITS,lower_is_better,6411,thl_sotkanet_indicator_6411,https://sotkanet.fi/sotkanet/fi/metadata/indicators/6411,2026-08-18
primary_care_wait_over_7d_pct,Kiireettömän lääkärikäynnin odotusaika yli 7 päivää,timely_access,2025,HVA-01,Itä-Uudenmaan hyvinvointialue,wellbeing_area,51.8,9802,PERCENT_OF_REALIZED_VISITS,lower_is_better,6411,thl_sotkanet_indicator_6411,https://sotkanet.fi/sotkanet/fi/metadata/indicators/6411,2026-08-18
primary_care_wait_over_7d_pct,Kiireettömän lääkärikäynnin odotusaika yli 7 päivää,timely_access,2021,HVA-02,Keski-Uudenmaan hyvinvointialue,wellbeing_area,16.8,3536,PERCENT_OF_REALIZED_VISITS,lower_is_better,6411,thl_sotkanet_indicator_6411,https://sotkanet.fi/sotkanet/fi/metadata/indicators/6411,2026-08-18
primary_care_wait_over_7d_pct,Kiireettömän lääkärikäynnin odotusaika yli 7 päivää,timely_access,2022,HVA-02,Keski-Uudenmaan hyvinvointialue,wellbeing_area,17.9,3222,PERCENT_OF_REALIZED_VISITS,lower_is_better,6411,thl_sotkanet_indicator_6411,https://sotkanet.fi/sotkanet/fi/metadata/indicators/6411,2026-08-18
primary_care_wait_over_7d_pct,Kiireettömän lääkärikäynnin odotusaika yli 7 päivää,timely_access,2023,HVA-02,Keski-Uudenmaan hyvinvointialue,wellbeing_area,23.7,9584,PERCENT_OF_REALIZED_VISITS,lower_is_better,6411,thl_sotkanet_indicator_6411,https://sotkanet.fi/sotkanet/fi/metadata/indicators/6411,2026-08-18
primary_care_wait_over_7d_pct,Kiireettömän lääkärikäynnin odotusaika yli 7 päivää,timely_access,2024,HVA-02,Keski-Uudenmaan hyvinvointialue,wellbeing_area,32.8,28423,PERCENT_OF_REALIZED_VISITS,lower_is_better,6411,thl_sotkanet_indicator_6411,https://sotkanet.fi/sotkanet/fi/metadata/indicators/6411,2026-08-18
primary_care_wait_over_7d_pct,Kiireettömän lääkärikäynnin odotusaika yli 7 päivää,timely_access,2025,HVA-02,Keski-Uudenmaan hyvinvointialue,wellbeing_area,46.7,32864,PERCENT_OF_REALIZED_VISITS,lower_is_better,6411,thl_sotkanet_indicator_6411,https://sotkanet.fi/sotkanet/fi/metadata/indicators/6411,2026-08-18
primary_care_wait_over_7d_pct,Kiireettömän lääkärikäynnin odotusaika yli 7 päivää,timely_access,2021,HVA-03,Länsi-Uudenmaan hyvinvointialue,wellbeing_area,49.5,20565,PERCENT_OF_REALIZED_VISITS,lower_is_better,6411,thl_sotkanet_indicator_6411,https://sotkanet.fi/sotkanet/fi/metadata/indicators/6411,2026-08-18
primary_care_wait_over_7d_pct,Kiireettömän lääkärikäynnin odotusaika yli 7 päivää,timely_access,2022,HVA-03,Länsi-Uudenmaan hyvinvointialue,wellbeing_area,49.0,19774,PERCENT_OF_REALIZED_VISITS,lower_is_better,6411,thl_sotkanet_indicator_6411,https://sotkanet.fi/sotkanet/fi/metadata/indicators/6411,2026-08-18
primary_care_wait_over_7d_pct,Kiireettömän lääkärikäynnin odotusaika yli 7 päivää,timely_access,2023,HVA-03,Länsi-Uudenmaan hyvinvointialue,wellbeing_area,48.8,12995,PERCENT_OF_REALIZED_VISITS,lower_is_better,6411,thl_sotkanet_indicator_6411,https://sotkanet.fi/sotkanet/fi/metadata/indicators/6411,2026-08-18
primary_care_wait_over_7d_pct,Kiireettömän lääkärikäynnin odotusaika yli 7 päivää,timely_access,2024,HVA-03,Länsi-Uudenmaan hyvinvointialue,wellbeing_area,36.3,34712,PERCENT_OF_REALIZED_VISITS,lower_is_better,6411,thl_sotkanet_indicator_6411,https://sotkanet.fi/sotkanet/fi/metadata/indicators/6411,2026-08-18
primary_care_wait_over_7d_pct,Kiireettömän lääkärikäynnin odotusaika yli 7 päivää,timely_access,2025,HVA-03,Länsi-Uudenmaan hyvinvointialue,wellbeing_area,40.0,47771,PERCENT_OF_REALIZED_VISITS,lower_is_better,6411,thl_sotkanet_indicator_6411,https://sotkanet.fi/sotkanet/fi/metadata/indicators/6411,2026-08-18
primary_care_wait_over_7d_pct,Kiireettömän lääkärikäynnin odotusaika yli 7 päivää,timely_access,2021,HVA-04,Vantaan ja Keravan hyvinvointialue,wellbeing_area,32.9,29358,PERCENT_OF_REALIZED_VISITS,lower_is_better,6411,thl_sotkanet_indicator_6411,https://sotkanet.fi/sotkanet/fi/metadata/indicators/6411,2026-08-18
primary_care_wait_over_7d_pct,Kiireettömän lääkärikäynnin odotusaika yli 7 päivää,timely_access,2022,HVA-04,Vantaan ja Keravan hyvinvointialue,wellbeing_area,29.0,25385,PERCENT_OF_REALIZED_VISITS,lower_is_better,6411,thl_sotkanet_indicator_6411,https://sotkanet.fi/sotkanet/fi/metadata/indicators/6411,2026-08-18
primary_care_wait_over_7d_pct,Kiireettömän lääkärikäynnin odotusaika yli 7 päivää,timely_access,2023,HVA-04,Vantaan ja Keravan hyvinvointialue,wellbeing_area,58.0,21127,PERCENT_OF_REALIZED_VISITS,lower_is_better,6411,thl_sotkanet_indicator_6411,https://sotkanet.fi/sotkanet/fi/metadata/indicators/6411,2026-08-18
primary_care_wait_over_7d_pct,Kiireettömän lääkärikäynnin odotusaika yli 7 päivää,timely_access,2024,HVA-04,Vantaan ja Keravan hyvinvointialue,wellbeing_area,70.4,22798,PERCENT_OF_REALIZED_VISITS,lower_is_better,6411,thl_sotkanet_indicator_6411,https://sotkanet.fi/sotkanet/fi/metadata/indicators/6411,2026-08-18
primary_care_wait_over_7d_pct,Kiireettömän lääkärikäynnin odotusaika yli 7 päivää,timely_access,2025,HVA-04,Vantaan ja Keravan hyvinvointialue,wellbeing_area,85.4,29877,PERCENT_OF_REALIZED_VISITS,lower_is_better,6411,thl_sotkanet_indicator_6411,https://sotkanet.fi/sotkanet/fi/metadata/indicators/6411,2026-08-18
primary_care_wait_over_7d_pct,Kiireettömän lääkärikäynnin odotusaika yli 7 päivää,timely_access,2021,HVA-05,Varsinais-Suomen hyvinvointialue,wellbeing_area,52.5,27271,PERCENT_OF_REALIZED_VISITS,lower_is_better,6411,thl_sotkanet_indicator_6411,https://sotkanet.fi/sotkanet/fi/metadata/indicators/6411,2026-08-18
primary_care_wait_over_7d_pct,Kiireettömän lääkärikäynnin odotusaika yli 7 päivää,timely_access,2022,HVA-05,Varsinais-Suomen hyvinvointialue,wellbeing_area,55.7,32276,PERCENT_OF_REALIZED_VISITS,lower_is_better,6411,thl_sotkanet_indicator_6411,https://sotkanet.fi/sotkanet/fi/metadata/indicators/6411,2026-08-18
primary_care_wait_over_7d_pct,Kiireettömän lääkärikäynnin odotusaika yli 7 päivää,timely_access,2023,HVA-05,Varsinais-Suomen hyvinvointialue,wellbeing_area,52.3,78906,PERCENT_OF_REALIZED_VISITS,lower_is_better,6411,thl_sotkanet_indicator_6411,https://sotkanet.fi/sotkanet/fi/metadata/indicators/6411,2026-08-18
primary_care_wait_over_7d_pct,Kiireettömän lääkärikäynnin odotusaika yli 7 päivää,timely_access,2024,HVA-05,Varsinais-Suomen hyvinvointialue,wellbeing_area,39.5,59359,PERCENT_OF_REALIZED_VISITS,lower_is_better,6411,thl_sotkanet_indicator_6411,https://sotkanet.fi/sotkanet/fi/metadata/indicators/6411,2026-08-18
primary_care_wait_over_7d_pct,Kiireettömän lääkärikäynnin odotusaika yli 7 päivää,timely_access,2025,HVA-05,Varsinais-Suomen hyvinvointialue,wellbeing_area,57.9,134670,PERCENT_OF_REALIZED_VISITS,lower_is_better,6411,thl_sotkanet_indicator_6411,https://sotkanet.fi/sotkanet/fi/metadata/indicators/6411,2026-08-18
primary_care_wait_over_7d_pct,Kiireettömän lääkärikäynnin odotusaika yli 7 päivää,timely_access,2021,HVA-06,Satakunnan hyvinvointialue,wellbeing_area,28.8,4429,PERCENT_OF_REALIZED_VISITS,lower_is_better,6411,thl_sotkanet_indicator_6411,https://sotkanet.fi/sotkanet/fi/metadata/indicators/6411,2026-08-18
primary_care_wait_over_7d_pct,Kiireettömän lääkärikäynnin odotusaika yli 7 päivää,timely_access,2022,HVA-06,Satakunnan hyvinvointialue,wellbeing_area,30.9,7717,PERCENT_OF_REALIZED_VISITS,lower_is_better,6411,thl_sotkanet_indicator_6411,https://sotkanet.fi/sotkanet/fi/metadata/indicators/6411,2026-08-18
primary_care_wait_over_7d_pct,Kiireettömän lääkärikäynnin odotusaika yli 7 päivää,timely_access,2023,HVA-06,Satakunnan hyvinvointialue,wellbeing_area,33.6,13493,PERCENT_OF_REALIZED_VISITS,lower_is_better,6411,thl_sotkanet_indicator_6411,https://sotkanet.fi/sotkanet/fi/metadata/indicators/6411,2026-08-18
primary_care_wait_over_7d_pct,Kiireettömän lääkärikäynnin odotusaika yli 7 päivää,timely_access,2024,HVA-06,Satakunnan hyvinvointialue,wellbeing_area,31.8,14605,PERCENT_OF_REALIZED_VISITS,lower_is_better,6411,thl_sotkanet_indicator_6411,https://sotkanet.fi/sotkanet/fi/metadata/indicators/6411,2026-08-18
primary_care_wait_over_7d_pct,Kiireettömän lääkärikäynnin odotusaika yli 7 päivää,timely_access,2025,HVA-06,Satakunnan hyvinvointialue,wellbeing_area,56.6,12986,PERCENT_OF_REALIZED_VISITS,lower_is_better,6411,thl_sotkanet_indicator_6411,https://sotkanet.fi/sotkanet/fi/metadata/indicators/6411,2026-08-18
primary_care_wait_over_7d_pct,Kiireettömän lääkärikäynnin odotusaika yli 7 päivää,timely_access,2021,HVA-07,Kanta-Hämeen hyvinvointialue,wellbeing_area,53.3,4148,PERCENT_OF_REALIZED_VISITS,lower_is_better,6411,thl_sotkanet_indicator_6411,https://sotkanet.fi/sotkanet/fi/metadata/indicators/6411,2026-08-18
primary_care_wait_over_7d_pct,Kiireettömän lääkärikäynnin odotusaika yli 7 päivää,timely_access,2022,HVA-07,Kanta-Hämeen hyvinvointialue,wellbeing_area,52.7,4400,PERCENT_OF_REALIZED_VISITS,lower_is_better,6411,thl_sotkanet_indicator_6411,https://sotkanet.fi/sotkanet/fi/metadata/indicators/6411,2026-08-18
primary_care_wait_over_7d_pct,Kiireettömän lääkärikäynnin odotusaika yli 7 päivää,timely_access,2023,HVA-07,Kanta-Hämeen hyvinvointialue,wellbeing_area,54.0,10189,PERCENT_OF_REALIZED_VISITS,lower_is_better,6411,thl_sotkanet_indicator_6411,https://sotkanet.fi/sotkanet/fi/metadata/indicators/6411,2026-08-18
primary_care_wait_over_7d_pct,Kiireettömän lääkärikäynnin odotusaika yli 7 päivää,timely_access,2024,HVA-07,Kanta-Hämeen hyvinvointialue,wellbeing_area,50.8,7460,PERCENT_OF_REALIZED_VISITS,lower_is_better,6411,thl_sotkanet_indicator_6411,https://sotkanet.fi/sotkanet/fi/metadata/indicators/6411,2026-08-18
primary_care_wait_over_7d_pct,Kiireettömän lääkärikäynnin odotusaika yli 7 päivää,timely_access,2025,HVA-07,Kanta-Hämeen hyvinvointialue,wellbeing_area,65.6,6241,PERCENT_OF_REALIZED_VISITS,lower_is_better,6411,thl_sotkanet_indicator_6411,https://sotkanet.fi/sotkanet/fi/metadata/indicators/6411,2026-08-18
primary_care_wait_over_7d_pct,Kiireettömän lääkärikäynnin odotusaika yli 7 päivää,timely_access,2021,HVA-08,Pirkanmaan hyvinvointialue,wellbeing_area,40.8,28806,PERCENT_OF_REALIZED_VISITS,lower_is_better,6411,thl_sotkanet_indicator_6411,https://sotkanet.fi/sotkanet/fi/metadata/indicators/6411,2026-08-18
primary_care_wait_over_7d_pct,Kiireettömän lääkärikäynnin odotusaika yli 7 päivää,timely_access,2022,HVA-08,Pirkanmaan hyvinvointialue,wellbeing_area,40.6,31036,PERCENT_OF_REALIZED_VISITS,lower_is_better,6411,thl_sotkanet_indicator_6411,https://sotkanet.fi/sotkanet/fi/metadata/indicators/6411,2026-08-18
primary_care_wait_over_7d_pct,Kiireettömän lääkärikäynnin odotusaika yli 7 päivää,timely_access,2023,HVA-08,Pirkanmaan hyvinvointialue,wellbeing_area,46.6,79767,PERCENT_OF_REALIZED_VISITS,lower_is_better,6411,thl_sotkanet_indicator_6411,https://sotkanet.fi/sotkanet/fi/metadata/indicators/6411,2026-08-18
primary_care_wait_over_7d_pct,Kiireettömän lääkärikäynnin odotusaika yli 7 päivää,timely_access,2024,HVA-08,Pirkanmaan hyvinvointialue,wellbeing_area,38.4,89028,PERCENT_OF_REALIZED_VISITS,lower_is_better,6411,thl_sotkanet_indicator_6411,https://sotkanet.fi/sotkanet/fi/metadata/indicators/6411,2026-08-18
primary_care_wait_over_7d_pct,Kiireettömän lääkärikäynnin odotusaika yli 7 päivää,timely_access,2025,HVA-08,Pirkanmaan hyvinvointialue,wellbeing_area,45.8,126013,PERCENT_OF_REALIZED_VISITS,lower_is_better,6411,thl_sotkanet_indicator_6411,https://sotkanet.fi/sotkanet/fi/metadata/indicators/6411,2026-08-18
primary_care_wait_over_7d_pct,Kiireettömän lääkärikäynnin odotusaika yli 7 päivää,timely_access,2021,HVA-09,Päijät-Hämeen hyvinvointialue,wellbeing_area,29.8,3235,PERCENT_OF_REALIZED_VISITS,lower_is_better,6411,thl_sotkanet_indicator_6411,https://sotkanet.fi/sotkanet/fi/metadata/indicators/6411,2026-08-18
primary_care_wait_over_7d_pct,Kiireettömän lääkärikäynnin odotusaika yli 7 päivää,timely_access,2022,HVA-09,Päijät-Hämeen hyvinvointialue,wellbeing_area,49.1,4650,PERCENT_OF_REALIZED_VISITS,lower_is_better,6411,thl_sotkanet_indicator_6411,https://sotkanet.fi/sotkanet/fi/metadata/indicators/6411,2026-08-18
primary_care_wait_over_7d_pct,Kiireettömän lääkärikäynnin odotusaika yli 7 päivää,timely_access,2023,HVA-09,Päijät-Hämeen hyvinvointialue,wellbeing_area,51.2,5362,PERCENT_OF_REALIZED_VISITS,lower_is_better,6411,thl_sotkanet_indicator_6411,https://sotkanet.fi/sotkanet/fi/metadata/indicators/6411,2026-08-18
primary_care_wait_over_7d_pct,Kiireettömän lääkärikäynnin odotusaika yli 7 päivää,timely_access,2024,HVA-09,Päijät-Hämeen hyvinvointialue,wellbeing_area,34.3,5395,PERCENT_OF_REALIZED_VISITS,lower_is_better,6411,thl_sotkanet_indicator_6411,https://sotkanet.fi/sotkanet/fi/metadata/indicators/6411,2026-08-18
primary_care_wait_over_7d_pct,Kiireettömän lääkärikäynnin odotusaika yli 7 päivää,timely_access,2025,HVA-09,Päijät-Hämeen hyvinvointialue,wellbeing_area,32.7,7691,PERCENT_OF_REALIZED_VISITS,lower_is_better,6411,thl_sotkanet_indicator_6411,https://sotkanet.fi/sotkanet/fi/metadata/indicators/6411,2026-08-18
primary_care_wait_over_7d_pct,Kiireettömän lääkärikäynnin odotusaika yli 7 päivää,timely_access,2021,HVA-10,Kymenlaakson hyvinvointialue,wellbeing_area,47.9,6571,PERCENT_OF_REALIZED_VISITS,lower_is_better,6411,thl_sotkanet_indicator_6411,https://sotkanet.fi/sotkanet/fi/metadata/indicators/6411,2026-08-18
primary_care_wait_over_7d_pct,Kiireettömän lääkärikäynnin odotusaika yli 7 päivää,timely_access,2022,HVA-10,Kymenlaakson hyvinvointialue,wellbeing_area,55.3,14188,PERCENT_OF_REALIZED_VISITS,lower_is_better,6411,thl_sotkanet_indicator_6411,https://sotkanet.fi/sotkanet/fi/metadata/indicators/6411,2026-08-18
primary_care_wait_over_7d_pct,Kiireettömän lääkärikäynnin odotusaika yli 7 päivää,timely_access,2023,HVA-10,Kymenlaakson hyvinvointialue,wellbeing_area,56.6,12053,PERCENT_OF_REALIZED_VISITS,lower_is_better,6411,thl_sotkanet_indicator_6411,https://sotkanet.fi/sotkanet/fi/metadata/indicators/6411,2026-08-18
primary_care_wait_over_7d_pct,Kiireettömän lääkärikäynnin odotusaika yli 7 päivää,timely_access,2024,HVA-10,Kymenlaakson hyvinvointialue,wellbeing_area,47.8,9031,PERCENT_OF_REALIZED_VISITS,lower_is_better,6411,thl_sotkanet_indicator_6411,https://sotkanet.fi/sotkanet/fi/metadata/indicators/6411,2026-08-18
primary_care_wait_over_7d_pct,Kiireettömän lääkärikäynnin odotusaika yli 7 päivää,timely_access,2025,HVA-10,Kymenlaakson hyvinvointialue,wellbeing_area,61.8,8969,PERCENT_OF_REALIZED_VISITS,lower_is_better,6411,thl_sotkanet_indicator_6411,https://sotkanet.fi/sotkanet/fi/metadata/indicators/6411,2026-08-18
primary_care_wait_over_7d_pct,Kiireettömän lääkärikäynnin odotusaika yli 7 päivää,timely_access,2021,HVA-11,Etelä-Karjalan hyvinvointialue,wellbeing_area,57.8,4230,PERCENT_OF_REALIZED_VISITS,lower_is_better,6411,thl_sotkanet_indicator_6411,https://sotkanet.fi/sotkanet/fi/metadata/indicators/6411,2026-08-18
primary_care_wait_over_7d_pct,Kiireettömän lääkärikäynnin odotusaika yli 7 päivää,timely_access,2022,HVA-11,Etelä-Karjalan hyvinvointialue,wellbeing_area,61.7,5539,PERCENT_OF_REALIZED_VISITS,lower_is_better,6411,thl_sotkanet_indicator_6411,https://sotkanet.fi/sotkanet/fi/metadata/indicators/6411,2026-08-18
primary_care_wait_over_7d_pct,Kiireettömän lääkärikäynnin odotusaika yli 7 päivää,timely_access,2023,HVA-11,Etelä-Karjalan hyvinvointialue,wellbeing_area,53.3,5046,PERCENT_OF_REALIZED_VISITS,lower_is_better,6411,thl_sotkanet_indicator_6411,https://sotkanet.fi/sotkanet/fi/metadata/indicators/6411,2026-08-18
primary_care_wait_over_7d_pct,Kiireettömän lääkärikäynnin odotusaika yli 7 päivää,timely_access,2024,HVA-11,Etelä-Karjalan hyvinvointialue,wellbeing_area,47.7,4092,PERCENT_OF_REALIZED_VISITS,lower_is_better,6411,thl_sotkanet_indicator_6411,https://sotkanet.fi/sotkanet/fi/metadata/indicators/6411,2026-08-18
primary_care_wait_over_7d_pct,Kiireettömän lääkärikäynnin odotusaika yli 7 päivää,timely_access,2025,HVA-11,Etelä-Karjalan hyvinvointialue,wellbeing_area,60.3,5744,PERCENT_OF_REALIZED_VISITS,lower_is_better,6411,thl_sotkanet_indicator_6411,https://sotkanet.fi/sotkanet/fi/metadata/indicators/6411,2026-08-18
primary_care_wait_over_7d_pct,Kiireettömän lääkärikäynnin odotusaika yli 7 päivää,timely_access,2021,HVA-12,Etelä-Savon hyvinvointialue,wellbeing_area,43.8,4827,PERCENT_OF_REALIZED_VISITS,lower_is_better,6411,thl_sotkanet_indicator_6411,https://sotkanet.fi/sotkanet/fi/metadata/indicators/6411,2026-08-18
primary_care_wait_over_7d_pct,Kiireettömän lääkärikäynnin odotusaika yli 7 päivää,timely_access,2022,HVA-12,Etelä-Savon hyvinvointialue,wellbeing_area,55.0,4561,PERCENT_OF_REALIZED_VISITS,lower_is_better,6411,thl_sotkanet_indicator_6411,https://sotkanet.fi/sotkanet/fi/metadata/indicators/6411,2026-08-18
primary_care_wait_over_7d_pct,Kiireettömän lääkärikäynnin odotusaika yli 7 päivää,timely_access,2023,HVA-12,Etelä-Savon hyvinvointialue,wellbeing_area,57.4,4280,PERCENT_OF_REALIZED_VISITS,lower_is_better,6411,thl_sotkanet_indicator_6411,https://sotkanet.fi/sotkanet/fi/metadata/indicators/6411,2026-08-18
primary_care_wait_over_7d_pct,Kiireettömän lääkärikäynnin odotusaika yli 7 päivää,timely_access,2024,HVA-12,Etelä-Savon hyvinvointialue,wellbeing_area,50.0,4000,PERCENT_OF_REALIZED_VISITS,lower_is_better,6411,thl_sotkanet_indicator_6411,https://sotkanet.fi/sotkanet/fi/metadata/indicators/6411,2026-08-18
primary_care_wait_over_7d_pct,Kiireettömän lääkärikäynnin odotusaika yli 7 päivää,timely_access,2025,HVA-12,Etelä-Savon hyvinvointialue,wellbeing_area,69.7,4361,PERCENT_OF_REALIZED_VISITS,lower_is_better,6411,thl_sotkanet_indicator_6411,https://sotkanet.fi/sotkanet/fi/metadata/indicators/6411,2026-08-18
primary_care_wait_over_7d_pct,Kiireettömän lääkärikäynnin odotusaika yli 7 päivää,timely_access,2021,HVA-13,Pohjois-Savon hyvinvointialue,wellbeing_area,60.6,19061,PERCENT_OF_REALIZED_VISITS,lower_is_better,6411,thl_sotkanet_indicator_6411,https://sotkanet.fi/sotkanet/fi/metadata/indicators/6411,2026-08-18
primary_care_wait_over_7d_pct,Kiireettömän lääkärikäynnin odotusaika yli 7 päivää,timely_access,2022,HVA-13,Pohjois-Savon hyvinvointialue,wellbeing_area,66.2,18480,PERCENT_OF_REALIZED_VISITS,lower_is_better,6411,thl_sotkanet_indicator_6411,https://sotkanet.fi/sotkanet/fi/metadata/indicators/6411,2026-08-18
primary_care_wait_over_7d_pct,Kiireettömän lääkärikäynnin odotusaika yli 7 päivää,timely_access,2023,HVA-13,Pohjois-Savon hyvinvointialue,wellbeing_area,64.6,21932,PERCENT_OF_REALIZED_VISITS,lower_is_better,6411,thl_sotkanet_indicator_6411,https://sotkanet.fi/sotkanet/fi/metadata/indicators/6411,2026-08-18
primary_care_wait_over_7d_pct,Kiireettömän lääkärikäynnin odotusaika yli 7 päivää,timely_access,2024,HVA-13,Pohjois-Savon hyvinvointialue,wellbeing_area,57.9,48483,PERCENT_OF_REALIZED_VISITS,lower_is_better,6411,thl_sotkanet_indicator_6411,https://sotkanet.fi/sotkanet/fi/metadata/indicators/6411,2026-08-18
primary_care_wait_over_7d_pct,Kiireettömän lääkärikäynnin odotusaika yli 7 päivää,timely_access,2025,HVA-13,Pohjois-Savon hyvinvointialue,wellbeing_area,60.5,55585,PERCENT_OF_REALIZED_VISITS,lower_is_better,6411,thl_sotkanet_indicator_6411,https://sotkanet.fi/sotkanet/fi/metadata/indicators/6411,2026-08-18
primary_care_wait_over_7d_pct,Kiireettömän lääkärikäynnin odotusaika yli 7 päivää,timely_access,2021,HVA-14,Pohjois-Karjalan hyvinvointialue,wellbeing_area,12.5,5270,PERCENT_OF_REALIZED_VISITS,lower_is_better,6411,thl_sotkanet_indicator_6411,https://sotkanet.fi/sotkanet/fi/metadata/indicators/6411,2026-08-18
primary_care_wait_over_7d_pct,Kiireettömän lääkärikäynnin odotusaika yli 7 päivää,timely_access,2022,HVA-14,Pohjois-Karjalan hyvinvointialue,wellbeing_area,22.5,12036,PERCENT_OF_REALIZED_VISITS,lower_is_better,6411,thl_sotkanet_indicator_6411,https://sotkanet.fi/sotkanet/fi/metadata/indicators/6411,2026-08-18
primary_care_wait_over_7d_pct,Kiireettömän lääkärikäynnin odotusaika yli 7 päivää,timely_access,2023,HVA-14,Pohjois-Karjalan hyvinvointialue,wellbeing_area,22.1,7761,PERCENT_OF_REALIZED_VISITS,lower_is_better,6411,thl_sotkanet_indicator_6411,https://sotkanet.fi/sotkanet/fi/metadata/indicators/6411,2026-08-18
primary_care_wait_over_7d_pct,Kiireettömän lääkärikäynnin odotusaika yli 7 päivää,timely_access,2024,HVA-14,Pohjois-Karjalan hyvinvointialue,wellbeing_area,21.1,9870,PERCENT_OF_REALIZED_VISITS,lower_is_better,6411,thl_sotkanet_indicator_6411,https://sotkanet.fi/sotkanet/fi/metadata/indicators/6411,2026-08-18
primary_care_wait_over_7d_pct,Kiireettömän lääkärikäynnin odotusaika yli 7 päivää,timely_access,2025,HVA-14,Pohjois-Karjalan hyvinvointialue,wellbeing_area,59.3,15688,PERCENT_OF_REALIZED_VISITS,lower_is_better,6411,thl_sotkanet_indicator_6411,https://sotkanet.fi/sotkanet/fi/metadata/indicators/6411,2026-08-18
primary_care_wait_over_7d_pct,Kiireettömän lääkärikäynnin odotusaika yli 7 päivää,timely_access,2021,HVA-15,Keski-Suomen hyvinvointialue,wellbeing_area,52.1,8266,PERCENT_OF_REALIZED_VISITS,lower_is_better,6411,thl_sotkanet_indicator_6411,https://sotkanet.fi/sotkanet/fi/metadata/indicators/6411,2026-08-18
primary_care_wait_over_7d_pct,Kiireettömän lääkärikäynnin odotusaika yli 7 päivää,timely_access,2022,HVA-15,Keski-Suomen hyvinvointialue,wellbeing_area,51.0,7441,PERCENT_OF_REALIZED_VISITS,lower_is_better,6411,thl_sotkanet_indicator_6411,https://sotkanet.fi/sotkanet/fi/metadata/indicators/6411,2026-08-18
primary_care_wait_over_7d_pct,Kiireettömän lääkärikäynnin odotusaika yli 7 päivää,timely_access,2023,HVA-15,Keski-Suomen hyvinvointialue,wellbeing_area,55.3,13881,PERCENT_OF_REALIZED_VISITS,lower_is_better,6411,thl_sotkanet_indicator_6411,https://sotkanet.fi/sotkanet/fi/metadata/indicators/6411,2026-08-18
primary_care_wait_over_7d_pct,Kiireettömän lääkärikäynnin odotusaika yli 7 päivää,timely_access,2024,HVA-15,Keski-Suomen hyvinvointialue,wellbeing_area,55.2,23697,PERCENT_OF_REALIZED_VISITS,lower_is_better,6411,thl_sotkanet_indicator_6411,https://sotkanet.fi/sotkanet/fi/metadata/indicators/6411,2026-08-18
primary_care_wait_over_7d_pct,Kiireettömän lääkärikäynnin odotusaika yli 7 päivää,timely_access,2025,HVA-15,Keski-Suomen hyvinvointialue,wellbeing_area,73.5,20207,PERCENT_OF_REALIZED_VISITS,lower_is_better,6411,thl_sotkanet_indicator_6411,https://sotkanet.fi/sotkanet/fi/metadata/indicators/6411,2026-08-18
primary_care_wait_over_7d_pct,Kiireettömän lääkärikäynnin odotusaika yli 7 päivää,timely_access,2021,HVA-16,Etelä-Pohjanmaan hyvinvointialue,wellbeing_area,45.6,2398,PERCENT_OF_REALIZED_VISITS,lower_is_better,6411,thl_sotkanet_indicator_6411,https://sotkanet.fi/sotkanet/fi/metadata/indicators/6411,2026-08-18
primary_care_wait_over_7d_pct,Kiireettömän lääkärikäynnin odotusaika yli 7 päivää,timely_access,2022,HVA-16,Etelä-Pohjanmaan hyvinvointialue,wellbeing_area,41.1,4751,PERCENT_OF_REALIZED_VISITS,lower_is_better,6411,thl_sotkanet_indicator_6411,https://sotkanet.fi/sotkanet/fi/metadata/indicators/6411,2026-08-18
primary_care_wait_over_7d_pct,Kiireettömän lääkärikäynnin odotusaika yli 7 päivää,timely_access,2023,HVA-16,Etelä-Pohjanmaan hyvinvointialue,wellbeing_area,26.1,6514,PERCENT_OF_REALIZED_VISITS,lower_is_better,6411,thl_sotkanet_indicator_6411,https://sotkanet.fi/sotkanet/fi/metadata/indicators/6411,2026-08-18
primary_care_wait_over_7d_pct,Kiireettömän lääkärikäynnin odotusaika yli 7 päivää,timely_access,2024,HVA-16,Etelä-Pohjanmaan hyvinvointialue,wellbeing_area,38.6,11524,PERCENT_OF_REALIZED_VISITS,lower_is_better,6411,thl_sotkanet_indicator_6411,https://sotkanet.fi/sotkanet/fi/metadata/indicators/6411,2026-08-18
primary_care_wait_over_7d_pct,Kiireettömän lääkärikäynnin odotusaika yli 7 päivää,timely_access,2025,HVA-16,Etelä-Pohjanmaan hyvinvointialue,wellbeing_area,67.8,10605,PERCENT_OF_REALIZED_VISITS,lower_is_better,6411,thl_sotkanet_indicator_6411,https://sotkanet.fi/sotkanet/fi/metadata/indicators/6411,2026-08-18
primary_care_wait_over_7d_pct,Kiireettömän lääkärikäynnin odotusaika yli 7 päivää,timely_access,2021,HVA-17,Pohjanmaan hyvinvointialue,wellbeing_area,39.4,5553,PERCENT_OF_REALIZED_VISITS,lower_is_better,6411,thl_sotkanet_indicator_6411,https://sotkanet.fi/sotkanet/fi/metadata/indicators/6411,2026-08-18
primary_care_wait_over_7d_pct,Kiireettömän lääkärikäynnin odotusaika yli 7 päivää,timely_access,2022,HVA-17,Pohjanmaan hyvinvointialue,wellbeing_area,35.7,6619,PERCENT_OF_REALIZED_VISITS,lower_is_better,6411,thl_sotkanet_indicator_6411,https://sotkanet.fi/sotkanet/fi/metadata/indicators/6411,2026-08-18
primary_care_wait_over_7d_pct,Kiireettömän lääkärikäynnin odotusaika yli 7 päivää,timely_access,2023,HVA-17,Pohjanmaan hyvinvointialue,wellbeing_area,38.0,8960,PERCENT_OF_REALIZED_VISITS,lower_is_better,6411,thl_sotkanet_indicator_6411,https://sotkanet.fi/sotkanet/fi/metadata/indicators/6411,2026-08-18
primary_care_wait_over_7d_pct,Kiireettömän lääkärikäynnin odotusaika yli 7 päivää,timely_access,2024,HVA-17,Pohjanmaan hyvinvointialue,wellbeing_area,43.8,11604,PERCENT_OF_REALIZED_VISITS,lower_is_better,6411,thl_sotkanet_indicator_6411,https://sotkanet.fi/sotkanet/fi/metadata/indicators/6411,2026-08-18
primary_care_wait_over_7d_pct,Kiireettömän lääkärikäynnin odotusaika yli 7 päivää,timely_access,2025,HVA-17,Pohjanmaan hyvinvointialue,wellbeing_area,56.7,4811,PERCENT_OF_REALIZED_VISITS,lower_is_better,6411,thl_sotkanet_indicator_6411,https://sotkanet.fi/sotkanet/fi/metadata/indicators/6411,2026-08-18
primary_care_wait_over_7d_pct,Kiireettömän lääkärikäynnin odotusaika yli 7 päivää,timely_access,2021,HVA-18,Keski-Pohjanmaan hyvinvointialue,wellbeing_area,22.8,532,PERCENT_OF_REALIZED_VISITS,lower_is_better,6411,thl_sotkanet_indicator_6411,https://sotkanet.fi/sotkanet/fi/metadata/indicators/6411,2026-08-18
primary_care_wait_over_7d_pct,Kiireettömän lääkärikäynnin odotusaika yli 7 päivää,timely_access,2022,HVA-18,Keski-Pohjanmaan hyvinvointialue,wellbeing_area,42.3,624,PERCENT_OF_REALIZED_VISITS,lower_is_better,6411,thl_sotkanet_indicator_6411,https://sotkanet.fi/sotkanet/fi/metadata/indicators/6411,2026-08-18
primary_care_wait_over_7d_pct,Kiireettömän lääkärikäynnin odotusaika yli 7 päivää,timely_access,2023,HVA-18,Keski-Pohjanmaan hyvinvointialue,wellbeing_area,49.5,2219,PERCENT_OF_REALIZED_VISITS,lower_is_better,6411,thl_sotkanet_indicator_6411,https://sotkanet.fi/sotkanet/fi/metadata/indicators/6411,2026-08-18
primary_care_wait_over_7d_pct,Kiireettömän lääkärikäynnin odotusaika yli 7 päivää,timely_access,2024,HVA-18,Keski-Pohjanmaan hyvinvointialue,wellbeing_area,65.0,2248,PERCENT_OF_REALIZED_VISITS,lower_is_better,6411,thl_sotkanet_indicator_6411,https://sotkanet.fi/sotkanet/fi/metadata/indicators/6411,2026-08-18
primary_care_wait_over_7d_pct,Kiireettömän lääkärikäynnin odotusaika yli 7 päivää,timely_access,2025,HVA-18,Keski-Pohjanmaan hyvinvointialue,wellbeing_area,52.9,4198,PERCENT_OF_REALIZED_VISITS,lower_is_better,6411,thl_sotkanet_indicator_6411,https://sotkanet.fi/sotkanet/fi/metadata/indicators/6411,2026-08-18
primary_care_wait_over_7d_pct,Kiireettömän lääkärikäynnin odotusaika yli 7 päivää,timely_access,2021,HVA-19,Pohjois-Pohjanmaan hyvinvointialue,wellbeing_area,44.3,8840,PERCENT_OF_REALIZED_VISITS,lower_is_better,6411,thl_sotkanet_indicator_6411,https://sotkanet.fi/sotkanet/fi/metadata/indicators/6411,2026-08-18
primary_care_wait_over_7d_pct,Kiireettömän lääkärikäynnin odotusaika yli 7 päivää,timely_access,2022,HVA-19,Pohjois-Pohjanmaan hyvinvointialue,wellbeing_area,53.1,22560,PERCENT_OF_REALIZED_VISITS,lower_is_better,6411,thl_sotkanet_indicator_6411,https://sotkanet.fi/sotkanet/fi/metadata/indicators/6411,2026-08-18
primary_care_wait_over_7d_pct,Kiireettömän lääkärikäynnin odotusaika yli 7 päivää,timely_access,2023,HVA-19,Pohjois-Pohjanmaan hyvinvointialue,wellbeing_area,63.0,37704,PERCENT_OF_REALIZED_VISITS,lower_is_better,6411,thl_sotkanet_indicator_6411,https://sotkanet.fi/sotkanet/fi/metadata/indicators/6411,2026-08-18
primary_care_wait_over_7d_pct,Kiireettömän lääkärikäynnin odotusaika yli 7 päivää,timely_access,2024,HVA-19,Pohjois-Pohjanmaan hyvinvointialue,wellbeing_area,60.9,26961,PERCENT_OF_REALIZED_VISITS,lower_is_better,6411,thl_sotkanet_indicator_6411,https://sotkanet.fi/sotkanet/fi/metadata/indicators/6411,2026-08-18
primary_care_wait_over_7d_pct,Kiireettömän lääkärikäynnin odotusaika yli 7 päivää,timely_access,2025,HVA-19,Pohjois-Pohjanmaan hyvinvointialue,wellbeing_area,63.3,22032,PERCENT_OF_REALIZED_VISITS,lower_is_better,6411,thl_sotkanet_indicator_6411,https://sotkanet.fi/sotkanet/fi/metadata/indicators/6411,2026-08-18
primary_care_wait_over_7d_pct,Kiireettömän lääkärikäynnin odotusaika yli 7 päivää,timely_access,2021,HVA-20,Kainuun hyvinvointialue,wellbeing_area,21.2,24,PERCENT_OF_REALIZED_VISITS,lower_is_better,6411,thl_sotkanet_indicator_6411,https://sotkanet.fi/sotkanet/fi/metadata/indicators/6411,2026-08-18
primary_care_wait_over_7d_pct,Kiireettömän lääkärikäynnin odotusaika yli 7 päivää,timely_access,2022,HVA-20,Kainuun hyvinvointialue,wellbeing_area,18.8,32,PERCENT_OF_REALIZED_VISITS,lower_is_better,6411,thl_sotkanet_indicator_6411,https://sotkanet.fi/sotkanet/fi/metadata/indicators/6411,2026-08-18
primary_care_wait_over_7d_pct,Kiireettömän lääkärikäynnin odotusaika yli 7 päivää,timely_access,2023,HVA-20,Kainuun hyvinvointialue,wellbeing_area,26.0,106,PERCENT_OF_REALIZED_VISITS,lower_is_better,6411,thl_sotkanet_indicator_6411,https://sotkanet.fi/sotkanet/fi/metadata/indicators/6411,2026-08-18
primary_care_wait_over_7d_pct,Kiireettömän lääkärikäynnin odotusaika yli 7 päivää,timely_access,2024,HVA-20,Kainuun hyvinvointialue,wellbeing_area,27.1,177,PERCENT_OF_REALIZED_VISITS,lower_is_better,6411,thl_sotkanet_indicator_6411,https://sotkanet.fi/sotkanet/fi/metadata/indicators/6411,2026-08-18
primary_care_wait_over_7d_pct,Kiireettömän lääkärikäynnin odotusaika yli 7 päivää,timely_access,2025,HVA-20,Kainuun hyvinvointialue,wellbeing_area,38.4,984,PERCENT_OF_REALIZED_VISITS,lower_is_better,6411,thl_sotkanet_indicator_6411,https://sotkanet.fi/sotkanet/fi/metadata/indicators/6411,2026-08-18
primary_care_wait_over_7d_pct,Kiireettömän lääkärikäynnin odotusaika yli 7 päivää,timely_access,2021,HVA-21,Lapin hyvinvointialue,wellbeing_area,43.1,12335,PERCENT_OF_REALIZED_VISITS,lower_is_better,6411,thl_sotkanet_indicator_6411,https://sotkanet.fi/sotkanet/fi/metadata/indicators/6411,2026-08-18
primary_care_wait_over_7d_pct,Kiireettömän lääkärikäynnin odotusaika yli 7 päivää,timely_access,2022,HVA-21,Lapin hyvinvointialue,wellbeing_area,38.6,10740,PERCENT_OF_REALIZED_VISITS,lower_is_better,6411,thl_sotkanet_indicator_6411,https://sotkanet.fi/sotkanet/fi/metadata/indicators/6411,2026-08-18
primary_care_wait_over_7d_pct,Kiireettömän lääkärikäynnin odotusaika yli 7 päivää,timely_access,2023,HVA-21,Lapin hyvinvointialue,wellbeing_area,45.3,16713,PERCENT_OF_REALIZED_VISITS,lower_is_better,6411,thl_sotkanet_indicator_6411,https://sotkanet.fi/sotkanet/fi/metadata/indicators/6411,2026-08-18
primary_care_wait_over_7d_pct,Kiireettömän lääkärikäynnin odotusaika yli 7 päivää,timely_access,2024,HVA-21,Lapin hyvinvointialue,wellbeing_area,39.5,21862,PERCENT_OF_REALIZED_VISITS,lower_is_better,6411,thl_sotkanet_indicator_6411,https://sotkanet.fi/sotkanet/fi/metadata/indicators/6411,2026-08-18
primary_care_wait_over_7d_pct,Kiireettömän lääkärikäynnin odotusaika yli 7 päivää,timely_access,2025,HVA-21,Lapin hyvinvointialue,wellbeing_area,48.6,24079,PERCENT_OF_REALIZED_VISITS,lower_is_better,6411,thl_sotkanet_indicator_6411,https://sotkanet.fi/sotkanet/fi/metadata/indicators/6411,2026-08-18
primary_care_wait_over_7d_pct,Kiireettömän lääkärikäynnin odotusaika yli 7 päivää,timely_access,2021,HVA-90,Helsingin kaupunki,wellbeing_area,31.1,40130,PERCENT_OF_REALIZED_VISITS,lower_is_better,6411,thl_sotkanet_indicator_6411,https://sotkanet.fi/sotkanet/fi/metadata/indicators/6411,2026-08-18
primary_care_wait_over_7d_pct,Kiireettömän lääkärikäynnin odotusaika yli 7 päivää,timely_access,2022,HVA-90,Helsingin kaupunki,wellbeing_area,42.5,38002,PERCENT_OF_REALIZED_VISITS,lower_is_better,6411,thl_sotkanet_indicator_6411,https://sotkanet.fi/sotkanet/fi/metadata/indicators/6411,2026-08-18
primary_care_wait_over_7d_pct,Kiireettömän lääkärikäynnin odotusaika yli 7 päivää,timely_access,2023,HVA-90,Helsingin kaupunki,wellbeing_area,66.6,26731,PERCENT_OF_REALIZED_VISITS,lower_is_better,6411,thl_sotkanet_indicator_6411,https://sotkanet.fi/sotkanet/fi/metadata/indicators/6411,2026-08-18
primary_care_wait_over_7d_pct,Kiireettömän lääkärikäynnin odotusaika yli 7 päivää,timely_access,2024,HVA-90,Helsingin kaupunki,wellbeing_area,66.5,47775,PERCENT_OF_REALIZED_VISITS,lower_is_better,6411,thl_sotkanet_indicator_6411,https://sotkanet.fi/sotkanet/fi/metadata/indicators/6411,2026-08-18
primary_care_wait_over_7d_pct,Kiireettömän lääkärikäynnin odotusaika yli 7 päivää,timely_access,2025,HVA-90,Helsingin kaupunki,wellbeing_area,75.9,64137,PERCENT_OF_REALIZED_VISITS,lower_is_better,6411,thl_sotkanet_indicator_6411,https://sotkanet.fi/sotkanet/fi/metadata/indicators/6411,2026-08-18
public_health_staff_per_10000,Julkisen terveydenhuollon henkilöstö yhteensä,workforce_context,2020,FI,Koko maa,country,244.6,135329,PER_10000_RESIDENTS,context_dependent,4604,thl_sotkanet_indicator_4604,https://sotkanet.fi/sotkanet/fi/metadata/indicators/4604,2026-08-18
public_health_staff_per_10000,Julkisen terveydenhuollon henkilöstö yhteensä,workforce_context,2021,FI,Koko maa,country,240.9,133677,PER_10000_RESIDENTS,context_dependent,4604,thl_sotkanet_indicator_4604,https://sotkanet.fi/sotkanet/fi/metadata/indicators/4604,2026-08-18
public_health_staff_per_10000,Julkisen terveydenhuollon henkilöstö yhteensä,workforce_context,2022,FI,Koko maa,country,240.9,134016,PER_10000_RESIDENTS,context_dependent,4604,thl_sotkanet_indicator_4604,https://sotkanet.fi/sotkanet/fi/metadata/indicators/4604,2026-08-18
public_health_staff_per_10000,Julkisen terveydenhuollon henkilöstö yhteensä,workforce_context,2023,FI,Koko maa,country,240.7,134857,PER_10000_RESIDENTS,context_dependent,4604,thl_sotkanet_indicator_4604,https://sotkanet.fi/sotkanet/fi/metadata/indicators/4604,2026-08-18
public_health_staff_per_10000,Julkisen terveydenhuollon henkilöstö yhteensä,workforce_context,2020,HVA-01,Itä-Uudenmaan hyvinvointialue,wellbeing_area,150.9,1483,PER_10000_RESIDENTS,context_dependent,4604,thl_sotkanet_indicator_4604,https://sotkanet.fi/sotkanet/fi/metadata/indicators/4604,2026-08-18
public_health_staff_per_10000,Julkisen terveydenhuollon henkilöstö yhteensä,workforce_context,2021,HVA-01,Itä-Uudenmaan hyvinvointialue,wellbeing_area,147.7,1463,PER_10000_RESIDENTS,context_dependent,4604,thl_sotkanet_indicator_4604,https://sotkanet.fi/sotkanet/fi/metadata/indicators/4604,2026-08-18
public_health_staff_per_10000,Julkisen terveydenhuollon henkilöstö yhteensä,workforce_context,2022,HVA-01,Itä-Uudenmaan hyvinvointialue,wellbeing_area,138.1,1367,PER_10000_RESIDENTS,context_dependent,4604,thl_sotkanet_indicator_4604,https://sotkanet.fi/sotkanet/fi/metadata/indicators/4604,2026-08-18
public_health_staff_per_10000,Julkisen terveydenhuollon henkilöstö yhteensä,workforce_context,2023,HVA-01,Itä-Uudenmaan hyvinvointialue,wellbeing_area,128.3,1270,PER_10000_RESIDENTS,context_dependent,4604,thl_sotkanet_indicator_4604,https://sotkanet.fi/sotkanet/fi/metadata/indicators/4604,2026-08-18
public_health_staff_per_10000,Julkisen terveydenhuollon henkilöstö yhteensä,workforce_context,2020,HVA-02,Keski-Uudenmaan hyvinvointialue,wellbeing_area,185.1,3689,PER_10000_RESIDENTS,context_dependent,4604,thl_sotkanet_indicator_4604,https://sotkanet.fi/sotkanet/fi/metadata/indicators/4604,2026-08-18
public_health_staff_per_10000,Julkisen terveydenhuollon henkilöstö yhteensä,workforce_context,2021,HVA-02,Keski-Uudenmaan hyvinvointialue,wellbeing_area,177.2,3577,PER_10000_RESIDENTS,context_dependent,4604,thl_sotkanet_indicator_4604,https://sotkanet.fi/sotkanet/fi/metadata/indicators/4604,2026-08-18
public_health_staff_per_10000,Julkisen terveydenhuollon henkilöstö yhteensä,workforce_context,2022,HVA-02,Keski-Uudenmaan hyvinvointialue,wellbeing_area,164.6,3345,PER_10000_RESIDENTS,context_dependent,4604,thl_sotkanet_indicator_4604,https://sotkanet.fi/sotkanet/fi/metadata/indicators/4604,2026-08-18
public_health_staff_per_10000,Julkisen terveydenhuollon henkilöstö yhteensä,workforce_context,2023,HVA-02,Keski-Uudenmaan hyvinvointialue,wellbeing_area,167.1,3432,PER_10000_RESIDENTS,context_dependent,4604,thl_sotkanet_indicator_4604,https://sotkanet.fi/sotkanet/fi/metadata/indicators/4604,2026-08-18
public_health_staff_per_10000,Julkisen terveydenhuollon henkilöstö yhteensä,workforce_context,2020,HVA-03,Länsi-Uudenmaan hyvinvointialue,wellbeing_area,142.9,6769,PER_10000_RESIDENTS,context_dependent,4604,thl_sotkanet_indicator_4604,https://sotkanet.fi/sotkanet/fi/metadata/indicators/4604,2026-08-18
public_health_staff_per_10000,Julkisen terveydenhuollon henkilöstö yhteensä,workforce_context,2021,HVA-03,Länsi-Uudenmaan hyvinvointialue,wellbeing_area,136.3,6526,PER_10000_RESIDENTS,context_dependent,4604,thl_sotkanet_indicator_4604,https://sotkanet.fi/sotkanet/fi/metadata/indicators/4604,2026-08-18
public_health_staff_per_10000,Julkisen terveydenhuollon henkilöstö yhteensä,workforce_context,2022,HVA-03,Länsi-Uudenmaan hyvinvointialue,wellbeing_area,132.4,6437,PER_10000_RESIDENTS,context_dependent,4604,thl_sotkanet_indicator_4604,https://sotkanet.fi/sotkanet/fi/metadata/indicators/4604,2026-08-18
public_health_staff_per_10000,Julkisen terveydenhuollon henkilöstö yhteensä,workforce_context,2023,HVA-03,Länsi-Uudenmaan hyvinvointialue,wellbeing_area,134.0,6633,PER_10000_RESIDENTS,context_dependent,4604,thl_sotkanet_indicator_4604,https://sotkanet.fi/sotkanet/fi/metadata/indicators/4604,2026-08-18
public_health_staff_per_10000,Julkisen terveydenhuollon henkilöstö yhteensä,workforce_context,2020,HVA-04,Vantaan ja Keravan hyvinvointialue,wellbeing_area,130.4,3576,PER_10000_RESIDENTS,context_dependent,4604,thl_sotkanet_indicator_4604,https://sotkanet.fi/sotkanet/fi/metadata/indicators/4604,2026-08-18
public_health_staff_per_10000,Julkisen terveydenhuollon henkilöstö yhteensä,workforce_context,2021,HVA-04,Vantaan ja Keravan hyvinvointialue,wellbeing_area,128.3,3547,PER_10000_RESIDENTS,context_dependent,4604,thl_sotkanet_indicator_4604,https://sotkanet.fi/sotkanet/fi/metadata/indicators/4604,2026-08-18
public_health_staff_per_10000,Julkisen terveydenhuollon henkilöstö yhteensä,workforce_context,2022,HVA-04,Vantaan ja Keravan hyvinvointialue,wellbeing_area,124.0,3478,PER_10000_RESIDENTS,context_dependent,4604,thl_sotkanet_indicator_4604,https://sotkanet.fi/sotkanet/fi/metadata/indicators/4604,2026-08-18
public_health_staff_per_10000,Julkisen terveydenhuollon henkilöstö yhteensä,workforce_context,2023,HVA-04,Vantaan ja Keravan hyvinvointialue,wellbeing_area,123.5,3527,PER_10000_RESIDENTS,context_dependent,4604,thl_sotkanet_indicator_4604,https://sotkanet.fi/sotkanet/fi/metadata/indicators/4604,2026-08-18
public_health_staff_per_10000,Julkisen terveydenhuollon henkilöstö yhteensä,workforce_context,2020,HVA-05,Varsinais-Suomen hyvinvointialue,wellbeing_area,282.3,13589,PER_10000_RESIDENTS,context_dependent,4604,thl_sotkanet_indicator_4604,https://sotkanet.fi/sotkanet/fi/metadata/indicators/4604,2026-08-18
public_health_staff_per_10000,Julkisen terveydenhuollon henkilöstö yhteensä,workforce_context,2021,HVA-05,Varsinais-Suomen hyvinvointialue,wellbeing_area,275.6,13324,PER_10000_RESIDENTS,context_dependent,4604,thl_sotkanet_indicator_4604,https://sotkanet.fi/sotkanet/fi/metadata/indicators/4604,2026-08-18
public_health_staff_per_10000,Julkisen terveydenhuollon henkilöstö yhteensä,workforce_context,2022,HVA-05,Varsinais-Suomen hyvinvointialue,wellbeing_area,269.2,13072,PER_10000_RESIDENTS,context_dependent,4604,thl_sotkanet_indicator_4604,https://sotkanet.fi/sotkanet/fi/metadata/indicators/4604,2026-08-18
public_health_staff_per_10000,Julkisen terveydenhuollon henkilöstö yhteensä,workforce_context,2023,HVA-05,Varsinais-Suomen hyvinvointialue,wellbeing_area,275.6,13524,PER_10000_RESIDENTS,context_dependent,4604,thl_sotkanet_indicator_4604,https://sotkanet.fi/sotkanet/fi/metadata/indicators/4604,2026-08-18
public_health_staff_per_10000,Julkisen terveydenhuollon henkilöstö yhteensä,workforce_context,2020,HVA-06,Satakunnan hyvinvointialue,wellbeing_area,255.1,5496,PER_10000_RESIDENTS,context_dependent,4604,thl_sotkanet_indicator_4604,https://sotkanet.fi/sotkanet/fi/metadata/indicators/4604,2026-08-18
public_health_staff_per_10000,Julkisen terveydenhuollon henkilöstö yhteensä,workforce_context,2021,HVA-06,Satakunnan hyvinvointialue,wellbeing_area,260.7,5586,PER_10000_RESIDENTS,context_dependent,4604,thl_sotkanet_indicator_4604,https://sotkanet.fi/sotkanet/fi/metadata/indicators/4604,2026-08-18
public_health_staff_per_10000,Julkisen terveydenhuollon henkilöstö yhteensä,workforce_context,2022,HVA-06,Satakunnan hyvinvointialue,wellbeing_area,262.8,5586,PER_10000_RESIDENTS,context_dependent,4604,thl_sotkanet_indicator_4604,https://sotkanet.fi/sotkanet/fi/metadata/indicators/4604,2026-08-18
public_health_staff_per_10000,Julkisen terveydenhuollon henkilöstö yhteensä,workforce_context,2023,HVA-06,Satakunnan hyvinvointialue,wellbeing_area,231.5,4901,PER_10000_RESIDENTS,context_dependent,4604,thl_sotkanet_indicator_4604,https://sotkanet.fi/sotkanet/fi/metadata/indicators/4604,2026-08-18
public_health_staff_per_10000,Julkisen terveydenhuollon henkilöstö yhteensä,workforce_context,2020,HVA-07,Kanta-Hämeen hyvinvointialue,wellbeing_area,192.6,3285,PER_10000_RESIDENTS,context_dependent,4604,thl_sotkanet_indicator_4604,https://sotkanet.fi/sotkanet/fi/metadata/indicators/4604,2026-08-18
public_health_staff_per_10000,Julkisen terveydenhuollon henkilöstö yhteensä,workforce_context,2021,HVA-07,Kanta-Hämeen hyvinvointialue,wellbeing_area,193.2,3288,PER_10000_RESIDENTS,context_dependent,4604,thl_sotkanet_indicator_4604,https://sotkanet.fi/sotkanet/fi/metadata/indicators/4604,2026-08-18
public_health_staff_per_10000,Julkisen terveydenhuollon henkilöstö yhteensä,workforce_context,2022,HVA-07,Kanta-Hämeen hyvinvointialue,wellbeing_area,185.3,3142,PER_10000_RESIDENTS,context_dependent,4604,thl_sotkanet_indicator_4604,https://sotkanet.fi/sotkanet/fi/metadata/indicators/4604,2026-08-18
public_health_staff_per_10000,Julkisen terveydenhuollon henkilöstö yhteensä,workforce_context,2023,HVA-07,Kanta-Hämeen hyvinvointialue,wellbeing_area,200.1,3392,PER_10000_RESIDENTS,context_dependent,4604,thl_sotkanet_indicator_4604,https://sotkanet.fi/sotkanet/fi/metadata/indicators/4604,2026-08-18
public_health_staff_per_10000,Julkisen terveydenhuollon henkilöstö yhteensä,workforce_context,2020,HVA-08,Pirkanmaan hyvinvointialue,wellbeing_area,213.9,11186,PER_10000_RESIDENTS,context_dependent,4604,thl_sotkanet_indicator_4604,https://sotkanet.fi/sotkanet/fi/metadata/indicators/4604,2026-08-18
public_health_staff_per_10000,Julkisen terveydenhuollon henkilöstö yhteensä,workforce_context,2021,HVA-08,Pirkanmaan hyvinvointialue,wellbeing_area,222.2,11723,PER_10000_RESIDENTS,context_dependent,4604,thl_sotkanet_indicator_4604,https://sotkanet.fi/sotkanet/fi/metadata/indicators/4604,2026-08-18
public_health_staff_per_10000,Julkisen terveydenhuollon henkilöstö yhteensä,workforce_context,2022,HVA-08,Pirkanmaan hyvinvointialue,wellbeing_area,218.2,11621,PER_10000_RESIDENTS,context_dependent,4604,thl_sotkanet_indicator_4604,https://sotkanet.fi/sotkanet/fi/metadata/indicators/4604,2026-08-18
public_health_staff_per_10000,Julkisen terveydenhuollon henkilöstö yhteensä,workforce_context,2023,HVA-08,Pirkanmaan hyvinvointialue,wellbeing_area,212.7,11472,PER_10000_RESIDENTS,context_dependent,4604,thl_sotkanet_indicator_4604,https://sotkanet.fi/sotkanet/fi/metadata/indicators/4604,2026-08-18
public_health_staff_per_10000,Julkisen terveydenhuollon henkilöstö yhteensä,workforce_context,2020,HVA-09,Päijät-Hämeen hyvinvointialue,wellbeing_area,226.1,4653,PER_10000_RESIDENTS,context_dependent,4604,thl_sotkanet_indicator_4604,https://sotkanet.fi/sotkanet/fi/metadata/indicators/4604,2026-08-18
public_health_staff_per_10000,Julkisen terveydenhuollon henkilöstö yhteensä,workforce_context,2021,HVA-09,Päijät-Hämeen hyvinvointialue,wellbeing_area,219.0,4493,PER_10000_RESIDENTS,context_dependent,4604,thl_sotkanet_indicator_4604,https://sotkanet.fi/sotkanet/fi/metadata/indicators/4604,2026-08-18
public_health_staff_per_10000,Julkisen terveydenhuollon henkilöstö yhteensä,workforce_context,2022,HVA-09,Päijät-Hämeen hyvinvointialue,wellbeing_area,229.4,4691,PER_10000_RESIDENTS,context_dependent,4604,thl_sotkanet_indicator_4604,https://sotkanet.fi/sotkanet/fi/metadata/indicators/4604,2026-08-18
public_health_staff_per_10000,Julkisen terveydenhuollon henkilöstö yhteensä,workforce_context,2023,HVA-09,Päijät-Hämeen hyvinvointialue,wellbeing_area,197.3,4035,PER_10000_RESIDENTS,context_dependent,4604,thl_sotkanet_indicator_4604,https://sotkanet.fi/sotkanet/fi/metadata/indicators/4604,2026-08-18
public_health_staff_per_10000,Julkisen terveydenhuollon henkilöstö yhteensä,workforce_context,2020,HVA-10,Kymenlaakson hyvinvointialue,wellbeing_area,206.6,3363,PER_10000_RESIDENTS,context_dependent,4604,thl_sotkanet_indicator_4604,https://sotkanet.fi/sotkanet/fi/metadata/indicators/4604,2026-08-18
public_health_staff_per_10000,Julkisen terveydenhuollon henkilöstö yhteensä,workforce_context,2021,HVA-10,Kymenlaakson hyvinvointialue,wellbeing_area,216.9,3501,PER_10000_RESIDENTS,context_dependent,4604,thl_sotkanet_indicator_4604,https://sotkanet.fi/sotkanet/fi/metadata/indicators/4604,2026-08-18
public_health_staff_per_10000,Julkisen terveydenhuollon henkilöstö yhteensä,workforce_context,2022,HVA-10,Kymenlaakson hyvinvointialue,wellbeing_area,210.0,3350,PER_10000_RESIDENTS,context_dependent,4604,thl_sotkanet_indicator_4604,https://sotkanet.fi/sotkanet/fi/metadata/indicators/4604,2026-08-18
public_health_staff_per_10000,Julkisen terveydenhuollon henkilöstö yhteensä,workforce_context,2023,HVA-10,Kymenlaakson hyvinvointialue,wellbeing_area,225.9,3584,PER_10000_RESIDENTS,context_dependent,4604,thl_sotkanet_indicator_4604,https://sotkanet.fi/sotkanet/fi/metadata/indicators/4604,2026-08-18
public_health_staff_per_10000,Julkisen terveydenhuollon henkilöstö yhteensä,workforce_context,2020,HVA-11,Etelä-Karjalan hyvinvointialue,wellbeing_area,224.7,2852,PER_10000_RESIDENTS,context_dependent,4604,thl_sotkanet_indicator_4604,https://sotkanet.fi/sotkanet/fi/metadata/indicators/4604,2026-08-18
public_health_staff_per_10000,Julkisen terveydenhuollon henkilöstö yhteensä,workforce_context,2021,HVA-11,Etelä-Karjalan hyvinvointialue,wellbeing_area,245.0,3089,PER_10000_RESIDENTS,context_dependent,4604,thl_sotkanet_indicator_4604,https://sotkanet.fi/sotkanet/fi/metadata/indicators/4604,2026-08-18
public_health_staff_per_10000,Julkisen terveydenhuollon henkilöstö yhteensä,workforce_context,2022,HVA-11,Etelä-Karjalan hyvinvointialue,wellbeing_area,249.8,3131,PER_10000_RESIDENTS,context_dependent,4604,thl_sotkanet_indicator_4604,https://sotkanet.fi/sotkanet/fi/metadata/indicators/4604,2026-08-18
public_health_staff_per_10000,Julkisen terveydenhuollon henkilöstö yhteensä,workforce_context,2023,HVA-11,Etelä-Karjalan hyvinvointialue,wellbeing_area,244.6,3061,PER_10000_RESIDENTS,context_dependent,4604,thl_sotkanet_indicator_4604,https://sotkanet.fi/sotkanet/fi/metadata/indicators/4604,2026-08-18
public_health_staff_per_10000,Julkisen terveydenhuollon henkilöstö yhteensä,workforce_context,2020,HVA-12,Etelä-Savon hyvinvointialue,wellbeing_area,332.5,4413,PER_10000_RESIDENTS,context_dependent,4604,thl_sotkanet_indicator_4604,https://sotkanet.fi/sotkanet/fi/metadata/indicators/4604,2026-08-18
public_health_staff_per_10000,Julkisen terveydenhuollon henkilöstö yhteensä,workforce_context,2021,HVA-12,Etelä-Savon hyvinvointialue,wellbeing_area,320.4,4219,PER_10000_RESIDENTS,context_dependent,4604,thl_sotkanet_indicator_4604,https://sotkanet.fi/sotkanet/fi/metadata/indicators/4604,2026-08-18
public_health_staff_per_10000,Julkisen terveydenhuollon henkilöstö yhteensä,workforce_context,2022,HVA-12,Etelä-Savon hyvinvointialue,wellbeing_area,350.6,4573,PER_10000_RESIDENTS,context_dependent,4604,thl_sotkanet_indicator_4604,https://sotkanet.fi/sotkanet/fi/metadata/indicators/4604,2026-08-18
public_health_staff_per_10000,Julkisen terveydenhuollon henkilöstö yhteensä,workforce_context,2023,HVA-12,Etelä-Savon hyvinvointialue,wellbeing_area,317.8,4129,PER_10000_RESIDENTS,context_dependent,4604,thl_sotkanet_indicator_4604,https://sotkanet.fi/sotkanet/fi/metadata/indicators/4604,2026-08-18
public_health_staff_per_10000,Julkisen terveydenhuollon henkilöstö yhteensä,workforce_context,2020,HVA-13,Pohjois-Savon hyvinvointialue,wellbeing_area,336.1,8345,PER_10000_RESIDENTS,context_dependent,4604,thl_sotkanet_indicator_4604,https://sotkanet.fi/sotkanet/fi/metadata/indicators/4604,2026-08-18
public_health_staff_per_10000,Julkisen terveydenhuollon henkilöstö yhteensä,workforce_context,2021,HVA-13,Pohjois-Savon hyvinvointialue,wellbeing_area,328.5,8158,PER_10000_RESIDENTS,context_dependent,4604,thl_sotkanet_indicator_4604,https://sotkanet.fi/sotkanet/fi/metadata/indicators/4604,2026-08-18
public_health_staff_per_10000,Julkisen terveydenhuollon henkilöstö yhteensä,workforce_context,2022,HVA-13,Pohjois-Savon hyvinvointialue,wellbeing_area,329.1,8152,PER_10000_RESIDENTS,context_dependent,4604,thl_sotkanet_indicator_4604,https://sotkanet.fi/sotkanet/fi/metadata/indicators/4604,2026-08-18
public_health_staff_per_10000,Julkisen terveydenhuollon henkilöstö yhteensä,workforce_context,2023,HVA-13,Pohjois-Savon hyvinvointialue,wellbeing_area,326.2,8096,PER_10000_RESIDENTS,context_dependent,4604,thl_sotkanet_indicator_4604,https://sotkanet.fi/sotkanet/fi/metadata/indicators/4604,2026-08-18
public_health_staff_per_10000,Julkisen terveydenhuollon henkilöstö yhteensä,workforce_context,2020,HVA-14,Pohjois-Karjalan hyvinvointialue,wellbeing_area,246.9,4037,PER_10000_RESIDENTS,context_dependent,4604,thl_sotkanet_indicator_4604,https://sotkanet.fi/sotkanet/fi/metadata/indicators/4604,2026-08-18
public_health_staff_per_10000,Julkisen terveydenhuollon henkilöstö yhteensä,workforce_context,2021,HVA-14,Pohjois-Karjalan hyvinvointialue,wellbeing_area,241.7,3947,PER_10000_RESIDENTS,context_dependent,4604,thl_sotkanet_indicator_4604,https://sotkanet.fi/sotkanet/fi/metadata/indicators/4604,2026-08-18
public_health_staff_per_10000,Julkisen terveydenhuollon henkilöstö yhteensä,workforce_context,2022,HVA-14,Pohjois-Karjalan hyvinvointialue,wellbeing_area,243.9,3964,PER_10000_RESIDENTS,context_dependent,4604,thl_sotkanet_indicator_4604,https://sotkanet.fi/sotkanet/fi/metadata/indicators/4604,2026-08-18
public_health_staff_per_10000,Julkisen terveydenhuollon henkilöstö yhteensä,workforce_context,2023,HVA-14,Pohjois-Karjalan hyvinvointialue,wellbeing_area,275.6,4473,PER_10000_RESIDENTS,context_dependent,4604,thl_sotkanet_indicator_4604,https://sotkanet.fi/sotkanet/fi/metadata/indicators/4604,2026-08-18
public_health_staff_per_10000,Julkisen terveydenhuollon henkilöstö yhteensä,workforce_context,2020,HVA-15,Keski-Suomen hyvinvointialue,wellbeing_area,203.2,5539,PER_10000_RESIDENTS,context_dependent,4604,thl_sotkanet_indicator_4604,https://sotkanet.fi/sotkanet/fi/metadata/indicators/4604,2026-08-18
public_health_staff_per_10000,Julkisen terveydenhuollon henkilöstö yhteensä,workforce_context,2021,HVA-15,Keski-Suomen hyvinvointialue,wellbeing_area,203.8,5558,PER_10000_RESIDENTS,context_dependent,4604,thl_sotkanet_indicator_4604,https://sotkanet.fi/sotkanet/fi/metadata/indicators/4604,2026-08-18
public_health_staff_per_10000,Julkisen terveydenhuollon henkilöstö yhteensä,workforce_context,2022,HVA-15,Keski-Suomen hyvinvointialue,wellbeing_area,203.0,5530,PER_10000_RESIDENTS,context_dependent,4604,thl_sotkanet_indicator_4604,https://sotkanet.fi/sotkanet/fi/metadata/indicators/4604,2026-08-18
public_health_staff_per_10000,Julkisen terveydenhuollon henkilöstö yhteensä,workforce_context,2023,HVA-15,Keski-Suomen hyvinvointialue,wellbeing_area,218.2,5962,PER_10000_RESIDENTS,context_dependent,4604,thl_sotkanet_indicator_4604,https://sotkanet.fi/sotkanet/fi/metadata/indicators/4604,2026-08-18
public_health_staff_per_10000,Julkisen terveydenhuollon henkilöstö yhteensä,workforce_context,2020,HVA-16,Etelä-Pohjanmaan hyvinvointialue,wellbeing_area,268.0,5149,PER_10000_RESIDENTS,context_dependent,4604,thl_sotkanet_indicator_4604,https://sotkanet.fi/sotkanet/fi/metadata/indicators/4604,2026-08-18
public_health_staff_per_10000,Julkisen terveydenhuollon henkilöstö yhteensä,workforce_context,2021,HVA-16,Etelä-Pohjanmaan hyvinvointialue,wellbeing_area,268.2,5143,PER_10000_RESIDENTS,context_dependent,4604,thl_sotkanet_indicator_4604,https://sotkanet.fi/sotkanet/fi/metadata/indicators/4604,2026-08-18
public_health_staff_per_10000,Julkisen terveydenhuollon henkilöstö yhteensä,workforce_context,2022,HVA-16,Etelä-Pohjanmaan hyvinvointialue,wellbeing_area,272.4,5196,PER_10000_RESIDENTS,context_dependent,4604,thl_sotkanet_indicator_4604,https://sotkanet.fi/sotkanet/fi/metadata/indicators/4604,2026-08-18
public_health_staff_per_10000,Julkisen terveydenhuollon henkilöstö yhteensä,workforce_context,2023,HVA-16,Etelä-Pohjanmaan hyvinvointialue,wellbeing_area,286.3,5455,PER_10000_RESIDENTS,context_dependent,4604,thl_sotkanet_indicator_4604,https://sotkanet.fi/sotkanet/fi/metadata/indicators/4604,2026-08-18
public_health_staff_per_10000,Julkisen terveydenhuollon henkilöstö yhteensä,workforce_context,2020,HVA-17,Pohjanmaan hyvinvointialue,wellbeing_area,247.6,4354,PER_10000_RESIDENTS,context_dependent,4604,thl_sotkanet_indicator_4604,https://sotkanet.fi/sotkanet/fi/metadata/indicators/4604,2026-08-18
public_health_staff_per_10000,Julkisen terveydenhuollon henkilöstö yhteensä,workforce_context,2021,HVA-17,Pohjanmaan hyvinvointialue,wellbeing_area,250.2,4405,PER_10000_RESIDENTS,context_dependent,4604,thl_sotkanet_indicator_4604,https://sotkanet.fi/sotkanet/fi/metadata/indicators/4604,2026-08-18
public_health_staff_per_10000,Julkisen terveydenhuollon henkilöstö yhteensä,workforce_context,2022,HVA-17,Pohjanmaan hyvinvointialue,wellbeing_area,276.7,4878,PER_10000_RESIDENTS,context_dependent,4604,thl_sotkanet_indicator_4604,https://sotkanet.fi/sotkanet/fi/metadata/indicators/4604,2026-08-18
public_health_staff_per_10000,Julkisen terveydenhuollon henkilöstö yhteensä,workforce_context,2023,HVA-17,Pohjanmaan hyvinvointialue,wellbeing_area,244.4,4340,PER_10000_RESIDENTS,context_dependent,4604,thl_sotkanet_indicator_4604,https://sotkanet.fi/sotkanet/fi/metadata/indicators/4604,2026-08-18
public_health_staff_per_10000,Julkisen terveydenhuollon henkilöstö yhteensä,workforce_context,2020,HVA-18,Keski-Pohjanmaan hyvinvointialue,wellbeing_area,371.7,2527,PER_10000_RESIDENTS,context_dependent,4604,thl_sotkanet_indicator_4604,https://sotkanet.fi/sotkanet/fi/metadata/indicators/4604,2026-08-18
public_health_staff_per_10000,Julkisen terveydenhuollon henkilöstö yhteensä,workforce_context,2021,HVA-18,Keski-Pohjanmaan hyvinvointialue,wellbeing_area,357.4,2427,PER_10000_RESIDENTS,context_dependent,4604,thl_sotkanet_indicator_4604,https://sotkanet.fi/sotkanet/fi/metadata/indicators/4604,2026-08-18
public_health_staff_per_10000,Julkisen terveydenhuollon henkilöstö yhteensä,workforce_context,2022,HVA-18,Keski-Pohjanmaan hyvinvointialue,wellbeing_area,377.7,2561,PER_10000_RESIDENTS,context_dependent,4604,thl_sotkanet_indicator_4604,https://sotkanet.fi/sotkanet/fi/metadata/indicators/4604,2026-08-18
public_health_staff_per_10000,Julkisen terveydenhuollon henkilöstö yhteensä,workforce_context,2023,HVA-18,Keski-Pohjanmaan hyvinvointialue,wellbeing_area,360.8,2444,PER_10000_RESIDENTS,context_dependent,4604,thl_sotkanet_indicator_4604,https://sotkanet.fi/sotkanet/fi/metadata/indicators/4604,2026-08-18
public_health_staff_per_10000,Julkisen terveydenhuollon henkilöstö yhteensä,workforce_context,2020,HVA-19,Pohjois-Pohjanmaan hyvinvointialue,wellbeing_area,293.8,12160,PER_10000_RESIDENTS,context_dependent,4604,thl_sotkanet_indicator_4604,https://sotkanet.fi/sotkanet/fi/metadata/indicators/4604,2026-08-18
public_health_staff_per_10000,Julkisen terveydenhuollon henkilöstö yhteensä,workforce_context,2021,HVA-19,Pohjois-Pohjanmaan hyvinvointialue,wellbeing_area,276.5,11493,PER_10000_RESIDENTS,context_dependent,4604,thl_sotkanet_indicator_4604,https://sotkanet.fi/sotkanet/fi/metadata/indicators/4604,2026-08-18
public_health_staff_per_10000,Julkisen terveydenhuollon henkilöstö yhteensä,workforce_context,2022,HVA-19,Pohjois-Pohjanmaan hyvinvointialue,wellbeing_area,283.5,11808,PER_10000_RESIDENTS,context_dependent,4604,thl_sotkanet_indicator_4604,https://sotkanet.fi/sotkanet/fi/metadata/indicators/4604,2026-08-18
public_health_staff_per_10000,Julkisen terveydenhuollon henkilöstö yhteensä,workforce_context,2023,HVA-19,Pohjois-Pohjanmaan hyvinvointialue,wellbeing_area,285.3,11931,PER_10000_RESIDENTS,context_dependent,4604,thl_sotkanet_indicator_4604,https://sotkanet.fi/sotkanet/fi/metadata/indicators/4604,2026-08-18
public_health_staff_per_10000,Julkisen terveydenhuollon henkilöstö yhteensä,workforce_context,2020,HVA-20,Kainuun hyvinvointialue,wellbeing_area,339.9,2436,PER_10000_RESIDENTS,context_dependent,4604,thl_sotkanet_indicator_4604,https://sotkanet.fi/sotkanet/fi/metadata/indicators/4604,2026-08-18
public_health_staff_per_10000,Julkisen terveydenhuollon henkilöstö yhteensä,workforce_context,2021,HVA-20,Kainuun hyvinvointialue,wellbeing_area,348.2,2481,PER_10000_RESIDENTS,context_dependent,4604,thl_sotkanet_indicator_4604,https://sotkanet.fi/sotkanet/fi/metadata/indicators/4604,2026-08-18
public_health_staff_per_10000,Julkisen terveydenhuollon henkilöstö yhteensä,workforce_context,2022,HVA-20,Kainuun hyvinvointialue,wellbeing_area,329.7,2325,PER_10000_RESIDENTS,context_dependent,4604,thl_sotkanet_indicator_4604,https://sotkanet.fi/sotkanet/fi/metadata/indicators/4604,2026-08-18
public_health_staff_per_10000,Julkisen terveydenhuollon henkilöstö yhteensä,workforce_context,2023,HVA-20,Kainuun hyvinvointialue,wellbeing_area,302.3,2121,PER_10000_RESIDENTS,context_dependent,4604,thl_sotkanet_indicator_4604,https://sotkanet.fi/sotkanet/fi/metadata/indicators/4604,2026-08-18
public_health_staff_per_10000,Julkisen terveydenhuollon henkilöstö yhteensä,workforce_context,2020,HVA-21,Lapin hyvinvointialue,wellbeing_area,239.8,4237,PER_10000_RESIDENTS,context_dependent,4604,thl_sotkanet_indicator_4604,https://sotkanet.fi/sotkanet/fi/metadata/indicators/4604,2026-08-18
public_health_staff_per_10000,Julkisen terveydenhuollon henkilöstö yhteensä,workforce_context,2021,HVA-21,Lapin hyvinvointialue,wellbeing_area,241.2,4257,PER_10000_RESIDENTS,context_dependent,4604,thl_sotkanet_indicator_4604,https://sotkanet.fi/sotkanet/fi/metadata/indicators/4604,2026-08-18
public_health_staff_per_10000,Julkisen terveydenhuollon henkilöstö yhteensä,workforce_context,2022,HVA-21,Lapin hyvinvointialue,wellbeing_area,248.3,4365,PER_10000_RESIDENTS,context_dependent,4604,thl_sotkanet_indicator_4604,https://sotkanet.fi/sotkanet/fi/metadata/indicators/4604,2026-08-18
public_health_staff_per_10000,Julkisen terveydenhuollon henkilöstö yhteensä,workforce_context,2023,HVA-21,Lapin hyvinvointialue,wellbeing_area,261.6,4608,PER_10000_RESIDENTS,context_dependent,4604,thl_sotkanet_indicator_4604,https://sotkanet.fi/sotkanet/fi/metadata/indicators/4604,2026-08-18
public_health_staff_per_10000,Julkisen terveydenhuollon henkilöstö yhteensä,workforce_context,2020,HVA-90,Helsingin kaupunki,wellbeing_area,322.0,21152,PER_10000_RESIDENTS,context_dependent,4604,thl_sotkanet_indicator_4604,https://sotkanet.fi/sotkanet/fi/metadata/indicators/4604,2026-08-18
public_health_staff_per_10000,Julkisen terveydenhuollon henkilöstö yhteensä,workforce_context,2021,HVA-90,Helsingin kaupunki,wellbeing_area,310.5,20442,PER_10000_RESIDENTS,context_dependent,4604,thl_sotkanet_indicator_4604,https://sotkanet.fi/sotkanet/fi/metadata/indicators/4604,2026-08-18
public_health_staff_per_10000,Julkisen terveydenhuollon henkilöstö yhteensä,workforce_context,2022,HVA-90,Helsingin kaupunki,wellbeing_area,307.8,20442,PER_10000_RESIDENTS,context_dependent,4604,thl_sotkanet_indicator_4604,https://sotkanet.fi/sotkanet/fi/metadata/indicators/4604,2026-08-18
public_health_staff_per_10000,Julkisen terveydenhuollon henkilöstö yhteensä,workforce_context,2023,HVA-90,Helsingin kaupunki,wellbeing_area,318.0,21449,PER_10000_RESIDENTS,context_dependent,4604,thl_sotkanet_indicator_4604,https://sotkanet.fi/sotkanet/fi/metadata/indicators/4604,2026-08-18
public_health_staff_per_10000,Julkisen terveydenhuollon henkilöstö yhteensä,workforce_context,2020,HVA-91,Ahvenanmaa,wellbeing_area,344.9,1039,PER_10000_RESIDENTS,context_dependent,4604,thl_sotkanet_indicator_4604,https://sotkanet.fi/sotkanet/fi/metadata/indicators/4604,2026-08-18
public_health_staff_per_10000,Julkisen terveydenhuollon henkilöstö yhteensä,workforce_context,2021,HVA-91,Ahvenanmaa,wellbeing_area,339.4,1030,PER_10000_RESIDENTS,context_dependent,4604,thl_sotkanet_indicator_4604,https://sotkanet.fi/sotkanet/fi/metadata/indicators/4604,2026-08-18
public_health_staff_per_10000,Julkisen terveydenhuollon henkilöstö yhteensä,workforce_context,2022,HVA-91,Ahvenanmaa,wellbeing_area,330.1,1002,PER_10000_RESIDENTS,context_dependent,4604,thl_sotkanet_indicator_4604,https://sotkanet.fi/sotkanet/fi/metadata/indicators/4604,2026-08-18
public_health_staff_per_10000,Julkisen terveydenhuollon henkilöstö yhteensä,workforce_context,2023,HVA-91,Ahvenanmaa,wellbeing_area,333.3,1018,PER_10000_RESIDENTS,context_dependent,4604,thl_sotkanet_indicator_4604,https://sotkanet.fi/sotkanet/fi/metadata/indicators/4604,2026-08-18
self_rated_health_mediocre_or_worse_pct,Terveytensä keskitasoiseksi tai huonommaksi kokevat,experienced_health,2020,FI,Koko maa,country,36.8,,PERCENT,lower_is_better,4333,thl_sotkanet_indicator_4333,https://sotkanet.fi/sotkanet/fi/metadata/indicators/4333,2026-08-18
self_rated_health_mediocre_or_worse_pct,Terveytensä keskitasoiseksi tai huonommaksi kokevat,experienced_health,2022,FI,Koko maa,country,36.8,,PERCENT,lower_is_better,4333,thl_sotkanet_indicator_4333,https://sotkanet.fi/sotkanet/fi/metadata/indicators/4333,2026-08-18
self_rated_health_mediocre_or_worse_pct,Terveytensä keskitasoiseksi tai huonommaksi kokevat,experienced_health,2024,FI,Koko maa,country,37.4,,PERCENT,lower_is_better,4333,thl_sotkanet_indicator_4333,https://sotkanet.fi/sotkanet/fi/metadata/indicators/4333,2026-08-18
self_rated_health_mediocre_or_worse_pct,Terveytensä keskitasoiseksi tai huonommaksi kokevat,experienced_health,2020,HVA-01,Itä-Uudenmaan hyvinvointialue,wellbeing_area,37.0,,PERCENT,lower_is_better,4333,thl_sotkanet_indicator_4333,https://sotkanet.fi/sotkanet/fi/metadata/indicators/4333,2026-08-18
self_rated_health_mediocre_or_worse_pct,Terveytensä keskitasoiseksi tai huonommaksi kokevat,experienced_health,2022,HVA-01,Itä-Uudenmaan hyvinvointialue,wellbeing_area,36.0,,PERCENT,lower_is_better,4333,thl_sotkanet_indicator_4333,https://sotkanet.fi/sotkanet/fi/metadata/indicators/4333,2026-08-18
self_rated_health_mediocre_or_worse_pct,Terveytensä keskitasoiseksi tai huonommaksi kokevat,experienced_health,2024,HVA-01,Itä-Uudenmaan hyvinvointialue,wellbeing_area,36.9,,PERCENT,lower_is_better,4333,thl_sotkanet_indicator_4333,https://sotkanet.fi/sotkanet/fi/metadata/indicators/4333,2026-08-18
self_rated_health_mediocre_or_worse_pct,Terveytensä keskitasoiseksi tai huonommaksi kokevat,experienced_health,2020,HVA-02,Keski-Uudenmaan hyvinvointialue,wellbeing_area,34.4,,PERCENT,lower_is_better,4333,thl_sotkanet_indicator_4333,https://sotkanet.fi/sotkanet/fi/metadata/indicators/4333,2026-08-18
self_rated_health_mediocre_or_worse_pct,Terveytensä keskitasoiseksi tai huonommaksi kokevat,experienced_health,2022,HVA-02,Keski-Uudenmaan hyvinvointialue,wellbeing_area,36.5,,PERCENT,lower_is_better,4333,thl_sotkanet_indicator_4333,https://sotkanet.fi/sotkanet/fi/metadata/indicators/4333,2026-08-18
self_rated_health_mediocre_or_worse_pct,Terveytensä keskitasoiseksi tai huonommaksi kokevat,experienced_health,2024,HVA-02,Keski-Uudenmaan hyvinvointialue,wellbeing_area,36.3,,PERCENT,lower_is_better,4333,thl_sotkanet_indicator_4333,https://sotkanet.fi/sotkanet/fi/metadata/indicators/4333,2026-08-18
self_rated_health_mediocre_or_worse_pct,Terveytensä keskitasoiseksi tai huonommaksi kokevat,experienced_health,2020,HVA-03,Länsi-Uudenmaan hyvinvointialue,wellbeing_area,31.4,,PERCENT,lower_is_better,4333,thl_sotkanet_indicator_4333,https://sotkanet.fi/sotkanet/fi/metadata/indicators/4333,2026-08-18
self_rated_health_mediocre_or_worse_pct,Terveytensä keskitasoiseksi tai huonommaksi kokevat,experienced_health,2022,HVA-03,Länsi-Uudenmaan hyvinvointialue,wellbeing_area,31.3,,PERCENT,lower_is_better,4333,thl_sotkanet_indicator_4333,https://sotkanet.fi/sotkanet/fi/metadata/indicators/4333,2026-08-18
self_rated_health_mediocre_or_worse_pct,Terveytensä keskitasoiseksi tai huonommaksi kokevat,experienced_health,2024,HVA-03,Länsi-Uudenmaan hyvinvointialue,wellbeing_area,29.7,,PERCENT,lower_is_better,4333,thl_sotkanet_indicator_4333,https://sotkanet.fi/sotkanet/fi/metadata/indicators/4333,2026-08-18
self_rated_health_mediocre_or_worse_pct,Terveytensä keskitasoiseksi tai huonommaksi kokevat,experienced_health,2020,HVA-04,Vantaan ja Keravan hyvinvointialue,wellbeing_area,37.0,,PERCENT,lower_is_better,4333,thl_sotkanet_indicator_4333,https://sotkanet.fi/sotkanet/fi/metadata/indicators/4333,2026-08-18
self_rated_health_mediocre_or_worse_pct,Terveytensä keskitasoiseksi tai huonommaksi kokevat,experienced_health,2022,HVA-04,Vantaan ja Keravan hyvinvointialue,wellbeing_area,37.2,,PERCENT,lower_is_better,4333,thl_sotkanet_indicator_4333,https://sotkanet.fi/sotkanet/fi/metadata/indicators/4333,2026-08-18
self_rated_health_mediocre_or_worse_pct,Terveytensä keskitasoiseksi tai huonommaksi kokevat,experienced_health,2024,HVA-04,Vantaan ja Keravan hyvinvointialue,wellbeing_area,35.3,,PERCENT,lower_is_better,4333,thl_sotkanet_indicator_4333,https://sotkanet.fi/sotkanet/fi/metadata/indicators/4333,2026-08-18
self_rated_health_mediocre_or_worse_pct,Terveytensä keskitasoiseksi tai huonommaksi kokevat,experienced_health,2020,HVA-05,Varsinais-Suomen hyvinvointialue,wellbeing_area,35.8,,PERCENT,lower_is_better,4333,thl_sotkanet_indicator_4333,https://sotkanet.fi/sotkanet/fi/metadata/indicators/4333,2026-08-18
self_rated_health_mediocre_or_worse_pct,Terveytensä keskitasoiseksi tai huonommaksi kokevat,experienced_health,2022,HVA-05,Varsinais-Suomen hyvinvointialue,wellbeing_area,36.6,,PERCENT,lower_is_better,4333,thl_sotkanet_indicator_4333,https://sotkanet.fi/sotkanet/fi/metadata/indicators/4333,2026-08-18
self_rated_health_mediocre_or_worse_pct,Terveytensä keskitasoiseksi tai huonommaksi kokevat,experienced_health,2024,HVA-05,Varsinais-Suomen hyvinvointialue,wellbeing_area,39.6,,PERCENT,lower_is_better,4333,thl_sotkanet_indicator_4333,https://sotkanet.fi/sotkanet/fi/metadata/indicators/4333,2026-08-18
self_rated_health_mediocre_or_worse_pct,Terveytensä keskitasoiseksi tai huonommaksi kokevat,experienced_health,2020,HVA-06,Satakunnan hyvinvointialue,wellbeing_area,38.9,,PERCENT,lower_is_better,4333,thl_sotkanet_indicator_4333,https://sotkanet.fi/sotkanet/fi/metadata/indicators/4333,2026-08-18
self_rated_health_mediocre_or_worse_pct,Terveytensä keskitasoiseksi tai huonommaksi kokevat,experienced_health,2022,HVA-06,Satakunnan hyvinvointialue,wellbeing_area,42.8,,PERCENT,lower_is_better,4333,thl_sotkanet_indicator_4333,https://sotkanet.fi/sotkanet/fi/metadata/indicators/4333,2026-08-18
self_rated_health_mediocre_or_worse_pct,Terveytensä keskitasoiseksi tai huonommaksi kokevat,experienced_health,2024,HVA-06,Satakunnan hyvinvointialue,wellbeing_area,42.3,,PERCENT,lower_is_better,4333,thl_sotkanet_indicator_4333,https://sotkanet.fi/sotkanet/fi/metadata/indicators/4333,2026-08-18
self_rated_health_mediocre_or_worse_pct,Terveytensä keskitasoiseksi tai huonommaksi kokevat,experienced_health,2020,HVA-07,Kanta-Hämeen hyvinvointialue,wellbeing_area,39.7,,PERCENT,lower_is_better,4333,thl_sotkanet_indicator_4333,https://sotkanet.fi/sotkanet/fi/metadata/indicators/4333,2026-08-18
self_rated_health_mediocre_or_worse_pct,Terveytensä keskitasoiseksi tai huonommaksi kokevat,experienced_health,2022,HVA-07,Kanta-Hämeen hyvinvointialue,wellbeing_area,40.6,,PERCENT,lower_is_better,4333,thl_sotkanet_indicator_4333,https://sotkanet.fi/sotkanet/fi/metadata/indicators/4333,2026-08-18
self_rated_health_mediocre_or_worse_pct,Terveytensä keskitasoiseksi tai huonommaksi kokevat,experienced_health,2024,HVA-07,Kanta-Hämeen hyvinvointialue,wellbeing_area,36.8,,PERCENT,lower_is_better,4333,thl_sotkanet_indicator_4333,https://sotkanet.fi/sotkanet/fi/metadata/indicators/4333,2026-08-18
self_rated_health_mediocre_or_worse_pct,Terveytensä keskitasoiseksi tai huonommaksi kokevat,experienced_health,2020,HVA-08,Pirkanmaan hyvinvointialue,wellbeing_area,40.1,,PERCENT,lower_is_better,4333,thl_sotkanet_indicator_4333,https://sotkanet.fi/sotkanet/fi/metadata/indicators/4333,2026-08-18
self_rated_health_mediocre_or_worse_pct,Terveytensä keskitasoiseksi tai huonommaksi kokevat,experienced_health,2022,HVA-08,Pirkanmaan hyvinvointialue,wellbeing_area,36.3,,PERCENT,lower_is_better,4333,thl_sotkanet_indicator_4333,https://sotkanet.fi/sotkanet/fi/metadata/indicators/4333,2026-08-18
self_rated_health_mediocre_or_worse_pct,Terveytensä keskitasoiseksi tai huonommaksi kokevat,experienced_health,2024,HVA-08,Pirkanmaan hyvinvointialue,wellbeing_area,39.2,,PERCENT,lower_is_better,4333,thl_sotkanet_indicator_4333,https://sotkanet.fi/sotkanet/fi/metadata/indicators/4333,2026-08-18
self_rated_health_mediocre_or_worse_pct,Terveytensä keskitasoiseksi tai huonommaksi kokevat,experienced_health,2020,HVA-09,Päijät-Hämeen hyvinvointialue,wellbeing_area,39.8,,PERCENT,lower_is_better,4333,thl_sotkanet_indicator_4333,https://sotkanet.fi/sotkanet/fi/metadata/indicators/4333,2026-08-18
self_rated_health_mediocre_or_worse_pct,Terveytensä keskitasoiseksi tai huonommaksi kokevat,experienced_health,2022,HVA-09,Päijät-Hämeen hyvinvointialue,wellbeing_area,39.6,,PERCENT,lower_is_better,4333,thl_sotkanet_indicator_4333,https://sotkanet.fi/sotkanet/fi/metadata/indicators/4333,2026-08-18
self_rated_health_mediocre_or_worse_pct,Terveytensä keskitasoiseksi tai huonommaksi kokevat,experienced_health,2024,HVA-09,Päijät-Hämeen hyvinvointialue,wellbeing_area,39.0,,PERCENT,lower_is_better,4333,thl_sotkanet_indicator_4333,https://sotkanet.fi/sotkanet/fi/metadata/indicators/4333,2026-08-18
self_rated_health_mediocre_or_worse_pct,Terveytensä keskitasoiseksi tai huonommaksi kokevat,experienced_health,2020,HVA-10,Kymenlaakson hyvinvointialue,wellbeing_area,43.9,,PERCENT,lower_is_better,4333,thl_sotkanet_indicator_4333,https://sotkanet.fi/sotkanet/fi/metadata/indicators/4333,2026-08-18
self_rated_health_mediocre_or_worse_pct,Terveytensä keskitasoiseksi tai huonommaksi kokevat,experienced_health,2022,HVA-10,Kymenlaakson hyvinvointialue,wellbeing_area,43.4,,PERCENT,lower_is_better,4333,thl_sotkanet_indicator_4333,https://sotkanet.fi/sotkanet/fi/metadata/indicators/4333,2026-08-18
self_rated_health_mediocre_or_worse_pct,Terveytensä keskitasoiseksi tai huonommaksi kokevat,experienced_health,2024,HVA-10,Kymenlaakson hyvinvointialue,wellbeing_area,42.3,,PERCENT,lower_is_better,4333,thl_sotkanet_indicator_4333,https://sotkanet.fi/sotkanet/fi/metadata/indicators/4333,2026-08-18
self_rated_health_mediocre_or_worse_pct,Terveytensä keskitasoiseksi tai huonommaksi kokevat,experienced_health,2020,HVA-11,Etelä-Karjalan hyvinvointialue,wellbeing_area,38.2,,PERCENT,lower_is_better,4333,thl_sotkanet_indicator_4333,https://sotkanet.fi/sotkanet/fi/metadata/indicators/4333,2026-08-18
self_rated_health_mediocre_or_worse_pct,Terveytensä keskitasoiseksi tai huonommaksi kokevat,experienced_health,2022,HVA-11,Etelä-Karjalan hyvinvointialue,wellbeing_area,38.4,,PERCENT,lower_is_better,4333,thl_sotkanet_indicator_4333,https://sotkanet.fi/sotkanet/fi/metadata/indicators/4333,2026-08-18
self_rated_health_mediocre_or_worse_pct,Terveytensä keskitasoiseksi tai huonommaksi kokevat,experienced_health,2024,HVA-11,Etelä-Karjalan hyvinvointialue,wellbeing_area,34.7,,PERCENT,lower_is_better,4333,thl_sotkanet_indicator_4333,https://sotkanet.fi/sotkanet/fi/metadata/indicators/4333,2026-08-18
self_rated_health_mediocre_or_worse_pct,Terveytensä keskitasoiseksi tai huonommaksi kokevat,experienced_health,2020,HVA-12,Etelä-Savon hyvinvointialue,wellbeing_area,40.0,,PERCENT,lower_is_better,4333,thl_sotkanet_indicator_4333,https://sotkanet.fi/sotkanet/fi/metadata/indicators/4333,2026-08-18
self_rated_health_mediocre_or_worse_pct,Terveytensä keskitasoiseksi tai huonommaksi kokevat,experienced_health,2022,HVA-12,Etelä-Savon hyvinvointialue,wellbeing_area,39.9,,PERCENT,lower_is_better,4333,thl_sotkanet_indicator_4333,https://sotkanet.fi/sotkanet/fi/metadata/indicators/4333,2026-08-18
self_rated_health_mediocre_or_worse_pct,Terveytensä keskitasoiseksi tai huonommaksi kokevat,experienced_health,2024,HVA-12,Etelä-Savon hyvinvointialue,wellbeing_area,41.2,,PERCENT,lower_is_better,4333,thl_sotkanet_indicator_4333,https://sotkanet.fi/sotkanet/fi/metadata/indicators/4333,2026-08-18
self_rated_health_mediocre_or_worse_pct,Terveytensä keskitasoiseksi tai huonommaksi kokevat,experienced_health,2020,HVA-13,Pohjois-Savon hyvinvointialue,wellbeing_area,39.9,,PERCENT,lower_is_better,4333,thl_sotkanet_indicator_4333,https://sotkanet.fi/sotkanet/fi/metadata/indicators/4333,2026-08-18
self_rated_health_mediocre_or_worse_pct,Terveytensä keskitasoiseksi tai huonommaksi kokevat,experienced_health,2022,HVA-13,Pohjois-Savon hyvinvointialue,wellbeing_area,41.7,,PERCENT,lower_is_better,4333,thl_sotkanet_indicator_4333,https://sotkanet.fi/sotkanet/fi/metadata/indicators/4333,2026-08-18
self_rated_health_mediocre_or_worse_pct,Terveytensä keskitasoiseksi tai huonommaksi kokevat,experienced_health,2024,HVA-13,Pohjois-Savon hyvinvointialue,wellbeing_area,43.0,,PERCENT,lower_is_better,4333,thl_sotkanet_indicator_4333,https://sotkanet.fi/sotkanet/fi/metadata/indicators/4333,2026-08-18
self_rated_health_mediocre_or_worse_pct,Terveytensä keskitasoiseksi tai huonommaksi kokevat,experienced_health,2020,HVA-14,Pohjois-Karjalan hyvinvointialue,wellbeing_area,41.3,,PERCENT,lower_is_better,4333,thl_sotkanet_indicator_4333,https://sotkanet.fi/sotkanet/fi/metadata/indicators/4333,2026-08-18
self_rated_health_mediocre_or_worse_pct,Terveytensä keskitasoiseksi tai huonommaksi kokevat,experienced_health,2022,HVA-14,Pohjois-Karjalan hyvinvointialue,wellbeing_area,40.4,,PERCENT,lower_is_better,4333,thl_sotkanet_indicator_4333,https://sotkanet.fi/sotkanet/fi/metadata/indicators/4333,2026-08-18
self_rated_health_mediocre_or_worse_pct,Terveytensä keskitasoiseksi tai huonommaksi kokevat,experienced_health,2024,HVA-14,Pohjois-Karjalan hyvinvointialue,wellbeing_area,40.7,,PERCENT,lower_is_better,4333,thl_sotkanet_indicator_4333,https://sotkanet.fi/sotkanet/fi/metadata/indicators/4333,2026-08-18
self_rated_health_mediocre_or_worse_pct,Terveytensä keskitasoiseksi tai huonommaksi kokevat,experienced_health,2020,HVA-15,Keski-Suomen hyvinvointialue,wellbeing_area,38.0,,PERCENT,lower_is_better,4333,thl_sotkanet_indicator_4333,https://sotkanet.fi/sotkanet/fi/metadata/indicators/4333,2026-08-18
self_rated_health_mediocre_or_worse_pct,Terveytensä keskitasoiseksi tai huonommaksi kokevat,experienced_health,2022,HVA-15,Keski-Suomen hyvinvointialue,wellbeing_area,38.3,,PERCENT,lower_is_better,4333,thl_sotkanet_indicator_4333,https://sotkanet.fi/sotkanet/fi/metadata/indicators/4333,2026-08-18
self_rated_health_mediocre_or_worse_pct,Terveytensä keskitasoiseksi tai huonommaksi kokevat,experienced_health,2024,HVA-15,Keski-Suomen hyvinvointialue,wellbeing_area,39.7,,PERCENT,lower_is_better,4333,thl_sotkanet_indicator_4333,https://sotkanet.fi/sotkanet/fi/metadata/indicators/4333,2026-08-18
self_rated_health_mediocre_or_worse_pct,Terveytensä keskitasoiseksi tai huonommaksi kokevat,experienced_health,2020,HVA-16,Etelä-Pohjanmaan hyvinvointialue,wellbeing_area,40.6,,PERCENT,lower_is_better,4333,thl_sotkanet_indicator_4333,https://sotkanet.fi/sotkanet/fi/metadata/indicators/4333,2026-08-18
self_rated_health_mediocre_or_worse_pct,Terveytensä keskitasoiseksi tai huonommaksi kokevat,experienced_health,2022,HVA-16,Etelä-Pohjanmaan hyvinvointialue,wellbeing_area,40.1,,PERCENT,lower_is_better,4333,thl_sotkanet_indicator_4333,https://sotkanet.fi/sotkanet/fi/metadata/indicators/4333,2026-08-18
self_rated_health_mediocre_or_worse_pct,Terveytensä keskitasoiseksi tai huonommaksi kokevat,experienced_health,2024,HVA-16,Etelä-Pohjanmaan hyvinvointialue,wellbeing_area,36.5,,PERCENT,lower_is_better,4333,thl_sotkanet_indicator_4333,https://sotkanet.fi/sotkanet/fi/metadata/indicators/4333,2026-08-18
self_rated_health_mediocre_or_worse_pct,Terveytensä keskitasoiseksi tai huonommaksi kokevat,experienced_health,2020,HVA-17,Pohjanmaan hyvinvointialue,wellbeing_area,33.8,,PERCENT,lower_is_better,4333,thl_sotkanet_indicator_4333,https://sotkanet.fi/sotkanet/fi/metadata/indicators/4333,2026-08-18
self_rated_health_mediocre_or_worse_pct,Terveytensä keskitasoiseksi tai huonommaksi kokevat,experienced_health,2022,HVA-17,Pohjanmaan hyvinvointialue,wellbeing_area,36.1,,PERCENT,lower_is_better,4333,thl_sotkanet_indicator_4333,https://sotkanet.fi/sotkanet/fi/metadata/indicators/4333,2026-08-18
self_rated_health_mediocre_or_worse_pct,Terveytensä keskitasoiseksi tai huonommaksi kokevat,experienced_health,2024,HVA-17,Pohjanmaan hyvinvointialue,wellbeing_area,34.4,,PERCENT,lower_is_better,4333,thl_sotkanet_indicator_4333,https://sotkanet.fi/sotkanet/fi/metadata/indicators/4333,2026-08-18
self_rated_health_mediocre_or_worse_pct,Terveytensä keskitasoiseksi tai huonommaksi kokevat,experienced_health,2020,HVA-18,Keski-Pohjanmaan hyvinvointialue,wellbeing_area,37.4,,PERCENT,lower_is_better,4333,thl_sotkanet_indicator_4333,https://sotkanet.fi/sotkanet/fi/metadata/indicators/4333,2026-08-18
self_rated_health_mediocre_or_worse_pct,Terveytensä keskitasoiseksi tai huonommaksi kokevat,experienced_health,2022,HVA-18,Keski-Pohjanmaan hyvinvointialue,wellbeing_area,38.3,,PERCENT,lower_is_better,4333,thl_sotkanet_indicator_4333,https://sotkanet.fi/sotkanet/fi/metadata/indicators/4333,2026-08-18
self_rated_health_mediocre_or_worse_pct,Terveytensä keskitasoiseksi tai huonommaksi kokevat,experienced_health,2024,HVA-18,Keski-Pohjanmaan hyvinvointialue,wellbeing_area,39.1,,PERCENT,lower_is_better,4333,thl_sotkanet_indicator_4333,https://sotkanet.fi/sotkanet/fi/metadata/indicators/4333,2026-08-18
self_rated_health_mediocre_or_worse_pct,Terveytensä keskitasoiseksi tai huonommaksi kokevat,experienced_health,2020,HVA-19,Pohjois-Pohjanmaan hyvinvointialue,wellbeing_area,36.2,,PERCENT,lower_is_better,4333,thl_sotkanet_indicator_4333,https://sotkanet.fi/sotkanet/fi/metadata/indicators/4333,2026-08-18
self_rated_health_mediocre_or_worse_pct,Terveytensä keskitasoiseksi tai huonommaksi kokevat,experienced_health,2022,HVA-19,Pohjois-Pohjanmaan hyvinvointialue,wellbeing_area,36.1,,PERCENT,lower_is_better,4333,thl_sotkanet_indicator_4333,https://sotkanet.fi/sotkanet/fi/metadata/indicators/4333,2026-08-18
self_rated_health_mediocre_or_worse_pct,Terveytensä keskitasoiseksi tai huonommaksi kokevat,experienced_health,2024,HVA-19,Pohjois-Pohjanmaan hyvinvointialue,wellbeing_area,38.0,,PERCENT,lower_is_better,4333,thl_sotkanet_indicator_4333,https://sotkanet.fi/sotkanet/fi/metadata/indicators/4333,2026-08-18
self_rated_health_mediocre_or_worse_pct,Terveytensä keskitasoiseksi tai huonommaksi kokevat,experienced_health,2020,HVA-20,Kainuun hyvinvointialue,wellbeing_area,41.6,,PERCENT,lower_is_better,4333,thl_sotkanet_indicator_4333,https://sotkanet.fi/sotkanet/fi/metadata/indicators/4333,2026-08-18
self_rated_health_mediocre_or_worse_pct,Terveytensä keskitasoiseksi tai huonommaksi kokevat,experienced_health,2022,HVA-20,Kainuun hyvinvointialue,wellbeing_area,42.9,,PERCENT,lower_is_better,4333,thl_sotkanet_indicator_4333,https://sotkanet.fi/sotkanet/fi/metadata/indicators/4333,2026-08-18
self_rated_health_mediocre_or_worse_pct,Terveytensä keskitasoiseksi tai huonommaksi kokevat,experienced_health,2024,HVA-20,Kainuun hyvinvointialue,wellbeing_area,42.3,,PERCENT,lower_is_better,4333,thl_sotkanet_indicator_4333,https://sotkanet.fi/sotkanet/fi/metadata/indicators/4333,2026-08-18
self_rated_health_mediocre_or_worse_pct,Terveytensä keskitasoiseksi tai huonommaksi kokevat,experienced_health,2020,HVA-21,Lapin hyvinvointialue,wellbeing_area,35.1,,PERCENT,lower_is_better,4333,thl_sotkanet_indicator_4333,https://sotkanet.fi/sotkanet/fi/metadata/indicators/4333,2026-08-18
self_rated_health_mediocre_or_worse_pct,Terveytensä keskitasoiseksi tai huonommaksi kokevat,experienced_health,2022,HVA-21,Lapin hyvinvointialue,wellbeing_area,38.9,,PERCENT,lower_is_better,4333,thl_sotkanet_indicator_4333,https://sotkanet.fi/sotkanet/fi/metadata/indicators/4333,2026-08-18
self_rated_health_mediocre_or_worse_pct,Terveytensä keskitasoiseksi tai huonommaksi kokevat,experienced_health,2024,HVA-21,Lapin hyvinvointialue,wellbeing_area,38.6,,PERCENT,lower_is_better,4333,thl_sotkanet_indicator_4333,https://sotkanet.fi/sotkanet/fi/metadata/indicators/4333,2026-08-18
self_rated_health_mediocre_or_worse_pct,Terveytensä keskitasoiseksi tai huonommaksi kokevat,experienced_health,2020,HVA-90,Helsingin kaupunki,wellbeing_area,31.1,,PERCENT,lower_is_better,4333,thl_sotkanet_indicator_4333,https://sotkanet.fi/sotkanet/fi/metadata/indicators/4333,2026-08-18
self_rated_health_mediocre_or_worse_pct,Terveytensä keskitasoiseksi tai huonommaksi kokevat,experienced_health,2022,HVA-90,Helsingin kaupunki,wellbeing_area,30.0,,PERCENT,lower_is_better,4333,thl_sotkanet_indicator_4333,https://sotkanet.fi/sotkanet/fi/metadata/indicators/4333,2026-08-18
self_rated_health_mediocre_or_worse_pct,Terveytensä keskitasoiseksi tai huonommaksi kokevat,experienced_health,2024,HVA-90,Helsingin kaupunki,wellbeing_area,33.3,,PERCENT,lower_is_better,4333,thl_sotkanet_indicator_4333,https://sotkanet.fi/sotkanet/fi/metadata/indicators/4333,2026-08-18
self_rated_health_mediocre_or_worse_pct,Terveytensä keskitasoiseksi tai huonommaksi kokevat,experienced_health,2022,HVA-91,Ahvenanmaa,wellbeing_area,34.3,,PERCENT,lower_is_better,4333,thl_sotkanet_indicator_4333,https://sotkanet.fi/sotkanet/fi/metadata/indicators/4333,2026-08-18
self_rated_health_mediocre_or_worse_pct,Terveytensä keskitasoiseksi tai huonommaksi kokevat,experienced_health,2024,HVA-91,Ahvenanmaa,wellbeing_area,34.4,,PERCENT,lower_is_better,4333,thl_sotkanet_indicator_4333,https://sotkanet.fi/sotkanet/fi/metadata/indicators/4333,2026-08-18
